date,time,tick_price,volume,open_interest
20231215,15:15:20,34.85,50,50
20231215,15:25:21,34.85,50,50
20231218,10:22:28,36.6,1,100
20231218,10:22:28,25.05,100,100
20231218,10:27:20,25.05,200,150
20231218,13:26:23,30.0,50,350
20231218,13:56:13,29.0,100,400
20231218,14:05:49,29.0,100,500
20231220,14:26:15,25.0,1,600
20231220,14:26:15,25.0,100,600
20231220,15:27:19,28.85,50,600
20231221,09:18:50,38.0,1,750
20231221,09:18:50,38.0,50,750
20231221,09:42:50,41.2,100,800
20231221,09:43:20,42.25,50,800
20231221,09:43:30,42.25,100,800
20231221,09:43:40,40.85,50,800
20231221,09:46:22,40.85,50,1100
20231221,09:49:07,42.0,50,1150
20231221,09:49:59,44.15,50,1150
20231221,09:50:59,44.15,150,1200
20231221,09:55:30,43.35,100,1200
20231221,09:58:49,49.95,1050,1200
20231221,09:59:56,40.25,1100,2100
20231221,10:00:06,40.25,400,2100
20231221,10:00:35,43.0,2000,2100
20231221,10:01:52,41.45,100,2100
20231221,10:03:06,41.0,50,5150
20231221,10:04:30,41.45,50,5150
20231221,10:04:39,40.8,100,5150
20231221,10:04:48,40.95,150,5150
20231221,10:05:53,39.95,300,5150
20231221,10:08:13,44.8,1000,5350
20231221,10:08:24,37.45,200,5350
20231221,10:12:07,37.25,100,6100
20231221,10:12:17,37.05,200,6100
20231221,10:12:58,37.05,100,6100
20231221,10:13:29,37.55,150,6100
20231221,10:19:52,38.0,650,6200
20231221,10:20:12,38.2,50,6200
20231221,10:22:52,35.3,100,6200
20231221,10:33:55,42.25,50,6150
20231221,11:05:52,36.75,200,6150
20231221,11:08:15,36.85,50,6100
20231221,11:09:02,37.1,50,6100
20231221,11:09:11,39.0,50,6100
20231221,11:13:43,38.45,100,6150
20231221,11:22:47,38.45,50,6150
20231221,11:36:11,39.95,50,6200
20231221,11:59:21,37.25,100,6200
20231221,12:00:26,37.35,100,6200
20231221,12:30:29,35.65,50,6300
20231221,12:43:39,35.0,200,6300
20231221,12:48:21,34.45,150,6500
20231221,13:00:39,34.45,300,6450
20231221,13:20:58,35.9,150,6450
20231221,13:21:26,36.05,150,6500
20231221,13:39:09,36.35,100,6500
20231221,13:40:28,36.7,100,6500
20231221,13:40:48,37.0,50,6500
20231221,13:50:09,36.0,50,6500
20231221,13:52:49,33.5,50,6550
20231221,13:59:27,33.5,50,6550
20231221,14:10:16,36.5,150,6550
20231221,14:21:31,35.0,50,6700
20231221,14:29:15,34.0,500,6750
20231221,14:32:32,31.15,50,7250
20231221,14:38:57,31.0,100,7250
20231221,15:08:07,31.0,50,7200
20231221,15:13:53,27.0,600,7200
20231221,15:20:40,27.0,100,7100
20231221,15:26:31,30.15,1050,7200
20231221,15:26:41,29.0,100,7200
20231221,15:26:51,29.0,100,7200
20231221,15:28:34,27.9,300,8400
20231221,15:28:45,26.85,1550,8400
20231221,15:29:29,26.85,50,8400
20231221,15:29:54,27.65,50,8400
20231222,09:17:10,28.95,1,8450
20231222,09:17:10,28.95,50,8450
20231222,09:23:50,28.95,500,8450
20231222,09:24:40,25.15,50,8450
20231222,09:30:25,25.15,50,8400
20231222,09:36:18,27.3,1800,8400
20231222,09:37:43,25.5,100,8400
20231222,09:39:40,26.95,50,10300
20231222,09:39:49,26.95,100,10300
20231222,09:43:43,26.4,300,10300
20231222,09:46:19,26.4,250,10300
20231222,09:46:35,26.2,350,10300
20231222,09:51:01,26.6,50,10400
20231222,09:53:43,26.25,50,10450
20231222,09:58:40,25.1,50,10450
20231222,09:59:13,25.1,50,10450
20231222,10:06:39,26.0,50,10450
20231222,10:09:46,26.85,50,10500
20231222,10:13:32,26.25,50,10550
20231222,10:19:02,26.0,50,10600
20231222,10:19:42,26.0,50,10600
20231222,10:23:21,26.05,50,10650
20231222,10:27:05,25.9,250,10650
20231222,10:32:50,28.9,1000,10650
20231222,10:33:14,25.95,100,10650
20231222,10:33:22,25.95,50,10650
20231222,10:34:59,26.05,50,10650
20231222,10:47:07,26.45,500,11600
20231222,10:49:49,26.45,50,11700
20231222,10:50:58,26.4,150,11700
20231222,10:59:29,25.35,50,11800
20231222,10:59:39,25.4,50,11800
20231222,11:08:03,25.65,200,11800
20231222,11:08:29,25.9,150,11800
20231222,11:09:53,25.7,100,11800
20231222,11:11:02,25.6,100,11800
20231222,11:11:11,25.5,400,11800
20231222,11:11:36,25.4,50,11800
20231222,11:19:38,25.4,100,11900
20231222,11:20:10,25.4,50,11900
20231222,11:20:37,25.4,50,11900
20231222,11:31:38,25.35,250,12000
20231222,11:33:16,25.35,150,12050
20231222,11:33:24,25.4,50,12050
20231222,11:34:07,25.55,100,12050
20231222,11:35:14,25.3,50,12050
20231222,11:35:48,25.95,50,12050
20231222,11:39:02,25.9,50,12100
20231222,11:39:43,25.5,50,12100
20231222,11:50:06,25.25,150,12100
20231222,12:00:18,25.4,50,12100
20231222,12:19:01,27.1,50,12050
20231222,12:35:41,28.0,400,12100
20231222,12:35:51,29.0,400,12100
20231222,12:41:06,29.0,50,12100
20231222,12:44:16,29.0,100,12150
20231222,12:45:47,26.9,250,12150
20231222,12:49:09,26.3,50,12250
20231222,13:13:44,26.45,50,12250
20231222,13:48:31,30.0,200,12200
20231222,13:48:51,30.8,750,12200
20231222,13:49:01,30.8,100,12200
20231222,14:01:30,28.2,50,12150
20231222,14:08:09,29.2,100,12100
20231222,14:10:06,28.35,50,12200
20231222,14:14:28,28.35,50,12150
20231222,14:18:44,27.0,50,12200
20231222,14:42:19,25.85,50,12200
20231222,14:43:07,25.85,100,12200
20231222,14:49:58,25.45,50,12250
20231222,14:56:02,25.45,50,12150
20231222,14:57:41,26.9,50,12150
20231222,15:00:38,25.95,100,12150
20231222,15:23:22,30.45,1000,12100
20231222,15:25:10,26.65,100,13050
20231222,15:25:19,26.3,100,13050
20231222,15:25:50,26.0,150,13050
20231222,15:26:46,25.95,50,13050
20231222,15:28:29,25.5,50,13150
20231226,09:15:18,25.5,1,13200
20231226,09:15:18,25.5,50,13200
20231226,09:15:37,25.5,50,13200
20231226,09:15:45,25.4,50,13200
20231226,09:17:15,24.85,100,13200
20231226,09:23:04,24.25,100,13450
20231226,09:24:10,24.25,250,13450
20231226,09:29:20,24.0,50,13450
20231226,09:30:08,24.0,50,13400
20231226,09:38:04,25.1,50,13400
20231226,09:40:50,24.9,50,13450
20231226,09:45:55,24.6,50,13500
20231226,09:48:29,24.5,50,13550
20231226,09:57:33,23.0,200,13600
20231226,09:58:01,23.0,250,13600
20231226,10:02:35,23.4,50,13800
20231226,10:03:14,23.55,100,13750
20231226,10:06:53,23.55,100,13750
20231226,10:13:58,24.05,400,13750
20231226,10:18:10,23.5,250,13750
20231226,10:19:28,23.5,50,13750
20231226,10:23:37,22.95,100,13800
20231226,10:25:10,22.95,300,13800
20231226,10:25:18,23.05,50,13800
20231226,10:27:52,23.0,50,13850
20231226,10:37:41,23.0,450,13850
20231226,10:39:09,23.0,1350,14300
20231226,10:40:07,23.05,550,14300
20231226,10:41:12,23.0,1350,14300
20231226,10:45:18,23.0,50,17550
20231226,10:51:49,23.0,400,17550
20231226,10:52:59,23.05,1000,17550
20231226,10:53:09,23.0,450,17550
20231226,10:58:36,23.05,100,19100
20231226,11:00:54,23.0,100,19100
20231226,11:07:44,22.65,50,19200
20231226,11:10:21,22.65,500,19200
20231226,11:10:30,22.95,100,19200
20231226,11:11:13,22.9,100,19200
20231226,11:16:04,22.9,450,19600
20231226,11:16:13,22.95,200,19600
20231226,11:28:59,23.0,150,20150
20231226,11:32:25,23.0,100,20150
20231226,11:55:58,23.25,50,20150
20231226,12:25:22,23.25,50,20200
20231226,12:27:00,23.25,50,20200
20231226,12:35:19,24.35,50,20300
20231226,12:37:02,24.3,50,20350
20231226,12:51:52,23.6,50,20400
20231226,12:52:10,23.85,50,20400
20231226,13:05:20,24.45,50,20400
20231226,13:29:13,23.9,100,20400
20231226,13:42:10,23.45,50,20400
20231226,13:42:55,23.05,100,20450
20231226,13:43:05,23.0,100,20450
20231226,14:07:05,23.3,50,20550
20231226,14:13:33,23.7,450,20550
20231226,14:13:42,24.0,1350,20600
20231226,14:14:00,23.8,400,20600
20231226,14:16:40,23.45,50,22700
20231226,14:17:49,23.2,50,22700
20231226,14:18:51,23.0,50,22750
20231226,14:19:19,22.9,1350,22750
20231226,14:21:13,22.7,50,22750
20231226,14:24:47,22.4,50,24200
20231226,14:25:04,22.35,150,24200
20231226,14:25:13,22.45,100,24200
20231226,14:25:22,22.5,50,24200
20231226,14:25:31,22.55,50,24200
20231226,14:31:42,22.55,50,24350
20231226,14:39:29,22.8,50,24350
20231226,14:42:22,23.0,50,24400
20231226,15:00:30,22.9,150,24450
20231226,15:12:01,22.9,50,24500
20231226,15:15:16,22.15,250,24550
20231226,15:15:26,22.15,300,24550
20231226,15:15:35,22.1,250,24650
20231226,15:15:45,22.1,50,24650
20231226,15:17:37,21.95,200,24650
20231226,15:17:46,22.0,500,24650
20231226,15:26:01,22.0,50,24550
20231226,15:26:21,21.65,50,24550
20231226,15:27:05,21.65,50,24550
20231227,09:16:02,22.6,1,24550
20231227,09:16:02,21.35,1,24550
20231227,09:16:02,21.4,600,24550
20231227,09:16:09,20.8,200,24550
20231227,09:19:17,22.0,1000,25200
20231227,09:27:33,20.5,250,25800
20231227,09:30:27,20.25,200,26050
20231227,09:34:25,20.25,50,26150
20231227,09:36:17,20.7,100,26150
20231227,09:36:42,20.4,50,26150
20231227,09:37:24,20.35,50,26150
20231227,09:38:07,20.3,250,26150
20231227,09:39:37,20.0,50,26200
20231227,09:40:18,20.0,100,26200
20231227,09:40:45,19.95,50,26200
20231227,09:44:19,19.35,50,26250
20231227,09:44:57,19.35,150,26200
20231227,09:45:16,20.05,250,26200
20231227,09:45:26,20.1,250,26200
20231227,09:45:36,19.95,50,26200
20231227,09:47:32,19.9,50,26200
20231227,09:48:55,19.95,50,26450
20231227,09:49:15,20.0,50,26450
20231227,09:50:12,20.1,50,26450
20231227,09:51:42,20.0,100,26450
20231227,09:52:25,20.0,50,26450
20231227,09:53:43,20.0,150,26450
20231227,09:54:35,20.0,50,26600
20231227,09:55:11,19.95,50,26600
20231227,09:55:20,19.95,50,26600
20231227,09:56:46,20.15,250,26600
20231227,09:58:42,19.95,500,26850
20231227,10:06:26,21.65,50,26900
20231227,10:09:39,21.1,50,26950
20231227,10:09:57,20.55,200,26950
20231227,10:14:59,20.2,1000,27100
20231227,10:21:38,19.95,450,28100
20231227,10:22:04,19.95,100,28100
20231227,10:24:32,19.95,200,28650
20231227,10:25:14,19.95,100,28650
20231227,10:25:22,19.95,200,28650
20231227,10:26:55,19.95,200,28650
20231227,10:27:03,19.95,550,29150
20231227,10:28:18,19.8,1000,29150
20231227,10:28:28,19.75,50,29150
20231227,10:29:49,19.5,200,29150
20231227,10:30:17,19.5,50,29900
20231227,10:31:39,19.7,50,29900
20231227,10:35:48,19.65,100,29850
20231227,10:38:00,19.7,150,29800
20231227,10:38:32,19.8,250,29800
20231227,10:39:21,19.8,100,29900
20231227,10:40:24,19.85,50,29900
20231227,10:40:41,19.85,100,29900
20231227,10:41:06,19.8,400,29900
20231227,10:43:02,19.9,250,29800
20231227,10:43:10,19.9,250,29800
20231227,10:45:20,19.85,400,29800
20231227,10:45:28,19.85,150,29800
20231227,10:45:44,19.85,50,29800
20231227,10:47:30,19.7,200,29800
20231227,10:47:39,19.65,50,29800
20231227,10:58:45,19.65,50,30000
20231227,11:04:33,20.1,100,29950
20231227,11:09:43,19.75,100,29950
20231227,11:11:22,19.7,50,29950
20231227,11:12:22,19.65,200,30100
20231227,11:12:45,19.7,50,30100
20231227,11:12:52,19.7,50,30100
20231227,11:13:31,19.7,50,30100
20231227,11:13:39,19.65,250,30100
20231227,11:15:08,19.65,150,30050
20231227,11:15:17,19.55,100,30050
20231227,11:16:12,19.7,250,30050
20231227,11:18:08,19.75,50,30100
20231227,11:19:07,19.8,100,30100
20231227,11:19:24,19.9,50,30100
20231227,11:19:48,20.1,400,30100
20231227,11:32:42,19.5,50,30100
20231227,11:33:07,19.7,50,30100
20231227,11:36:45,19.65,150,30150
20231227,11:50:05,19.55,100,30250
20231227,11:51:31,19.45,100,30250
20231227,11:56:28,19.1,50,30250
20231227,12:02:34,18.55,50,30250
20231227,12:03:55,18.55,50,30200
20231227,12:04:05,18.8,100,30200
20231227,12:04:40,18.85,100,30200
20231227,12:05:30,18.85,50,30200
20231227,12:06:23,19.7,150,30200
20231227,12:14:59,19.8,50,30250
20231227,12:23:43,20.6,150,30250
20231227,12:25:19,20.3,100,30350
20231227,12:30:53,21.1,400,30350
20231227,12:31:04,21.05,450,30350
20231227,12:34:23,21.05,500,30350
20231227,12:46:55,19.9,50,30850
20231227,12:53:30,19.5,300,30850
20231227,12:57:36,19.45,200,31150
20231227,12:57:44,19.5,50,31150
20231227,13:01:39,20.0,100,31050
20231227,13:04:51,20.3,100,31000
20231227,13:07:03,20.35,100,31000
20231227,13:10:25,20.4,100,31000
20231227,13:10:34,20.35,150,31000
20231227,13:10:43,19.95,250,31000
20231227,13:10:51,20.0,100,31000
20231227,13:13:23,20.0,1300,31050
20231227,13:16:18,21.05,50,31050
20231227,13:18:57,20.6,100,31100
20231227,13:30:01,21.05,50,31100
20231227,13:30:10,21.1,50,31100
20231227,13:30:26,21.1,50,31200
20231227,13:30:42,21.1,50,31200
20231227,13:30:51,21.15,100,31200
20231227,13:31:24,21.1,50,31200
20231227,13:32:54,21.25,150,31200
20231227,13:33:02,21.2,50,31200
20231227,13:33:10,21.2,50,31200
20231227,13:33:25,21.25,50,31650
20231227,13:37:32,22.0,50,31700
20231227,13:43:30,21.7,100,31650
20231227,13:49:22,21.35,50,31650
20231227,13:53:40,21.0,50,31700
20231227,13:57:13,21.0,200,31700
20231227,13:57:22,21.3,100,31700
20231227,13:57:48,21.2,100,31550
20231227,13:57:57,22.4,450,31550
20231227,13:59:30,21.8,650,31550
20231227,14:03:04,20.9,50,32550
20231227,14:06:57,21.05,50,32550
20231227,14:15:46,21.0,150,32550
20231227,14:15:55,21.15,150,32550
20231227,14:16:04,21.15,50,32550
20231227,14:16:13,21.2,300,32550
20231227,14:16:22,21.3,50,32550
20231227,14:16:30,21.25,100,32550
20231227,14:16:39,21.25,50,32550
20231227,14:16:47,21.2,50,32550
20231227,14:17:04,21.15,50,32550
20231227,14:17:12,21.1,50,32550
20231227,14:17:21,21.05,50,32550
20231227,14:17:29,21.05,50,32550
20231227,14:18:02,21.05,50,32550
20231227,14:18:28,20.9,50,32550
20231227,14:21:20,21.2,300,32650
20231227,14:25:50,21.45,100,32950
20231227,14:27:18,21.4,100,32950
20231227,14:31:41,21.45,50,33000
20231227,14:32:29,21.55,50,33000
20231227,14:41:08,20.9,650,33000
20231227,14:41:26,21.15,250,33000
20231227,14:41:35,21.1,1000,33000
20231227,14:42:18,21.15,100,33000
20231227,14:42:27,21.15,50,33000
20231227,14:42:35,21.2,50,33000
20231227,14:43:12,21.05,350,33000
20231227,14:43:21,21.05,50,33000
20231227,14:43:48,21.1,50,33000
20231227,14:45:37,21.3,150,33000
20231227,14:45:46,21.35,600,33000
20231227,14:47:06,21.45,100,33000
20231227,14:47:57,21.35,600,33000
20231227,14:48:23,21.4,100,33000
20231227,14:48:49,21.45,200,33000
20231227,14:49:25,21.4,50,33000
20231227,14:50:04,21.35,100,33000
20231227,14:50:50,21.7,50,33000
20231227,14:50:59,21.7,200,33000
20231227,14:51:07,21.75,250,33000
20231227,14:51:33,21.8,50,33000
20231227,14:51:42,21.8,50,33000
20231227,14:51:51,22.0,150,33000
20231227,14:52:00,21.9,50,33000
20231227,14:52:09,21.9,150,33000
20231227,14:52:43,21.85,100,33000
20231227,14:54:07,21.7,150,33000
20231227,14:54:23,21.75,250,33000
20231227,14:55:31,21.85,950,33150
20231227,14:55:48,22.0,100,33150
20231227,14:56:56,22.2,200,33150
20231227,14:58:54,22.2,200,33150
20231227,14:59:20,22.1,200,33150
20231227,15:04:40,21.55,50,33150
20231227,15:05:19,21.2,50,33150
20231227,15:05:28,21.05,50,33150
20231227,15:08:10,21.25,100,33250
20231227,15:08:40,21.25,150,33250
20231227,15:08:50,21.3,500,33250
20231227,15:16:19,22.0,100,32650
20231227,15:18:58,22.2,1200,32650
20231227,15:19:16,22.1,150,32650
20231227,15:19:25,22.05,100,32650
20231227,15:19:34,22.0,100,32650
20231227,15:19:52,22.0,100,32650
20231227,15:20:50,21.95,450,32650
20231227,15:22:08,21.95,250,32250
20231227,15:22:53,21.85,100,32250
20231227,15:23:02,21.75,150,32250
20231227,15:23:12,21.65,300,32250
20231227,15:23:21,21.6,400,32250
20231227,15:24:17,21.5,50,32250
20231227,15:24:45,21.5,200,31550
20231227,15:24:54,21.5,150,31550
20231227,15:26:49,20.8,300,31550
20231227,15:26:59,20.8,150,31550
20231227,15:27:36,20.75,1500,31800
20231227,15:27:45,20.45,50,31800
20231227,15:29:20,20.8,50,31800
20231228,09:15:22,21.5,1,31800
20231228,09:15:22,21.5,50,31800
20231228,09:18:46,19.85,50,31800
20231228,09:19:02,19.45,150,31800
20231228,09:19:27,18.3,200,31800
20231228,09:19:36,19.8,1900,31800
20231228,09:19:53,19.5,250,31800
20231228,09:20:57,19.35,650,31800
20231228,09:21:07,19.5,850,33550
20231228,09:21:17,19.45,1250,33550
20231228,09:21:26,19.35,850,33550
20231228,09:21:36,19.3,700,33550
20231228,09:21:45,19.6,650,33550
20231228,09:21:54,19.6,1100,33550
20231228,09:22:05,19.55,700,33550
20231228,09:22:15,19.6,200,33550
20231228,09:22:26,19.55,50,33550
20231228,09:22:37,19.2,50,33550
20231228,09:23:39,19.5,50,33550
20231228,09:24:43,19.75,100,33950
20231228,09:25:19,19.4,50,33950
20231228,09:25:28,19.35,400,33950
20231228,09:25:55,19.3,150,33950
20231228,09:26:04,19.3,50,33950
20231228,09:26:13,19.35,50,33950
20231228,09:26:31,19.3,50,33950
20231228,09:26:49,19.25,200,33950
20231228,09:26:58,19.05,100,33950
20231228,09:27:07,19.0,100,34050
20231228,09:27:16,19.0,200,34050
20231228,09:27:26,19.0,200,34050
20231228,09:28:26,19.0,300,34050
20231228,09:29:11,19.0,50,34050
20231228,09:30:26,19.2,50,34300
20231228,09:30:55,19.15,50,34300
20231228,09:31:58,19.1,100,34300
20231228,09:33:28,18.9,300,34500
20231228,09:33:37,18.9,100,34500
20231228,09:33:54,18.85,100,34500
20231228,09:34:42,19.15,100,34500
20231228,09:35:01,18.85,250,34500
20231228,09:35:39,18.6,100,34500
20231228,09:40:50,18.85,50,34500
20231228,09:40:59,19.0,850,34500
20231228,09:44:43,18.55,50,35150
20231228,09:48:58,18.65,200,35100
20231228,09:49:17,18.7,400,35100
20231228,09:49:26,18.65,100,35100
20231228,09:49:35,18.65,50,35100
20231228,09:50:22,18.75,100,35100
20231228,09:50:31,18.8,250,35100
20231228,09:50:40,18.5,50,35100
20231228,09:50:49,18.5,150,35100
20231228,09:51:18,18.5,100,35050
20231228,09:55:00,18.5,250,35150
20231228,10:00:58,18.8,50,35300
20231228,10:03:21,19.0,50,35300
20231228,10:03:44,20.3,50,35300
20231228,10:05:03,20.0,50,35300
20231228,10:09:59,19.8,1200,35250
20231228,10:10:09,19.9,1200,35250
20231228,10:10:19,19.05,1300,35250
20231228,10:10:30,19.0,400,35250
20231228,10:11:02,19.05,50,35250
20231228,10:11:12,19.15,50,35250
20231228,10:11:23,19.35,100,35250
20231228,10:11:52,19.55,1300,35250
20231228,10:12:40,19.35,150,40150
20231228,10:12:50,19.3,500,40150
20231228,10:12:59,19.3,1300,40150
20231228,10:18:54,18.9,50,41300
20231228,10:19:31,19.0,150,41300
20231228,10:19:40,19.0,900,41300
20231228,10:20:44,19.0,150,41300
20231228,10:21:31,19.0,150,42550
20231228,10:21:41,19.0,150,42550
20231228,10:21:59,19.0,150,42550
20231228,10:22:18,19.0,150,42550
20231228,10:23:51,19.0,50,42550
20231228,10:24:00,19.0,150,42550
20231228,10:24:19,19.0,150,42750
20231228,10:24:46,19.0,150,42750
20231228,10:24:55,19.0,750,42750
20231228,10:25:52,18.95,150,42750
20231228,10:26:30,19.0,50,42750
20231228,10:28:40,19.0,150,43300
20231228,10:28:49,18.95,200,43300
20231228,10:31:13,18.95,50,43350
20231228,10:31:22,19.0,150,43350
20231228,10:33:04,19.0,300,43350
20231228,10:39:24,18.7,50,43650
20231228,10:55:45,19.25,100,43650
20231228,10:57:59,19.0,100,43750
20231228,10:58:09,19.15,100,43750
20231228,10:59:25,19.05,100,43750
20231228,10:59:44,19.05,100,43750
20231228,11:00:03,19.1,200,43750
20231228,11:00:22,19.1,100,43750
20231228,11:01:17,19.0,100,43750
20231228,11:01:53,19.0,100,43750
20231228,11:02:48,19.0,100,43750
20231228,11:04:11,19.05,100,43650
20231228,11:04:29,19.05,100,43650
20231228,11:05:05,19.1,400,43650
20231228,11:05:23,19.1,650,43650
20231228,11:05:42,19.15,1000,43650
20231228,11:08:10,18.5,250,45400
20231228,11:08:40,18.3,450,45400
20231228,11:08:50,18.3,1250,45400
20231228,11:09:01,18.25,500,45400
20231228,11:09:23,18.05,150,47700
20231228,11:12:24,18.05,500,47600
20231228,11:12:52,19.25,50,47600
20231228,11:13:20,19.0,600,47600
20231228,11:16:12,19.0,50,48750
20231228,11:18:24,18.7,150,48800
20231228,11:21:24,18.4,250,48800
20231228,11:21:43,18.4,250,48800
20231228,11:22:12,18.2,400,48800
20231228,11:22:39,18.2,250,48800
20231228,11:23:32,18.2,1150,48800
20231228,11:24:39,18.4,200,46750
20231228,11:24:48,18.5,200,46750
20231228,11:27:50,18.1,250,46750
20231228,11:30:56,18.25,100,46750
20231228,11:39:51,18.2,350,46850
20231228,11:48:17,18.05,100,46850
20231228,11:49:06,18.0,200,46850
20231228,11:49:46,18.0,100,46850
20231228,11:52:23,17.85,100,46750
20231228,11:55:10,17.85,400,46650
20231228,11:56:36,17.7,150,46650
20231228,11:59:20,17.7,50,46600
20231228,12:02:31,17.65,150,46550
20231228,12:02:40,17.65,100,46550
20231228,12:02:49,17.65,200,46550
20231228,12:02:57,17.65,100,46550
20231228,12:06:46,17.5,50,46650
20231228,12:20:08,17.3,750,46700
20231228,12:24:21,17.3,50,46750
20231228,12:36:06,17.05,100,46700
20231228,12:41:14,17.05,100,46600
20231228,12:41:49,18.65,650,46600
20231228,12:45:02,18.0,50,47200
20231228,12:47:35,17.35,100,47150
20231228,12:49:45,18.05,50,47050
20231228,12:50:02,18.0,100,47050
20231228,12:50:40,18.05,350,47050
20231228,12:50:50,18.05,50,47050
20231228,12:51:00,18.15,150,47050
20231228,12:51:10,18.15,50,47050
20231228,12:55:17,18.4,350,47400
20231228,12:55:26,18.6,1350,47400
20231228,12:55:35,18.55,500,47400
20231228,12:55:52,18.5,50,47400
20231228,12:56:01,18.5,100,47400
20231228,12:56:27,18.45,250,47400
20231228,12:56:52,18.5,100,47400
20231228,12:57:52,18.5,150,46750
20231228,12:58:18,18.5,50,46750
20231228,12:58:27,18.45,450,46750
20231228,12:58:44,18.5,50,46750
20231228,12:59:27,18.65,50,46750
20231228,12:59:36,18.65,150,46750
20231228,13:00:31,18.6,200,46750
20231228,13:08:15,18.7,250,46750
20231228,13:09:13,18.65,100,46750
20231228,13:10:07,18.65,400,46750
20231228,13:10:33,18.65,250,46750
20231228,13:10:49,18.65,150,46750
20231228,13:10:58,18.7,450,46750
20231228,13:11:29,18.65,250,46750
20231228,13:12:34,18.7,1250,47050
20231228,13:12:43,18.75,100,47050
20231228,13:12:52,18.75,100,47050
20231228,13:13:01,18.75,350,47050
20231228,13:13:29,18.75,150,47050
20231228,13:13:38,18.75,150,47050
20231228,13:13:47,18.75,950,47050
20231228,13:14:34,18.8,200,47050
20231228,13:14:43,18.8,700,47050
20231228,13:14:52,18.8,450,47050
20231228,13:15:01,18.8,400,47050
20231228,13:15:27,18.8,50,47050
20231228,13:15:52,18.85,200,46800
20231228,13:16:19,18.9,250,46800
20231228,13:16:27,18.85,50,46800
20231228,13:16:36,19.0,1500,46800
20231228,13:16:44,19.0,4750,46800
20231228,13:16:53,19.15,2600,46800
20231228,13:17:02,19.3,750,46800
20231228,13:17:11,19.25,300,46800
20231228,13:17:19,19.25,150,46800
20231228,13:17:27,19.25,100,46800
20231228,13:17:35,19.25,200,46800
20231228,13:17:43,19.25,100,46800
20231228,13:17:51,19.25,100,46800
20231228,13:18:00,19.25,100,46800
20231228,13:18:08,19.25,1500,46800
20231228,13:18:17,19.25,850,46800
20231228,13:18:35,19.2,100,46800
20231228,13:18:44,19.2,800,46950
20231228,13:18:52,19.2,650,46950
20231228,13:19:17,19.15,1400,46950
20231228,13:19:33,19.1,450,46950
20231228,13:19:42,19.15,400,46950
20231228,13:20:23,19.15,100,46950
20231228,13:20:31,19.15,200,46950
20231228,13:21:26,19.15,200,46950
20231228,13:21:34,19.15,100,46950
20231228,13:21:42,19.1,900,46850
20231228,13:22:06,19.2,350,46850
20231228,13:33:54,18.65,50,46500
20231228,13:36:44,18.6,150,46450
20231228,13:39:43,18.45,250,46600
20231228,13:46:37,18.5,50,46600
20231228,13:46:46,18.4,200,46600
20231228,13:49:37,18.35,100,46600
20231228,13:50:10,18.2,50,46600
20231228,13:51:17,18.2,250,46600
20231228,13:51:58,18.2,250,46350
20231228,13:55:17,18.25,50,46100
20231228,13:55:42,18.2,50,46100
20231228,13:55:51,18.15,100,46100
20231228,13:56:16,18.25,50,46100
20231228,13:56:40,18.2,550,46100
20231228,13:56:47,18.2,50,46100
20231228,13:57:04,18.15,100,46100
20231228,13:57:28,18.2,250,46100
20231228,13:57:36,18.2,200,46100
20231228,13:58:09,18.1,200,45750
20231228,13:58:41,18.25,250,45750
20231228,13:59:08,18.25,400,45750
20231228,14:00:14,18.25,50,45750
20231228,14:00:49,17.75,100,45100
20231228,14:01:05,17.95,150,45100
20231228,14:02:48,17.75,50,45100
20231228,14:02:57,17.75,250,45100
20231228,14:03:52,17.7,250,45050
20231228,14:05:06,17.7,50,45050
20231228,14:08:31,17.7,250,45100
20231228,14:10:15,17.7,250,44850
20231228,14:11:40,17.6,50,44850
20231228,14:12:31,17.55,100,44850
20231228,14:20:55,17.5,250,44650
20231228,14:22:59,17.3,800,44650
20231228,14:24:19,17.3,450,44650
20231228,14:26:38,17.3,300,44200
20231228,14:30:03,17.2,200,43900
20231228,14:39:17,17.0,200,43900
20231228,14:39:58,17.0,500,43950
20231228,14:44:04,16.5,100,43950
20231228,14:45:12,16.4,100,43950
20231228,14:46:25,16.3,100,43950
20231228,14:46:34,16.3,50,43950
20231228,14:46:59,16.25,50,43950
20231228,14:47:58,16.25,200,43950
20231228,14:48:15,16.25,50,43950
20231228,14:48:25,16.2,450,43950
20231228,14:48:56,16.2,250,43100
20231228,14:50:23,16.1,250,43100
20231228,14:50:58,16.05,950,43100
20231228,14:52:56,16.0,150,41650
20231228,14:53:38,15.9,400,41650
20231228,14:54:46,15.75,600,41650
20231228,14:54:54,15.75,1000,40800
20231228,14:56:40,15.7,550,40800
20231228,14:57:06,15.7,50,40800
20231228,14:58:20,15.65,50,39500
20231228,14:59:14,15.45,350,39500
20231228,14:59:48,15.1,1450,39500
20231228,15:00:24,14.9,150,39500
20231228,15:06:05,14.75,50,39500
20231228,15:07:00,14.0,150,39500
20231228,15:07:08,13.0,900,39500
20231228,15:08:49,13.0,50,39500
20231228,15:12:06,14.75,50,39700
20231228,15:13:34,14.4,50,39700
20231228,15:14:00,14.4,150,39700
20231228,15:14:09,14.35,50,39700
20231228,15:14:31,14.4,100,39700
20231228,15:14:49,14.3,50,39700
20231228,15:19:26,14.0,50,39700
20231228,15:19:44,14.0,250,39700
20231228,15:21:02,14.0,50,39700
20231228,15:21:31,14.0,300,39700
20231228,15:23:18,13.8,300,40350
20231228,15:23:41,13.85,200,40350
20231228,15:24:27,13.8,100,40350
20231228,15:24:48,13.8,150,40350
20231228,15:25:33,13.85,50,40100
20231228,15:27:03,13.65,350,40100
20231228,15:27:59,13.65,150,40200
20231228,15:28:09,13.65,150,40200
20231228,15:28:18,13.6,50,40200
20231228,15:28:37,13.2,400,40200
20231228,15:28:47,13.15,300,40200
20231228,15:28:57,13.15,50,40200
20231228,15:29:36,14.0,50,40200
20231229,09:15:15,15.0,1,40250
20231229,09:15:15,15.0,100,40250
20231229,09:15:36,15.0,50,40250
20231229,09:15:45,15.0,50,40250
20231229,09:15:54,14.95,1050,40250
20231229,09:16:09,14.0,50,40250
20231229,09:16:29,14.0,100,40250
20231229,09:16:33,14.45,400,40250
20231229,09:16:39,14.3,100,40250
20231229,09:16:45,14.0,200,40250
20231229,09:16:51,14.0,100,40250
20231229,09:16:57,14.1,200,40250
20231229,09:17:06,14.2,100,40250
20231229,09:18:37,15.0,50,40950
20231229,09:18:44,15.0,200,40950
20231229,09:21:52,15.25,50,40950
20231229,09:25:08,15.7,250,40900
20231229,09:28:20,15.7,150,41050
20231229,09:28:50,15.35,50,41050
20231229,09:29:12,15.3,100,41250
20231229,09:29:19,15.25,50,41250
20231229,09:32:17,15.15,300,41400
20231229,09:33:01,15.1,250,41400
20231229,09:33:17,15.0,150,41400
20231229,09:33:55,14.9,50,41400
20231229,09:35:49,14.8,200,41650
20231229,09:35:56,14.6,200,41650
20231229,09:36:04,14.8,200,41650
20231229,09:36:12,14.75,300,41650
20231229,09:36:19,14.7,300,41650
20231229,09:36:27,14.65,150,41650
20231229,09:36:35,14.5,50,41650
20231229,09:36:42,14.65,50,41650
20231229,09:37:03,14.45,250,41650
20231229,09:37:18,14.55,300,41650
20231229,09:37:33,14.6,200,41650
20231229,09:37:40,14.65,50,41650
20231229,09:38:47,14.4,500,41650
20231229,09:39:01,14.4,250,41650
20231229,09:39:08,14.45,250,41650
20231229,09:39:16,14.4,100,41650
20231229,09:39:53,14.3,250,41650
20231229,09:40:00,14.3,250,41650
20231229,09:40:31,14.3,200,41650
20231229,09:40:39,14.2,450,41650
20231229,09:40:46,14.3,600,41650
20231229,09:40:53,14.35,100,41650
20231229,09:41:08,14.05,200,41650
20231229,09:41:22,14.05,150,42550
20231229,09:41:30,14.05,550,42550
20231229,09:41:37,13.95,200,42550
20231229,09:42:31,13.75,800,42550
20231229,09:42:39,13.7,1100,42550
20231229,09:42:53,13.65,50,42550
20231229,09:43:23,13.65,500,42550
20231229,09:44:08,13.65,100,42550
20231229,09:45:11,13.4,100,42800
20231229,09:47:10,13.35,50,42800
20231229,09:47:30,13.2,1800,42750
20231229,09:47:37,13.15,100,42750
20231229,09:47:51,13.0,350,42750
20231229,09:48:32,12.8,200,42750
20231229,09:48:39,12.6,100,42750
20231229,09:48:46,12.5,850,42750
20231229,09:48:53,12.5,600,42750
20231229,09:49:07,12.5,350,42750
20231229,09:49:22,12.55,50,42750
20231229,09:49:44,12.55,1000,42750
20231229,09:50:18,12.55,350,42750
20231229,09:50:25,12.55,50,38750
20231229,09:50:40,12.5,950,38750
20231229,09:51:14,12.5,100,38750
20231229,09:51:21,12.55,50,38750
20231229,09:52:25,12.85,50,38750
20231229,09:53:08,12.75,200,38750
20231229,09:54:45,12.65,50,38350
20231229,10:01:50,12.8,50,38350
20231229,10:02:56,12.65,50,38400
20231229,10:09:22,12.9,50,38400
20231229,10:10:42,12.9,200,38400
20231229,10:11:30,13.0,100,38300
20231229,10:12:02,13.05,250,38300
20231229,10:12:32,13.1,250,38300
20231229,10:13:02,13.0,250,38300
20231229,10:13:10,13.05,250,38300
20231229,10:13:18,13.0,2200,38300
20231229,10:13:26,12.55,600,38300
20231229,10:13:55,12.75,200,38300
20231229,10:14:42,12.8,250,38250
20231229,10:16:09,12.6,300,38250
20231229,10:16:33,12.5,250,38250
20231229,10:16:42,12.6,100,38250
20231229,10:16:49,12.6,250,38250
20231229,10:16:57,12.45,200,38250
20231229,10:17:59,12.4,350,39150
20231229,10:18:23,12.4,50,39150
20231229,10:18:46,12.35,100,39150
20231229,10:19:09,12.2,400,39150
20231229,10:22:19,12.1,50,39950
20231229,10:24:28,12.1,50,39900
20231229,10:24:36,12.1,50,39900
20231229,10:26:06,12.1,150,39900
20231229,10:28:25,12.2,200,39850
20231229,10:39:57,12.25,50,39950
20231229,10:42:18,12.3,100,39950
20231229,10:42:25,12.25,400,39950
20231229,10:44:56,12.85,1800,40450
20231229,10:47:04,11.15,9550,40450
20231229,10:47:30,11.15,400,40700
20231229,10:47:46,11.9,150,40700
20231229,10:48:02,11.85,650,40700
20231229,10:48:10,11.75,450,40700
20231229,10:48:18,11.7,600,40700
20231229,10:48:26,11.7,200,40700
20231229,10:48:34,11.75,400,40700
20231229,10:49:29,11.9,400,40700
20231229,10:49:37,11.85,1100,40700
20231229,10:49:45,11.9,200,40700
20231229,10:49:53,11.9,600,40700
20231229,10:50:01,11.85,450,40700
20231229,10:50:09,11.85,250,40700
20231229,10:50:18,11.85,200,40700
20231229,10:51:38,11.85,100,39750
20231229,10:52:32,11.85,100,39750
20231229,10:54:28,12.05,300,39750
20231229,10:54:46,12.0,200,39750
20231229,10:54:54,12.0,400,39750
20231229,10:55:28,12.2,50,39750
20231229,10:56:00,12.1,150,39750
20231229,10:56:09,12.25,50,39750
20231229,10:56:41,12.05,250,39950
20231229,11:03:04,12.0,200,39950
20231229,11:03:28,12.0,200,39950
20231229,11:03:36,12.25,400,39950
20231229,11:04:31,12.2,100,39950
20231229,11:05:42,11.9,50,39950
20231229,11:08:31,11.7,1800,39950
20231229,11:17:05,11.45,150,39750
20231229,11:25:43,11.15,50,39850
20231229,11:28:26,11.3,50,39850
20231229,11:28:41,11.3,50,39850
20231229,11:28:59,11.3,50,39850
20231229,11:34:51,11.15,150,40000
20231229,11:35:34,11.1,50,40000
20231229,11:39:12,10.95,50,40000
20231229,11:43:34,10.95,50,40050
20231229,11:44:06,10.95,150,40050
20231229,11:45:11,11.0,250,40100
20231229,11:56:04,10.95,50,40200
20231229,11:56:37,10.9,50,40200
20231229,11:58:08,10.85,50,40250
20231229,12:01:17,10.6,300,40200
20231229,12:10:48,10.6,550,40200
20231229,12:13:10,10.8,50,40450
20231229,12:15:48,10.7,150,40450
20231229,12:18:18,10.65,50,40600
20231229,12:20:26,10.6,50,40600
20231229,12:22:51,10.6,100,40600
20231229,12:23:07,10.85,100,40600
20231229,12:23:59,10.85,150,40600
20231229,12:25:25,10.6,3700,40600
20231229,12:30:33,10.6,250,40900
20231229,12:30:59,10.6,250,40900
20231229,12:31:34,10.6,250,40900
20231229,12:32:47,10.6,250,40900
20231229,12:33:27,10.6,50,40900
20231229,12:35:39,10.6,250,40900
20231229,12:39:38,10.6,700,40900
20231229,12:39:47,10.2,1450,40900
20231229,12:41:48,10.2,550,40250
20231229,12:45:37,10.2,100,39700
20231229,12:46:09,10.2,1200,39700
20231229,12:46:33,10.2,150,39700
20231229,12:51:57,10.2,250,39100
20231229,12:52:05,10.2,50,39100
20231229,12:52:12,10.2,700,39100
20231229,12:53:53,10.45,100,39100
20231229,12:55:54,10.2,50,39100
20231229,12:57:47,10.4,250,39100
20231229,12:58:02,10.4,100,39100
20231229,13:00:56,9.9,300,39100
20231229,13:02:07,9.9,900,39100
20231229,13:02:15,9.9,450,39100
20231229,13:02:24,9.9,1200,39100
20231229,13:02:32,9.9,150,39100
20231229,13:02:41,9.9,50,39100
20231229,13:02:57,9.9,100,37500
20231229,13:03:05,9.75,1200,37500
20231229,13:03:31,9.75,450,37500
20231229,13:03:47,9.9,50,37500
20231229,13:04:45,9.85,50,37500
20231229,13:08:26,9.8,100,37050
20231229,13:11:54,9.8,500,37050
20231229,13:16:20,9.55,250,37050
20231229,13:19:20,9.55,250,36800
20231229,13:20:59,9.65,400,36550
20231229,13:21:06,9.6,600,36550
20231229,13:21:29,9.6,300,36550
20231229,13:21:36,9.6,200,36550
20231229,13:22:28,9.6,250,36550
20231229,13:22:52,9.25,1100,36550
20231229,13:23:23,9.25,50,36550
20231229,13:24:44,9.35,150,34750
20231229,13:25:21,9.3,1150,34750
20231229,13:25:52,9.3,500,34750
20231229,13:34:50,9.7,50,34050
20231229,13:35:05,9.5,250,34050
20231229,13:39:53,9.7,150,33800
20231229,13:40:10,9.85,900,33800
20231229,13:42:22,9.8,100,33050
20231229,13:42:54,9.8,650,33050
20231229,13:43:02,9.75,250,33050
20231229,13:44:15,9.75,100,33050
20231229,13:46:05,9.65,250,32300
20231229,13:46:13,9.75,400,32300
20231229,13:46:45,9.6,200,32300
20231229,13:47:01,9.55,150,32300
20231229,13:47:09,9.5,950,32300
20231229,13:47:18,9.5,100,32300
20231229,13:47:41,9.4,250,32300
20231229,13:59:43,9.65,200,32200
20231229,14:06:44,9.7,100,32200
20231229,14:10:40,9.85,100,32200
20231229,14:12:47,9.9,200,32200
20231229,14:18:07,10.0,50,32200
20231229,14:18:55,9.9,100,32200
20231229,14:20:10,9.85,100,32200
20231229,14:20:36,9.8,50,32200
20231229,14:21:10,9.8,50,32150
20231229,14:23:55,10.05,400,32150
20231229,14:24:58,10.05,50,32350
20231229,14:25:34,10.1,450,32350
20231229,14:27:23,10.1,100,31800
20231229,14:29:51,9.8,200,31800
20231229,14:31:12,9.85,300,31900
20231229,14:31:46,9.75,100,31900
20231229,14:35:39,9.2,50,31600
20231229,14:36:05,9.2,50,31550
20231229,14:42:54,9.45,100,31550
20231229,14:54:38,9.25,100,31550
20231229,14:57:46,9.1,50,31550
20231229,14:59:22,9.1,50,31550
20231229,14:59:47,9.0,750,31550
20231229,15:04:16,9.0,50,31700
20231229,15:08:54,9.45,50,31700
20231229,15:09:12,9.4,150,31700
20231229,15:09:49,9.4,100,31700
20231229,15:10:06,9.4,150,31700
20231229,15:14:12,9.55,50,31950
20231229,15:14:21,9.65,200,31950
20231229,15:14:30,9.6,150,31950
20231229,15:14:46,9.65,150,31950
20231229,15:16:13,9.75,300,32000
20231229,15:16:30,9.6,200,32000
20231229,15:20:10,9.7,100,32150
20231229,15:22:13,9.7,50,31950
20231229,15:23:11,9.6,250,31950
20231229,15:26:12,9.6,50,32250
20231229,15:28:35,9.1,650,32150
20231229,15:29:40,9.1,200,32150
20240101,09:18:38,10.05,1,30200
20240101,09:18:38,10.0,150,30200
20240101,09:22:28,9.3,200,30200
20240101,09:22:55,9.3,100,30200
20240101,09:26:39,9.25,300,30250
20240101,09:26:47,9.15,450,30250
20240101,09:27:12,9.0,250,30250
20240101,09:28:02,9.0,100,30250
20240101,09:28:11,9.0,50,30250
20240101,09:29:25,9.0,3600,32950
20240101,09:29:42,9.0,1050,32950
20240101,09:32:30,8.9,100,35800
20240101,09:32:54,8.55,50,35800
20240101,09:33:10,8.55,100,35800
20240101,09:33:52,8.8,100,35800
20240101,09:34:34,9.0,100,35800
20240101,09:38:36,8.45,50,36150
20240101,09:38:44,8.4,50,36150
20240101,09:40:18,8.4,50,36150
20240101,09:42:17,8.4,50,36150
20240101,09:42:59,8.2,250,36150
20240101,09:44:30,8.2,50,36050
20240101,09:46:18,8.2,50,36050
20240101,09:48:17,8.1,100,36050
20240101,09:50:50,8.05,100,36000
20240101,09:51:10,8.0,250,36000
20240101,09:53:05,7.8,100,36000
20240101,09:53:13,7.8,500,36000
20240101,09:56:21,7.75,50,36700
20240101,09:56:55,7.75,50,36750
20240101,09:57:04,7.75,50,36750
20240101,09:57:12,7.75,50,36750
20240101,09:57:29,7.75,50,36750
20240101,09:57:46,7.75,50,36750
20240101,09:58:03,7.75,50,36750
20240101,09:58:19,7.75,50,36750
20240101,09:58:27,7.75,50,36750
20240101,09:58:36,7.75,250,36750
20240101,10:00:20,7.75,200,37150
20240101,10:11:06,8.35,50,37000
20240101,10:12:13,8.2,100,36950
20240101,10:12:29,8.15,150,36950
20240101,10:34:28,8.1,50,36950
20240101,10:36:28,8.0,100,37000
20240101,10:37:34,7.9,100,37000
20240101,10:39:15,7.9,50,37000
20240101,10:40:23,7.75,250,37000
20240101,10:40:31,7.75,150,37000
20240101,10:41:16,7.7,500,37000
20240101,10:41:41,7.65,100,37400
20240101,10:42:15,7.65,300,37400
20240101,10:42:48,7.55,50,37400
20240101,10:43:42,7.55,150,37400
20240101,10:44:14,7.55,250,37400
20240101,10:44:38,7.55,250,37850
20240101,10:44:55,7.5,200,37850
20240101,10:45:31,7.45,250,37850
20240101,10:46:14,7.45,150,37850
20240101,10:48:19,7.45,50,38050
20240101,10:48:44,7.8,50,38050
20240101,10:49:43,7.7,100,38050
20240101,10:54:27,7.4,100,38050
20240101,10:55:22,7.35,250,38050
20240101,10:55:38,7.3,100,38050
20240101,10:55:53,7.3,350,38050
20240101,10:56:09,7.3,50,38050
20240101,10:56:33,7.35,50,38050
20240101,10:59:55,7.35,50,38100
20240101,11:02:22,7.35,100,38100
20240101,11:05:02,7.65,50,38000
20240101,11:05:49,7.55,50,37950
20240101,11:05:57,7.5,50,37950
20240101,11:06:05,7.5,100,37950
20240101,11:06:13,7.5,100,37950
20240101,11:06:52,7.5,50,37950
20240101,11:07:22,7.5,100,37950
20240101,11:11:40,7.45,50,38000
20240101,11:12:48,7.4,50,38000
20240101,11:12:56,7.4,50,38000
20240101,11:14:03,7.4,50,38000
20240101,11:14:18,7.4,250,38000
20240101,11:19:32,8.1,1100,38000
20240101,11:21:01,7.7,50,38900
20240101,11:22:51,7.4,150,38900
20240101,11:24:06,7.5,200,39000
20240101,11:24:35,8.1,900,39000
20240101,11:25:04,7.7,100,39000
20240101,11:25:55,7.75,250,39000
20240101,11:29:33,7.85,150,39600
20240101,11:29:48,7.8,100,39450
20240101,11:29:56,7.75,100,39450
20240101,11:30:29,7.7,100,39450
20240101,11:31:18,7.7,100,39450
20240101,11:32:05,7.75,50,39450
20240101,11:33:50,7.65,100,39600
20240101,11:48:10,7.6,100,39700
20240101,11:49:23,7.25,1000,39700
20240101,11:51:54,7.25,200,39900
20240101,12:02:06,7.55,50,40000
20240101,12:03:02,7.55,50,40000
20240101,12:07:17,7.4,50,40000
20240101,12:13:10,7.55,50,40000
20240101,12:13:49,7.4,50,40000
20240101,12:17:25,7.4,50,39950
20240101,12:30:41,7.25,200,39950
20240101,12:51:28,7.05,100,40050
20240101,12:51:43,7.0,200,40050
20240101,12:52:48,7.0,200,40050
20240101,12:54:10,6.95,50,40250
20240101,12:54:49,6.95,50,40250
20240101,13:27:13,6.95,100,40150
20240101,13:39:33,6.75,750,40250
20240101,13:43:08,6.7,50,41000
20240101,13:46:40,6.7,100,41000
20240101,13:47:44,6.65,750,41000
20240101,13:49:37,6.65,250,41600
20240101,13:50:00,6.75,350,41600
20240101,13:51:25,6.5,1050,41650
20240101,13:51:41,6.5,100,41650
20240101,13:51:50,6.55,600,41650
20240101,13:54:01,6.45,200,41650
20240101,13:54:56,6.45,200,41400
20240101,13:59:31,6.6,50,41500
20240101,14:00:05,6.6,550,41550
20240101,14:05:45,6.7,100,41550
20240101,14:06:21,6.6,450,41650
20240101,14:08:41,6.55,450,41650
20240101,14:09:49,6.6,150,42300
20240101,14:10:23,6.7,300,42300
20240101,14:10:49,6.55,450,42300
20240101,14:15:12,6.9,200,42800
20240101,14:15:39,6.9,50,42800
20240101,14:22:36,6.65,750,42900
20240101,14:24:19,6.85,100,43400
20240101,14:24:38,6.85,250,43400
20240101,14:24:47,6.85,50,43400
20240101,14:26:20,6.85,100,43400
20240101,14:28:00,6.85,50,43900
20240101,14:31:15,7.05,150,43900
20240101,14:35:05,7.0,50,43750
20240101,14:36:50,7.05,250,43700
20240101,14:39:13,7.05,150,43700
20240101,14:40:20,7.05,250,43950
20240101,14:40:36,7.1,300,43950
20240101,14:41:00,7.15,50,43950
20240101,14:41:16,7.2,700,43950
20240101,14:42:59,6.8,100,42500
20240101,14:44:22,6.9,150,42500
20240101,14:57:51,7.1,100,42400
20240101,14:58:09,7.1,100,42400
20240101,15:00:44,7.15,950,42400
20240101,15:00:53,7.2,100,42400
20240101,15:01:23,7.25,150,42400
20240101,15:01:35,7.25,150,42400
20240101,15:01:47,7.25,200,42400
20240101,15:01:57,7.05,50,42400
20240101,15:02:07,7.05,50,42400
20240101,15:03:35,7.2,50,43000
20240101,15:04:32,7.25,50,43000
20240101,15:06:22,7.4,400,42950
20240101,15:07:44,7.4,500,42950
20240101,15:08:38,7.45,500,42950
20240101,15:10:18,7.5,50,41550
20240101,15:10:42,7.65,250,41550
20240101,15:10:53,7.65,450,41550
20240101,15:11:04,7.75,150,41550
20240101,15:11:57,7.8,100,41550
20240101,15:12:47,7.85,250,41150
20240101,15:13:19,7.85,500,41150
20240101,15:14:01,7.8,100,41150
20240101,15:14:31,7.65,650,41150
20240101,15:14:42,7.65,150,41150
20240101,15:15:01,7.65,250,41150
20240101,15:16:00,7.45,600,41000
20240101,15:17:10,7.65,200,41000
20240101,15:19:15,7.55,50,41500
20240101,15:20:14,7.75,400,41500
20240101,15:20:27,7.85,450,41500
20240101,15:22:33,7.85,500,40950
20240101,15:23:26,8.35,150,40950
20240101,15:23:37,8.5,50,40950
20240101,15:24:24,8.15,150,40500
20240101,15:25:25,8.45,250,40500
20240101,15:25:37,7.7,100,40500
20240101,15:26:01,8.25,700,40500
20240101,15:26:11,7.5,200,40500
20240101,15:26:21,8.4,350,40500
20240101,15:26:31,8.35,50,40500
20240101,15:27:46,7.7,150,39700
20240101,15:27:57,7.7,100,39700
20240101,15:28:10,7.6,100,39700
20240101,15:29:18,8.0,300,39700
20240101,15:29:43,8.1,100,39700
20240101,15:29:55,7.55,50,39700
20240102,09:18:53,7.7,1,39750
20240102,09:18:53,7.7,50,39750
20240102,09:19:13,7.8,50,39750
20240102,09:19:33,7.8,100,39750
20240102,09:20:03,7.7,50,39750
20240102,09:20:14,7.7,900,39750
20240102,09:20:53,7.7,500,40550
20240102,09:21:12,7.7,350,40550
20240102,09:21:33,7.7,700,40550
20240102,09:21:43,7.65,350,40550
20240102,09:21:53,7.65,200,40550
20240102,09:22:28,7.1,450,40550
20240102,09:23:07,7.1,250,40550
20240102,09:23:26,7.65,100,40550
20240102,09:24:52,7.6,50,42400
20240102,09:25:53,7.0,650,42400
20240102,09:27:36,7.0,1750,42900
20240102,09:28:15,7.35,200,42900
20240102,09:28:25,7.35,100,42900
20240102,09:28:39,7.75,650,42900
20240102,09:41:06,7.35,50,43900
20240102,09:41:36,6.7,1100,43850
20240102,09:42:43,6.7,200,43850
20240102,09:51:06,6.9,250,43700
20240102,09:51:45,6.85,100,43700
20240102,09:52:39,6.85,100,43700
20240102,09:54:29,6.8,400,43850
20240102,09:55:20,6.9,150,43850
20240102,09:55:30,6.9,50,43850
20240102,09:57:02,7.0,350,44000
20240102,09:57:15,7.25,350,44000
20240102,09:58:38,6.9,150,44000
20240102,10:00:07,7.45,50,43500
20240102,10:00:33,7.45,50,43500
20240102,10:00:45,7.15,50,43500
20240102,10:01:39,7.15,100,43500
20240102,10:02:21,7.4,300,43500
20240102,10:03:01,7.4,300,43200
20240102,10:07:13,6.85,50,42900
20240102,10:07:46,6.85,50,42900
20240102,10:09:45,7.25,100,42800
20240102,10:12:20,7.05,650,42800
20240102,10:12:51,7.45,50,42800
20240102,10:13:02,7.9,1350,42800
20240102,10:13:22,7.6,100,42800
20240102,10:17:20,7.55,100,42900
20240102,10:17:30,7.85,50,42900
20240102,10:20:41,7.8,100,42900
20240102,10:23:39,7.8,100,42900
20240102,10:25:54,7.6,150,42900
20240102,10:26:39,8.0,50,42900
20240102,10:27:45,8.0,200,42850
20240102,10:32:14,8.0,200,42850
20240102,10:33:32,7.95,200,42850
20240102,10:34:12,7.75,500,42850
20240102,10:35:41,7.0,3000,42850
20240102,10:38:04,7.4,50,45600
20240102,10:40:03,7.95,250,45600
20240102,10:40:15,7.95,250,45600
20240102,10:41:08,8.0,250,45600
20240102,10:41:50,7.95,300,45850
20240102,10:42:22,8.1,50,45850
20240102,10:42:43,8.1,250,45850
20240102,10:42:53,7.95,550,45850
20240102,10:43:04,7.95,250,45850
20240102,10:45:30,7.9,200,45850
20240102,10:46:29,7.9,100,45850
20240102,10:49:01,7.7,50,46050
20240102,10:49:53,7.65,250,46050
20240102,10:55:44,7.65,50,45900
20240102,10:55:53,7.5,50,45900
20240102,10:57:49,7.75,100,45900
20240102,10:59:15,7.5,200,45900
20240102,11:00:43,7.5,250,45750
20240102,11:03:34,7.4,100,46000
20240102,11:04:30,7.2,500,46000
20240102,11:04:39,7.2,250,46000
20240102,11:05:06,7.2,400,46000
20240102,11:05:44,7.4,100,46000
20240102,11:07:38,7.35,50,45950
20240102,11:13:28,7.45,100,45950
20240102,11:15:35,7.5,50,46050
20240102,11:15:45,7.5,250,46050
20240102,11:18:19,7.6,250,46350
20240102,11:24:48,7.25,50,46450
20240102,11:35:34,7.7,600,46450
20240102,11:37:34,7.7,200,46650
20240102,11:38:22,7.7,250,46650
20240102,11:38:31,7.7,350,46650
20240102,11:40:32,7.45,50,47100
20240102,11:44:38,8.75,1000,47150
20240102,11:53:37,8.75,50,46300
20240102,11:53:55,8.0,100,46300
20240102,11:59:27,7.85,50,46300
20240102,12:05:33,7.6,650,46300
20240102,12:05:41,7.55,100,46300
20240102,12:05:50,7.55,150,46300
20240102,12:12:25,7.75,50,46900
20240102,12:12:34,7.7,50,46900
20240102,12:12:52,7.7,100,46900
20240102,12:13:00,7.75,50,46900
20240102,12:15:57,7.75,50,46900
20240102,12:16:18,7.55,100,46900
20240102,12:17:20,7.5,250,46900
20240102,12:28:52,7.5,1000,46900
20240102,12:30:02,7.15,200,47900
20240102,12:37:00,7.4,100,48100
20240102,12:59:04,7.35,150,48100
20240102,12:59:31,7.35,800,48100
20240102,12:59:57,7.35,50,48100
20240102,13:02:35,7.4,50,47450
20240102,13:11:28,7.45,50,47400
20240102,13:20:29,7.5,50,47400
20240102,13:23:12,7.5,50,47450
20240102,13:35:02,7.25,200,47450
20240102,13:35:11,7.4,100,47450
20240102,13:36:50,7.2,400,47400
20240102,13:37:54,7.2,100,47400
20240102,13:38:12,7.4,50,47400
20240102,13:45:36,7.5,50,47200
20240102,13:46:59,7.4,50,47200
20240102,13:55:37,7.75,500,47200
20240102,14:08:44,7.4,50,47200
20240102,14:09:39,7.55,100,47200
20240102,14:11:37,7.4,150,47200
20240102,14:14:38,7.4,200,47450
20240102,14:16:14,7.35,200,47450
20240102,14:24:06,7.75,200,47250
20240102,14:29:37,7.7,350,47250
20240102,14:38:06,7.25,200,47600
20240102,14:39:13,7.15,50,47600
20240102,14:39:33,7.15,1200,47450
20240102,14:40:56,6.85,400,47450
20240102,14:44:48,7.4,50,48500
20240102,14:49:39,7.0,200,48500
20240102,14:51:32,6.85,50,48700
20240102,14:51:50,7.25,200,48700
20240102,14:55:54,7.05,100,48700
20240102,15:00:35,7.05,50,48700
20240102,15:00:45,7.1,100,48700
20240102,15:04:18,6.9,50,48700
20240102,15:06:18,6.8,100,48700
20240102,15:09:16,6.9,50,48700
20240102,15:10:55,6.85,150,48700
20240102,15:13:29,6.95,50,48700
20240102,15:14:31,7.0,50,48700
20240102,15:18:03,7.4,50,48700
20240102,15:18:32,7.0,150,48700
20240102,15:19:39,7.0,200,48700
20240102,15:24:53,7.9,900,48400
20240102,15:25:12,7.6,150,48400
20240102,15:25:22,7.6,200,48400
20240102,15:28:18,7.65,50,48700
20240103,09:15:20,8.45,1,48650
20240103,09:15:20,8.45,100,48650
20240103,09:16:51,7.8,150,48650
20240103,09:17:05,6.25,900,48650
20240103,09:17:34,6.25,50,48650
20240103,09:20:47,7.2,50,48550
20240103,09:21:59,7.1,500,48550
20240103,09:22:41,7.55,250,48550
20240103,09:23:00,7.8,250,48550
20240103,09:24:00,7.4,100,48600
20240103,09:24:33,7.3,50,48600
20240103,09:24:42,7.25,200,48600
20240103,09:24:51,7.0,700,48600
20240103,09:34:18,7.2,550,48600
20240103,09:34:27,7.3,450,49550
20240103,09:41:46,7.6,100,48750
20240103,09:44:03,7.3,100,48750
20240103,09:50:50,7.0,350,48750
20240103,09:56:06,7.2,250,48750
20240103,09:56:41,7.25,150,48750
20240103,09:59:58,7.3,600,49050
20240103,10:01:35,7.45,900,49050
20240103,10:01:44,7.65,100,49050
20240103,10:09:16,7.55,50,48250
20240103,10:09:51,7.5,50,48250
20240103,10:10:00,7.55,50,48250
20240103,10:11:09,7.45,50,48250
20240103,10:11:18,7.45,50,48250
20240103,10:11:26,7.45,150,48250
20240103,10:12:35,7.45,50,48200
20240103,10:12:44,7.45,50,48200
20240103,10:12:52,7.5,100,48200
20240103,10:13:18,7.5,50,48200
20240103,10:13:26,7.5,50,48200
20240103,10:14:34,7.15,500,48200
20240103,10:14:59,7.2,50,48600
20240103,10:15:41,7.2,100,48600
20240103,10:16:22,7.2,50,48600
20240103,10:19:20,7.2,50,48800
20240103,10:21:14,7.35,100,48850
20240103,10:22:39,7.3,100,48850
20240103,10:22:50,7.25,50,48850
20240103,10:27:26,7.45,50,48750
20240103,10:31:42,7.55,200,48700
20240103,10:35:55,7.25,50,48700
20240103,10:36:04,7.0,150,48750
20240103,10:45:19,7.3,250,48750
20240103,10:46:39,7.45,200,48750
20240103,10:52:05,7.05,50,48900
20240103,10:52:50,7.05,100,48900
20240103,11:02:11,7.1,100,49050
20240103,11:07:49,7.0,800,49100
20240103,11:10:57,7.05,100,49900
20240103,11:16:52,7.0,150,49900
20240103,11:20:29,6.85,100,50050
20240103,11:20:38,6.9,100,50050
20240103,11:22:35,6.95,300,50250
20240103,11:25:27,6.8,50,50550
20240103,11:28:52,6.95,50,50550
20240103,11:35:02,6.85,200,50600
20240103,11:47:25,6.8,50,50600
20240103,11:52:31,6.65,50,50600
20240103,11:53:14,6.6,50,50600
20240103,12:09:45,6.95,50,50650
20240103,12:23:02,6.75,250,50700
20240103,12:24:38,6.75,250,50950
20240103,12:25:08,6.75,250,50950
20240103,12:26:17,6.75,250,50950
20240103,12:26:47,6.75,250,50950
20240103,12:27:06,6.75,250,50950
20240103,12:31:08,6.75,200,52200
20240103,12:32:26,6.95,550,52200
20240103,12:32:37,6.95,50,52200
20240103,12:33:57,6.75,50,52950
20240103,12:35:59,6.95,500,52950
20240103,12:40:29,6.95,800,53450
20240103,12:43:02,6.75,50,54250
20240103,12:45:23,6.95,100,54200
20240103,12:48:56,6.6,200,54300
20240103,12:49:12,6.6,100,54300
20240103,12:49:54,6.6,100,54300
20240103,12:51:38,6.5,150,54200
20240103,13:08:40,6.5,50,54200
20240103,13:12:15,6.4,200,54200
20240103,13:12:40,6.15,200,54300
20240103,13:20:44,6.1,50,54300
20240103,13:25:13,6.05,50,54250
20240103,13:29:24,6.05,50,54200
20240103,13:57:47,6.05,250,54250
20240103,14:00:42,6.05,50,54500
20240103,14:01:31,6.2,500,54500
20240103,14:01:39,6.3,50,54500
20240103,14:02:29,6.25,400,54500
20240103,14:11:14,6.25,250,53900
20240103,14:12:48,6.05,200,54050
20240103,14:18:24,6.2,50,54150
20240103,14:19:04,6.0,50,54200
20240103,14:19:20,6.0,50,54200
20240103,14:19:30,6.2,200,54200
20240103,14:20:14,6.0,500,54200
20240103,14:21:08,6.2,200,54200
20240103,14:23:00,6.0,50,54450
20240103,14:25:41,5.95,100,54450
20240103,14:26:38,5.95,200,54450
20240103,14:37:42,6.2,50,54450
20240103,14:38:16,6.2,50,54450
20240103,14:38:50,6.2,250,54450
20240103,14:40:26,6.25,100,54550
20240103,14:43:14,5.9,850,54650
20240103,14:44:21,5.95,150,54650
20240103,14:44:38,6.2,50,54650
20240103,14:55:35,5.8,350,55550
20240103,14:55:52,5.6,1400,55550
20240103,14:56:10,5.6,50,55550
20240103,14:56:44,5.7,150,55550
20240103,14:57:01,5.95,1050,55550
20240103,14:57:10,6.0,50,55550
20240103,14:58:16,6.0,250,56400
20240103,14:58:33,6.0,50,56400
20240103,15:00:27,5.8,250,56400
20240103,15:02:46,5.8,50,56750
20240103,15:05:29,5.7,150,56800
20240103,15:07:50,5.95,100,56800
20240103,15:08:00,5.95,50,56800
20240103,15:08:54,5.85,50,56800
20240103,15:09:04,5.85,150,56800
20240103,15:09:34,6.0,500,56800
20240103,15:10:03,5.95,100,57350
20240103,15:12:53,6.0,300,57350
20240103,15:19:23,5.95,250,57600
20240103,15:20:59,5.8,50,57600
20240103,15:21:34,5.75,250,57600
20240103,15:22:28,5.9,50,57950
20240103,15:24:06,5.7,450,57950
20240103,15:25:57,5.8,500,57500
20240103,15:26:05,6.0,1650,57500
20240103,15:26:14,6.3,2100,57500
20240103,15:26:30,6.35,400,57500
20240103,15:26:39,6.5,350,57500
20240103,15:27:15,5.85,50,57500
20240103,15:28:09,6.3,100,60550
20240103,15:29:11,6.0,500,60550
20240103,15:29:29,6.0,200,60550
20240104,09:15:10,6.0,1,60550
20240104,09:15:10,6.0,100,60550
20240104,09:16:03,6.05,1800,60550
20240104,09:16:32,4.3,300,60550
20240104,09:16:40,4.8,350,60550
20240104,09:16:51,4.8,150,60550
20240104,09:17:01,4.75,100,60550
20240104,09:17:39,4.75,50,62350
20240104,09:19:21,5.9,200,62350
20240104,09:21:15,5.8,50,62300
20240104,09:21:34,5.9,50,62300
20240104,09:22:52,5.05,100,62300
20240104,09:23:36,5.0,300,62450
20240104,09:24:20,4.85,500,62450
20240104,09:25:02,4.8,50,62450
20240104,09:26:41,4.8,50,62600
20240104,09:26:59,4.65,100,62600
20240104,09:29:48,4.8,100,62700
20240104,09:30:16,4.8,100,62700
20240104,09:31:30,4.8,50,62700
20240104,09:33:47,4.8,150,62850
20240104,09:33:56,4.7,350,62850
20240104,09:37:13,5.0,50,63000
20240104,09:37:53,4.95,50,63000
20240104,09:38:43,4.9,50,63000
20240104,09:38:52,4.9,50,63000
20240104,09:40:25,4.7,50,63000
20240104,09:41:39,4.5,100,63050
20240104,09:41:48,5.15,200,63050
20240104,09:43:46,5.0,100,63050
20240104,09:44:23,5.0,50,63050
20240104,09:46:06,5.0,50,62950
20240104,09:46:15,5.0,50,62950
20240104,09:46:33,5.0,100,62950
20240104,09:50:17,4.55,50,63150
20240104,09:50:26,4.5,150,63150
20240104,09:51:58,4.5,300,63250
20240104,09:52:54,4.5,50,63250
20240104,09:53:12,4.5,50,63250
20240104,09:53:59,4.95,350,63100
20240104,09:54:36,5.0,200,63100
20240104,09:55:48,5.2,500,63100
20240104,09:55:57,4.7,150,63100
20240104,09:56:14,4.35,200,63100
20240104,09:59:07,4.9,100,63150
20240104,09:59:43,4.75,50,63150
20240104,10:04:47,4.75,450,63200
20240104,10:05:10,4.9,50,63200
20240104,10:10:42,4.85,50,63150
20240104,10:11:09,4.65,450,63150
20240104,10:12:58,4.6,100,63400
20240104,10:13:07,4.55,50,63400
20240104,10:13:16,4.5,200,63400
20240104,10:13:25,4.5,50,63400
20240104,10:14:37,4.5,50,63800
20240104,10:16:19,4.75,50,63800
20240104,10:20:49,4.65,100,63850
20240104,10:22:46,4.4,100,63850
20240104,10:23:41,4.55,750,63750
20240104,10:23:50,4.55,900,63750
20240104,10:23:59,4.55,50,63750
20240104,10:24:18,4.55,250,63750
20240104,10:24:37,4.5,100,63750
20240104,10:24:47,4.5,50,63750
20240104,10:26:03,4.55,100,63750
20240104,10:27:14,4.5,50,63700
20240104,10:31:29,4.45,150,63700
20240104,10:32:50,4.4,150,63800
20240104,10:34:01,4.4,200,63800
20240104,10:34:36,4.35,100,63800
20240104,10:34:44,4.3,100,63800
20240104,10:35:02,4.2,1300,63800
20240104,10:35:19,4.1,400,63800
20240104,10:36:21,4.1,400,65700
20240104,10:36:30,4.1,100,65700
20240104,10:36:48,4.05,900,65700
20240104,10:37:08,4.0,300,65700
20240104,10:38:03,4.0,200,65700
20240104,10:39:09,4.0,150,67100
20240104,10:39:19,4.2,100,67100
20240104,10:41:34,4.2,50,67100
20240104,10:41:43,4.2,350,67100
20240104,10:41:51,4.2,100,67100
20240104,10:44:22,4.2,150,67100
20240104,10:48:35,4.2,50,67100
20240104,10:49:03,4.0,150,67100
20240104,10:49:12,4.2,250,67100
20240104,10:55:33,4.0,100,67300
20240104,10:59:15,4.0,1550,67400
20240104,10:59:53,4.05,50,68950
20240104,11:06:08,4.05,50,69000
20240104,11:08:18,4.3,100,69000
20240104,11:08:56,4.25,50,69000
20240104,11:09:05,4.3,100,69000
20240104,11:09:50,4.35,300,69000
20240104,11:10:08,4.3,50,69000
20240104,11:10:26,4.15,100,69000
20240104,11:11:01,4.3,50,69000
20240104,11:11:36,4.25,50,69000
20240104,11:12:28,4.25,50,69100
20240104,11:28:00,4.2,50,69100
20240104,11:29:48,4.25,50,69100
20240104,11:30:31,4.25,50,69100
20240104,11:31:34,4.25,50,69100
20240104,11:32:17,4.2,350,69100
20240104,11:32:52,4.25,100,69300
20240104,11:40:41,4.2,100,69300
20240104,11:46:49,4.1,100,69400
20240104,11:48:54,4.1,150,69400
20240104,11:50:39,4.1,350,69400
20240104,11:51:31,4.1,500,69400
20240104,11:53:24,4.1,750,69400
20240104,11:54:04,4.15,150,69150
20240104,11:56:52,4.2,150,69150
20240104,11:57:00,4.35,1550,69150
20240104,11:57:47,4.35,150,69150
20240104,11:57:55,4.35,50,69150
20240104,11:58:20,4.35,150,69150
20240104,11:58:31,4.35,200,69150
20240104,11:58:41,4.3,250,69150
20240104,12:00:44,4.2,350,69700
20240104,12:04:49,4.0,600,69900
20240104,12:12:21,4.2,150,70500
20240104,12:13:34,4.0,50,70500
20240104,12:14:20,4.0,200,70500
20240104,12:21:58,4.15,100,70750
20240104,12:29:23,4.0,250,70850
20240104,12:29:32,4.0,50,70850
20240104,12:43:27,4.2,650,70750
20240104,12:43:43,4.3,1350,70750
20240104,12:52:36,4.25,250,69700
20240104,12:55:57,4.15,50,69950
20240104,12:57:39,4.25,150,69900
20240104,12:59:12,4.25,50,69900
20240104,12:59:29,4.25,50,69900
20240104,13:00:23,4.25,50,70150
20240104,13:00:57,4.2,100,70150
20240104,13:05:45,4.1,300,70250
20240104,13:06:19,4.25,300,70300
20240104,13:07:03,4.25,100,70300
20240104,13:08:57,4.25,50,70300
20240104,13:10:43,4.25,50,70750
20240104,13:12:28,4.3,200,70800
20240104,13:12:53,4.3,200,70800
20240104,13:17:33,4.25,800,71100
20240104,13:20:10,4.35,200,71900
20240104,13:20:19,4.4,100,71900
20240104,13:20:36,4.45,200,71900
20240104,13:20:53,4.4,900,71900
20240104,13:21:09,4.4,50,71950
20240104,13:21:34,4.3,100,71950
20240104,13:23:53,4.3,50,71950
20240104,13:26:54,4.3,550,71950
20240104,13:27:09,4.25,250,72500
20240104,13:28:25,4.35,400,72500
20240104,13:31:45,4.25,100,72750
20240104,13:33:37,4.25,500,72850
20240104,13:34:39,4.25,1000,72850
20240104,13:36:58,4.25,100,74350
20240104,13:42:28,4.25,250,74350
20240104,13:44:16,4.25,50,74350
20240104,13:46:16,4.25,100,74400
20240104,13:46:25,4.25,150,74400
20240104,13:46:59,4.25,150,74400
20240104,13:50:46,4.25,50,74800
20240104,13:51:37,4.25,250,74850
20240104,13:51:54,4.3,1900,74850
20240104,13:52:03,4.5,900,74850
20240104,13:56:27,4.25,450,77650
20240104,14:00:44,4.35,100,78100
20240104,14:01:16,4.25,450,78100
20240104,14:02:50,4.35,350,78100
20240104,14:04:09,4.3,250,78800
20240104,14:05:43,4.25,150,78800
20240104,14:05:51,4.25,650,78800
20240104,14:06:00,4.2,150,78800
20240104,14:12:54,4.1,500,78650
20240104,14:13:10,4.0,1000,78650
20240104,14:20:18,4.3,50,79700
20240104,14:21:58,4.1,50,79700
20240104,14:22:26,4.0,100,79700
20240104,14:23:42,4.0,100,79700
20240104,14:30:34,4.0,1150,79850
20240104,14:37:22,4.3,50,80950
20240104,14:39:00,4.1,200,80950
20240104,14:39:09,4.0,1200,80950
20240104,14:39:17,4.0,150,82250
20240104,14:39:49,4.0,50,82250
20240104,14:40:58,4.0,50,82250
20240104,14:41:07,3.95,550,82250
20240104,14:43:07,3.9,50,82600
20240104,14:43:15,3.9,750,82600
20240104,14:43:40,4.1,50,82600
20240104,14:47:17,3.9,50,82250
20240104,14:48:59,4.0,100,82300
20240104,14:49:07,3.85,100,82300
20240104,14:50:13,3.85,150,82300
20240104,14:51:18,3.8,450,82300
20240104,14:52:02,3.8,50,82500
20240104,14:52:18,3.8,150,82500
20240104,14:52:26,3.75,200,82500
20240104,14:53:51,3.7,200,82500
20240104,14:54:09,3.7,300,82500
20240104,14:54:25,3.6,600,82700
20240104,14:55:05,3.55,150,82700
20240104,14:55:38,3.55,50,82700
20240104,14:58:15,3.55,550,82250
20240104,14:58:32,3.55,50,82250
20240104,15:00:47,3.5,1800,81950
20240104,15:01:37,3.5,100,81950
20240104,15:02:35,3.5,100,81950
20240104,15:02:44,3.45,100,81950
20240104,15:03:10,3.45,50,81950
20240104,15:05:28,3.45,50,82650
20240104,15:05:53,3.45,50,82650
20240104,15:06:48,3.45,250,82700
20240104,15:08:52,3.4,100,82700
20240104,15:09:30,3.4,1000,83000
20240104,15:11:20,3.45,1300,83000
20240104,15:11:32,3.45,750,83000
20240104,15:11:44,3.45,250,83000
20240104,15:12:13,3.5,700,83000
20240104,15:13:12,3.55,450,84500
20240104,15:13:33,3.55,350,84500
20240104,15:13:55,3.55,450,84500
20240104,15:15:00,3.55,800,84500
20240104,15:15:26,3.5,100,83800
20240104,15:15:36,3.45,200,83800
20240104,15:15:46,3.4,100,83800
20240104,15:16:53,3.35,1000,83800
20240104,15:17:03,3.35,250,83800
20240104,15:17:12,3.35,800,83800
20240104,15:17:22,3.5,100,83800
20240104,15:17:41,3.65,50,83800
20240104,15:18:08,3.5,50,83800
20240104,15:21:54,3.2,3100,83100
20240104,15:22:04,3.2,150,83100
20240104,15:22:15,3.6,300,83100
20240104,15:22:25,3.5,500,83100
20240104,15:23:34,3.5,750,83100
20240104,15:23:55,3.5,500,83100
20240104,15:24:17,3.5,50,83100
20240104,15:24:27,3.5,450,85350
20240104,15:25:17,3.5,50,85350
20240104,15:25:27,3.6,450,85350
20240104,15:26:21,3.6,450,85350
20240104,15:28:01,3.7,500,84050
20240104,15:29:34,3.3,100,84050
20240105,09:15:09,3.5,1,83650
20240105,09:15:09,3.5,50,83650
20240105,09:15:13,4.4,50,83650
20240105,09:15:30,4.4,50,83650
20240105,09:16:03,3.3,150,83650
20240105,09:16:47,3.3,100,83650
20240105,09:16:57,3.3,150,83650
20240105,09:18:26,3.3,50,83700
20240105,09:18:30,3.25,50,83700
20240105,09:19:09,3.25,100,83700
20240105,09:19:49,3.3,50,83700
20240105,09:20:35,3.1,100,83800
20240105,09:21:11,3.1,50,83800
20240105,09:22:08,3.1,200,83800
20240105,09:23:01,3.1,700,83800
20240105,09:24:30,3.05,50,84550
20240105,09:25:25,3.05,1000,84550
20240105,09:25:50,3.1,50,84550
20240105,09:26:27,3.1,700,85500
20240105,09:26:52,3.0,1800,85500
20240105,09:27:30,3.0,2150,85500
20240105,09:27:39,3.2,150,85500
20240105,09:28:18,3.25,1000,85500
20240105,09:29:54,3.15,400,88650
20240105,09:32:58,3.1,200,88550
20240105,09:33:07,3.1,1150,88550
20240105,09:34:49,3.1,150,88550
20240105,09:35:39,3.05,550,88750
20240105,09:37:21,3.1,50,88750
20240105,09:42:31,3.1,400,88700
20240105,09:44:14,3.1,150,88700
20240105,09:45:37,3.0,50,89250
20240105,09:46:54,3.05,1500,89250
20240105,09:48:11,3.0,200,89250
20240105,09:50:20,2.95,200,89250
20240105,09:51:50,2.95,150,89600
20240105,09:52:25,2.9,300,89600
20240105,09:53:13,2.9,250,89600
20240105,09:53:27,2.85,50,90000
20240105,09:55:26,2.85,250,90000
20240105,09:58:04,2.9,300,90200
20240105,09:58:08,2.9,300,90200
20240105,09:58:12,2.9,1600,90200
20240105,09:58:23,2.9,600,90200
20240105,09:58:27,2.9,250,90200
20240105,09:58:49,2.9,2400,90200
20240105,10:00:08,2.85,50,92850
20240105,10:00:32,2.9,200,92850
20240105,10:00:41,2.9,1200,92850
20240105,10:01:18,2.85,100,92850
20240105,10:01:41,2.9,150,92850
20240105,10:01:44,2.9,1800,92850
20240105,10:02:25,2.95,50,93600
20240105,10:03:10,2.95,850,93600
20240105,10:03:56,3.0,450,93600
20240105,10:07:35,3.0,50,93650
20240105,10:10:56,2.95,500,93700
20240105,10:12:20,2.95,1000,94200
20240105,10:12:27,2.95,50,94200
20240105,10:19:13,2.95,500,95250
20240105,10:19:21,2.95,350,95250
20240105,10:19:46,2.95,250,95250
20240105,10:20:25,2.95,50,95250
20240105,10:22:03,2.95,150,95300
20240105,10:22:30,2.95,100,95300
20240105,10:23:37,2.9,600,95550
20240105,10:23:51,2.9,1500,95550
20240105,10:25:29,2.9,1000,95550
20240105,10:26:27,2.9,1000,98300
20240105,10:26:55,2.9,1000,98300
20240105,10:27:09,2.9,600,98300
20240105,10:30:39,2.9,750,100650
20240105,10:31:08,2.85,900,100650
20240105,10:31:14,2.85,1350,100650
20240105,10:31:20,2.8,300,100650
20240105,10:32:54,2.8,300,102650
20240105,10:34:44,2.8,100,102650
20240105,10:37:30,2.85,50,103050
20240105,10:37:40,2.85,50,103050
20240105,10:37:51,2.8,100,103050
20240105,10:38:05,2.8,400,103050
20240105,10:40:19,2.85,250,102750
20240105,10:43:30,2.75,500,102750
20240105,10:44:41,2.75,500,102750
20240105,10:45:02,2.8,700,102750
20240105,10:45:23,2.75,400,102750
20240105,10:45:59,2.8,1800,102750
20240105,10:46:39,2.75,1550,102750
20240105,10:46:47,2.7,3400,102750
20240105,10:47:02,2.7,200,102750
20240105,10:47:09,2.7,400,102750
20240105,10:47:42,2.7,1700,108450
20240105,10:47:50,2.75,3200,108450
20240105,10:49:31,2.8,100,108450
20240105,10:49:47,2.8,150,108450
20240105,10:49:55,2.8,150,108450
20240105,10:51:22,2.75,400,111000
20240105,10:52:18,2.8,5400,111000
20240105,10:52:25,2.8,1800,111000
20240105,10:52:32,2.8,5400,111000
20240105,10:52:40,2.8,3600,111000
20240105,10:53:09,2.8,50,111000
20240105,10:54:08,2.8,250,110900
20240105,10:54:16,2.8,2050,110900
20240105,10:54:39,2.85,250,110900
20240105,10:54:52,2.9,650,110900
20240105,10:55:06,2.95,50,110900
20240105,10:55:27,2.95,250,110900
20240105,10:56:02,3.0,1850,110900
20240105,10:57:17,2.95,250,114400
20240105,10:57:31,2.95,400,114400
20240105,10:57:46,2.9,50,114400
20240105,10:58:20,2.9,1000,114400
20240105,10:59:04,2.9,400,114400
20240105,10:59:57,2.9,100,114400
20240105,11:00:17,2.95,1850,114400
20240105,11:02:07,2.9,1500,114400
20240105,11:02:42,2.95,2700,114150
20240105,11:04:02,2.95,200,114150
20240105,11:04:08,2.95,50,114150
20240105,11:04:39,2.95,50,114150
20240105,11:04:56,2.95,300,114150
20240105,11:05:07,2.95,150,114150
20240105,11:05:25,2.95,450,114150
20240105,11:05:30,2.9,700,114150
20240105,11:05:46,2.9,100,115400
20240105,11:07:42,2.8,250,115400
20240105,11:10:50,2.8,150,115650
20240105,11:12:16,2.8,600,115800
20240105,11:13:36,2.75,500,115800
20240105,11:14:01,2.8,300,115800
20240105,11:15:27,2.75,500,115650
20240105,11:19:08,2.8,200,115650
20240105,11:21:37,2.75,300,115650
20240105,11:23:41,2.75,250,115850
20240105,11:24:54,2.75,3650,115850
20240105,11:25:00,2.75,1250,115850
20240105,11:25:56,2.8,1950,115850
20240105,11:40:00,2.85,50,116050
20240105,11:42:04,2.85,750,116050
20240105,11:43:18,2.8,750,116050
20240105,11:45:00,2.8,200,116050
20240105,11:45:17,2.8,200,116800
20240105,11:45:41,2.8,200,116800
20240105,11:46:53,2.8,200,116800
20240105,11:47:52,2.8,200,117600
20240105,11:50:43,2.8,150,117600
20240105,11:52:04,2.8,200,117600
20240105,11:57:00,2.8,200,117400
20240105,11:59:12,2.75,50,117400
20240105,12:00:53,2.75,50,117400
20240105,12:05:54,2.75,300,117400
20240105,12:08:23,2.75,200,117400
20240105,12:19:06,2.75,1800,117600
20240105,12:19:11,2.75,1800,117600
20240105,12:20:36,2.8,600,117600
20240105,12:20:55,2.85,1650,120200
20240105,12:24:46,2.9,600,121600
20240105,12:29:53,2.9,100,122200
20240105,12:31:07,2.9,250,122200
20240105,12:36:17,2.9,100,122250
20240105,12:36:47,2.85,100,122250
20240105,12:44:29,2.9,50,122150
20240105,12:57:59,2.9,50,122150
20240105,12:58:56,2.85,550,122150
20240105,13:00:14,2.9,50,122200
20240105,13:04:48,2.85,300,122200
20240105,13:05:22,2.85,50,122200
20240105,13:06:08,2.85,50,122150
20240105,13:06:12,2.85,100,122150
20240105,13:07:36,2.85,1500,122150
20240105,13:10:18,2.9,100,123250
20240105,13:10:35,2.85,200,123250
20240105,13:25:29,2.8,50,123500
20240105,13:29:17,2.75,100,123500
20240105,13:34:56,2.8,250,123500
20240105,13:40:34,2.85,50,123500
20240105,13:42:07,2.85,700,123500
20240105,13:42:34,2.9,1800,123500
20240105,13:43:18,2.8,200,123500
20240105,13:44:33,2.8,50,123500
20240105,13:45:40,2.8,1050,123500
20240105,13:46:06,2.75,1500,124400
20240105,13:46:23,2.75,200,124400
20240105,13:47:18,2.7,800,124400
20240105,13:48:43,2.7,200,127250
20240105,13:48:56,2.7,200,127250
20240105,13:49:13,2.7,800,127250
20240105,13:49:46,2.7,800,127250
20240105,13:52:34,2.75,250,129250
20240105,13:56:26,2.75,250,129500
20240105,13:56:37,2.75,450,129500
20240105,13:56:52,2.75,250,129500
20240105,13:58:07,2.75,50,130450
20240105,14:03:39,2.75,2150,130450
20240105,14:03:50,2.8,950,130450
20240105,14:05:32,2.8,1000,130450
20240105,14:08:19,2.9,200,131950
20240105,14:10:59,2.9,250,131950
20240105,14:11:19,2.8,250,131950
20240105,14:11:53,2.9,200,131950
20240105,14:12:31,2.9,150,131950
20240105,14:12:59,2.8,500,131950
20240105,14:13:32,2.8,450,131950
20240105,14:14:14,2.8,50,131950
20240105,14:14:56,2.8,150,131950
20240105,14:15:44,2.9,1450,132900
20240105,14:18:40,2.85,250,132900
20240105,14:18:53,3.05,5150,132900
20240105,14:19:31,2.8,5250,132900
20240105,14:21:21,2.85,1000,133000
20240105,14:22:03,2.9,2200,133000
20240105,14:23:09,2.85,950,133000
20240105,14:23:56,2.85,250,133000
20240105,14:25:56,2.75,1500,131050
20240105,14:26:26,2.8,250,131050
20240105,14:26:30,2.8,1550,131050
20240105,14:27:00,2.8,1000,131050
20240105,14:27:22,2.8,200,131550
20240105,14:27:47,2.75,800,131550
20240105,14:30:09,2.75,350,132350
20240105,14:30:45,2.7,550,132350
20240105,14:32:26,2.75,150,132350
20240105,14:34:41,2.75,500,132350
20240105,14:35:26,2.75,250,132350
20240105,14:35:47,2.75,250,132350
20240105,14:35:54,2.65,1700,132350
20240105,14:37:02,2.65,200,131850
20240105,14:37:52,2.7,3600,131850
20240105,14:37:55,2.7,3600,131850
20240105,14:37:59,2.7,1800,131850
20240105,14:38:03,2.75,3600,131850
20240105,14:38:06,2.75,3600,131850
20240105,14:38:10,2.75,1800,131850
20240105,14:38:14,2.7,1800,131850
20240105,14:38:18,2.7,3600,131850
20240105,14:38:22,2.7,3600,131850
20240105,14:38:28,2.75,3600,131850
20240105,14:38:32,2.75,5400,131850
20240105,14:38:35,2.7,3600,131850
20240105,14:38:39,2.7,3600,131850
20240105,14:38:42,2.75,3600,131850
20240105,14:38:47,2.75,5400,131850
20240105,14:38:51,2.7,3600,131850
20240105,14:38:55,2.75,3600,131850
20240105,14:38:58,2.75,1800,131850
20240105,14:39:02,2.75,3000,131850
20240105,14:40:56,2.8,250,131850
20240105,14:43:07,2.8,300,131850
20240105,14:43:10,2.8,200,131850
20240105,14:48:51,2.75,200,131850
20240105,14:48:53,2.75,200,131850
20240105,14:49:28,2.75,1150,131850
20240105,14:49:33,2.75,550,131850
20240105,14:49:37,2.75,200,131850
20240105,14:49:45,2.7,1800,131850
20240105,14:49:49,2.75,3600,131850
20240105,14:49:54,2.75,1800,131850
20240105,14:49:59,2.75,5400,131850
20240105,14:50:04,2.75,1400,131850
20240105,14:50:20,2.75,250,131850
20240105,14:50:26,2.7,1800,131850
20240105,14:50:49,2.7,7200,131850
20240105,14:50:55,2.7,3850,131850
20240105,14:51:00,2.75,1800,131850
20240105,14:51:06,2.75,3600,131850
20240105,14:51:12,2.75,3600,136350
20240105,14:51:19,2.75,1800,136350
20240105,14:51:36,2.7,1800,136350
20240105,14:51:47,2.75,1800,136350
20240105,14:53:58,2.75,50,136350
20240105,14:54:56,2.75,700,136400
20240105,14:55:00,2.8,850,136400
20240105,14:55:12,2.85,200,136400
20240105,14:56:02,2.85,1950,136400
20240105,14:56:08,2.8,1800,136400
20240105,14:56:47,2.85,50,136400
20240105,14:57:48,2.8,1800,136200
20240105,14:58:00,2.8,200,136200
20240105,14:59:44,2.75,450,136200
20240105,14:59:51,2.75,100,136200
20240105,14:59:57,2.75,5400,136200
20240105,15:00:04,2.75,5400,136200
20240105,15:00:18,2.8,7200,133800
20240105,15:00:25,2.8,3600,133800
20240105,15:00:32,2.8,900,133800
20240105,15:00:51,2.75,50,133800
20240105,15:01:48,2.75,100,133800
20240105,15:04:23,2.8,100,134650
20240105,15:04:59,2.8,50,134650
20240105,15:06:42,2.8,200,134750
20240105,15:08:27,2.8,100,134750
20240105,15:10:17,2.8,100,135050
20240105,15:10:35,2.75,50,135050
20240105,15:15:20,2.8,250,135050
20240105,15:16:12,2.8,800,135050
20240105,15:17:01,2.75,450,135050
20240105,15:18:42,2.7,250,135300
20240105,15:20:35,2.65,50,135300
20240105,15:23:53,2.65,100,135600
20240105,15:25:05,2.75,50,135600
20240105,15:25:35,2.75,950,135600
20240105,15:25:48,2.7,50,135600
20240105,15:25:53,2.75,350,135600
20240105,15:26:00,2.8,1500,135600
20240105,15:26:14,2.85,1500,135600
20240105,15:26:21,2.8,900,135600
20240105,15:26:53,2.8,250,135600
20240105,15:28:14,2.75,100,134400
20240105,15:28:20,2.75,100,134400
20240105,15:28:26,2.75,250,134400
20240105,15:28:39,2.65,500,134400
20240105,15:29:17,2.65,500,134400
20240105,15:29:38,2.7,250,134400
20240105,15:29:53,2.8,350,134400
20240108,09:15:14,2.9,1,134300
20240108,09:15:14,2.85,300,134300
20240108,09:15:24,1.9,400,134300
20240108,09:15:53,1.9,100,134300
20240108,09:16:39,2.8,500,134300
20240108,09:16:48,2.8,200,134300
20240108,09:18:30,2.6,250,134350
20240108,09:18:38,2.6,300,134350
20240108,09:18:46,2.6,250,134350
20240108,09:18:54,2.6,250,134350
20240108,09:19:09,2.6,150,134350
20240108,09:19:41,2.65,200,134350
20240108,09:20:36,2.6,100,134700
20240108,09:21:24,2.6,250,134700
20240108,09:21:33,2.7,50,134700
20240108,09:24:02,2.65,150,134900
20240108,09:24:19,2.75,850,134900
20240108,09:24:36,2.8,50,134900
20240108,09:28:41,2.6,200,134400
20240108,09:29:24,2.85,150,134400
20240108,09:30:29,2.75,250,134400
20240108,09:31:26,2.7,600,134400
20240108,09:31:56,2.7,400,134400
20240108,09:33:34,2.7,50,133650
20240108,09:33:42,2.7,1500,133650
20240108,09:34:16,2.7,300,133650
20240108,09:35:04,2.75,200,133650
20240108,09:36:36,2.7,150,134400
20240108,09:37:43,2.65,150,134400
20240108,09:39:42,2.65,250,134250
20240108,09:39:50,2.65,1300,134250
20240108,09:40:06,2.65,150,134250
20240108,09:41:05,2.65,1700,134250
20240108,09:42:09,2.65,250,133750
20240108,09:42:41,2.75,200,133750
20240108,09:43:12,2.75,50,133750
20240108,09:47:22,2.7,1850,133900
20240108,09:52:15,2.7,600,132600
20240108,09:54:24,2.65,1000,132600
20240108,09:55:17,2.7,1000,132600
20240108,09:56:11,2.6,1000,132600
20240108,09:56:18,2.65,250,132600
20240108,09:58:25,2.65,250,132400
20240108,09:59:23,2.65,700,132400
20240108,10:02:08,2.65,150,133100
20240108,10:04:27,2.7,150,133250
20240108,10:08:03,2.7,50,133400
20240108,10:08:58,2.65,100,133400
20240108,10:10:03,2.65,50,133400
20240108,10:10:36,2.65,50,133400
20240108,10:10:42,2.7,50,133400
20240108,10:14:12,2.7,250,133400
20240108,10:14:43,2.7,50,133400
20240108,10:15:08,2.7,250,133400
20240108,10:15:47,2.7,150,133400
20240108,10:16:19,2.75,250,133400
20240108,10:18:10,2.7,50,133650
20240108,10:20:52,2.75,50,133650
20240108,10:21:00,2.8,1000,133650
20240108,10:21:16,2.75,50,133650
20240108,10:21:39,2.75,200,133650
20240108,10:22:41,2.8,1000,133650
20240108,10:23:18,2.8,500,133650
20240108,10:24:54,2.7,200,136200
20240108,10:25:02,2.7,1200,136200
20240108,10:26:33,2.8,50,134800
20240108,10:26:46,2.7,200,134800
20240108,10:26:53,2.8,100,134800
20240108,10:27:00,2.8,100,134800
20240108,10:27:48,2.7,150,134800
20240108,10:28:00,2.65,400,134800
20240108,10:28:34,2.65,50,134800
20240108,10:31:28,2.65,600,135050
20240108,10:31:43,2.65,600,135050
20240108,10:31:50,2.65,750,135050
20240108,10:32:45,2.7,250,136700
20240108,10:33:17,2.75,250,136700
20240108,10:34:23,2.75,200,136700
20240108,10:37:25,2.8,400,137300
20240108,10:37:40,2.8,50,137300
20240108,10:38:25,2.8,50,137300
20240108,10:39:56,2.8,50,137800
20240108,10:42:18,2.75,700,137850
20240108,10:47:42,2.8,550,137150
20240108,10:48:28,2.8,50,137150
20240108,10:52:37,2.75,1150,137600
20240108,10:55:22,2.75,200,136500
20240108,10:55:45,2.65,300,136500
20240108,10:56:07,2.7,100,136500
20240108,10:56:32,2.75,350,136500
20240108,10:59:22,2.7,250,136550
20240108,11:02:37,2.65,400,136350
20240108,11:04:50,2.65,50,136350
20240108,11:06:11,2.6,150,136350
20240108,11:08:22,2.65,1800,136350
20240108,11:08:39,2.65,1450,136600
20240108,11:13:02,2.65,1000,136300
20240108,11:13:09,2.7,1000,136300
20240108,11:14:02,2.65,50,136300
20240108,11:14:09,2.7,1500,136300
20240108,11:15:22,2.7,150,135800
20240108,11:15:45,2.6,1000,135800
20240108,11:15:53,2.65,300,135800
20240108,11:16:07,2.65,1000,135800
20240108,11:18:42,2.6,900,134750
20240108,11:21:34,2.65,50,135650
20240108,11:24:17,2.65,1800,135650
20240108,11:24:35,2.7,800,135650
20240108,11:27:43,2.55,1800,136550
20240108,11:40:06,2.6,50,137450
20240108,11:40:11,2.6,250,137450
20240108,11:40:30,2.6,50,137450
20240108,11:40:51,2.6,50,137450
20240108,11:41:40,2.6,250,137450
20240108,11:42:04,2.6,100,137450
20240108,11:43:22,2.6,50,137450
20240108,11:50:14,2.6,250,137300
20240108,11:50:53,2.55,1000,137300
20240108,11:51:39,2.55,2750,137300
20240108,11:52:31,2.65,1500,137300
20240108,11:53:32,2.65,600,137300
20240108,11:56:00,2.65,1200,138600
20240108,11:56:18,2.55,250,138600
20240108,11:57:31,2.7,600,139450
20240108,11:58:05,2.7,50,139450
20240108,11:59:38,2.75,500,139450
20240108,12:00:26,2.7,1800,139650
20240108,12:02:32,2.7,100,139650
20240108,12:03:19,2.7,250,138050
20240108,12:05:02,2.65,500,138050
20240108,12:05:19,2.65,250,138050
20240108,12:05:42,2.65,250,138050
20240108,12:06:35,2.65,50,137950
20240108,12:07:04,2.7,1000,137950
20240108,12:16:05,2.65,1800,138750
20240108,12:16:12,2.65,500,138750
20240108,12:16:18,2.65,200,138750
20240108,12:18:05,2.7,1000,137900
20240108,12:19:06,2.7,50,137900
20240108,12:19:57,2.65,500,137900
20240108,12:20:03,2.65,400,137900
20240108,12:20:30,2.65,400,137900
20240108,12:21:03,2.65,400,136300
20240108,12:23:06,2.6,50,136300
20240108,12:27:13,2.65,150,136050
20240108,12:28:35,2.65,50,136050
20240108,12:28:57,2.65,500,136050
20240108,12:31:55,2.65,50,136700
20240108,12:32:03,2.55,250,136700
20240108,12:32:59,2.5,250,136500
20240108,12:33:08,2.65,550,136500
20240108,12:33:26,2.55,300,136500
20240108,12:34:53,2.7,9200,136500
20240108,12:35:01,2.7,1500,136500
20240108,12:35:09,2.7,250,136500
20240108,12:35:16,2.7,250,136500
20240108,12:38:26,2.7,700,143200
20240108,12:38:33,2.7,2500,143200
20240108,12:38:54,2.7,200,144300
20240108,12:39:00,2.7,1550,144300
20240108,12:39:08,2.7,200,144300
20240108,12:41:46,2.7,3400,144300
20240108,12:42:21,2.7,50,144150
20240108,12:44:08,2.7,400,144150
20240108,12:55:08,2.7,500,144200
20240108,12:57:16,2.6,1000,144300
20240108,13:04:00,2.7,1800,143450
20240108,13:05:40,2.7,1650,143450
20240108,13:12:46,2.65,600,140700
20240108,13:12:53,2.65,150,140700
20240108,13:13:20,2.65,150,140700
20240108,13:16:56,2.7,100,141600
20240108,13:17:45,2.6,150,141600
20240108,13:17:59,2.65,100,141600
20240108,13:20:07,2.6,600,141600
20240108,13:28:10,2.65,600,142200
20240108,13:30:13,2.65,50,141850
20240108,13:30:19,2.65,50,141850
20240108,13:32:45,2.65,1750,141850
20240108,13:40:28,2.65,50,142600
20240108,13:44:18,2.7,950,142550
20240108,13:44:36,2.7,500,142550
20240108,13:45:24,2.75,200,142000
20240108,13:46:30,2.65,850,142000
20240108,13:48:30,2.7,500,141100
20240108,13:48:42,2.7,200,141100
20240108,13:51:11,2.7,250,140850
20240108,13:51:46,2.65,50,140850
20240108,13:51:52,2.7,200,140850
20240108,13:52:58,2.7,250,140850
20240108,13:53:53,2.7,300,140850
20240108,13:55:24,2.7,50,140700
20240108,13:57:32,2.65,250,140700
20240108,13:58:15,2.65,250,140700
20240108,13:58:32,2.65,300,140700
20240108,13:59:19,2.65,300,140700
20240108,14:00:08,2.65,50,140700
20240108,14:01:23,2.65,50,140700
20240108,14:05:23,2.65,1500,140700
20240108,14:06:00,2.7,150,140700
20240108,14:13:27,2.7,50,142350
20240108,14:25:44,2.7,1000,142400
20240108,14:26:31,2.7,250,142400
20240108,14:26:41,2.75,1800,142400
20240108,14:29:52,2.75,400,140350
20240108,14:31:00,2.75,250,140150
20240108,14:31:29,2.7,150,140150
20240108,14:31:47,2.75,250,140150
20240108,14:32:47,2.8,50,140150
20240108,14:33:26,2.7,50,140500
20240108,14:35:21,2.7,50,140500
20240108,14:35:32,2.8,300,140500
20240108,14:36:42,2.75,100,140450
20240108,14:36:51,2.75,250,140450
20240108,14:37:11,2.75,200,140450
20240108,14:37:30,2.75,50,140450
20240108,14:37:40,2.75,50,140450
20240108,14:38:11,2.75,250,140450
20240108,14:38:21,2.75,50,140450
20240108,14:39:15,2.8,200,139900
20240108,14:39:55,2.85,300,139900
20240108,14:40:03,2.85,200,139900
20240108,14:42:06,2.8,350,139900
20240108,14:44:11,2.85,300,139600
20240108,14:44:52,2.85,200,139600
20240108,14:45:24,2.85,200,139100
20240108,14:46:29,2.85,450,139100
20240108,14:48:29,2.85,50,139100
20240108,14:54:55,2.85,400,139100
20240108,14:55:11,2.8,50,139100
20240108,14:58:46,2.8,250,138750
20240108,14:59:12,2.8,250,138750
20240108,14:59:19,2.8,500,138750
20240108,14:59:32,2.8,1000,138750
20240108,14:59:53,2.8,400,138750
20240108,15:00:00,2.8,950,138750
20240108,15:00:08,2.75,50,138000
20240108,15:00:17,2.7,450,138000
20240108,15:01:04,2.75,150,138000
20240108,15:01:26,2.7,550,138000
20240108,15:03:02,2.7,1500,138000
20240108,15:03:10,2.75,200,138300
20240108,15:03:26,2.75,250,138300
20240108,15:04:07,2.7,50,138300
20240108,15:04:49,2.75,100,138300
20240108,15:05:06,2.7,50,138300
20240108,15:07:13,2.7,200,138100
20240108,15:07:21,2.75,100,138100
20240108,15:07:37,2.7,200,138100
20240108,15:07:46,2.7,50,138100
20240108,15:08:53,2.7,50,138100
20240108,15:09:02,2.75,50,138100
20240108,15:09:27,2.75,3000,137950
20240108,15:09:59,2.8,400,137950
20240108,15:10:07,2.8,1000,137950
20240108,15:11:05,2.8,3100,137950
20240108,15:11:21,2.8,400,137950
20240108,15:13:04,2.8,3600,139500
20240108,15:13:13,2.8,1800,139500
20240108,15:13:21,2.8,2100,139500
20240108,15:13:30,2.85,3600,139500
20240108,15:13:38,2.8,7200,139500
20240108,15:13:47,2.8,4700,139500
20240108,15:13:55,2.8,750,139500
20240108,15:14:03,2.85,2500,139500
20240108,15:14:12,2.8,1800,139500
20240108,15:14:20,2.8,1800,139500
20240108,15:14:28,2.85,7150,139500
20240108,15:14:36,2.85,3750,139500
20240108,15:14:45,2.85,200,139500
20240108,15:15:02,2.9,100,139500
20240108,15:15:19,2.85,3600,143450
20240108,15:15:28,2.85,3600,143450
20240108,15:15:36,2.9,3600,143450
20240108,15:15:45,2.85,5400,143450
20240108,15:16:27,2.95,7200,143450
20240108,15:16:35,2.95,5400,143450
20240108,15:16:43,2.95,1800,143450
20240108,15:16:52,3.0,500,143450
20240108,15:17:17,3.0,1800,143450
20240108,15:17:25,2.95,1800,143450
20240108,15:18:05,2.95,1800,143450
20240108,15:18:13,3.0,7200,143100
20240108,15:18:21,3.0,10500,143100
20240108,15:18:30,3.05,700,143100
20240108,15:18:39,3.05,2200,143100
20240108,15:18:58,2.95,7200,143100
20240108,15:19:07,3.0,8450,143100
20240108,15:19:16,3.0,1800,143100
20240108,15:19:24,3.0,1150,143100
20240108,15:19:41,2.9,1050,143100
20240108,15:19:49,2.9,1800,143100
20240108,15:19:58,2.9,350,143100
20240108,15:20:14,2.9,100,143100
20240108,15:20:22,2.85,1800,143100
20240108,15:20:31,2.9,7200,143100
20240108,15:20:39,2.9,5400,143100
20240108,15:20:55,2.9,3600,143100
20240108,15:21:03,2.95,650,143100
20240108,15:21:19,2.9,400,146750
20240108,15:21:26,2.9,300,146750
20240108,15:21:48,2.85,150,146750
20240108,15:22:10,2.85,1650,146750
20240108,15:22:41,2.85,4650,146750
20240108,15:22:48,2.85,50,146750
20240108,15:23:03,2.8,300,146750
20240108,15:24:27,2.8,100,146750
20240108,15:25:27,2.8,550,151950
20240108,15:25:42,2.8,100,151950
20240108,15:25:50,2.75,200,151950
20240108,15:25:58,2.7,5250,151950
20240108,15:26:06,2.85,450,151950
20240108,15:26:14,2.8,300,151950
20240108,15:26:22,2.9,1150,151950
20240108,15:26:29,2.9,900,151950
20240108,15:26:44,2.95,200,151950
20240108,15:27:25,2.95,50,154900
20240108,15:27:32,2.95,150,154900
20240108,15:27:48,2.85,300,154900
20240108,15:27:56,3.0,1400,154900
20240108,15:28:12,3.0,50,154900
20240108,15:28:28,2.7,50,154900
20240108,15:28:36,3.0,1800,154900
20240108,15:29:32,2.75,350,154900
20240108,15:29:49,2.75,500,154900
20240109,09:15:08,1.9,1,156200
20240109,09:15:08,1.9,50,156200
20240109,09:15:47,2.25,100,156200
20240109,09:15:59,2.25,200,156200
20240109,09:16:23,2.25,150,156200
20240109,09:16:36,2.25,800,156200
20240109,09:17:33,2.4,100,156200
20240109,09:17:54,2.45,250,156200
20240109,09:18:27,2.45,200,156200
20240109,09:18:59,2.2,2400,156200
20240109,09:19:10,2.25,750,156200
20240109,09:19:55,2.25,800,156200
20240109,09:20:06,2.3,150,156200
20240109,09:20:17,2.3,550,156200
20240109,09:21:01,2.3,1800,155650
20240109,09:21:34,2.25,50,155650
20240109,09:21:45,2.3,200,155650
20240109,09:22:17,2.3,50,155650
20240109,09:23:00,2.3,50,155650
20240109,09:23:10,2.3,250,155650
20240109,09:23:32,2.25,500,155650
20240109,09:25:48,2.35,1200,157700
20240109,09:27:05,2.35,450,158700
20240109,09:27:26,2.35,200,158700
20240109,09:28:06,2.3,450,158700
20240109,09:28:27,2.3,600,158700
20240109,09:28:47,2.3,200,158700
20240109,09:29:18,2.35,6800,158700
20240109,09:30:54,2.3,50,159350
20240109,09:32:02,2.3,250,159350
20240109,09:36:02,2.3,50,159500
20240109,09:36:37,2.3,500,159500
20240109,09:37:47,2.4,1150,159500
20240109,09:38:09,2.3,250,159500
20240109,09:40:34,2.35,400,161450
20240109,09:41:24,2.35,1800,161450
20240109,09:41:56,2.2,10000,161100
20240109,09:43:47,2.35,1300,161100
20240109,09:44:17,2.35,200,161100
20240109,09:45:17,2.35,150,158850
20240109,09:45:27,2.4,50,158850
20240109,09:46:38,2.4,450,158850
20240109,09:46:48,2.4,500,158850
20240109,09:47:49,2.35,1800,159350
20240109,09:47:59,2.4,1500,159350
20240109,09:48:09,2.45,5100,159350
20240109,09:48:49,2.4,50,159350
20240109,09:50:16,2.35,50,159350
20240109,09:51:10,2.4,650,156850
20240109,09:53:43,2.35,100,156200
20240109,09:58:23,2.35,100,156300
20240109,10:00:02,2.45,5200,156300
20240109,10:00:12,2.4,4450,156300
20240109,10:00:42,2.4,1000,156300
20240109,10:03:03,2.4,2800,162350
20240109,10:03:13,2.4,500,162350
20240109,10:03:43,2.4,1000,162350
20240109,10:05:10,2.45,3000,162350
20240109,10:08:04,2.4,100,160850
20240109,10:10:19,2.4,1000,160750
20240109,10:10:29,2.4,100,160750
20240109,10:11:22,2.35,200,160750
20240109,10:11:40,2.35,50,160550
20240109,10:12:14,2.35,500,160550
20240109,10:15:29,2.35,50,160550
20240109,10:16:02,2.4,300,160550
20240109,10:16:25,2.4,250,160550
20240109,10:16:36,2.4,200,160550
20240109,10:17:09,2.4,250,160550
20240109,10:17:19,2.4,250,160550
20240109,10:18:03,2.4,200,160450
20240109,10:19:02,2.35,100,160450
20240109,10:19:59,2.4,1000,160450
20240109,10:20:46,2.35,450,160350
20240109,10:21:09,2.35,950,160350
20240109,10:22:07,2.4,100,160350
20240109,10:22:19,2.4,200,160350
20240109,10:22:31,2.4,50,160350
20240109,10:22:42,2.45,2050,160350
20240109,10:23:04,2.5,1800,160350
20240109,10:23:39,2.5,100,160350
20240109,10:23:50,2.45,2000,159350
20240109,10:24:01,2.45,200,159350
20240109,10:24:12,2.45,200,159350
20240109,10:24:23,2.45,200,159350
20240109,10:25:07,2.4,100,159350
20240109,10:25:41,2.4,100,159350
20240109,10:28:24,2.45,400,157650
20240109,10:28:57,2.5,50,157650
20240109,10:29:08,2.5,50,157650
20240109,10:29:51,2.45,100,157350
20240109,10:31:29,2.45,50,157350
20240109,10:31:50,2.5,50,157350
20240109,10:32:02,2.5,1050,157350
20240109,10:32:34,2.5,1250,157350
20240109,10:37:00,2.5,500,155600
20240109,10:38:57,2.5,150,155600
20240109,10:40:30,2.45,50,155600
20240109,10:40:41,2.45,100,155600
20240109,10:42:24,2.5,1300,155400
20240109,10:43:06,2.5,950,155400
20240109,10:43:38,2.55,2450,155400
20240109,10:44:21,2.6,600,155400
20240109,10:44:32,2.6,1000,155400
20240109,10:44:43,2.7,1000,155400
20240109,10:45:13,2.7,500,153000
20240109,10:45:34,2.75,13500,153000
20240109,10:45:44,2.8,1000,153000
20240109,10:45:55,3.15,18150,153000
20240109,10:46:06,2.8,250,153000
20240109,10:46:16,2.75,150,153000
20240109,10:46:58,2.8,550,153000
20240109,10:47:09,2.8,200,153000
20240109,10:48:59,2.8,2500,152950
20240109,10:49:47,2.8,1850,152950
20240109,10:50:35,2.8,3000,152950
20240109,10:51:29,2.7,100,149400
20240109,10:51:39,2.7,600,149400
20240109,10:52:26,2.7,50,149400
20240109,10:53:32,2.75,150,149400
20240109,10:54:56,2.75,100,148850
20240109,10:55:06,2.75,350,148850
20240109,10:55:25,2.75,50,148850
20240109,10:55:35,2.75,50,148850
20240109,10:56:34,2.7,1000,148850
20240109,10:57:11,2.7,600,147850
20240109,10:57:21,2.7,1700,147850
20240109,10:57:40,2.65,1000,147850
20240109,11:03:55,2.6,950,146750
20240109,11:04:19,2.6,250,146750
20240109,11:05:44,2.55,800,145550
20240109,11:06:47,2.6,250,145550
20240109,11:09:45,2.55,250,144500
20240109,11:12:09,2.6,550,144500
20240109,11:13:02,2.6,50,144500
20240109,11:13:23,2.6,150,144500
20240109,11:14:59,2.6,50,144600
20240109,11:15:36,2.6,50,144600
20240109,11:16:03,2.6,50,144600
20240109,11:17:28,2.6,50,144600
20240109,11:17:37,2.5,50,144600
20240109,11:18:08,2.6,50,144700
20240109,11:18:27,2.5,100,144700
20240109,11:19:59,2.5,150,144700
20240109,11:22:06,2.5,100,144650
20240109,11:22:52,2.55,1800,144650
20240109,11:24:52,2.75,9200,143950
20240109,11:24:58,2.7,600,143950
20240109,11:25:33,2.7,700,143950
20240109,11:25:55,2.7,1500,143950
20240109,11:26:02,2.7,1200,143950
20240109,11:27:01,2.7,450,155250
20240109,11:29:53,2.7,100,155700
20240109,11:33:14,2.7,300,155750
20240109,11:33:22,2.7,150,155750
20240109,11:38:39,2.6,200,155450
20240109,11:41:39,2.65,1800,155450
20240109,11:41:51,2.65,400,153750
20240109,11:42:03,2.7,10550,153750
20240109,11:47:38,2.75,150,152450
20240109,11:48:21,2.75,50,152600
20240109,11:53:09,2.65,650,152650
20240109,11:53:16,2.65,200,152650
20240109,11:53:29,2.6,150,152650
20240109,11:53:35,2.6,350,152650
20240109,11:53:41,2.6,500,152650
20240109,11:53:47,2.6,100,152650
20240109,11:54:05,2.6,1450,150900
20240109,11:54:10,2.6,400,150900
20240109,11:54:27,2.55,500,150900
20240109,11:54:32,2.55,200,150900
20240109,11:58:25,2.65,1000,149500
20240109,12:00:55,2.65,200,149600
20240109,12:01:59,2.6,50,149600
20240109,12:03:02,2.55,350,149700
20240109,12:03:49,2.5,550,149700
20240109,12:07:03,2.45,100,149050
20240109,12:09:31,2.45,1000,148950
20240109,12:11:56,2.45,250,149600
20240109,12:12:01,2.45,100,149600
20240109,12:19:19,2.55,2050,149450
20240109,12:19:45,2.5,1400,149450
20240109,12:21:05,2.6,200,150750
20240109,12:24:44,2.6,200,150900
20240109,12:25:22,2.6,50,150900
20240109,12:26:01,2.6,50,150900
20240109,12:26:23,2.5,100,150900
20240109,12:28:15,2.6,400,151050
20240109,12:28:38,2.6,50,151050
20240109,12:28:45,2.6,50,151050
20240109,12:29:02,2.5,100,151050
20240109,12:31:02,2.5,400,151550
20240109,12:38:14,2.6,1000,151750
20240109,12:38:42,2.65,200,151750
20240109,12:39:18,2.6,50,152750
20240109,12:41:44,2.6,250,152750
20240109,12:42:21,2.6,500,152600
20240109,12:43:14,2.55,200,152600
20240109,12:43:30,2.5,250,152600
20240109,12:46:36,2.55,100,152900
20240109,12:50:48,2.55,100,153000
20240109,12:53:51,2.55,500,153100
20240109,12:55:29,2.6,100,153100
20240109,12:55:38,2.6,50,153100
20240109,12:56:06,2.6,350,153100
20240109,12:58:19,2.65,2200,153100
20240109,12:58:25,2.65,150,153100
20240109,13:00:04,2.7,850,154250
20240109,13:01:36,2.7,800,154250
20240109,13:06:17,2.7,400,155350
20240109,13:06:25,2.75,1450,155350
20240109,13:07:20,2.7,1500,155350
20240109,13:07:26,2.7,150,155350
20240109,13:07:53,2.7,250,155350
20240109,13:08:04,2.65,100,155350
20240109,13:09:15,2.65,100,156700
20240109,13:09:20,2.65,100,156700
20240109,13:09:44,2.65,100,156700
20240109,13:10:48,2.65,100,156700
20240109,13:10:55,2.65,200,156700
20240109,13:10:59,2.6,200,156700
20240109,13:11:38,2.6,50,156700
20240109,13:17:09,2.7,800,157000
20240109,13:17:38,2.7,100,157000
20240109,13:23:50,2.7,500,157800
20240109,13:24:20,2.7,250,157800
20240109,13:24:32,2.65,350,157800
20240109,13:30:41,2.7,200,157800
20240109,13:30:52,2.7,700,157800
20240109,13:36:04,2.65,150,158050
20240109,13:36:20,2.7,100,158050
20240109,13:36:47,2.7,100,158050
20240109,13:37:06,2.65,200,158050
20240109,13:37:26,2.65,450,158050
20240109,13:43:45,2.65,100,158800
20240109,13:45:44,2.65,300,158900
20240109,13:46:16,2.7,450,158900
20240109,13:47:27,2.7,50,158900
20240109,13:50:24,2.7,1000,159350
20240109,13:50:34,2.75,1950,159350
20240109,13:51:53,2.7,150,161050
20240109,13:55:16,2.65,850,161200
20240109,13:55:33,2.7,50,161200
20240109,13:58:39,2.65,150,162100
20240109,13:59:03,2.6,100,162100
20240109,14:04:03,2.65,300,162100
20240109,14:06:46,2.6,2650,161950
20240109,14:07:05,2.6,1050,161950
20240109,14:07:09,2.6,150,161950
20240109,14:07:15,2.6,450,161950
20240109,14:08:06,2.6,150,161950
20240109,14:08:16,2.6,300,161950
20240109,14:08:32,2.65,150,161950
20240109,14:08:50,2.6,150,161950
20240109,14:09:44,2.6,950,164500
20240109,14:09:52,2.55,1500,164500
20240109,14:10:01,2.6,4700,164500
20240109,14:11:42,2.45,950,164500
20240109,14:11:52,2.55,300,164500
20240109,14:12:02,2.55,200,164500
20240109,14:12:12,2.55,300,165150
20240109,14:12:44,2.55,400,165150
20240109,14:14:15,2.6,150,165150
20240109,14:15:36,2.6,450,165450
20240109,14:16:16,2.6,50,165450
20240109,14:17:58,2.6,900,165450
20240109,14:19:58,2.5,1400,166800
20240109,14:20:10,2.55,1150,166800
20240109,14:20:33,2.55,750,166800
20240109,14:20:56,2.5,6500,166800
20240109,14:23:01,2.45,1450,161850
20240109,14:23:26,2.55,500,161850
20240109,14:23:51,2.5,500,161850
20240109,14:25:15,2.65,2500,161650
20240109,14:25:50,2.6,250,161650
20240109,14:26:35,2.6,50,161650
20240109,14:27:08,2.6,400,161650
20240109,14:27:19,2.65,100,161400
20240109,14:27:56,2.65,250,161400
20240109,14:28:21,2.55,250,161400
20240109,14:28:33,2.65,3000,161400
20240109,14:28:57,2.75,450,161400
20240109,14:29:08,2.65,150,161400
20240109,14:30:19,2.65,1200,161900
20240109,14:30:31,2.75,200,161900
20240109,14:31:04,2.7,700,161900
20240109,14:32:14,2.7,800,161900
20240109,14:32:25,2.7,550,161900
20240109,14:32:58,2.65,250,161900
20240109,14:33:10,2.65,300,161900
20240109,14:36:23,2.65,350,164850
20240109,14:36:46,2.65,150,164850
20240109,14:38:18,2.55,200,164850
20240109,14:39:25,2.55,350,164700
20240109,14:39:37,2.55,1850,164700
20240109,14:40:55,2.6,550,164700
20240109,14:41:07,2.6,250,164700
20240109,14:41:20,2.6,250,164700
20240109,14:41:56,2.5,3000,164700
20240109,14:42:08,2.5,1100,164700
20240109,14:42:33,2.5,250,164950
20240109,14:43:22,2.5,150,164950
20240109,14:43:34,2.5,950,164950
20240109,14:44:18,2.5,750,164950
20240109,14:44:29,2.45,1800,164950
20240109,14:45:25,2.45,50,163650
20240109,14:45:38,2.5,650,163650
20240109,14:45:50,2.5,50,163650
20240109,14:46:01,2.45,1600,163650
20240109,14:46:23,2.45,400,163650
20240109,14:46:58,2.45,650,163650
20240109,14:47:10,2.45,250,163650
20240109,14:47:31,2.45,1150,163650
20240109,14:47:42,2.45,750,163650
20240109,14:48:16,2.45,250,166900
20240109,14:49:01,2.45,200,166900
20240109,14:49:23,2.45,300,166900
20240109,14:50:15,2.45,750,166900
20240109,14:50:25,2.45,550,166900
20240109,14:50:36,2.45,150,166900
20240109,14:50:57,2.5,250,166900
20240109,14:51:42,2.45,300,166650
20240109,14:52:03,2.5,250,166650
20240109,14:52:57,2.4,400,166650
20240109,14:53:18,2.5,1000,166650
20240109,14:53:29,2.45,2000,166650
20240109,14:53:40,2.5,600,166650
20240109,14:55:28,2.45,150,168600
20240109,14:56:26,2.45,450,168600
20240109,14:56:37,2.4,1350,168600
20240109,14:56:59,2.35,950,168600
20240109,14:57:10,2.35,400,168600
20240109,14:57:32,2.45,1800,171100
20240109,14:57:43,2.45,1700,171100
20240109,14:58:38,2.45,1050,171100
20240109,14:58:50,2.5,4900,171100
20240109,14:59:01,2.45,2000,171100
20240109,14:59:12,2.5,50,171100
20240109,14:59:23,2.45,1000,171100
20240109,14:59:34,2.35,2000,171100
20240109,14:59:45,2.45,1250,171100
20240109,15:00:20,2.4,300,170750
20240109,15:00:32,2.45,500,170750
20240109,15:00:57,2.35,1800,170750
20240109,15:01:09,2.35,500,170750
20240109,15:01:45,2.45,150,170750
20240109,15:02:19,2.45,100,170750
20240109,15:03:15,2.45,100,170750
20240109,15:04:11,2.3,1500,172750
20240109,15:07:04,2.4,1700,172550
20240109,15:07:15,2.45,1500,172550
20240109,15:07:26,2.45,1650,172550
20240109,15:07:36,2.5,1250,172550
20240109,15:07:58,2.45,1400,172550
20240109,15:08:20,2.45,250,172550
20240109,15:08:41,2.4,600,172550
20240109,15:10:40,2.5,100,167500
20240109,15:11:02,2.5,300,167500
20240109,15:12:07,2.4,300,167500
20240109,15:12:18,2.5,50,167500
20240109,15:12:39,2.4,250,167500
20240109,15:13:54,2.5,650,167500
20240109,15:14:16,2.4,450,167500
20240109,15:14:27,2.5,650,167500
20240109,15:14:49,2.4,550,167500
20240109,15:15:11,2.4,500,167500
20240109,15:16:16,2.45,500,167750
20240109,15:16:50,2.45,200,167750
20240109,15:17:11,2.4,1100,167750
20240109,15:17:21,2.5,7000,167750
20240109,15:17:32,2.7,13050,167750
20240109,15:17:42,2.7,5300,167750
20240109,15:17:53,2.65,9300,167750
20240109,15:18:04,2.65,150,167750
20240109,15:18:14,2.65,200,167750
20240109,15:18:25,2.7,50,193750
20240109,15:18:36,2.65,100,193750
20240109,15:18:46,2.7,800,193750
20240109,15:18:56,2.7,250,193750
20240109,15:19:07,2.7,250,193750
20240109,15:19:18,2.7,150,193750
20240109,15:19:29,2.6,100,193750
20240109,15:19:51,2.65,250,193750
20240109,15:20:02,2.65,1450,193750
20240109,15:20:14,2.7,500,193750
20240109,15:20:26,2.75,2600,193750
20240109,15:21:32,2.65,1050,196150
20240109,15:21:44,2.7,1100,196150
20240109,15:22:16,2.75,250,196150
20240109,15:22:27,2.8,3650,196150
20240109,15:22:49,2.8,100,196150
20240109,15:23:10,2.75,1800,196150
20240109,15:23:20,2.75,850,196150
20240109,15:23:30,2.75,100,196150
20240109,15:23:42,2.75,300,196150
20240109,15:23:54,2.75,1850,196150
20240109,15:24:15,2.75,100,196150
20240109,15:24:26,2.75,3900,204200
20240109,15:24:37,2.75,1000,204200
20240109,15:24:57,2.7,700,204200
20240109,15:25:08,2.7,1800,204200
20240109,15:25:18,2.7,400,204200
20240109,15:25:29,2.7,600,204200
20240109,15:26:30,2.7,1500,204200
20240109,15:26:51,2.7,1250,204200
20240109,15:27:12,2.8,200,204200
20240109,15:27:23,2.8,50,205650
20240109,15:27:33,2.7,250,205650
20240109,15:27:54,2.75,850,205650
20240109,15:28:05,2.75,3100,205650
20240109,15:28:15,2.75,500,205650
20240109,15:28:26,2.75,1250,205650
20240109,15:28:37,2.8,2100,205650
20240109,15:28:48,2.8,1000,205650
20240109,15:28:59,2.85,800,205650
20240109,15:29:10,2.9,2550,205650
20240109,15:29:21,2.9,200,205650
20240109,15:29:31,3.0,4300,205650
20240109,15:29:42,3.0,2450,205650
20240109,15:29:52,3.0,2200,205650
20240109,15:30:01,3.05,150,205650
20240110,09:15:15,3.0,1,223400
20240110,09:15:15,3.0,500,223400
20240110,09:15:33,3.05,400,223400
20240110,09:16:06,3.05,100,223400
20240110,09:16:19,2.75,150,223400
20240110,09:16:46,2.75,400,223400
20240110,09:17:00,2.8,100,223400
20240110,09:17:14,2.95,1150,223400
20240110,09:17:21,3.0,400,223400
20240110,09:17:27,3.0,550,223400
20240110,09:17:39,2.95,600,224450
20240110,09:17:47,3.05,3650,224450
20240110,09:17:54,3.1,800,224450
20240110,09:18:07,3.05,100,224450
20240110,09:18:13,3.05,200,224450
20240110,09:18:45,3.0,3200,224450
20240110,09:18:50,3.0,50,224450
20240110,09:19:00,3.0,100,224450
20240110,09:19:06,3.0,5850,224450
20240110,09:19:11,3.0,350,224450
20240110,09:19:17,3.0,1000,224450
20240110,09:19:22,3.0,100,224450
20240110,09:19:34,3.0,600,224450
20240110,09:20:11,3.0,12900,224450
20240110,09:20:17,3.0,2300,224450
20240110,09:20:23,2.95,50,224450
20240110,09:20:58,3.0,2100,249750
20240110,09:21:09,2.9,1800,249750
20240110,09:21:15,2.85,2300,249750
20240110,09:21:26,2.9,1600,249750
20240110,09:21:32,2.9,500,249750
20240110,09:21:38,2.95,350,249750
20240110,09:21:43,2.95,1800,249750
20240110,09:21:49,2.95,900,249750
20240110,09:21:54,2.95,450,249750
20240110,09:22:06,3.0,1850,249750
20240110,09:22:24,3.0,50,249750
20240110,09:22:30,3.0,250,249750
20240110,09:22:36,3.0,250,249750
20240110,09:22:43,3.0,250,249750
20240110,09:22:49,3.0,400,249750
20240110,09:23:01,2.95,1950,249750
20240110,09:23:39,2.9,400,252500
20240110,09:23:54,2.95,250,252500
20240110,09:24:08,2.95,750,252500
20240110,09:24:45,2.9,150,252500
20240110,09:25:14,3.0,1500,252500
20240110,09:25:23,3.0,700,252500
20240110,09:26:01,2.9,1100,252500
20240110,09:26:08,2.95,50,252500
20240110,09:26:38,2.9,900,253100
20240110,09:26:45,2.9,1650,253100
20240110,09:26:53,2.8,2000,253100
20240110,09:27:00,2.8,2800,253100
20240110,09:27:08,2.8,1800,253100
20240110,09:27:15,2.8,2400,253100
20240110,09:27:23,2.8,4000,253100
20240110,09:27:30,2.85,1200,253100
20240110,09:27:38,2.75,3650,253100
20240110,09:27:47,2.7,1800,253100
20240110,09:27:55,2.7,1800,253100
20240110,09:28:04,2.75,1000,253100
20240110,09:28:12,2.7,1950,253100
20240110,09:28:21,2.6,2000,253100
20240110,09:28:28,2.7,950,253100
20240110,09:28:36,2.6,900,253100
20240110,09:28:44,2.7,5450,253100
20240110,09:28:52,2.75,1750,253100
20240110,09:29:01,2.75,1750,253100
20240110,09:29:09,2.65,2600,253100
20240110,09:29:15,2.75,100,253100
20240110,09:29:54,2.8,1900,264950
20240110,09:30:02,2.8,100,264950
20240110,09:30:08,2.8,700,264950
20240110,09:30:15,2.85,1350,264950
20240110,09:30:23,2.9,250,264950
20240110,09:30:30,2.9,2300,264950
20240110,09:30:38,2.9,150,264950
20240110,09:30:45,2.85,450,264950
20240110,09:30:59,2.85,2950,264950
20240110,09:31:06,2.85,750,264950
20240110,09:31:21,2.9,950,264950
20240110,09:31:28,2.9,1800,264950
20240110,09:32:01,2.9,500,264950
20240110,09:32:20,2.85,50,264950
20240110,09:32:39,2.9,50,262950
20240110,09:33:15,2.8,3050,262950
20240110,09:33:23,2.8,150,262950
20240110,09:34:09,2.8,300,262950
20240110,09:34:33,2.75,500,262950
20240110,09:34:41,2.75,250,262950
20240110,09:35:21,2.75,2300,262950
20240110,09:35:49,2.8,1700,259350
20240110,09:35:57,2.8,150,259350
20240110,09:36:36,2.85,1050,259350
20240110,09:37:00,2.85,50,259350
20240110,09:37:12,2.85,400,259350
20240110,09:37:19,2.85,200,259350
20240110,09:38:50,2.9,50,259000
20240110,09:39:53,2.9,50,259000
20240110,09:41:07,2.9,50,259000
20240110,09:41:51,2.9,250,259100
20240110,09:41:57,2.9,1500,259100
20240110,09:42:09,2.9,100,259100
20240110,09:42:34,2.95,50,259100
20240110,09:42:40,2.95,100,259100
20240110,09:43:06,2.85,300,259100
20240110,09:44:22,2.95,1100,259100
20240110,09:44:28,2.85,200,259100
20240110,09:45:09,2.8,250,258800
20240110,09:45:16,2.8,250,258800
20240110,09:45:22,2.8,1800,258800
20240110,09:45:49,2.85,400,258800
20240110,09:45:56,2.85,100,258800
20240110,09:46:36,2.85,400,258800
20240110,09:49:03,2.9,150,259350
20240110,09:49:45,2.9,100,259350
20240110,09:50:13,2.9,100,259350
20240110,09:50:23,2.95,400,259350
20240110,09:51:08,2.85,200,259550
20240110,09:51:26,2.85,3800,259550
20240110,09:51:32,2.8,500,259550
20240110,09:51:39,2.9,50,259550
20240110,09:52:23,2.9,350,259550
20240110,09:52:45,2.9,350,259550
20240110,09:52:51,2.95,250,259550
20240110,09:53:08,2.95,1000,259550
20240110,09:53:35,2.95,100,259550
20240110,09:53:41,2.95,100,259550
20240110,09:53:51,2.85,200,258100
20240110,09:55:47,2.95,500,258100
20240110,09:56:01,2.95,250,258100
20240110,09:57:56,2.95,100,258100
20240110,09:58:37,2.95,1650,258100
20240110,09:58:45,2.95,550,258100
20240110,09:59:20,2.95,250,258100
20240110,09:59:27,3.0,350,258100
20240110,09:59:47,2.95,500,259850
20240110,10:00:10,3.0,550,259850
20240110,10:01:07,2.95,500,259850
20240110,10:03:13,3.0,50,260300
20240110,10:03:55,3.0,100,260300
20240110,10:04:26,3.0,350,260300
20240110,10:04:34,2.95,350,260300
20240110,10:05:01,3.05,300,260300
20240110,10:05:39,3.0,150,260300
20240110,10:06:20,2.95,100,261000
20240110,10:06:26,2.95,250,261000
20240110,10:06:48,3.0,250,261000
20240110,10:07:13,3.1,800,261000
20240110,10:08:01,3.0,250,261000
20240110,10:08:07,3.05,4200,261000
20240110,10:08:50,3.0,250,262950
20240110,10:09:30,3.1,200,262950
20240110,10:10:29,3.0,50,262950
20240110,10:10:49,3.0,250,262950
20240110,10:12:01,3.0,850,263100
20240110,10:12:41,3.0,700,263100
20240110,10:12:58,3.05,1350,263100
20240110,10:13:49,3.0,450,263100
20240110,10:14:46,3.0,950,263150
20240110,10:16:16,3.0,1300,263150
20240110,10:16:59,3.0,250,263150
20240110,10:18:10,3.05,600,264150
20240110,10:18:49,3.0,250,264150
20240110,10:18:55,3.0,450,264150
20240110,10:19:38,3.0,400,264150
20240110,10:20:33,3.05,1800,264150
20240110,10:20:41,3.05,450,264150
20240110,10:20:47,3.1,1800,264800
20240110,10:20:52,3.1,4450,264800
20240110,10:20:58,3.15,100,264800
20240110,10:21:04,3.15,1500,264800
20240110,10:21:26,3.1,500,264800
20240110,10:21:43,3.05,50,264800
20240110,10:22:13,3.1,850,264800
20240110,10:22:59,3.05,1400,264800
20240110,10:23:56,3.0,800,269000
20240110,10:24:50,3.1,750,269000
20240110,10:24:58,3.1,100,269000
20240110,10:25:48,3.1,500,269000
20240110,10:28:42,3.05,1950,269600
20240110,10:29:00,3.05,150,269600
20240110,10:29:05,3.05,100,269600
20240110,10:29:20,3.1,1000,269600
20240110,10:29:26,3.15,1000,269600
20240110,10:29:31,3.15,650,269600
20240110,10:29:36,3.2,2850,269600
20240110,10:29:41,3.15,250,269600
20240110,10:29:47,3.15,250,275650
20240110,10:29:57,3.1,400,275650
20240110,10:30:02,3.1,150,275650
20240110,10:30:57,3.1,350,275650
20240110,10:31:02,3.05,200,275650
20240110,10:31:12,3.15,50,275650
20240110,10:31:41,3.15,50,275650
20240110,10:32:02,3.15,100,275650
20240110,10:32:13,3.1,400,275650
20240110,10:33:07,3.15,50,275650
20240110,10:33:35,3.05,150,275650
20240110,10:33:46,3.05,500,275650
20240110,10:37:10,3.05,800,275050
20240110,10:43:12,3.1,200,274250
20240110,10:43:43,3.1,200,274250
20240110,10:45:12,3.15,50,274250
20240110,10:47:40,3.15,50,274250
20240110,10:48:59,3.15,200,274350
20240110,10:49:57,3.05,3150,274350
20240110,10:50:08,3.05,250,274350
20240110,10:50:18,3.05,250,274350
20240110,10:52:01,3.0,800,274350
20240110,10:52:23,3.05,50,274350
20240110,10:52:26,3.0,2000,274350
20240110,10:52:47,3.0,500,274350
20240110,10:53:03,3.0,250,274350
20240110,10:53:37,3.0,900,274350
20240110,10:53:51,2.95,400,275250
20240110,10:54:00,2.95,50,275250
20240110,10:54:05,3.0,250,275250
20240110,10:54:54,3.0,250,275250
20240110,10:55:04,3.0,250,275250
20240110,10:55:27,3.0,500,275250
20240110,10:55:33,2.95,2500,275250
20240110,10:55:53,3.0,150,275250
20240110,10:56:05,3.0,150,275250
20240110,10:56:10,2.95,500,275250
20240110,10:56:30,2.9,6250,275250
20240110,10:56:59,2.9,1650,276900
20240110,10:57:11,2.9,600,276900
20240110,10:57:34,2.9,1800,276900
20240110,10:57:53,2.85,2400,276900
20240110,10:58:26,2.85,300,276900
20240110,10:58:44,2.85,250,276900
20240110,10:59:07,2.8,150,276900
20240110,10:59:19,2.8,1800,276900
20240110,10:59:24,2.8,1800,276900
20240110,10:59:32,2.8,250,276900
20240110,10:59:37,2.8,150,276900
20240110,10:59:44,2.75,100,276900
20240110,10:59:49,2.75,50,281050
20240110,11:00:13,2.75,500,281050
20240110,11:00:18,2.75,500,281050
20240110,11:00:22,2.75,1050,281050
20240110,11:00:31,2.8,1550,281050
20240110,11:00:49,2.8,50,281050
20240110,11:00:54,2.8,150,281050
20240110,11:01:00,2.8,1200,281050
20240110,11:01:10,2.75,50,281050
20240110,11:02:02,2.8,1800,281050
20240110,11:02:07,2.8,400,281050
20240110,11:02:17,2.8,700,281050
20240110,11:02:24,2.8,700,281050
20240110,11:02:50,2.75,1800,281050
20240110,11:03:00,2.75,3500,284050
20240110,11:03:31,2.75,200,284050
20240110,11:04:43,2.7,250,284050
20240110,11:05:20,2.7,100,284050
20240110,11:06:11,2.8,900,285600
20240110,11:06:17,2.8,600,285600
20240110,11:06:22,2.8,600,285600
20240110,11:06:47,2.8,3000,285600
20240110,11:07:00,2.8,2100,285600
20240110,11:07:08,2.8,3900,285600
20240110,11:07:46,2.8,1050,285600
20240110,11:07:52,2.8,100,285600
20240110,11:08:40,2.85,150,285600
20240110,11:08:52,2.85,500,286400
20240110,11:14:02,2.75,800,286900
20240110,11:14:33,2.85,300,286900
20240110,11:14:37,2.85,600,286900
20240110,11:17:27,2.8,1000,287400
20240110,11:17:45,2.8,1750,287400
20240110,11:18:03,2.75,1850,287450
20240110,11:20:05,2.75,50,287450
20240110,11:20:31,2.8,250,287450
20240110,11:23:45,2.8,100,288650
20240110,11:24:01,2.8,450,288650
20240110,11:27:27,2.7,1800,288650
20240110,11:27:46,2.85,8400,288650
20240110,11:28:10,2.8,250,288650
20240110,11:28:28,2.85,3800,288650
20240110,11:28:32,2.9,2700,288650
20240110,11:28:36,2.95,200,288650
20240110,11:28:40,2.95,600,288650
20240110,11:28:47,2.95,600,288650
20240110,11:28:50,2.95,400,288650
20240110,11:28:57,2.95,300,288650
20240110,11:29:01,3.0,9950,288650
20240110,11:29:06,3.0,600,288650
20240110,11:29:42,3.0,200,288650
20240110,11:29:53,3.05,5400,305950
20240110,11:30:04,3.05,250,305950
20240110,11:30:18,3.05,100,305950
20240110,11:30:57,3.05,1450,305950
20240110,11:31:20,3.05,400,305950
20240110,11:32:05,3.05,1500,305950
20240110,11:32:12,3.05,150,305950
20240110,11:33:04,3.1,1000,308200
20240110,11:33:15,3.15,1000,308200
20240110,11:33:29,3.15,700,308200
20240110,11:34:09,3.05,1200,308200
20240110,11:35:46,3.05,3600,308200
20240110,11:35:50,3.05,1250,308200
20240110,11:36:05,3.0,1500,311600
20240110,11:37:22,3.05,3750,311600
20240110,11:37:56,3.05,250,311600
20240110,11:38:19,3.05,50,311600
20240110,11:39:58,3.1,100,315900
20240110,11:40:23,3.05,250,315900
20240110,11:40:40,3.05,550,315900
20240110,11:40:56,3.05,250,315900
20240110,11:42:07,3.1,750,315900
20240110,11:42:19,3.05,50,315900
20240110,11:44:44,3.05,2100,315900
20240110,11:45:58,3.15,200,315900
20240110,11:46:11,3.15,250,315900
20240110,11:46:35,3.05,200,315900
20240110,11:50:38,3.05,850,316150
20240110,11:51:47,3.0,400,316250
20240110,11:52:07,3.0,400,316250
20240110,11:52:51,3.0,1800,316250
20240110,11:53:35,3.05,450,316250
20240110,11:56:06,3.0,850,318650
20240110,11:56:13,3.05,50,318650
20240110,11:56:15,3.05,50,318650
20240110,11:57:05,3.05,50,319600
20240110,11:57:50,3.0,100,319600
20240110,11:58:04,3.0,400,319600
20240110,11:58:13,3.0,600,319600
20240110,11:58:21,3.05,50,319600
20240110,11:58:29,3.0,400,319600
20240110,11:59:13,2.95,1500,319600
20240110,11:59:24,2.95,300,319600
20240110,11:59:49,2.9,500,319600
20240110,12:00:10,2.9,100,319600
20240110,12:00:55,2.9,2150,321300
20240110,12:01:09,2.9,250,321300
20240110,12:01:27,2.9,900,321300
20240110,12:01:30,2.95,2600,321300
20240110,12:02:51,2.95,50,321300
20240110,12:03:03,2.95,100,323350
20240110,12:03:29,2.85,50,323350
20240110,12:04:01,2.95,200,323350
20240110,12:04:06,2.95,200,323350
20240110,12:04:56,2.9,900,323350
20240110,12:06:44,2.9,450,323400
20240110,12:07:04,3.0,250,323400
20240110,12:07:45,3.0,4600,323400
20240110,12:07:49,3.05,400,323400
20240110,12:07:54,3.0,50,323400
20240110,12:09:33,3.05,150,328700
20240110,12:10:49,3.0,150,328700
20240110,12:11:05,3.05,50,328700
20240110,12:11:26,3.1,1500,328700
20240110,12:14:48,3.05,1100,328550
20240110,12:14:52,3.0,300,328550
20240110,12:18:34,3.15,300,328600
20240110,12:18:43,3.15,300,328600
20240110,12:19:09,3.15,2050,328600
20240110,12:19:12,3.15,650,328600
20240110,12:19:37,3.15,500,328600
20240110,12:19:48,3.15,500,328600
20240110,12:20:09,3.15,100,328600
20240110,12:20:28,3.15,1000,328600
20240110,12:20:42,3.2,200,328600
20240110,12:20:47,3.15,1000,328600
20240110,12:20:53,3.15,1650,328600
20240110,12:21:30,3.1,300,330800
20240110,12:21:34,3.05,700,330800
20240110,12:21:38,3.1,250,330800
20240110,12:21:47,3.05,2000,330800
20240110,12:21:52,3.05,950,330800
20240110,12:22:33,3.05,50,330800
20240110,12:22:37,3.05,1350,330800
20240110,12:23:50,3.0,600,330800
20240110,12:23:57,3.0,2100,330800
20240110,12:25:05,3.0,1500,332350
20240110,12:25:29,3.0,250,332350
20240110,12:26:04,3.0,250,332350
20240110,12:26:17,3.0,250,332350
20240110,12:27:31,2.95,2450,333150
20240110,12:29:42,3.0,500,333150
20240110,12:30:26,2.95,300,334650
20240110,12:31:13,3.0,1000,334650
20240110,12:31:17,3.05,500,334650
20240110,12:33:08,3.0,200,336200
20240110,12:34:02,3.05,400,336200
20240110,12:34:08,3.05,650,336200
20240110,12:36:16,3.05,100,336800
20240110,12:36:36,3.0,700,336800
20240110,12:36:41,3.05,200,336800
20240110,12:39:18,3.05,500,336600
20240110,12:41:25,3.05,100,336600
20240110,12:41:57,3.0,500,336600
20240110,12:42:53,3.05,500,336700
20240110,12:43:07,3.05,250,336700
20240110,12:43:17,3.05,250,336700
20240110,12:43:21,3.0,100,336700
20240110,12:43:30,3.05,950,336700
20240110,12:43:35,3.05,400,336700
20240110,12:45:31,3.2,550,338350
20240110,12:45:40,3.3,1800,338350
20240110,12:45:49,3.35,2100,338350
20240110,12:45:58,3.4,1150,338350
20240110,12:46:06,3.4,150,338350
20240110,12:46:15,3.4,2550,338350
20240110,12:46:39,3.4,250,338350
20240110,12:46:47,3.3,50,338350
20240110,12:47:04,3.3,1550,338350
20240110,12:47:12,3.25,250,338350
20240110,12:47:20,3.25,50,338350
20240110,12:47:51,3.15,600,338350
20240110,12:48:08,3.0,250,340900
20240110,12:48:16,2.95,150,340900
20240110,12:48:39,3.05,100,340900
20240110,12:49:01,3.1,250,340900
20240110,12:49:08,3.1,250,340900
20240110,12:49:24,3.15,200,340900
20240110,12:49:31,3.15,50,340900
20240110,12:49:46,3.15,450,340900
20240110,12:52:09,3.15,50,342100
20240110,12:53:32,3.15,250,342100
20240110,12:53:53,3.15,500,342100
20240110,12:54:20,3.05,1400,342900
20240110,12:54:39,3.05,250,342900
20240110,12:55:43,3.05,700,342900
20240110,12:56:15,3.05,150,342900
20240110,12:56:44,3.1,500,342900
20240110,12:56:50,3.1,250,342900
20240110,12:58:13,3.15,50,344350
20240110,12:58:47,3.15,50,344350
20240110,12:59:09,3.2,150,344350
20240110,13:00:13,3.2,50,344600
20240110,13:01:21,3.2,50,344600
20240110,13:01:54,3.1,1450,344600
20240110,13:02:16,3.2,800,344600
20240110,13:04:13,3.1,600,344500
20240110,13:06:30,3.1,500,344500
20240110,13:09:41,3.1,250,344500
20240110,13:10:33,3.1,600,344500
20240110,13:10:51,3.1,100,344500
20240110,13:12:10,3.1,250,345200
20240110,13:12:28,3.05,100,345200
20240110,13:12:49,3.15,1500,345200
20240110,13:12:56,3.05,850,345200
20240110,13:13:13,3.05,50,345200
20240110,13:13:36,3.05,150,345200
20240110,13:13:54,3.1,1000,345200
20240110,13:14:41,3.1,150,345200
20240110,13:21:37,3.05,50,348200
20240110,13:22:04,3.05,200,348200
20240110,13:23:39,3.05,1100,348200
20240110,13:24:16,3.05,50,348400
20240110,13:30:42,3.1,50,348350
20240110,13:31:24,3.1,200,348350
20240110,13:31:29,3.05,500,348350
20240110,13:31:42,3.05,250,348350
20240110,13:31:53,3.05,250,348350
20240110,13:32:01,3.05,50,348350
20240110,13:32:59,3.1,50,348350
20240110,13:33:22,3.1,50,347300
20240110,13:33:58,3.1,100,347300
20240110,13:34:25,3.05,150,347300
20240110,13:35:19,3.1,50,347300
20240110,13:36:00,3.05,100,347300
20240110,13:39:00,3.05,250,347100
20240110,13:39:05,3.05,250,347100
20240110,13:39:10,3.05,800,347100
20240110,13:39:48,2.95,50,346300
20240110,13:41:47,3.0,1050,346300
20240110,13:42:52,3.0,600,346050
20240110,13:44:11,3.05,100,346050
20240110,13:44:16,3.0,800,346050
20240110,13:44:27,2.95,50,346050
20240110,13:45:01,2.9,50,346050
20240110,13:45:18,2.9,50,346400
20240110,13:45:35,2.9,50,346400
20240110,13:45:49,2.9,50,346400
20240110,13:45:55,2.9,1350,346400
20240110,13:46:00,2.9,300,346400
20240110,13:47:14,2.9,50,346400
20240110,13:47:25,2.85,350,346400
20240110,13:48:21,2.85,50,346800
20240110,13:49:32,2.95,50,346800
20240110,13:49:58,2.9,200,346800
20240110,13:50:41,2.9,200,346800
20240110,13:51:05,2.85,500,346800
20240110,13:56:53,2.85,100,346800
20240110,14:01:04,2.85,250,346700
20240110,14:01:11,2.85,250,346700
20240110,14:01:55,2.85,100,346700
20240110,14:05:12,2.85,100,346700
20240110,14:05:17,2.85,50,346700
20240110,14:05:52,2.85,50,346700
20240110,14:05:57,2.85,250,346700
20240110,14:06:03,2.85,500,346700
20240110,14:06:08,2.85,250,346700
20240110,14:08:41,2.8,400,346050
20240110,14:09:41,2.75,1000,345650
20240110,14:09:45,2.75,4200,345650
20240110,14:09:52,2.7,3400,345650
20240110,14:09:56,2.75,1000,345650
20240110,14:10:03,2.7,800,345650
20240110,14:10:11,2.7,200,345650
20240110,14:10:29,2.6,12500,345650
20240110,14:10:35,2.6,4600,345650
20240110,14:10:39,2.6,3150,345650
20240110,14:10:42,2.6,300,345650
20240110,14:10:47,2.6,2750,345650
20240110,14:10:51,2.6,300,345650
20240110,14:11:12,2.55,250,345650
20240110,14:11:40,2.55,200,345650
20240110,14:11:52,2.55,1050,345650
20240110,14:11:56,2.6,450,345650
20240110,14:12:00,2.6,700,345650
20240110,14:12:03,2.6,100,345650
20240110,14:12:07,2.55,1600,345650
20240110,14:12:11,2.55,400,345650
20240110,14:12:15,2.5,5200,317350
20240110,14:12:19,2.5,3400,317350
20240110,14:12:26,2.5,100,317350
20240110,14:12:30,2.5,200,317350
20240110,14:12:58,2.55,1150,317350
20240110,14:13:02,2.55,300,317350
20240110,14:13:44,2.55,50,317350
20240110,14:15:26,2.55,100,314000
20240110,14:15:32,2.6,1000,314000
20240110,14:15:38,2.6,1000,314000
20240110,14:15:55,2.55,1000,314000
20240110,14:16:13,2.55,100,314000
20240110,14:16:36,2.65,1000,314000
20240110,14:16:42,2.65,500,314000
20240110,14:16:55,2.55,100,314000
20240110,14:17:07,2.55,100,314000
20240110,14:18:26,2.55,100,315650
20240110,14:18:49,2.55,250,315650
20240110,14:18:54,2.55,250,315650
20240110,14:19:02,2.55,550,315650
20240110,14:19:16,2.55,100,315650
20240110,14:19:24,2.5,450,315650
20240110,14:20:02,2.5,1300,315650
20240110,14:20:14,2.45,2200,315650
20240110,14:20:20,2.45,500,315650
20240110,14:20:25,2.45,100,315650
20240110,14:21:50,2.45,150,317200
20240110,14:22:30,2.5,1800,317200
20240110,14:23:14,2.5,2000,317200
20240110,14:24:08,2.5,1800,317200
20240110,14:24:48,2.55,1500,314650
20240110,14:26:20,2.55,50,314650
20240110,14:26:25,2.5,250,314650
20240110,14:26:29,2.5,50,314650
20240110,14:26:43,2.55,100,314650
20240110,14:26:47,2.55,250,314650
20240110,14:27:22,2.5,100,315050
20240110,14:27:51,2.5,50,315050
20240110,14:28:07,2.55,100,315050
20240110,14:28:32,2.55,150,315050
20240110,14:28:58,2.5,100,315050
20240110,14:29:20,2.55,50,315050
20240110,14:29:25,2.55,50,315050
20240110,14:30:08,2.55,300,315050
20240110,14:30:24,2.5,300,315700
20240110,14:30:36,2.55,50,315700
20240110,14:31:11,2.5,300,315700
20240110,14:32:01,2.55,1250,315700
20240110,14:32:59,2.5,50,315700
20240110,14:33:27,2.5,1200,316400
20240110,14:33:42,2.5,250,316400
20240110,14:33:47,2.5,750,316400
20240110,14:33:52,2.5,250,316400
20240110,14:34:03,2.5,250,316400
20240110,14:34:14,2.5,250,316400
20240110,14:34:21,2.5,300,316400
20240110,14:34:45,2.5,250,316400
20240110,14:35:21,2.5,1800,316400
20240110,14:35:33,2.5,1800,316400
20240110,14:36:11,2.5,150,316400
20240110,14:36:22,2.45,1300,315400
20240110,14:37:18,2.4,1500,315400
20240110,14:37:56,2.4,100,315400
20240110,14:38:01,2.35,150,315400
20240110,14:39:01,2.3,1500,315400
20240110,14:39:09,2.3,100,315400
20240110,14:39:17,2.3,150,315400
20240110,14:40:52,2.3,1750,314200
20240110,14:40:58,2.35,250,314200
20240110,14:41:10,2.35,250,314200
20240110,14:41:17,2.35,150,314200
20240110,14:41:31,2.35,50,314200
20240110,14:42:06,2.35,100,314200
20240110,14:44:31,2.35,50,315400
20240110,14:44:41,2.3,600,315400
20240110,14:45:28,2.3,200,314850
20240110,14:47:41,2.3,150,314850
20240110,14:48:07,2.25,250,314850
20240110,14:48:21,2.25,850,315200
20240110,14:48:29,2.25,900,315200
20240110,14:48:36,2.15,50,315200
20240110,14:48:43,2.15,100,315200
20240110,14:48:49,2.15,50,315200
20240110,14:48:56,2.15,2100,315200
20240110,14:49:24,2.1,50,315200
20240110,14:50:41,2.1,1200,315200
20240110,14:50:46,2.1,1800,315200
20240110,14:51:30,2.1,50,320850
20240110,14:51:36,2.1,1500,320850
20240110,14:51:41,2.1,5550,320850
20240110,14:51:47,2.1,550,320850
20240110,14:51:52,2.05,4650,320850
20240110,14:51:57,2.05,100,320850
20240110,14:52:02,2.05,800,320850
20240110,14:52:23,2.05,3850,320850
20240110,14:52:34,2.05,3300,320850
20240110,14:52:40,2.05,1500,320850
20240110,14:52:45,2.1,3500,320850
20240110,14:53:39,2.15,1750,320850
20240110,14:53:44,2.15,250,320850
20240110,14:53:50,2.15,1200,320850
20240110,14:53:54,2.15,250,320850
20240110,14:54:00,2.15,250,320850
20240110,14:54:09,2.15,500,320850
20240110,14:54:34,2.15,1500,336750
20240110,14:54:39,2.15,150,336750
20240110,14:55:03,2.1,1600,336750
20240110,14:55:08,2.1,3300,336750
20240110,14:55:25,2.1,1000,336750
20240110,14:55:30,2.1,1000,336750
20240110,14:55:35,2.1,2000,336750
20240110,14:55:41,2.1,200,336750
20240110,14:56:04,2.1,5500,336750
20240110,14:56:25,2.1,2300,336750
20240110,14:57:45,2.1,2400,350100
20240110,14:57:51,2.1,1800,350100
20240110,14:58:08,2.05,600,350100
20240110,14:58:29,2.1,200,350100
20240110,14:58:59,2.1,500,350100
20240110,14:59:19,2.05,300,350100
20240110,14:59:24,2.1,800,350100
20240110,15:00:08,2.05,1200,350100
20240110,15:00:14,2.05,400,350100
20240110,15:00:19,2.05,150,350100
20240110,15:00:31,2.05,750,352950
20240110,15:00:36,2.05,300,352950
20240110,15:00:42,2.05,1500,352950
20240110,15:00:54,2.05,1800,352950
20240110,15:01:37,2.1,1800,352950
20240110,15:01:49,2.05,50,352950
20240110,15:02:12,2.05,3750,352950
20240110,15:02:18,2.05,1800,352950
20240110,15:02:24,2.05,1800,352950
20240110,15:02:29,2.05,2100,352950
20240110,15:02:41,2.05,1500,352950
20240110,15:02:49,2.05,2150,352950
20240110,15:02:58,2.0,2650,352950
20240110,15:03:05,2.0,3300,352950
20240110,15:03:11,2.0,7300,352950
20240110,15:03:17,2.1,3300,352950
20240110,15:03:29,2.05,500,366300
20240110,15:03:36,2.1,150,366300
20240110,15:03:52,2.05,100,366300
20240110,15:04:29,2.05,700,366300
20240110,15:04:34,2.05,300,366300
20240110,15:04:40,2.1,3550,366300
20240110,15:04:48,2.1,1000,366300
20240110,15:04:56,2.05,50,366300
20240110,15:05:12,2.1,2400,366300
20240110,15:05:17,2.1,900,366300
20240110,15:05:23,2.1,1200,366300
20240110,15:05:29,2.1,2700,366300
20240110,15:05:36,2.1,100,366300
20240110,15:05:42,2.15,2300,366300
20240110,15:06:13,2.15,12700,366300
20240110,15:06:32,2.15,3000,375150
20240110,15:06:38,2.2,5400,375150
20240110,15:06:50,2.2,1700,375150
20240110,15:06:56,2.25,6200,375150
20240110,15:07:02,2.25,300,375150
20240110,15:07:16,2.25,2500,375150
20240110,15:07:39,2.2,150,375150
20240110,15:07:51,2.2,100,375150
20240110,15:07:58,2.2,4950,375150
20240110,15:08:15,2.15,250,375150
20240110,15:08:38,2.15,100,375150
20240110,15:08:43,2.15,100,375150
20240110,15:08:59,2.25,600,375150
20240110,15:09:05,2.15,150,375150
20240110,15:09:11,2.15,1150,375150
20240110,15:09:16,2.15,100,375150
20240110,15:09:33,2.15,100,375150
20240110,15:09:39,2.15,100,385100
20240110,15:09:55,2.15,2000,385100
20240110,15:10:01,2.2,2200,385100
20240110,15:10:08,2.15,1000,385100
20240110,15:10:41,2.15,1000,385100
20240110,15:10:46,2.15,1000,385100
20240110,15:11:04,2.15,100,385100
20240110,15:11:15,2.25,350,385100
20240110,15:11:20,2.15,100,385100
20240110,15:11:38,2.2,250,385100
20240110,15:11:48,2.15,100,385100
20240110,15:12:12,2.15,200,385100
20240110,15:12:17,2.15,100,385100
20240110,15:12:23,2.15,200,385100
20240110,15:12:28,2.15,200,391700
20240110,15:12:33,2.15,400,391700
20240110,15:12:39,2.15,500,391700
20240110,15:12:44,2.15,400,391700
20240110,15:12:49,2.15,500,391700
20240110,15:12:54,2.15,200,391700
20240110,15:12:59,2.15,300,391700
20240110,15:13:04,2.15,900,391700
20240110,15:13:10,2.15,1400,391700
20240110,15:13:15,2.15,200,391700
20240110,15:13:20,2.1,200,391700
20240110,15:13:26,2.1,550,391700
20240110,15:13:31,2.1,200,391700
20240110,15:13:36,2.1,200,391700
20240110,15:14:11,2.15,5600,391700
20240110,15:14:16,2.1,200,391700
20240110,15:14:21,2.2,1500,391700
20240110,15:14:26,2.1,200,391700
20240110,15:14:31,2.1,400,391700
20240110,15:14:36,2.2,700,391700
20240110,15:14:41,2.1,400,391700
20240110,15:14:46,2.1,200,391700
20240110,15:14:51,2.1,400,391700
20240110,15:14:56,2.1,200,391700
20240110,15:15:01,2.1,400,391700
20240110,15:15:07,2.1,400,391700
20240110,15:15:11,2.1,200,391700
20240110,15:15:17,2.1,250,391700
20240110,15:15:26,2.1,400,386950
20240110,15:15:31,2.1,200,386950
20240110,15:15:37,2.05,250,386950
20240110,15:15:42,2.2,4750,386950
20240110,15:15:47,2.15,400,386950
20240110,15:15:53,2.1,2700,386950
20240110,15:15:58,2.1,850,386950
20240110,15:16:09,2.1,100,386950
20240110,15:16:15,2.1,50,386950
20240110,15:16:20,2.1,1800,386950
20240110,15:16:26,2.1,3850,386950
20240110,15:16:31,2.15,350,386950
20240110,15:16:36,2.15,500,386950
20240110,15:16:41,2.1,400,386950
20240110,15:16:46,2.15,200,386950
20240110,15:17:00,2.15,1800,386950
20240110,15:17:40,2.15,400,386950
20240110,15:17:45,2.15,600,386950
20240110,15:17:50,2.1,3450,386950
20240110,15:18:04,2.05,50,386950
20240110,15:18:14,2.15,400,386950
20240110,15:18:33,2.05,1300,376100
20240110,15:18:38,2.1,100,376100
20240110,15:19:07,2.15,450,376100
20240110,15:19:12,2.05,1800,376100
20240110,15:19:37,2.15,50,376100
20240110,15:19:57,2.05,200,376100
20240110,15:20:03,2.05,200,376100
20240110,15:20:08,2.05,400,376100
20240110,15:20:14,2.05,2000,376100
20240110,15:20:19,2.05,400,376100
20240110,15:20:28,2.05,1800,376100
20240110,15:20:33,2.15,3550,376100
20240110,15:20:38,2.1,400,376100
20240110,15:20:43,2.05,200,376100
20240110,15:20:48,2.05,350,376100
20240110,15:20:53,2.0,2000,376100
20240110,15:21:14,2.0,600,376100
20240110,15:21:18,2.0,200,376100
20240110,15:21:40,2.0,200,384700
20240110,15:21:45,2.15,5000,384700
20240110,15:22:01,2.0,400,384700
20240110,15:22:06,2.0,50,384700
20240110,15:22:17,2.0,200,384700
20240110,15:22:22,2.0,450,384700
20240110,15:22:28,2.0,400,384700
20240110,15:22:34,2.0,200,384700
20240110,15:22:44,2.1,700,384700
20240110,15:23:03,2.1,100,384700
20240110,15:23:32,2.0,800,384700
20240110,15:23:52,2.0,100,384700
20240110,15:24:07,2.05,2900,384700
20240110,15:24:12,2.0,1000,384700
20240110,15:24:28,2.0,3200,385800
20240110,15:24:39,1.95,500,385800
20240110,15:24:56,1.95,5000,385800
20240110,15:25:01,1.95,500,385800
20240110,15:25:06,1.95,1200,385800
20240110,15:25:11,2.0,150,385800
20240110,15:25:16,2.05,2450,385800
20240110,15:25:21,2.0,2000,385800
20240110,15:25:26,2.1,500,385800
20240110,15:25:31,2.0,400,385800
20240110,15:25:35,2.0,200,385800
20240110,15:25:40,2.05,1750,385800
20240110,15:25:46,2.05,950,385800
20240110,15:25:51,1.95,400,385800
20240110,15:25:57,1.95,450,385800
20240110,15:26:02,1.95,400,385800
20240110,15:26:08,1.95,200,385800
20240110,15:26:14,1.95,400,385800
20240110,15:26:20,1.95,200,385800
20240110,15:26:26,1.95,400,385800
20240110,15:26:31,2.0,850,385800
20240110,15:26:41,1.95,200,385800
20240110,15:26:45,2.0,250,385800
20240110,15:26:50,1.95,900,385800
20240110,15:26:55,1.95,350,385800
20240110,15:27:01,1.9,200,385800
20240110,15:27:08,1.9,2950,385800
20240110,15:27:15,1.9,400,385800
20240110,15:27:21,1.9,200,385800
20240110,15:27:28,1.9,1450,377500
20240110,15:27:34,1.9,100,377500
20240110,15:27:40,1.85,2100,377500
20240110,15:27:53,1.8,400,377500
20240110,15:27:59,1.8,2000,377500
20240110,15:28:05,1.85,50,377500
20240110,15:28:12,1.85,400,377500
20240110,15:28:19,1.85,150,377500
20240110,15:28:25,1.85,400,377500
20240110,15:28:39,1.85,3150,377500
20240110,15:28:53,1.8,550,377500
20240110,15:28:59,1.95,1800,377500
20240110,15:29:05,1.85,450,377500
20240110,15:29:29,1.8,100,377500
20240110,15:29:40,1.85,100,377500
20240110,15:29:51,1.8,300,377500
20240110,15:29:56,1.8,300,377500
20240111,09:15:37,1.8,1,378450
20240111,09:15:37,1.8,250,378450
20240111,09:15:44,1.9,50,378450
20240111,09:16:13,1.9,150,378450
20240111,09:16:19,1.95,1150,378450
20240111,09:16:24,1.95,550,378450
20240111,09:16:30,1.95,650,378450
20240111,09:16:35,1.95,600,378450
20240111,09:16:41,1.95,150,378450
20240111,09:16:47,1.95,150,378450
20240111,09:16:53,2.0,12850,378450
20240111,09:16:58,2.05,3850,378450
20240111,09:17:06,1.95,1800,378450
20240111,09:17:12,2.0,1100,378450
20240111,09:17:17,2.0,50,378450
20240111,09:17:23,2.0,1000,378450
20240111,09:17:39,2.0,250,390400
20240111,09:17:44,2.0,100,390400
20240111,09:17:50,1.95,250,390400
20240111,09:17:55,2.0,350,390400
20240111,09:18:02,1.95,250,390400
20240111,09:18:09,1.95,1200,390400
20240111,09:18:15,1.9,1000,390400
20240111,09:18:29,1.95,1950,390400
20240111,09:18:34,1.9,950,390400
20240111,09:18:38,1.95,300,390400
20240111,09:18:43,1.95,150,390400
20240111,09:18:48,1.95,450,390400
20240111,09:18:55,1.95,150,390400
20240111,09:19:15,1.9,150,390400
20240111,09:19:21,1.95,900,390400
20240111,09:19:29,1.95,1000,390400
20240111,09:19:52,1.95,200,390400
20240111,09:20:02,1.9,1600,390400
20240111,09:20:07,1.9,7000,390400
20240111,09:20:12,1.9,900,390400
20240111,09:20:17,1.9,1350,390400
20240111,09:20:48,1.85,1500,389850
20240111,09:21:04,1.8,750,389850
20240111,09:21:49,1.8,1000,389850
20240111,09:22:20,1.75,2400,389850
20240111,09:23:04,1.75,200,389850
20240111,09:23:26,1.75,2800,389850
20240111,09:23:54,1.8,50,389850
20240111,09:25:00,1.75,1000,392300
20240111,09:25:08,1.8,50,392300
20240111,09:25:15,1.75,650,392300
20240111,09:25:23,1.7,350,392300
20240111,09:25:30,1.7,1000,392300
20240111,09:25:38,1.7,3150,392300
20240111,09:25:55,1.8,3000,392300
20240111,09:26:10,1.75,50,392300
20240111,09:26:25,1.8,250,392300
20240111,09:26:50,1.75,50,393400
20240111,09:27:32,1.75,250,393400
20240111,09:27:49,1.75,100,393400
20240111,09:28:11,1.75,1000,393400
20240111,09:28:33,1.8,150,393400
20240111,09:28:55,1.8,1000,393400
20240111,09:29:02,1.75,1200,393400
20240111,09:29:09,1.75,1000,393400
20240111,09:29:16,1.75,1100,393400
20240111,09:29:24,1.75,18100,393400
20240111,09:29:31,1.8,350,393400
20240111,09:29:46,1.8,200,416600
20240111,09:29:54,1.75,750,416600
20240111,09:30:08,1.75,1000,416600
20240111,09:30:16,1.75,3200,416600
20240111,09:30:23,1.7,1500,416600
20240111,09:30:30,1.7,1000,416600
20240111,09:30:37,1.75,1300,416600
20240111,09:30:45,1.7,11150,416600
20240111,09:31:06,1.7,1500,416600
20240111,09:31:14,1.7,100,416600
20240111,09:31:29,1.7,250,416600
20240111,09:31:37,1.65,400,416600
20240111,09:31:44,1.65,500,416600
20240111,09:31:52,1.65,150,416600
20240111,09:32:00,1.6,4800,416600
20240111,09:32:08,1.6,450,416600
20240111,09:32:16,1.6,700,416600
20240111,09:32:25,1.6,2350,416600
20240111,09:32:34,1.6,2050,430850
20240111,09:32:42,1.6,7850,430850
20240111,09:32:50,1.65,1250,430850
20240111,09:32:58,1.65,250,430850
20240111,09:33:06,1.65,1250,430850
20240111,09:33:47,1.65,2750,430850
20240111,09:33:55,1.7,100,430850
20240111,09:34:11,1.7,150,430850
20240111,09:34:34,1.65,1100,430850
20240111,09:34:41,1.65,850,430850
20240111,09:34:57,1.65,100,430850
20240111,09:35:13,1.65,50,430850
20240111,09:35:43,1.7,200,432850
20240111,09:36:05,1.7,200,432850
20240111,09:36:49,1.7,700,432850
20240111,09:36:56,1.7,1850,432850
20240111,09:37:04,1.7,50,432850
20240111,09:37:12,1.7,650,432850
20240111,09:37:27,1.7,150,432850
20240111,09:37:34,1.7,100,432850
20240111,09:38:18,1.65,10900,432850
20240111,09:38:25,1.65,1650,432850
20240111,09:38:32,1.6,550,432850
20240111,09:38:39,1.65,550,443100
20240111,09:39:08,1.6,800,443100
20240111,09:39:15,1.65,900,443100
20240111,09:39:21,1.7,200,443100
20240111,09:39:28,1.65,100,443100
20240111,09:39:41,1.7,1200,443100
20240111,09:40:02,1.7,200,443100
20240111,09:40:33,1.7,2000,443100
20240111,09:40:41,1.7,6650,443100
20240111,09:40:56,1.65,50,443100
20240111,09:41:03,1.7,1600,443100
20240111,09:41:10,1.7,850,443100
20240111,09:41:17,1.7,1500,443100
20240111,09:41:23,1.65,1000,443100
20240111,09:41:36,1.65,100,450850
20240111,09:42:25,1.65,3800,450850
20240111,09:42:33,1.65,4300,450850
20240111,09:43:04,1.65,300,450850
20240111,09:44:15,1.7,500,450850
20240111,09:44:30,1.65,1100,450850
20240111,09:44:37,1.65,1000,460450
20240111,09:44:51,1.65,500,460450
20240111,09:45:07,1.65,250,460450
20240111,09:45:22,1.65,100,460450
20240111,09:45:38,1.7,200,460450
20240111,09:46:15,1.65,3600,460450
20240111,09:46:38,1.65,3700,460450
20240111,09:46:52,1.65,1200,460450
20240111,09:47:28,1.7,250,460450
20240111,09:48:13,1.7,250,467000
20240111,09:49:02,1.7,100,467000
20240111,09:49:38,1.65,5400,467000
20240111,09:49:44,1.7,50,467000
20240111,09:50:13,1.7,150,467000
20240111,09:51:27,1.65,1500,467350
20240111,09:51:34,1.65,50,467350
20240111,09:51:40,1.7,1850,467350
20240111,09:51:48,1.7,6350,467350
20240111,09:51:55,1.8,12000,467350
20240111,09:52:02,1.8,11350,467350
20240111,09:52:09,1.75,7300,467350
20240111,09:53:10,1.7,50,467350
20240111,09:53:37,1.75,500,467350
20240111,09:53:51,1.7,450,495450
20240111,09:54:07,1.75,1600,495450
20240111,09:54:16,1.75,400,495450
20240111,09:54:23,1.75,400,495450
20240111,09:54:29,1.75,250,495450
20240111,09:54:36,1.75,50,495450
20240111,09:54:49,1.75,250,495450
20240111,09:54:56,1.75,700,495450
20240111,09:55:12,1.7,50,495450
20240111,09:55:20,1.75,50,495450
20240111,09:55:28,1.75,1250,495450
20240111,09:55:50,1.75,50,495450
20240111,09:56:06,1.75,200,495450
20240111,09:56:35,1.7,3600,491550
20240111,09:56:42,1.7,1800,491550
20240111,09:56:49,1.75,950,491550
20240111,09:56:56,1.7,100,491550
20240111,09:57:02,1.7,100,491550
20240111,09:57:15,1.7,100,491550
20240111,09:57:22,1.7,100,491550
20240111,09:57:35,1.7,100,491550
20240111,09:57:42,1.7,100,491550
20240111,09:57:56,1.7,100,491550
20240111,09:58:02,1.7,100,491550
20240111,09:58:09,1.7,150,491550
20240111,09:58:16,1.7,750,491550
20240111,09:58:30,1.7,500,491550
20240111,09:58:38,1.7,100,491550
20240111,09:58:53,1.7,150,491550
20240111,09:59:00,1.7,100,491550
20240111,09:59:07,1.7,150,491550
20240111,09:59:21,1.7,100,491550
20240111,09:59:28,1.7,100,491550
20240111,09:59:35,1.7,150,488800
20240111,09:59:49,1.7,100,488800
20240111,09:59:56,1.7,100,488800
20240111,10:00:03,1.7,100,488800
20240111,10:00:17,1.7,650,488800
20240111,10:00:25,1.7,100,488800
20240111,10:02:10,1.75,400,488800
20240111,10:02:34,1.75,50,488800
20240111,10:02:57,1.75,100,488250
20240111,10:04:07,1.7,50,488250
20240111,10:04:27,1.75,2400,488250
20240111,10:04:34,1.7,250,488250
20240111,10:05:49,1.75,50,488100
20240111,10:06:09,1.7,900,488100
20240111,10:07:28,1.75,600,488100
20240111,10:08:22,1.75,1000,488100
20240111,10:09:14,1.75,50,488150
20240111,10:09:37,1.75,50,488150
20240111,10:09:44,1.7,500,488150
20240111,10:10:13,1.75,150,488150
20240111,10:10:19,1.75,150,488150
20240111,10:10:46,1.75,1200,488150
20240111,10:10:53,1.75,1250,488150
20240111,10:11:08,1.75,1250,488150
20240111,10:11:16,1.75,100,488150
20240111,10:11:23,1.75,250,488150
20240111,10:11:30,1.75,50,488150
20240111,10:11:38,1.75,50,491350
20240111,10:11:45,1.75,50,491350
20240111,10:11:53,1.7,4450,491350
20240111,10:12:01,1.65,4350,491350
20240111,10:12:09,1.7,7100,491350
20240111,10:12:16,1.65,5050,491350
20240111,10:12:23,1.65,4150,491350
20240111,10:12:29,1.65,3100,491350
20240111,10:12:30,1.65,1250,491350
20240111,10:12:32,1.65,1600,491350
20240111,10:12:34,1.65,750,491350
20240111,10:12:35,1.65,1650,491350
20240111,10:12:37,1.6,650,491350
20240111,10:12:39,1.6,350,491350
20240111,10:12:40,1.6,1600,491350
20240111,10:12:42,1.6,5950,491350
20240111,10:12:43,1.6,2850,491350
20240111,10:12:45,1.6,1500,491350
20240111,10:12:47,1.6,1450,491350
20240111,10:12:48,1.6,1400,491350
20240111,10:12:50,1.6,1250,491350
20240111,10:12:52,1.6,2800,491350
20240111,10:12:53,1.6,700,491350
20240111,10:12:55,1.6,350,491350
20240111,10:12:57,1.6,500,491350
20240111,10:12:58,1.6,800,491350
20240111,10:13:00,1.6,750,491350
20240111,10:13:02,1.6,1350,491350
20240111,10:13:03,1.6,800,491350
20240111,10:13:05,1.6,1350,491350
20240111,10:13:07,1.6,2800,491350
20240111,10:13:08,1.6,1250,491350
20240111,10:13:10,1.6,1100,491350
20240111,10:13:12,1.6,1100,491350
20240111,10:13:13,1.6,1250,491350
20240111,10:13:15,1.6,900,491350
20240111,10:13:17,1.6,700,491350
20240111,10:13:40,1.65,100,491350
20240111,10:13:56,1.65,150,491350
20240111,10:14:23,1.65,1000,491350
20240111,10:15:19,1.65,100,472400
20240111,10:15:50,1.65,500,472400
20240111,10:16:12,1.65,1000,472400
20240111,10:16:21,1.65,4000,472400
20240111,10:16:28,1.7,400,472400
20240111,10:16:52,1.65,200,472400
20240111,10:18:02,1.7,200,477200
20240111,10:20:20,1.65,1200,477200
20240111,10:21:17,1.65,1750,477400
20240111,10:21:24,1.7,400,477400
20240111,10:21:45,1.65,300,477400
20240111,10:21:59,1.65,500,477400
20240111,10:22:06,1.7,200,477400
20240111,10:22:53,1.7,100,477400
20240111,10:23:32,1.65,250,477400
20240111,10:23:38,1.65,250,477400
20240111,10:23:57,1.65,250,477950
20240111,10:24:03,1.65,700,477950
20240111,10:25:30,1.65,1150,477950
20240111,10:25:56,1.65,200,477950
20240111,10:26:14,1.65,600,477950
20240111,10:26:21,1.7,150,477950
20240111,10:26:27,1.65,100,477950
20240111,10:26:40,1.65,500,478200
20240111,10:27:34,1.65,300,478200
20240111,10:27:40,1.65,750,478200
20240111,10:28:13,1.65,250,478200
20240111,10:28:31,1.65,500,478200
20240111,10:29:06,1.7,50,478200
20240111,10:29:12,1.7,500,478200
20240111,10:30:36,1.65,250,478450
20240111,10:31:34,1.65,1400,478450
20240111,10:32:40,1.65,350,478450
20240111,10:33:07,1.65,600,480450
20240111,10:33:20,1.65,250,480450
20240111,10:33:26,1.65,250,480450
20240111,10:33:33,1.65,250,480450
20240111,10:34:09,1.65,50,480450
20240111,10:34:43,1.7,1000,480450
20240111,10:34:56,1.65,1000,480450
20240111,10:35:02,1.65,50,480450
20240111,10:35:09,1.65,200,480450
20240111,10:35:22,1.65,200,480450
20240111,10:35:30,1.65,150,480450
20240111,10:35:49,1.65,650,479650
20240111,10:36:01,1.65,150,479650
20240111,10:36:14,1.65,500,479650
20240111,10:36:38,1.65,500,479650
20240111,10:36:56,1.65,1900,479650
20240111,10:37:41,1.65,500,479650
20240111,10:37:47,1.65,1800,479650
20240111,10:37:59,1.6,100,479650
20240111,10:38:05,1.65,1800,479650
20240111,10:38:11,1.65,1000,479650
20240111,10:38:17,1.65,1400,479650
20240111,10:38:30,1.6,100,479650
20240111,10:38:38,1.65,8650,479650
20240111,10:38:44,1.65,1250,486750
20240111,10:40:02,1.7,50,486750
20240111,10:40:08,1.65,1000,486750
20240111,10:40:19,1.7,50,486750
20240111,10:40:39,1.65,100,486750
20240111,10:40:46,1.65,100,486750
20240111,10:41:23,1.7,300,486750
20240111,10:41:46,1.65,100,486950
20240111,10:42:36,1.7,100,486950
20240111,10:42:43,1.65,100,486950
20240111,10:43:55,1.7,200,486950
20240111,10:44:07,1.65,200,486950
20240111,10:44:13,1.65,400,486950
20240111,10:44:25,1.7,100,486950
20240111,10:44:37,1.7,100,486950
20240111,10:45:44,1.7,100,487750
20240111,10:46:12,1.65,1000,487750
20240111,10:46:40,1.65,1000,487750
20240111,10:46:57,1.65,50,487750
20240111,10:47:18,1.7,100,487750
20240111,10:47:35,1.7,500,487750
20240111,10:48:17,1.65,200,490450
20240111,10:51:11,1.7,1500,490650
20240111,10:51:16,1.7,200,490650
20240111,10:51:38,1.7,350,490650
20240111,10:52:08,1.7,50,490650
20240111,10:52:25,1.7,50,490650
20240111,10:52:29,1.7,100,490650
20240111,10:53:08,1.7,100,490650
20240111,10:53:47,1.65,100,493000
20240111,10:54:42,1.7,500,493000
20240111,10:55:05,1.65,3000,493000
20240111,10:55:23,1.65,18000,493000
20240111,10:55:46,1.7,100,493000
20240111,10:56:23,1.7,100,493000
20240111,10:57:04,1.7,50,514600
20240111,10:59:20,1.65,100,514600
20240111,11:00:13,1.7,300,514650
20240111,11:00:18,1.7,500,514650
20240111,11:00:29,1.65,1500,514650
20240111,11:00:59,1.7,2050,514650
20240111,11:01:04,1.7,3950,514650
20240111,11:01:09,1.7,600,514650
20240111,11:01:14,1.75,650,514650
20240111,11:01:19,1.7,600,514650
20240111,11:01:24,1.7,500,514650
20240111,11:02:29,1.75,100,514650
20240111,11:03:35,1.75,100,520700
20240111,11:04:37,1.75,50,520700
20240111,11:04:45,1.7,3600,520700
20240111,11:04:49,1.7,7350,520700
20240111,11:04:54,1.7,1400,520700
20240111,11:04:58,1.7,800,520700
20240111,11:05:08,1.7,1800,520700
20240111,11:05:13,1.7,3600,520700
20240111,11:05:18,1.7,600,520700
20240111,11:05:28,1.7,350,520700
20240111,11:05:58,1.7,250,524650
20240111,11:06:18,1.7,500,524650
20240111,11:06:39,1.7,250,524650
20240111,11:06:43,1.7,250,524650
20240111,11:07:25,1.7,3200,524650
20240111,11:07:43,1.7,3200,524650
20240111,11:08:06,1.7,500,524650
20240111,11:08:39,1.75,500,524650
20240111,11:08:43,1.75,1000,524650
20240111,11:08:52,1.75,100,521750
20240111,11:09:05,1.75,750,521750
20240111,11:09:32,1.75,100,521750
20240111,11:10:20,1.7,9000,521750
20240111,11:10:36,1.75,100,521750
20240111,11:10:48,1.7,1800,521750
20240111,11:10:54,1.7,1800,521750
20240111,11:11:33,1.7,7200,521750
20240111,11:11:43,1.7,1800,521750
20240111,11:11:48,1.7,1800,521750
20240111,11:12:12,1.7,1800,532200
20240111,11:12:20,1.7,650,532200
20240111,11:13:30,1.7,50,532200
20240111,11:14:50,1.7,350,532900
20240111,11:15:42,1.7,1800,532900
20240111,11:15:50,1.7,1800,532900
20240111,11:17:07,1.65,100,532900
20240111,11:17:24,1.65,100,532900
20240111,11:18:33,1.65,300,535350
20240111,11:19:46,1.65,100,535350
20240111,11:20:31,1.65,100,535350
20240111,11:20:35,1.65,100,535350
20240111,11:20:40,1.65,100,535350
20240111,11:23:14,1.7,100,535350
20240111,11:24:28,1.7,250,535450
20240111,11:25:00,1.7,50,535450
20240111,11:25:47,1.65,500,535450
20240111,11:26:31,1.65,600,535450
20240111,11:28:26,1.65,50,536350
20240111,11:29:23,1.7,1000,536350
20240111,11:29:42,1.7,1000,536350
20240111,11:29:56,1.65,100,538400
20240111,11:29:58,1.7,2000,538400
20240111,11:30:15,1.7,1000,538400
20240111,11:30:33,1.65,550,538400
20240111,11:30:40,1.65,250,538400
20240111,11:30:48,1.65,450,538400
20240111,11:30:54,1.7,150,538400
20240111,11:31:07,1.7,3600,538400
20240111,11:31:13,1.7,3600,538400
20240111,11:31:19,1.7,300,538400
20240111,11:31:59,1.65,600,538400
20240111,11:36:47,1.65,1000,540900
20240111,11:37:19,1.65,3200,540900
20240111,11:37:43,1.7,3100,540900
20240111,11:39:41,1.65,50,547200
20240111,11:40:00,1.65,300,547200
20240111,11:41:21,1.7,100,547200
20240111,11:41:23,1.7,100,547200
20240111,11:43:28,1.65,300,547200
20240111,11:44:28,1.7,1800,547550
20240111,11:45:35,1.65,100,547850
20240111,11:45:48,1.65,2600,547850
20240111,11:46:11,1.65,100,547850
20240111,11:46:41,1.65,4200,547850
20240111,11:46:55,1.65,3600,547850
20240111,11:46:58,1.65,2400,547850
20240111,11:47:08,1.65,2200,547850
20240111,11:47:12,1.65,5200,547850
20240111,11:47:18,1.65,1000,547850
20240111,11:47:36,1.7,5000,547850
20240111,11:48:07,1.65,400,547850
20240111,11:48:10,1.6,4200,572400
20240111,11:48:55,1.6,2000,572400
20240111,11:49:07,1.6,2000,572400
20240111,11:50:08,1.7,1500,572400
20240111,11:50:35,1.7,500,572400
20240111,11:50:38,1.6,50,572400
20240111,11:50:46,1.7,1000,572400
20240111,11:51:13,1.7,1000,576200
20240111,11:52:04,1.65,3800,576200
20240111,11:52:10,1.65,7400,576200
20240111,11:53:25,1.7,200,576200
20240111,11:54:00,1.6,5400,587400
20240111,11:54:06,1.6,1600,587400
20240111,11:55:22,1.65,250,587400
20240111,11:55:32,1.65,250,587400
20240111,11:55:53,1.65,800,587400
20240111,11:57:18,1.65,250,593100
20240111,11:57:31,1.65,4500,593100
20240111,11:59:41,1.6,1800,593100
20240111,11:59:55,1.65,1400,588350
20240111,12:00:10,1.65,1500,588350
20240111,12:00:43,1.65,3300,588350
20240111,12:00:48,1.65,6250,588350
20240111,12:00:53,1.65,100,588350
20240111,12:01:11,1.65,2100,588350
20240111,12:01:19,1.65,1050,588350
20240111,12:01:27,1.65,3600,588350
20240111,12:01:53,1.65,850,588350
20240111,12:03:30,1.6,50,595800
20240111,12:04:10,1.65,500,595800
20240111,12:06:13,1.8,33700,595350
20240111,12:06:19,1.8,12600,595350
20240111,12:06:28,1.7,1000,595350
20240111,12:06:32,1.75,9950,595350
20240111,12:06:46,1.7,1000,595350
20240111,12:06:59,1.7,350,595350
20240111,12:07:04,1.75,9000,595350
20240111,12:08:01,1.7,600,595350
20240111,12:08:10,1.7,600,595350
20240111,12:08:23,1.8,950,595350
20240111,12:10:01,1.7,2800,644900
20240111,12:10:41,1.7,150,644900
20240111,12:10:49,1.8,14400,644900
20240111,12:10:55,1.75,24800,644900
20240111,12:12:19,1.75,1500,674350
20240111,12:12:23,1.75,1500,674350
20240111,12:12:34,1.7,5400,674350
20240111,12:12:39,1.7,1800,674350
20240111,12:13:19,1.7,1800,674350
20240111,12:13:24,1.75,250,674350
20240111,12:13:53,1.75,1350,674350
20240111,12:14:03,1.75,250,674350
20240111,12:14:15,1.75,100,674350
20240111,12:14:56,1.75,500,674350
20240111,12:15:02,1.7,2200,673200
20240111,12:15:14,1.65,18000,673200
20240111,12:15:20,1.7,5950,673200
20240111,12:15:26,1.7,250,673200
20240111,12:15:37,1.7,50,673200
20240111,12:15:47,1.65,1800,673200
20240111,12:16:11,1.7,500,673200
20240111,12:16:24,1.7,500,673200
20240111,12:16:31,1.7,300,673200
20240111,12:17:02,1.6,9000,673200
20240111,12:17:09,1.6,5400,673200
20240111,12:17:40,1.6,1800,673200
20240111,12:18:00,1.7,50,691900
20240111,12:20:16,1.7,50,691900
20240111,12:20:28,1.7,5400,691900
20240111,12:20:32,1.7,12600,691900
20240111,12:21:25,1.7,250,700150
20240111,12:21:58,1.75,3600,700150
20240111,12:22:59,1.75,400,700150
20240111,12:25:50,1.75,350,702300
20240111,12:28:20,1.75,1300,702650
20240111,12:30:46,1.7,50,703950
20240111,12:31:47,1.75,200,703950
20240111,12:32:44,1.75,50,703950
20240111,12:33:02,1.7,100,704250
20240111,12:34:15,1.7,600,704250
20240111,12:34:34,1.75,150,704250
20240111,12:35:10,1.75,200,704250
20240111,12:35:19,1.75,1800,704250
20240111,12:35:31,1.7,200,704250
20240111,12:35:35,1.7,200,704250
20240111,12:35:44,1.65,7800,704250
20240111,12:35:49,1.65,1600,704250
20240111,12:35:56,1.7,350,704250
20240111,12:36:14,1.7,350,713850
20240111,12:36:25,1.7,1900,713850
20240111,12:36:39,1.65,2050,713850
20240111,12:37:16,1.7,500,713850
20240111,12:37:57,1.7,3250,713850
20240111,12:38:32,1.7,1800,713850
20240111,12:39:35,1.65,150,717650
20240111,12:40:00,1.75,50,717650
20240111,12:40:16,1.75,1800,717650
20240111,12:41:21,1.7,1800,717650
20240111,12:41:27,1.7,3350,717650
20240111,12:42:20,1.7,750,716300
20240111,12:43:17,1.7,950,716300
20240111,12:43:25,1.7,1800,716300
20240111,12:43:41,1.7,1800,716300
20240111,12:43:47,1.7,50,716300
20240111,12:44:02,1.7,1800,716300
20240111,12:44:20,1.7,250,716300
20240111,12:45:06,1.75,7200,718350
20240111,12:45:13,1.75,5800,718350
20240111,12:45:21,1.75,950,718350
20240111,12:45:30,1.75,5400,718350
20240111,12:45:33,1.8,3850,718350
20240111,12:45:44,1.8,2250,718350
20240111,12:45:52,1.75,250,718350
20240111,12:45:57,1.75,500,718350
20240111,12:46:00,1.8,1800,718350
20240111,12:46:02,1.75,2650,718350
20240111,12:46:05,1.75,250,718350
20240111,12:46:12,1.8,3750,718350
20240111,12:46:16,1.8,2700,718350
20240111,12:46:22,1.75,600,718350
20240111,12:46:35,1.8,500,718350
20240111,12:47:03,1.8,3700,718350
20240111,12:47:17,1.75,900,718350
20240111,12:47:19,1.8,1050,718350
20240111,12:47:41,1.75,3650,718350
20240111,12:47:42,1.7,2800,718350
20240111,12:47:59,1.7,600,745100
20240111,12:48:15,1.7,1750,745100
20240111,12:48:39,1.75,1800,745100
20240111,12:48:41,1.75,1800,745100
20240111,12:48:42,1.75,1250,745100
20240111,12:48:53,1.8,3200,745100
20240111,12:48:54,1.8,550,745100
20240111,12:48:55,1.8,50,745100
20240111,12:49:10,1.75,1250,745100
20240111,12:49:22,1.75,400,745100
20240111,12:49:55,1.8,50,745100
20240111,12:49:58,1.75,1800,745100
20240111,12:50:35,1.8,150,745100
20240111,12:50:48,1.75,600,745100
20240111,12:51:46,1.75,1950,753550
20240111,12:51:50,1.7,1100,753550
20240111,12:52:25,1.75,600,753550
20240111,12:52:27,1.75,50,753550
20240111,12:52:30,1.75,600,753550
20240111,12:52:32,1.75,2000,753550
20240111,12:52:35,1.75,650,753550
20240111,12:52:38,1.75,600,753550
20240111,12:52:41,1.75,1000,753550
20240111,12:52:44,1.75,1000,753550
20240111,12:53:22,1.7,1800,753550
20240111,12:53:47,1.7,750,753550
20240111,12:54:08,1.75,50,762950
20240111,12:54:21,1.75,350,762950
20240111,12:54:24,1.75,50,762950
20240111,12:54:29,1.75,50,762950
20240111,12:54:32,1.75,50,762950
20240111,12:54:37,1.75,50,762950
20240111,12:54:40,1.7,1800,762950
20240111,12:54:42,1.7,500,762950
20240111,12:54:45,1.75,50,762950
20240111,12:54:47,1.75,50,762950
20240111,12:54:50,1.7,1850,762950
20240111,12:54:55,1.75,50,762950
20240111,12:55:00,1.75,50,762950
20240111,12:55:03,1.75,150,762950
20240111,12:55:06,1.75,50,762950
20240111,12:55:10,1.75,50,762950
20240111,12:55:21,1.7,600,762950
20240111,12:55:28,1.75,150,762950
20240111,12:55:43,1.75,1900,762950
20240111,12:55:51,1.75,50,762950
20240111,12:55:59,1.75,50,762950
20240111,12:56:09,1.75,250,762950
20240111,12:56:17,1.75,250,762950
20240111,12:56:25,1.7,550,762950
20240111,12:56:32,1.75,100,762950
20240111,12:56:39,1.75,1200,762950
20240111,12:56:46,1.75,150,762950
20240111,12:56:53,1.75,250,762950
20240111,12:57:00,1.75,50,763500
20240111,12:57:07,1.75,150,763500
20240111,12:57:14,1.7,100,763500
20240111,12:57:22,1.7,200,763500
20240111,12:57:29,1.75,750,763500
20240111,12:57:36,1.75,650,763500
20240111,12:57:42,1.75,100,763500
20240111,12:57:49,1.75,150,763500
20240111,12:57:56,1.75,150,763500
20240111,12:58:03,1.75,50,763500
20240111,12:58:10,1.75,150,763500
20240111,12:58:17,1.75,3100,763500
20240111,12:58:24,1.75,50,763500
20240111,12:58:30,1.75,100,763500
20240111,12:58:36,1.7,3000,763500
20240111,12:58:41,1.75,100,763500
20240111,12:58:44,1.75,50,763500
20240111,12:58:47,1.75,100,763500
20240111,12:58:52,1.75,50,763500
20240111,12:58:54,1.75,50,763500
20240111,12:58:58,1.75,50,763500
20240111,12:59:01,1.75,50,763500
20240111,12:59:08,1.75,100,763500
20240111,12:59:10,1.75,50,763500
20240111,12:59:13,1.75,100,763500
20240111,12:59:17,1.75,800,763500
20240111,12:59:25,1.75,450,763500
20240111,12:59:39,1.75,150,763500
20240111,12:59:43,1.75,300,763500
20240111,12:59:46,1.75,150,763500
20240111,12:59:50,1.75,100,763500
20240111,13:00:00,1.75,200,763500
20240111,13:00:12,1.75,150,766500
20240111,13:00:19,1.75,150,766500
20240111,13:00:23,1.75,50,766500
20240111,13:00:25,1.75,50,766500
20240111,13:00:29,1.75,100,766500
20240111,13:00:31,1.75,50,766500
20240111,13:00:34,1.75,50,766500
20240111,13:00:41,1.75,50,766500
20240111,13:00:51,1.75,50,766500
20240111,13:00:54,1.75,50,766500
20240111,13:00:56,1.75,1000,766500
20240111,13:01:10,1.75,2000,766500
20240111,13:01:16,1.75,350,766500
20240111,13:01:18,1.75,1150,766500
20240111,13:01:30,1.75,1200,766500
20240111,13:01:38,1.75,150,766500
20240111,13:02:26,1.75,1250,766500
20240111,13:02:30,1.75,250,766500
20240111,13:03:01,1.75,1100,766500
20240111,13:03:09,1.75,500,765700
20240111,13:03:24,1.75,600,765700
20240111,13:03:29,1.75,2850,765700
20240111,13:04:40,1.75,150,765700
20240111,13:04:46,1.7,250,765700
20240111,13:06:46,1.7,1500,769000
20240111,13:06:48,1.7,1500,769000
20240111,13:06:54,1.7,500,769000
20240111,13:07:15,1.7,250,769000
20240111,13:07:17,1.7,150,769000
20240111,13:07:21,1.75,250,769000
20240111,13:07:33,1.7,100,769000
20240111,13:07:42,1.7,100,769000
20240111,13:08:30,1.75,100,769000
20240111,13:11:19,1.75,500,773050
20240111,13:11:38,1.7,950,773050
20240111,13:12:06,1.7,750,773750
20240111,13:12:34,1.7,600,773750
20240111,13:12:44,1.65,1800,773750
20240111,13:12:52,1.7,1200,773750
20240111,13:12:56,1.7,1000,773750
20240111,13:13:01,1.7,250,773750
20240111,13:13:27,1.75,300,773750
20240111,13:13:30,1.7,4400,773750
20240111,13:13:35,1.75,300,773750
20240111,13:13:41,1.7,1800,773750
20240111,13:13:48,1.7,50,773750
20240111,13:13:54,1.7,4000,773750
20240111,13:14:03,1.7,1850,773750
20240111,13:14:11,1.7,400,773750
20240111,13:14:18,1.7,50,773750
20240111,13:14:21,1.7,50,773750
20240111,13:14:23,1.7,1000,773750
20240111,13:14:27,1.7,100,773750
20240111,13:14:32,1.75,50,773750
20240111,13:14:37,1.75,50,773750
20240111,13:14:42,1.7,100,773750
20240111,13:14:45,1.7,50,773750
20240111,13:14:49,1.7,150,773750
20240111,13:14:52,1.65,1800,773750
20240111,13:14:54,1.65,350,773750
20240111,13:14:57,1.65,50,773750
20240111,13:14:59,1.65,150,773750
20240111,13:15:02,1.65,50,773750
20240111,13:15:07,1.7,3900,778000
20240111,13:15:15,1.65,50,778000
20240111,13:15:17,1.65,50,778000
20240111,13:15:22,1.65,150,778000
20240111,13:15:34,1.7,200,778000
20240111,13:15:51,1.65,50,778000
20240111,13:16:09,1.65,1800,778000
20240111,13:16:18,1.65,150,778000
20240111,13:16:31,1.65,50,778000
20240111,13:16:34,1.7,1150,778000
20240111,13:16:37,1.7,100,778000
20240111,13:16:39,1.65,1600,778000
20240111,13:16:59,1.7,200,778000
20240111,13:17:01,1.7,300,778000
20240111,13:17:36,1.65,50,778000
20240111,13:17:53,1.7,500,778000
20240111,13:18:15,1.65,1400,778000
20240111,13:18:18,1.7,500,776450
20240111,13:18:45,1.7,900,776450
20240111,13:19:16,1.65,1000,776450
20240111,13:19:20,1.65,500,776450
20240111,13:19:27,1.65,1800,776450
20240111,13:19:30,1.65,100,776450
20240111,13:19:35,1.65,50,776450
20240111,13:19:52,1.65,2000,776450
20240111,13:20:03,1.65,500,776450
20240111,13:20:09,1.65,150,776450
20240111,13:20:13,1.65,50,776450
20240111,13:20:16,1.65,100,776450
20240111,13:20:20,1.6,1800,776450
20240111,13:20:22,1.6,50,776450
20240111,13:20:29,1.6,900,776450
20240111,13:20:42,1.6,150,776450
20240111,13:20:56,1.6,1400,776450
20240111,13:20:57,1.6,1800,776450
20240111,13:20:59,1.6,1800,776450
20240111,13:21:06,1.6,50,787650
20240111,13:21:17,1.6,50,787650
20240111,13:21:31,1.6,150,787650
20240111,13:21:35,1.6,50,787650
20240111,13:21:55,1.65,200,787650
20240111,13:22:20,1.6,50,787650
20240111,13:22:26,1.6,1800,787650
20240111,13:22:47,1.65,3000,787650
20240111,13:22:48,1.65,6150,787650
20240111,13:22:50,1.7,150,787650
20240111,13:22:54,1.65,900,787650
20240111,13:22:57,1.7,550,787650
20240111,13:23:09,1.65,300,787650
20240111,13:23:13,1.65,150,787650
20240111,13:23:16,1.65,150,787650
20240111,13:23:20,1.65,200,787650
20240111,13:23:26,1.6,1400,787650
20240111,13:23:31,1.6,1250,787650
20240111,13:23:36,1.6,800,787650
20240111,13:23:52,1.6,50,787650
20240111,13:23:55,1.6,100,787650
20240111,13:24:02,1.6,50,787650
20240111,13:24:05,1.6,50,787650
20240111,13:24:12,1.6,50,794550
20240111,13:24:14,1.6,250,794550
20240111,13:24:19,1.6,50,794550
20240111,13:24:22,1.6,50,794550
20240111,13:24:27,1.6,100,794550
20240111,13:24:34,1.6,300,794550
20240111,13:24:37,1.6,250,794550
20240111,13:24:39,1.6,100,794550
20240111,13:24:54,1.6,150,794550
20240111,13:25:01,1.6,50,794550
20240111,13:25:03,1.6,50,794550
20240111,13:25:06,1.6,400,794550
20240111,13:25:12,1.6,50,794550
20240111,13:25:21,1.6,100,794550
20240111,13:25:24,1.6,100,794550
20240111,13:25:27,1.6,100,794550
20240111,13:26:23,1.6,1800,794550
20240111,13:26:33,1.6,1800,794550
20240111,13:26:56,1.6,1800,794550
20240111,13:26:58,1.65,50,794550
20240111,13:27:03,1.6,200,794550
20240111,13:27:05,1.6,500,801200
20240111,13:27:16,1.6,1250,801200
20240111,13:27:50,1.6,250,801200
20240111,13:28:02,1.6,400,801200
20240111,13:28:30,1.6,1800,801200
20240111,13:28:37,1.6,1800,801200
20240111,13:28:39,1.6,750,801200
20240111,13:29:26,1.6,1800,801200
20240111,13:29:35,1.6,1800,801200
20240111,13:29:38,1.6,250,801200
20240111,13:29:41,1.6,1800,801200
20240111,13:29:44,1.6,1800,801200
20240111,13:30:18,1.6,6000,813150
20240111,13:30:22,1.6,1350,813150
20240111,13:30:34,1.65,13600,813150
20240111,13:30:42,1.65,6000,813150
20240111,13:30:46,1.65,3050,813150
20240111,13:30:50,1.65,1450,813150
20240111,13:30:55,1.65,300,813150
20240111,13:30:58,1.65,250,813150
20240111,13:31:05,1.65,800,813150
20240111,13:31:15,1.65,2400,813150
20240111,13:31:18,1.65,1300,813150
20240111,13:31:20,1.6,50,813150
20240111,13:31:48,1.6,50,813150
20240111,13:32:03,1.6,150,813150
20240111,13:32:38,1.6,1800,813150
20240111,13:32:43,1.6,1800,813150
20240111,13:32:50,1.6,1800,813150
20240111,13:33:08,1.6,2350,842700
20240111,13:33:32,1.65,50,842700
20240111,13:33:34,1.6,1800,842700
20240111,13:33:39,1.6,1800,842700
20240111,13:33:54,1.6,1000,842700
20240111,13:34:17,1.65,4100,842700
20240111,13:34:40,1.65,350,842700
20240111,13:34:54,1.6,1500,842700
20240111,13:34:58,1.65,200,842700
20240111,13:36:17,1.6,1650,843900
20240111,13:36:43,1.6,100,843900
20240111,13:37:23,1.65,50,843900
20240111,13:37:28,1.6,1800,843900
20240111,13:38:12,1.6,600,843900
20240111,13:38:28,1.6,5000,843900
20240111,13:38:36,1.6,50,843900
20240111,13:39:11,1.65,800,852650
20240111,13:39:35,1.6,1750,852650
20240111,13:39:37,1.65,100,852650
20240111,13:40:17,1.65,200,852650
20240111,13:40:26,1.6,200,852650
20240111,13:40:50,1.6,50,852650
20240111,13:41:03,1.65,400,852650
20240111,13:41:08,1.65,200,852650
20240111,13:41:36,1.6,1000,852650
20240111,13:41:40,1.6,100,852650
20240111,13:42:00,1.65,50,852650
20240111,13:42:09,1.65,250,855350
20240111,13:42:44,1.6,300,855350
20240111,13:43:04,1.6,200,855350
20240111,13:43:19,1.6,1000,855350
20240111,13:43:25,1.6,2100,855350
20240111,13:43:32,1.65,250,855350
20240111,13:43:40,1.65,1500,855350
20240111,13:43:57,1.7,150,855350
20240111,13:44:05,1.7,450,855350
20240111,13:44:41,1.7,100,855350
20240111,13:44:46,1.65,1000,855350
20240111,13:44:59,1.65,1100,855350
20240111,13:46:16,1.6,1800,859350
20240111,13:46:22,1.65,200,859350
20240111,13:46:36,1.65,2000,859350
20240111,13:47:06,1.65,100,859350
20240111,13:48:06,1.65,3000,859350
20240111,13:48:26,1.7,500,862100
20240111,13:48:27,1.7,500,862100
20240111,13:48:30,1.7,1500,862100
20240111,13:48:49,1.7,500,862100
20240111,13:48:52,1.7,500,862100
20240111,13:49:20,1.65,1800,862100
20240111,13:49:32,1.65,750,862100
20240111,13:49:38,1.65,300,862100
20240111,13:50:07,1.65,100,862100
20240111,13:50:13,1.65,1000,862100
20240111,13:50:57,1.6,1800,862100
20240111,13:51:35,1.65,1500,869500
20240111,13:52:05,1.6,500,869500
20240111,13:52:37,1.6,1800,869500
20240111,13:52:40,1.6,50,869500
20240111,13:52:43,1.6,1800,869500
20240111,13:52:46,1.6,50,869500
20240111,13:52:47,1.6,50,869500
20240111,13:52:58,1.65,150,869500
20240111,13:53:18,1.6,550,869500
20240111,13:53:51,1.6,700,869500
20240111,13:53:57,1.6,1800,869500
20240111,13:54:30,1.6,500,877850
20240111,13:55:13,1.6,550,877850
20240111,13:55:31,1.6,1450,877850
20240111,13:56:46,1.6,1800,877850
20240111,13:56:49,1.6,50,877850
20240111,13:57:13,1.6,50,881100
20240111,13:57:19,1.6,2450,881100
20240111,13:57:27,1.6,1100,881100
20240111,13:57:53,1.65,100,881100
20240111,13:57:59,1.65,50,881100
20240111,13:58:07,1.65,50,881100
20240111,13:58:10,1.6,1000,881100
20240111,13:58:40,1.6,1800,881100
20240111,13:59:25,1.6,550,881100
20240111,13:59:34,1.6,1000,881100
20240111,14:00:19,1.6,400,881100
20240111,14:00:29,1.6,1800,889000
20240111,14:00:45,1.6,750,889000
20240111,14:00:49,1.6,1550,889000
20240111,14:00:52,1.6,1800,889000
20240111,14:01:01,1.6,1300,889000
20240111,14:01:06,1.6,1800,889000
20240111,14:01:14,1.6,250,889000
20240111,14:01:18,1.6,800,889000
20240111,14:01:27,1.6,1800,889000
20240111,14:01:30,1.6,3350,889000
20240111,14:01:32,1.6,1800,889000
20240111,14:01:34,1.6,1000,889000
20240111,14:01:36,1.65,2450,889000
20240111,14:01:38,1.6,550,889000
20240111,14:01:40,1.6,1800,889000
20240111,14:01:42,1.6,600,889000
20240111,14:01:45,1.6,3250,889000
20240111,14:01:49,1.6,1800,889000
20240111,14:01:56,1.6,200,889000
20240111,14:01:58,1.6,1800,889000
20240111,14:02:07,1.6,1200,889000
20240111,14:02:12,1.6,1800,889000
20240111,14:02:20,1.6,1500,889000
20240111,14:02:31,1.6,1500,889000
20240111,14:02:34,1.6,1800,889000
20240111,14:02:38,1.6,1800,889000
20240111,14:02:40,1.6,1800,889000
20240111,14:02:43,1.6,2450,889000
20240111,14:02:45,1.6,200,889000
20240111,14:02:49,1.6,250,889000
20240111,14:02:50,1.6,500,889000
20240111,14:03:20,1.6,1800,930750
20240111,14:03:29,1.6,300,930750
20240111,14:03:44,1.65,50,930750
20240111,14:03:50,1.65,1450,930750
20240111,14:04:06,1.6,450,930750
20240111,14:04:17,1.6,1200,930750
20240111,14:04:36,1.6,450,930750
20240111,14:04:39,1.6,1800,930750
20240111,14:04:40,1.6,50,930750
20240111,14:04:50,1.6,950,930750
20240111,14:04:52,1.6,800,930750
20240111,14:05:09,1.6,300,930750
20240111,14:05:23,1.65,1000,930750
20240111,14:05:40,1.65,300,930750
20240111,14:06:33,1.6,1000,937750
20240111,14:06:39,1.6,50,937750
20240111,14:06:57,1.6,50,937750
20240111,14:07:36,1.65,550,937750
20240111,14:07:40,1.6,600,937750
20240111,14:08:01,1.65,300,937750
20240111,14:08:44,1.6,500,937750
20240111,14:08:57,1.6,300,937750
20240111,14:09:05,1.6,50,937750
20240111,14:09:25,1.6,50,940450
20240111,14:09:37,1.6,100,940450
20240111,14:09:48,1.6,850,940450
20240111,14:09:57,1.65,850,940450
20240111,14:10:06,1.6,1900,940450
20240111,14:10:16,1.6,100,940450
20240111,14:11:32,1.65,400,940450
20240111,14:12:22,1.6,200,942850
20240111,14:12:30,1.6,300,942850
20240111,14:12:38,1.65,150,942850
20240111,14:12:45,1.65,1950,942850
20240111,14:13:08,1.65,12200,942850
20240111,14:14:15,1.7,1950,942850
20240111,14:14:24,1.7,250,942850
20240111,14:14:33,1.7,500,942850
20240111,14:15:30,1.65,1000,950400
20240111,14:15:47,1.65,250,950400
20240111,14:16:05,1.65,900,950400
20240111,14:16:13,1.65,7600,950400
20240111,14:16:20,1.65,1500,950400
20240111,14:16:29,1.65,1800,950400
20240111,14:16:37,1.65,5100,950400
20240111,14:16:45,1.65,3600,950400
20240111,14:16:53,1.65,600,950400
20240111,14:17:09,1.65,450,950400
20240111,14:17:16,1.65,700,950400
20240111,14:17:32,1.65,50,950400
20240111,14:17:46,1.65,250,950400
20240111,14:17:54,1.65,50,950400
20240111,14:18:46,1.65,2400,961500
20240111,14:18:54,1.65,500,961500
20240111,14:19:24,1.65,2500,961500
20240111,14:19:33,1.7,1000,961500
20240111,14:19:54,1.65,2000,961500
20240111,14:20:03,1.65,2850,961500
20240111,14:20:11,1.65,9400,961500
20240111,14:20:27,1.65,9650,961500
20240111,14:20:52,1.65,50,961500
20240111,14:21:07,1.6,1800,961500
20240111,14:21:30,1.6,700,989050
20240111,14:22:28,1.65,750,989050
20240111,14:22:44,1.65,550,989050
20240111,14:22:59,1.65,3850,989050
20240111,14:23:14,1.65,2800,989050
20240111,14:23:43,1.65,250,989050
20240111,14:24:11,1.65,3100,989050
20240111,14:24:26,1.65,850,995750
20240111,14:24:34,1.7,250,995750
20240111,14:24:43,1.65,1250,995750
20240111,14:25:33,1.6,500,995750
20240111,14:25:41,1.65,550,995750
20240111,14:26:12,1.65,1500,995750
20240111,14:26:20,1.65,3650,995750
20240111,14:26:28,1.65,1800,995750
20240111,14:26:35,1.6,12950,995750
20240111,14:26:42,1.65,1850,995750
20240111,14:26:49,1.6,42600,995750
20240111,14:27:51,1.65,2000,1045350
20240111,14:27:58,1.55,27800,1045350
20240111,14:28:08,1.5,7350,1045350
20240111,14:28:17,1.5,12800,1045350
20240111,14:28:25,1.55,250,1045350
20240111,14:29:01,1.6,4500,1045350
20240111,14:29:10,1.6,8200,1045350
20240111,14:29:19,1.65,250,1045350
20240111,14:29:26,1.65,200,1045350
20240111,14:29:33,1.65,200,1045350
20240111,14:30:49,1.65,500,1076050
20240111,14:31:59,1.6,700,1076050
20240111,14:32:20,1.6,200,1076050
20240111,14:32:26,1.6,200,1076050
20240111,14:32:34,1.6,2400,1076050
20240111,14:32:43,1.6,2600,1076050
20240111,14:32:51,1.6,250,1076050
20240111,14:33:00,1.6,350,1076050
20240111,14:33:45,1.55,250,1077950
20240111,14:34:14,1.65,100,1077950
20240111,14:34:22,1.55,50,1077950
20240111,14:34:44,1.6,2500,1077950
20240111,14:35:21,1.6,150,1077950
20240111,14:35:42,1.55,200,1077950
20240111,14:35:57,1.55,3000,1077950
20240111,14:36:12,1.6,150,1077950
20240111,14:36:19,1.55,50,1079050
20240111,14:36:43,1.6,200,1079050
20240111,14:36:52,1.55,100,1079050
20240111,14:37:26,1.55,3000,1079050
20240111,14:38:38,1.55,50,1079050
20240111,14:38:52,1.5,26400,1079050
20240111,14:38:58,1.5,4400,1079050
20240111,14:39:06,1.55,1800,1079050
20240111,14:39:20,1.55,100,1110050
20240111,14:39:28,1.55,150,1110050
20240111,14:39:41,1.55,3600,1110050
20240111,14:39:47,1.55,2000,1110050
20240111,14:40:07,1.55,5000,1110050
20240111,14:40:21,1.5,2050,1110050
20240111,14:40:49,1.55,500,1110050
20240111,14:41:02,1.5,50,1110050
20240111,14:41:16,1.55,3000,1110050
20240111,14:41:43,1.5,11450,1110050
20240111,14:42:39,1.5,100,1122850
20240111,14:42:47,1.55,400,1122850
20240111,14:42:53,1.55,200,1122850
20240111,14:43:01,1.55,900,1122850
20240111,14:43:16,1.55,200,1122850
20240111,14:43:23,1.5,26300,1122850
20240111,14:43:31,1.5,1800,1122850
20240111,14:43:38,1.5,100,1122850
20240111,14:43:45,1.5,2000,1122850
20240111,14:43:52,1.5,800,1122850
20240111,14:43:58,1.5,400,1122850
20240111,14:44:05,1.5,900,1122850
20240111,14:44:13,1.5,500,1122850
20240111,14:44:20,1.5,18500,1122850
20240111,14:44:27,1.5,500,1122850
20240111,14:44:34,1.5,600,1122850
20240111,14:44:41,1.5,600,1122850
20240111,14:44:47,1.55,800,1122850
20240111,14:44:54,1.55,950,1122850
20240111,14:45:00,1.5,1200,1122850
20240111,14:45:06,1.5,950,1122850
20240111,14:45:12,1.5,1200,1122850
20240111,14:45:19,1.55,700,1128650
20240111,14:45:26,1.55,400,1128650
20240111,14:45:32,1.55,700,1128650
20240111,14:45:39,1.55,1700,1128650
20240111,14:45:45,1.5,950,1128650
20240111,14:45:53,1.5,900,1128650
20240111,14:46:00,1.55,1950,1128650
20240111,14:46:07,1.55,300,1128650
20240111,14:46:14,1.5,1400,1128650
20240111,14:46:50,1.45,49950,1128650
20240111,14:46:57,1.4,4600,1128650
20240111,14:47:09,1.4,2450,1128650
20240111,14:47:15,1.45,1200,1128650
20240111,14:47:22,1.45,900,1128650
20240111,14:47:42,1.45,10600,1128650
20240111,14:48:02,1.45,3950,1128650
20240111,14:48:10,1.45,1750,1128650
20240111,14:48:17,1.4,3400,1128650
20240111,14:48:24,1.4,3500,1155100
20240111,14:48:31,1.45,250,1155100
20240111,14:48:38,1.4,2000,1155100
20240111,14:48:45,1.45,4200,1155100
20240111,14:48:52,1.5,400,1155100
20240111,14:49:07,1.5,50,1155100
20240111,14:49:16,1.5,250,1155100
20240111,14:49:23,1.5,300,1155100
20240111,14:49:30,1.5,1300,1155100
20240111,14:49:51,1.5,7250,1155100
20240111,14:49:58,1.5,4450,1155100
20240111,14:50:06,1.5,600,1155100
20240111,14:50:13,1.55,150,1155100
20240111,14:50:20,1.55,50,1155100
20240111,14:50:27,1.55,50,1155100
20240111,14:50:33,1.55,450,1155100
20240111,14:50:40,1.55,2000,1155100
20240111,14:50:46,1.55,50,1155100
20240111,14:50:53,1.55,250,1155100
20240111,14:51:00,1.55,100,1155100
20240111,14:51:07,1.55,300,1155100
20240111,14:51:14,1.55,500,1155100
20240111,14:51:22,1.55,200,1162650
20240111,14:51:31,1.5,750,1162650
20240111,14:51:39,1.55,500,1162650
20240111,14:51:48,1.55,100,1162650
20240111,14:51:55,1.5,13650,1162650
20240111,14:52:02,1.55,7850,1162650
20240111,14:52:09,1.55,6100,1162650
20240111,14:52:17,1.5,1000,1162650
20240111,14:52:24,1.55,200,1162650
20240111,14:52:31,1.55,3700,1162650
20240111,14:52:39,1.55,250,1162650
20240111,14:52:46,1.55,50,1162650
20240111,14:52:53,1.45,12000,1162650
20240111,14:53:07,1.5,3600,1162650
20240111,14:53:14,1.5,6850,1162650
20240111,14:53:49,1.5,1800,1162650
20240111,14:53:56,1.5,1800,1162650
20240111,14:54:02,1.5,1800,1162650
20240111,14:54:09,1.45,3800,1162650
20240111,14:54:16,1.5,1800,1162650
20240111,14:54:29,1.5,1900,1216050
20240111,14:54:36,1.5,11800,1216050
20240111,14:54:43,1.55,1800,1216050
20240111,14:54:48,1.55,350,1216050
20240111,14:54:54,1.55,3600,1216050
20240111,14:55:00,1.5,5600,1216050
20240111,14:55:06,1.55,6400,1216050
20240111,14:55:12,1.55,4150,1216050
20240111,14:55:19,1.55,7050,1216050
20240111,14:55:24,1.5,7800,1216050
20240111,14:55:31,1.55,600,1216050
20240111,14:55:37,1.55,1000,1216050
20240111,14:55:50,1.55,2200,1216050
20240111,14:55:56,1.55,1800,1216050
20240111,14:56:02,1.5,6150,1216050
20240111,14:56:09,1.45,39100,1216050
20240111,14:56:15,1.55,17200,1216050
20240111,14:56:22,1.45,28900,1216050
20240111,14:56:29,1.5,34250,1216050
20240111,14:56:56,1.5,700,1216050
20240111,14:57:14,1.5,3000,1216050
20240111,14:57:20,1.5,3000,1216050
20240111,14:57:27,1.5,10600,1332250
20240111,14:57:33,1.5,13500,1332250
20240111,14:57:47,1.5,100,1332250
20240111,14:57:54,1.5,850,1332250
20240111,14:57:59,1.5,100,1332250
20240111,14:58:07,1.5,1150,1332250
20240111,14:58:33,1.5,450,1332250
20240111,14:58:40,1.5,1050,1332250
20240111,14:58:46,1.5,1750,1332250
20240111,14:58:53,1.5,150,1332250
20240111,14:59:11,1.55,200,1332250
20240111,14:59:20,1.55,700,1332250
20240111,14:59:29,1.55,850,1332250
20240111,14:59:38,1.5,7200,1332250
20240111,15:00:26,1.55,3850,1369150
20240111,15:00:52,1.5,32900,1369150
20240111,15:01:00,1.5,5900,1369150
20240111,15:01:17,1.5,11700,1369150
20240111,15:01:25,1.45,1100,1369150
20240111,15:01:32,1.5,50,1369150
20240111,15:01:40,1.45,12350,1369150
20240111,15:01:47,1.45,2150,1369150
20240111,15:02:00,1.45,750,1369150
20240111,15:02:07,1.45,250,1369150
20240111,15:02:13,1.45,250,1369150
20240111,15:02:20,1.5,50,1369150
20240111,15:02:39,1.5,500,1369150
20240111,15:03:03,1.5,50,1369150
20240111,15:03:21,1.5,2000,1369150
20240111,15:03:34,1.4,38150,1394100
20240111,15:03:40,1.45,9650,1394100
20240111,15:03:46,1.45,1200,1394100
20240111,15:03:52,1.45,4200,1394100
20240111,15:03:58,1.45,7000,1394100
20240111,15:04:05,1.5,2700,1394100
20240111,15:04:20,1.5,1000,1394100
20240111,15:04:27,1.5,10000,1394100
20240111,15:04:35,1.5,750,1394100
20240111,15:04:42,1.45,850,1394100
20240111,15:04:49,1.45,4350,1394100
20240111,15:04:55,1.45,850,1394100
20240111,15:05:02,1.45,1100,1394100
20240111,15:05:19,1.5,1000,1394100
20240111,15:05:25,1.5,1500,1394100
20240111,15:05:32,1.45,9000,1394100
20240111,15:05:39,1.45,27450,1394100
20240111,15:05:45,1.4,3300,1394100
20240111,15:05:52,1.45,4650,1394100
20240111,15:05:58,1.4,800,1394100
20240111,15:06:04,1.45,6000,1394100
20240111,15:06:27,1.45,8000,1459400
20240111,15:06:32,1.4,9000,1459400
20240111,15:06:37,1.4,17700,1459400
20240111,15:06:43,1.4,400,1459400
20240111,15:06:48,1.4,1200,1459400
20240111,15:06:54,1.4,900,1459400
20240111,15:06:59,1.45,2200,1459400
20240111,15:07:04,1.4,250,1459400
20240111,15:07:09,1.4,6000,1459400
20240111,15:07:21,1.4,20950,1459400
20240111,15:07:29,1.45,24550,1459400
20240111,15:07:35,1.4,4400,1459400
20240111,15:07:42,1.4,1200,1459400
20240111,15:07:47,1.4,1800,1459400
20240111,15:07:53,1.4,2400,1459400
20240111,15:08:04,1.45,100,1459400
20240111,15:08:42,1.35,5000,1459400
20240111,15:08:49,1.35,2200,1459400
20240111,15:08:57,1.4,1350,1459400
20240111,15:09:03,1.45,5200,1459400
20240111,15:09:10,1.4,1000,1459400
20240111,15:09:17,1.4,700,1459400
20240111,15:09:24,1.4,150,1518250
20240111,15:09:30,1.35,4500,1518250
20240111,15:09:36,1.4,6500,1518250
20240111,15:09:41,1.35,4600,1518250
20240111,15:09:48,1.35,50,1518250
20240111,15:09:54,1.4,1400,1518250
20240111,15:10:07,1.4,100,1518250
20240111,15:10:13,1.4,4750,1518250
20240111,15:10:19,1.4,2000,1518250
20240111,15:10:25,1.4,600,1518250
20240111,15:10:30,1.4,400,1518250
20240111,15:10:44,1.4,5200,1518250
20240111,15:10:48,1.35,1250,1518250
20240111,15:11:05,1.4,50,1518250
20240111,15:11:10,1.4,2000,1518250
20240111,15:11:16,1.35,900,1518250
20240111,15:11:23,1.4,600,1518250
20240111,15:11:29,1.4,3600,1518250
20240111,15:11:35,1.4,8450,1518250
20240111,15:11:40,1.4,2300,1518250
20240111,15:11:46,1.4,550,1518250
20240111,15:11:51,1.4,3000,1518250
20240111,15:11:57,1.4,3800,1518250
20240111,15:12:02,1.35,400,1518250
20240111,15:12:08,1.35,300,1518250
20240111,15:12:13,1.35,3800,1518250
20240111,15:12:18,1.4,750,1518250
20240111,15:12:24,1.35,200,1518250
20240111,15:12:28,1.35,1050,1521150
20240111,15:12:33,1.4,350,1521150
20240111,15:12:39,1.4,50,1521150
20240111,15:12:55,1.4,500,1521150
20240111,15:13:01,1.35,150,1521150
20240111,15:13:07,1.35,450,1521150
20240111,15:13:12,1.35,200,1521150
20240111,15:13:18,1.35,200,1521150
20240111,15:13:23,1.4,2000,1521150
20240111,15:13:28,1.4,900,1521150
20240111,15:13:33,1.4,4750,1521150
20240111,15:13:39,1.4,1500,1521150
20240111,15:13:44,1.4,1000,1521150
20240111,15:13:50,1.4,2000,1521150
20240111,15:14:01,1.35,400,1521150
20240111,15:14:06,1.35,400,1521150
20240111,15:14:12,1.4,1200,1521150
20240111,15:14:17,1.4,1850,1521150
20240111,15:14:29,1.4,300,1521150
20240111,15:15:04,1.4,3900,1521150
20240111,15:15:09,1.4,3000,1521150
20240111,15:15:26,1.4,100,1522800
20240111,15:15:31,1.4,3100,1522800
20240111,15:15:36,1.4,300,1522800
20240111,15:15:41,1.4,300,1522800
20240111,15:15:47,1.4,50,1522800
20240111,15:15:52,1.4,50,1522800
20240111,15:16:03,1.4,850,1522800
20240111,15:16:09,1.4,50,1522800
20240111,15:16:14,1.4,50,1522800
20240111,15:16:19,1.4,50,1522800
20240111,15:16:30,1.4,1000,1522800
20240111,15:16:45,1.4,6000,1522800
20240111,15:16:50,1.4,3000,1522800
20240111,15:16:56,1.4,1000,1522800
20240111,15:17:06,1.35,50,1522800
20240111,15:17:11,1.4,900,1522800
20240111,15:17:31,1.4,3600,1522800
20240111,15:17:37,1.4,7200,1522800
20240111,15:17:43,1.4,10000,1522800
20240111,15:17:48,1.4,4600,1522800
20240111,15:17:53,1.4,2200,1522800
20240111,15:17:58,1.4,1600,1522800
20240111,15:18:02,1.4,200,1522800
20240111,15:18:14,1.4,27050,1522800
20240111,15:18:19,1.4,24000,1522800
20240111,15:18:24,1.4,36750,1597300
20240111,15:18:30,1.4,3000,1597300
20240111,15:18:35,1.45,100,1597300
20240111,15:18:40,1.4,1000,1597300
20240111,15:18:44,1.4,800,1597300
20240111,15:18:49,1.4,2000,1597300
20240111,15:18:54,1.4,2400,1597300
20240111,15:19:00,1.4,2050,1597300
20240111,15:19:07,1.4,7100,1597300
20240111,15:19:13,1.4,10400,1597300
20240111,15:19:18,1.4,6050,1597300
20240111,15:19:23,1.4,1850,1597300
20240111,15:19:29,1.4,1800,1597300
20240111,15:19:34,1.4,3800,1597300
20240111,15:19:40,1.4,1800,1597300
20240111,15:19:46,1.45,5500,1597300
20240111,15:19:52,1.4,3500,1597300
20240111,15:19:58,1.4,7100,1597300
20240111,15:20:04,1.4,16800,1597300
20240111,15:20:10,1.4,3600,1597300
20240111,15:20:21,1.4,2500,1597300
20240111,15:20:27,1.4,10600,1597300
20240111,15:20:39,1.4,47500,1597300
20240111,15:20:46,1.4,2300,1597300
20240111,15:20:52,1.35,200,1597300
20240111,15:20:58,1.4,2700,1597300
20240111,15:21:32,1.4,150,1750500
20240111,15:21:44,1.4,150,1750500
20240111,15:21:50,1.4,1800,1750500
20240111,15:21:55,1.4,100,1750500
20240111,15:22:06,1.4,6900,1750500
20240111,15:22:16,1.4,1200,1750500
20240111,15:22:22,1.35,5050,1750500
20240111,15:22:27,1.4,400,1750500
20240111,15:22:33,1.35,10000,1750500
20240111,15:22:39,1.35,2100,1750500
20240111,15:22:44,1.4,2200,1750500
20240111,15:22:50,1.4,1000,1750500
20240111,15:23:02,1.35,1200,1750500
20240111,15:23:13,1.35,500,1750500
20240111,15:23:25,1.35,10800,1750500
20240111,15:23:42,1.35,600,1750500
20240111,15:23:52,1.35,600,1750500
20240111,15:23:57,1.35,300,1750500
20240111,15:24:03,1.3,2200,1750500
20240111,15:24:13,1.3,2300,1750500
20240111,15:24:18,1.3,1800,1750500
20240111,15:24:23,1.3,100,1750500
20240111,15:24:28,1.3,1000,1789250
20240111,15:24:38,1.3,200,1789250
20240111,15:25:03,1.35,10200,1789250
20240111,15:25:30,1.3,400,1789250
20240111,15:25:40,1.3,700,1789250
20240111,15:25:46,1.35,5000,1789250
20240111,15:25:53,1.35,2450,1789250
20240111,15:25:58,1.35,2700,1789250
20240111,15:26:04,1.35,50,1789250
20240111,15:26:26,1.3,4000,1789250
20240111,15:26:36,1.35,1000,1789250
20240111,15:26:47,1.3,300,1789250
20240111,15:26:58,1.35,1200,1789250
20240111,15:27:11,1.35,1350,1789250
20240111,15:27:17,1.35,100,1789250
20240111,15:27:24,1.3,900,1798600
20240111,15:27:30,1.3,2200,1798600
20240111,15:27:43,1.3,1300,1798600
20240111,15:27:49,1.35,1700,1798600
20240111,15:27:56,1.35,2600,1798600
20240111,15:28:02,1.35,500,1798600
20240111,15:28:09,1.3,1300,1798600
20240111,15:28:17,1.35,400,1798600
20240111,15:28:23,1.3,1800,1798600
20240111,15:28:29,1.3,1850,1798600
20240111,15:28:36,1.35,500,1798600
20240111,15:28:42,1.35,3950,1798600
20240111,15:28:49,1.3,700,1798600
20240111,15:28:55,1.35,300,1798600
20240111,15:29:02,1.3,800,1798600
20240111,15:29:09,1.35,1450,1798600
20240111,15:29:24,1.35,17700,1798600
20240111,15:29:31,1.35,3000,1798600
20240111,15:29:38,1.3,19050,1798600
20240111,15:29:46,1.35,9700,1798600
20240111,15:29:54,1.35,7200,1798600
20240111,15:30:01,1.3,1600,1798600
20240112,09:15:01,1.5,1,1857000
20240112,09:15:01,1.5,500,1857000
20240112,09:15:02,1.4,3600,1857000
20240112,09:15:03,1.4,850,1857000
20240112,09:15:04,1.4,600,1857000
20240112,09:15:05,1.2,1400,1857000
20240112,09:15:06,1.35,1000,1857000
20240112,09:15:07,1.4,250,1857000
20240112,09:15:08,1.4,3750,1857000
20240112,09:15:09,1.4,350,1857000
20240112,09:15:11,1.35,1300,1857000
20240112,09:15:13,1.4,150,1857000
20240112,09:15:14,1.35,500,1857000
20240112,09:15:15,1.35,1100,1857000
20240112,09:15:17,1.35,4500,1857000
20240112,09:15:19,1.35,500,1857000
20240112,09:15:19,1.35,300,1857000
20240112,09:15:21,1.35,2600,1857000
20240112,09:15:22,1.4,50,1857000
20240112,09:15:26,1.35,2900,1857000
20240112,09:15:26,1.35,300,1857000
20240112,09:15:29,1.4,150,1857000
20240112,09:15:30,1.35,2400,1857000
20240112,09:15:31,1.35,100,1857000
20240112,09:15:34,1.35,1500,1857000
20240112,09:15:37,1.35,4750,1857000
20240112,09:15:42,1.3,1800,1857000
20240112,09:15:45,1.3,1800,1857000
20240112,09:15:49,1.3,1050,1857000
20240112,09:15:50,1.3,50,1857000
20240112,09:15:51,1.3,1000,1857000
20240112,09:15:52,1.3,1000,1857000
20240112,09:15:54,1.3,650,1857000
20240112,09:15:55,1.3,1500,1857000
20240112,09:15:56,1.35,1200,1857000
20240112,09:15:57,1.3,1800,1857000
20240112,09:15:59,1.3,2450,1857000
20240112,09:16:00,1.3,200,1857000
20240112,09:16:02,1.3,4200,1857000
20240112,09:16:05,1.3,1500,1857000
20240112,09:16:07,1.3,1800,1857000
20240112,09:16:08,1.3,2050,1857000
20240112,09:16:11,1.3,600,1857000
20240112,09:16:13,1.3,50,1857000
20240112,09:16:16,1.25,250,1857000
20240112,09:16:23,1.25,100,1857000
20240112,09:16:27,1.25,1000,1857000
20240112,09:16:28,1.25,1000,1857000
20240112,09:16:29,1.25,1550,1857000
20240112,09:16:30,1.25,1000,1857000
20240112,09:16:32,1.25,6500,1857000
20240112,09:16:33,1.25,1500,1857000
20240112,09:16:35,1.25,3800,1857000
20240112,09:16:36,1.25,4400,1857000
20240112,09:16:37,1.25,10000,1857000
20240112,09:16:38,1.3,6800,1857000
20240112,09:16:39,1.25,250,1857000
20240112,09:16:44,1.25,200,1857000
20240112,09:16:50,1.3,1500,1857000
20240112,09:16:52,1.3,1650,1857000
20240112,09:16:53,1.3,1500,1857000
20240112,09:16:54,1.3,1500,1857000
20240112,09:16:55,1.25,1500,1857000
20240112,09:16:56,1.3,1500,1857000
20240112,09:16:58,1.25,7500,1857000
20240112,09:16:59,1.3,200,1857000
20240112,09:17:00,1.25,50,1857000
20240112,09:17:02,1.3,2600,1857000
20240112,09:17:03,1.3,5450,1857000
20240112,09:17:06,1.3,1500,1857000
20240112,09:17:07,1.3,1500,1857000
20240112,09:17:09,1.25,500,1857000
20240112,09:17:09,1.3,1500,1857000
20240112,09:17:11,1.3,1800,1857000
20240112,09:17:11,1.3,600,1857000
20240112,09:17:12,1.3,2800,1857000
20240112,09:17:13,1.35,7400,1857000
20240112,09:17:14,1.35,6400,1857000
20240112,09:17:15,1.35,4700,1857000
20240112,09:17:16,1.35,3800,1857000
20240112,09:17:17,1.35,5200,1857000
20240112,09:17:18,1.35,3200,1857000
20240112,09:17:19,1.3,1000,1870700
20240112,09:17:21,1.3,1000,1870700
20240112,09:17:23,1.3,1000,1870700
20240112,09:17:24,1.3,1800,1870700
20240112,09:17:25,1.3,1000,1870700
20240112,09:17:26,1.3,1000,1870700
20240112,09:17:26,1.3,1800,1870700
20240112,09:17:27,1.3,1000,1870700
20240112,09:17:29,1.3,2850,1870700
20240112,09:17:29,1.3,1600,1870700
20240112,09:17:31,1.3,4400,1870700
20240112,09:17:36,1.3,1800,1870700
20240112,09:17:37,1.3,3600,1870700
20240112,09:17:38,1.25,8900,1870700
20240112,09:17:39,1.25,3500,1870700
20240112,09:17:40,1.25,2500,1870700
20240112,09:17:41,1.3,300,1870700
20240112,09:17:47,1.25,4500,1870700
20240112,09:17:49,1.25,5100,1870700
20240112,09:17:50,1.35,52650,1870700
20240112,09:17:51,1.3,10500,1870700
20240112,09:17:53,1.3,2000,1870700
20240112,09:17:55,1.3,4250,1870700
20240112,09:17:58,1.35,200,1870700
20240112,09:17:59,1.25,100,1870700
20240112,09:18:13,1.25,1800,1870700
20240112,09:18:14,1.25,5850,1870700
20240112,09:18:16,1.3,150,1870700
20240112,09:18:20,1.3,1800,1870700
20240112,09:18:21,1.3,1800,1870700
20240112,09:18:28,1.25,200,1870700
20240112,09:18:33,1.3,2600,1870700
20240112,09:18:35,1.35,18200,1870700
20240112,09:18:35,1.35,2700,1870700
20240112,09:18:36,1.35,2400,1870700
20240112,09:18:40,1.3,500,1870700
20240112,09:18:45,1.3,800,1870700
20240112,09:18:52,1.3,100,1870700
20240112,09:18:58,1.3,300,1870700
20240112,09:19:00,1.35,200,1870700
20240112,09:19:03,1.3,100,1870700
20240112,09:19:12,1.35,1650,1870700
20240112,09:19:17,1.35,450,1870700
20240112,09:19:18,1.35,1950,1870700
20240112,09:19:21,1.3,1000,1870700
20240112,09:19:27,1.3,4500,1870700
20240112,09:19:29,1.3,1800,1870700
20240112,09:19:30,1.3,300,1870700
20240112,09:19:31,1.3,200,1870700
20240112,09:19:33,1.25,6650,1870700
20240112,09:19:37,1.3,4800,1870700
20240112,09:19:39,1.3,800,1870700
20240112,09:19:39,1.3,1800,1870700
20240112,09:19:40,1.3,2600,1870700
20240112,09:19:42,1.3,1800,1870700
20240112,09:19:42,1.3,2400,1870700
20240112,09:19:49,1.3,3800,1870700
20240112,09:19:56,1.25,1800,1870700
20240112,09:19:59,1.25,1800,1870700
20240112,09:20:01,1.3,550,1870700
20240112,09:20:02,1.25,1550,1870700
20240112,09:20:03,1.3,550,1870700
20240112,09:20:05,1.3,3000,1870700
20240112,09:20:06,1.3,650,1870700
20240112,09:20:07,1.3,550,1870700
20240112,09:20:08,1.3,2700,1870700
20240112,09:20:08,1.3,400,1870700
20240112,09:20:09,1.3,3000,1870700
20240112,09:20:10,1.3,3000,1870700
20240112,09:20:11,1.3,400,1870700
20240112,09:20:12,1.3,5000,1870700
20240112,09:20:15,1.3,19700,1870700
20240112,09:20:19,1.3,500,1830600
20240112,09:20:23,1.3,250,1830600
20240112,09:20:24,1.3,1000,1830600
20240112,09:20:25,1.3,1800,1830600
20240112,09:20:27,1.3,1800,1830600
20240112,09:20:28,1.3,13400,1830600
20240112,09:20:29,1.3,1800,1830600
20240112,09:20:30,1.35,17800,1830600
20240112,09:20:31,1.35,2800,1830600
20240112,09:20:41,1.35,50,1830600
20240112,09:20:47,1.3,1800,1830600
20240112,09:20:49,1.35,1800,1830600
20240112,09:21:00,1.3,1800,1830600
20240112,09:21:00,1.35,150,1830600
20240112,09:21:01,1.35,900,1830600
20240112,09:21:02,1.3,7600,1830600
20240112,09:21:03,1.35,5850,1830600
20240112,09:21:10,1.3,150,1830600
20240112,09:21:11,1.35,550,1830600
20240112,09:21:15,1.3,50,1830600
20240112,09:21:16,1.35,200,1830600
20240112,09:21:18,1.3,1000,1830600
20240112,09:21:19,1.35,300,1830600
20240112,09:21:24,1.35,50,1830600
20240112,09:21:48,1.3,1000,1830600
20240112,09:22:09,1.35,500,1830600
20240112,09:22:10,1.35,50,1830600
20240112,09:22:14,1.35,50,1830600
20240112,09:22:15,1.35,100,1830600
20240112,09:22:16,1.35,350,1830600
20240112,09:22:22,1.3,250,1830600
20240112,09:22:26,1.3,300,1830600
20240112,09:22:27,1.3,5400,1830600
20240112,09:22:28,1.3,4600,1830600
20240112,09:22:33,1.3,250,1830600
20240112,09:22:33,1.3,750,1830600
20240112,09:22:35,1.3,1000,1830600
20240112,09:22:36,1.35,500,1830600
20240112,09:22:45,1.35,1800,1830600
20240112,09:22:46,1.35,2450,1830600
20240112,09:22:49,1.3,1500,1830600
20240112,09:22:52,1.35,1000,1830600
20240112,09:22:57,1.35,250,1830600
20240112,09:22:59,1.3,50,1830600
20240112,09:23:03,1.35,800,1830600
20240112,09:23:04,1.35,2000,1830600
20240112,09:23:05,1.35,100,1830600
20240112,09:23:06,1.3,250,1830600
20240112,09:23:21,1.35,1500,1821550
20240112,09:23:28,1.35,1800,1821550
20240112,09:23:29,1.35,1800,1821550
20240112,09:23:30,1.35,1800,1821550
20240112,09:23:32,1.35,1850,1821550
20240112,09:23:33,1.35,9600,1821550
20240112,09:23:34,1.35,27250,1821550
20240112,09:23:35,1.35,9950,1821550
20240112,09:23:36,1.35,7500,1821550
20240112,09:23:37,1.35,7700,1821550
20240112,09:23:37,1.35,250,1821550
20240112,09:23:38,1.35,6750,1821550
20240112,09:23:40,1.35,600,1821550
20240112,09:23:41,1.35,3950,1821550
20240112,09:23:42,1.35,2200,1821550
20240112,09:23:43,1.35,10300,1821550
20240112,09:23:46,1.35,10700,1821550
20240112,09:23:50,1.35,1800,1821550
20240112,09:23:54,1.35,11850,1821550
20240112,09:23:55,1.4,150,1821550
20240112,09:24:01,1.35,1650,1821550
20240112,09:24:07,1.4,1800,1821550
20240112,09:24:09,1.4,450,1821550
20240112,09:24:12,1.4,2000,1821550
20240112,09:24:15,1.4,50,1821550
20240112,09:24:19,1.4,600,1821550
20240112,09:24:22,1.4,900,1821550
20240112,09:24:25,1.35,800,1821550
20240112,09:24:28,1.4,500,1821550
20240112,09:24:36,1.4,400,1821550
20240112,09:24:44,1.4,50,1821550
20240112,09:24:49,1.4,300,1821550
20240112,09:24:50,1.4,300,1821550
20240112,09:24:54,1.4,50,1821550
20240112,09:24:56,1.4,100,1821550
20240112,09:24:57,1.4,500,1821550
20240112,09:24:58,1.4,100,1821550
20240112,09:24:59,1.4,100,1821550
20240112,09:25:00,1.4,100,1821550
20240112,09:25:01,1.4,200,1821550
20240112,09:25:05,1.4,250,1821550
20240112,09:25:07,1.4,1000,1821550
20240112,09:25:08,1.4,50,1821550
20240112,09:25:14,1.4,1500,1821550
20240112,09:25:15,1.4,100,1821550
20240112,09:25:16,1.4,1500,1821550
20240112,09:25:17,1.4,100,1821550
20240112,09:25:18,1.4,50,1821550
20240112,09:25:20,1.4,100,1821550
20240112,09:25:23,1.4,2300,1821550
20240112,09:25:24,1.4,10000,1821550
20240112,09:25:25,1.4,9900,1821550
20240112,09:25:26,1.4,7650,1821550
20240112,09:25:27,1.4,39850,1821550
20240112,09:25:28,1.4,10400,1821550
20240112,09:25:31,1.45,1800,1821550
20240112,09:25:37,1.45,100,1821550
20240112,09:25:39,1.45,50,1821550
20240112,09:25:43,1.45,150,1821550
20240112,09:25:47,1.45,1750,1821550
20240112,09:25:50,1.4,500,1821550
20240112,09:25:51,1.45,1350,1821550
20240112,09:25:52,1.45,400,1821550
20240112,09:25:55,1.45,700,1821550
20240112,09:25:56,1.45,350,1821550
20240112,09:25:57,1.4,800,1821550
20240112,09:25:58,1.45,500,1821550
20240112,09:25:59,1.45,50,1821550
20240112,09:26:00,1.45,9100,1821550
20240112,09:26:01,1.45,2300,1821550
20240112,09:26:02,1.45,3600,1821550
20240112,09:26:03,1.45,2850,1821550
20240112,09:26:04,1.45,350,1821550
20240112,09:26:05,1.45,350,1821550
20240112,09:26:07,1.45,50,1821550
20240112,09:26:08,1.45,800,1821550
20240112,09:26:09,1.45,350,1821550
20240112,09:26:10,1.45,650,1821550
20240112,09:26:18,1.45,100,1821550
20240112,09:26:19,1.4,1800,1821550
20240112,09:26:21,1.45,500,1875900
20240112,09:26:23,1.45,300,1875900
20240112,09:26:28,1.45,1500,1875900
20240112,09:26:29,1.45,2350,1875900
20240112,09:26:32,1.45,150,1875900
20240112,09:26:33,1.45,100,1875900
20240112,09:26:34,1.45,3600,1875900
20240112,09:26:35,1.45,200,1875900
20240112,09:26:36,1.45,250,1875900
20240112,09:26:37,1.45,1900,1875900
20240112,09:26:38,1.45,100,1875900
20240112,09:26:39,1.4,19150,1875900
20240112,09:26:40,1.45,1000,1875900
20240112,09:26:43,1.45,1900,1875900
20240112,09:26:45,1.45,800,1875900
20240112,09:26:46,1.45,4150,1875900
20240112,09:26:49,1.45,50,1875900
20240112,09:26:50,1.4,200,1875900
20240112,09:26:51,1.45,50,1875900
20240112,09:26:52,1.45,1000,1875900
20240112,09:26:53,1.45,2000,1875900
20240112,09:26:56,1.45,500,1875900
20240112,09:27:04,1.45,1300,1875900
20240112,09:27:05,1.45,550,1875900
20240112,09:27:06,1.45,1800,1875900
20240112,09:27:09,1.45,100,1875900
20240112,09:27:13,1.45,5100,1875900
20240112,09:27:14,1.45,1800,1875900
20240112,09:27:15,1.45,200,1875900
20240112,09:27:17,1.4,1800,1875900
20240112,09:27:20,1.45,100,1875900
20240112,09:27:21,1.4,1800,1875900
20240112,09:27:25,1.4,1800,1875900
20240112,09:27:26,1.45,1050,1875900
20240112,09:27:27,1.45,50,1875900
20240112,09:27:29,1.45,500,1875900
20240112,09:27:32,1.4,1800,1875900
20240112,09:27:33,1.4,1800,1875900
20240112,09:27:35,1.45,500,1875900
20240112,09:27:37,1.45,1800,1875900
20240112,09:27:39,1.45,50,1875900
20240112,09:27:40,1.4,1800,1875900
20240112,09:27:42,1.45,500,1875900
20240112,09:27:45,1.45,200,1875900
20240112,09:27:57,1.4,100,1875900
20240112,09:28:01,1.45,200,1875900
20240112,09:28:03,1.4,1800,1875900
20240112,09:28:04,1.45,50,1875900
20240112,09:28:05,1.45,300,1875900
20240112,09:28:13,1.4,200,1875900
20240112,09:28:18,1.45,100,1875900
20240112,09:28:21,1.4,1000,1875900
20240112,09:28:24,1.45,3600,1875900
20240112,09:28:30,1.4,150,1875900
20240112,09:28:34,1.45,100,1875900
20240112,09:28:40,1.45,400,1875900
20240112,09:28:42,1.4,50,1875900
20240112,09:28:43,1.45,250,1875900
20240112,09:29:04,1.45,100,1875900
20240112,09:29:06,1.45,100,1875900
20240112,09:29:16,1.45,500,1875900
20240112,09:29:21,1.45,1800,1895450
20240112,09:29:22,1.45,200,1895450
20240112,09:29:37,1.4,400,1895450
20240112,09:29:38,1.4,100,1895450
20240112,09:29:44,1.4,1800,1895450
20240112,09:29:59,1.45,4000,1895450
20240112,09:30:00,1.45,3000,1895450
20240112,09:30:01,1.45,2000,1895450
20240112,09:30:02,1.4,2050,1895450
20240112,09:30:03,1.45,2000,1895450
20240112,09:30:04,1.45,3000,1895450
20240112,09:30:05,1.45,2000,1895450
20240112,09:30:10,1.45,1800,1895450
20240112,09:30:10,1.45,50,1895450
20240112,09:30:11,1.45,50,1895450
20240112,09:30:12,1.4,1350,1895450
20240112,09:30:16,1.45,9700,1895450
20240112,09:30:20,1.4,200,1895450
20240112,09:30:26,1.45,100,1895450
20240112,09:30:30,1.45,250,1895450
20240112,09:30:35,1.45,400,1895450
20240112,09:30:40,1.45,1800,1895450
20240112,09:30:41,1.45,4550,1895450
20240112,09:30:42,1.45,4200,1895450
20240112,09:30:43,1.45,12900,1895450
20240112,09:30:44,1.45,4150,1895450
20240112,09:30:45,1.45,1800,1895450
20240112,09:30:46,1.45,1800,1895450
20240112,09:30:47,1.45,8700,1895450
20240112,09:30:48,1.5,1800,1895450
20240112,09:30:49,1.45,100,1895450
20240112,09:30:52,1.5,700,1895450
20240112,09:30:53,1.45,400,1895450
20240112,09:30:56,1.5,400,1895450
20240112,09:30:59,1.5,100,1895450
20240112,09:31:01,1.45,100,1895450
20240112,09:31:07,1.5,50,1895450
20240112,09:31:08,1.5,50,1895450
20240112,09:31:10,1.45,21350,1895450
20240112,09:31:12,1.45,3450,1895450
20240112,09:31:13,1.45,800,1895450
20240112,09:31:23,1.45,2100,1895450
20240112,09:31:24,1.5,7450,1895450
20240112,09:31:24,1.5,200,1895450
20240112,09:31:25,1.5,650,1895450
20240112,09:31:27,1.5,250,1895450
20240112,09:31:30,1.45,1000,1895450
20240112,09:31:33,1.45,3050,1895450
20240112,09:31:34,1.45,1950,1895450
20240112,09:31:34,1.45,1600,1895450
20240112,09:31:43,1.45,4150,1895450
20240112,09:31:44,1.45,4650,1895450
20240112,09:31:53,1.45,250,1895450
20240112,09:31:54,1.45,300,1895450
20240112,09:32:02,1.45,300,1895450
20240112,09:32:05,1.4,1800,1895450
20240112,09:32:06,1.45,100,1895450
20240112,09:32:17,1.45,550,1895450
20240112,09:32:17,1.45,50,1895450
20240112,09:32:22,1.45,50,1906550
20240112,09:32:31,1.45,50,1906550
20240112,09:32:50,1.45,250,1906550
20240112,09:32:52,1.45,50,1906550
20240112,09:32:54,1.4,50,1906550
20240112,09:32:59,1.45,50,1906550
20240112,09:33:01,1.45,50,1906550
20240112,09:33:08,1.45,3000,1906550
20240112,09:33:20,1.4,300,1906550
20240112,09:33:22,1.4,1800,1906550
20240112,09:33:40,1.45,50,1906550
20240112,09:33:45,1.45,50,1906550
20240112,09:33:53,1.45,50,1906550
20240112,09:33:53,1.45,1000,1906550
20240112,09:33:59,1.4,500,1906550
20240112,09:34:04,1.45,50,1906550
20240112,09:34:12,1.4,3600,1906550
20240112,09:34:13,1.4,10800,1906550
20240112,09:34:14,1.4,1500,1906550
20240112,09:34:23,1.4,50,1906550
20240112,09:34:24,1.4,400,1906550
20240112,09:34:38,1.4,43950,1906550
20240112,09:34:42,1.45,250,1906550
20240112,09:34:47,1.45,100,1906550
20240112,09:35:00,1.45,600,1906550
20240112,09:35:01,1.45,600,1906550
20240112,09:35:02,1.45,600,1906550
20240112,09:35:04,1.45,600,1906550
20240112,09:35:11,1.4,1800,1906550
20240112,09:35:33,1.45,50,1906550
20240112,09:35:38,1.4,12000,1900900
20240112,09:35:39,1.4,300,1900900
20240112,09:35:41,1.4,250,1900900
20240112,09:35:42,1.4,500,1900900
20240112,09:36:02,1.4,250,1900900
20240112,09:36:14,1.35,100,1900900
20240112,09:36:22,1.4,250,1900900
20240112,09:36:23,1.35,400,1900900
20240112,09:36:35,1.4,1800,1900900
20240112,09:36:38,1.4,100,1900900
20240112,09:36:46,1.4,100,1900900
20240112,09:36:48,1.4,50,1900900
20240112,09:36:53,1.4,100,1900900
20240112,09:36:57,1.4,500,1900900
20240112,09:36:58,1.4,150,1900900
20240112,09:37:04,1.4,1800,1900900
20240112,09:37:05,1.4,3600,1900900
20240112,09:37:06,1.4,3600,1900900
20240112,09:37:07,1.4,29200,1900900
20240112,09:37:19,1.4,5600,1900900
20240112,09:37:20,1.4,50,1900900
20240112,09:37:21,1.4,50,1900900
20240112,09:37:22,1.4,6500,1900900
20240112,09:37:38,1.4,1000,1900900
20240112,09:37:57,1.4,1800,1900900
20240112,09:38:03,1.4,1800,1900900
20240112,09:38:09,1.35,2300,1900900
20240112,09:38:17,1.35,1000,1900900
20240112,09:38:24,1.35,1000,1906600
20240112,09:38:29,1.35,1500,1906600
20240112,09:38:30,1.35,50,1906600
20240112,09:38:33,1.35,1500,1906600
20240112,09:38:36,1.35,1000,1906600
20240112,09:38:56,1.35,1800,1906600
20240112,09:38:59,1.35,1800,1906600
20240112,09:39:00,1.4,100,1906600
20240112,09:39:05,1.35,1800,1906600
20240112,09:39:08,1.35,1800,1906600
20240112,09:39:14,1.35,1800,1906600
20240112,09:39:15,1.4,300,1906600
20240112,09:39:17,1.35,1800,1906600
20240112,09:39:29,1.4,100,1906600
20240112,09:39:33,1.4,150,1906600
20240112,09:39:45,1.35,100,1906600
20240112,09:40:06,1.4,150,1906600
20240112,09:40:12,1.4,1850,1906600
20240112,09:40:18,1.35,1800,1906600
20240112,09:40:21,1.35,1800,1906600
20240112,09:40:24,1.35,1800,1906600
20240112,09:40:26,1.35,3500,1906600
20240112,09:40:27,1.35,1250,1906600
20240112,09:40:28,1.35,3550,1906600
20240112,09:40:29,1.35,6550,1906600
20240112,09:40:36,1.35,150,1906600
20240112,09:40:45,1.35,1200,1906600
20240112,09:40:53,1.3,10800,1906600
20240112,09:40:59,1.35,200,1906600
20240112,09:41:04,1.3,1800,1906600
20240112,09:41:06,1.3,1800,1906600
20240112,09:41:09,1.3,1800,1906600
20240112,09:41:11,1.3,3600,1906600
20240112,09:41:14,1.3,1800,1906600
20240112,09:41:16,1.3,1800,1906600
20240112,09:41:18,1.3,1800,1906600
20240112,09:41:20,1.3,1800,1906600
20240112,09:41:21,1.3,1800,1906600
20240112,09:41:22,1.3,1800,1906600
20240112,09:41:23,1.3,7200,1949700
20240112,09:41:23,1.3,7150,1949700
20240112,09:41:24,1.3,50,1949700
20240112,09:41:25,1.3,50,1949700
20240112,09:41:26,1.3,450,1949700
20240112,09:41:27,1.3,50,1949700
20240112,09:41:29,1.3,600,1949700
20240112,09:41:30,1.3,350,1949700
20240112,09:41:31,1.3,300,1949700
20240112,09:41:34,1.3,50,1949700
20240112,09:41:38,1.3,400,1949700
20240112,09:41:40,1.3,300,1949700
20240112,09:41:47,1.25,3200,1949700
20240112,09:41:50,1.25,50,1949700
20240112,09:41:51,1.25,100,1949700
20240112,09:42:26,1.3,1800,1949700
20240112,09:42:27,1.25,250,1949700
20240112,09:42:30,1.3,1800,1949700
20240112,09:42:39,1.3,1000,1949700
20240112,09:43:09,1.3,150,1949700
20240112,09:43:20,1.3,50,1949700
20240112,09:43:27,1.3,250,1949700
20240112,09:43:54,1.3,1800,1949700
20240112,09:43:55,1.3,1800,1949700
20240112,09:43:56,1.3,1800,1949700
20240112,09:43:58,1.3,1800,1949700
20240112,09:43:59,1.3,1800,1949700
20240112,09:44:00,1.3,1100,1949700
20240112,09:44:01,1.3,1800,1949700
20240112,09:44:02,1.3,1800,1949700
20240112,09:44:03,1.3,1800,1949700
20240112,09:44:04,1.3,250,1949700
20240112,09:44:05,1.25,200,1949700
20240112,09:44:06,1.3,25800,1949700
20240112,09:44:07,1.3,11550,1949700
20240112,09:44:09,1.3,2050,1949700
20240112,09:44:09,1.3,100,1949700
20240112,09:44:11,1.3,2250,1949700
20240112,09:44:12,1.35,1800,1949700
20240112,09:44:17,1.35,1800,1949700
20240112,09:44:19,1.35,22400,1949700
20240112,09:44:21,1.35,8850,1949700
20240112,09:44:22,1.35,100,1951850
20240112,09:44:24,1.35,50,1951850
20240112,09:44:36,1.35,3600,1951850
20240112,09:44:44,1.4,4000,1951850
20240112,09:44:44,1.4,1800,1951850
20240112,09:44:52,1.35,50,1951850
20240112,09:45:02,1.35,50,1951850
20240112,09:45:05,1.35,1800,1951850
20240112,09:45:10,1.4,50,1951850
20240112,09:45:18,1.35,6150,1951850
20240112,09:45:32,1.35,1000,1951850
20240112,09:45:37,1.35,50,1951850
20240112,09:45:39,1.35,200,1951850
20240112,09:45:42,1.35,1800,1951850
20240112,09:45:56,1.35,800,1951850
20240112,09:46:03,1.35,100,1951850
20240112,09:46:14,1.35,300,1951850
20240112,09:46:36,1.35,1800,1951850
20240112,09:46:37,1.35,1800,1951850
20240112,09:46:38,1.35,11600,1951850
20240112,09:46:41,1.4,100,1951850
20240112,09:46:42,1.4,50,1951850
20240112,09:46:54,1.4,3600,1951850
20240112,09:47:02,1.35,6350,1951850
20240112,09:47:03,1.35,950,1951850
20240112,09:47:04,1.35,10400,1951850
20240112,09:47:30,1.35,1800,1954600
20240112,09:47:31,1.35,12550,1954600
20240112,09:47:36,1.35,400,1954600
20240112,09:47:37,1.35,2200,1954600
20240112,09:47:45,1.4,50,1954600
20240112,09:48:02,1.4,150,1954600
20240112,09:48:15,1.4,100,1954600
20240112,09:48:36,1.35,150,1954600
20240112,09:48:51,1.4,300,1954600
20240112,09:49:03,1.35,8250,1954600
20240112,09:49:19,1.35,800,1954600
20240112,09:49:33,1.35,200,1954600
20240112,09:49:38,1.35,200,1954600
20240112,09:49:40,1.35,250,1954600
20240112,09:49:41,1.35,300,1954600
20240112,09:49:44,1.35,50,1954600
20240112,09:50:00,1.35,600,1954600
20240112,09:50:14,1.35,50,1954600
20240112,09:50:28,1.3,750,1951900
20240112,09:50:31,1.35,50,1951900
20240112,09:50:36,1.3,800,1951900
20240112,09:50:41,1.35,50,1951900
20240112,09:50:46,1.35,200,1951900
20240112,09:51:04,1.35,50,1951900
20240112,09:51:09,1.35,50,1951900
20240112,09:51:26,1.3,50,1951900
20240112,09:51:34,1.35,50,1951900
20240112,09:51:35,1.3,600,1951900
20240112,09:51:38,1.3,300,1951900
20240112,09:51:38,1.35,700,1951900
20240112,09:51:41,1.3,550,1951900
20240112,09:51:45,1.3,650,1951900
20240112,09:51:48,1.3,500,1951900
20240112,09:51:51,1.3,300,1951900
20240112,09:51:54,1.3,650,1951900
20240112,09:51:55,1.35,50,1951900
20240112,09:51:57,1.3,500,1951900
20240112,09:52:02,1.3,100,1951900
20240112,09:52:08,1.3,50,1951900
20240112,09:52:23,1.3,50,1951900
20240112,09:52:28,1.3,800,1951900
20240112,09:52:37,1.35,1800,1951900
20240112,09:52:44,1.35,50,1951900
20240112,09:52:57,1.35,100,1951900
20240112,09:52:59,1.35,100,1951900
20240112,09:53:02,1.35,100,1951900
20240112,09:53:05,1.35,100,1951900
20240112,09:53:07,1.35,100,1951900
20240112,09:53:10,1.35,50,1951900
20240112,09:53:12,1.35,100,1951900
20240112,09:53:16,1.35,50,1951900
20240112,09:53:19,1.35,100,1951900
20240112,09:53:23,1.35,500,1951900
20240112,09:53:26,1.35,300,1951900
20240112,09:53:27,1.35,500,1951500
20240112,09:53:28,1.35,550,1951500
20240112,09:53:32,1.35,100,1951500
20240112,09:53:33,1.35,500,1951500
20240112,09:53:34,1.35,500,1951500
20240112,09:53:37,1.35,550,1951500
20240112,09:53:41,1.35,500,1951500
20240112,09:53:42,1.3,500,1951500
20240112,09:54:04,1.35,500,1951500
20240112,09:54:14,1.35,100,1951500
20240112,09:54:17,1.35,50,1951500
20240112,09:54:28,1.3,550,1951500
20240112,09:54:46,1.35,250,1951500
20240112,09:54:46,1.35,750,1951500
20240112,09:54:47,1.35,250,1951500
20240112,09:54:49,1.35,300,1951500
20240112,09:54:53,1.35,300,1951500
20240112,09:54:54,1.35,500,1951500
20240112,09:54:56,1.3,550,1951500
20240112,09:54:57,1.3,550,1951500
20240112,09:54:58,1.3,100,1951500
20240112,09:54:59,1.3,750,1951500
20240112,09:55:00,1.35,50,1951500
20240112,09:55:01,1.3,950,1951500
20240112,09:55:03,1.3,950,1951500
20240112,09:55:05,1.35,1800,1951500
20240112,09:55:06,1.35,6350,1951500
20240112,09:55:07,1.35,5100,1951500
20240112,09:55:08,1.35,3300,1951500
20240112,09:55:09,1.35,1500,1951500
20240112,09:55:10,1.35,51500,1951500
20240112,09:55:11,1.35,1500,1951500
20240112,09:55:30,1.35,50,1951500
20240112,09:55:33,1.3,50,1951500
20240112,09:55:36,1.35,50,1951500
20240112,09:55:42,1.35,50,1951500
20240112,09:55:43,1.35,350,1951500
20240112,09:55:49,1.35,50,1951500
20240112,09:56:10,1.35,500,1951500
20240112,09:56:12,1.3,6000,1951500
20240112,09:56:14,1.35,1000,1951500
20240112,09:56:16,1.35,50200,1951500
20240112,09:56:25,1.35,50,1952250
20240112,09:56:35,1.4,500,1952250
20240112,09:56:36,1.4,200,1952250
20240112,09:56:45,1.35,50,1952250
20240112,09:57:07,1.4,1800,1952250
20240112,09:57:09,1.4,100,1952250
20240112,09:57:12,1.4,100,1952250
20240112,09:57:15,1.4,100,1952250
20240112,09:57:18,1.4,100,1952250
20240112,09:57:20,1.4,50,1952250
20240112,09:57:21,1.4,100,1952250
20240112,09:57:23,1.4,100,1952250
20240112,09:57:25,1.4,50,1952250
20240112,09:57:27,1.4,300,1952250
20240112,09:57:28,1.4,300,1952250
20240112,09:57:29,1.4,2200,1952250
20240112,09:57:30,1.4,1300,1952250
20240112,09:57:31,1.4,5650,1952250
20240112,09:57:32,1.4,1300,1952250
20240112,09:57:33,1.4,300,1952250
20240112,09:57:34,1.45,27250,1952250
20240112,09:57:35,1.45,650,1952250
20240112,09:57:38,1.45,1800,1952250
20240112,09:57:39,1.45,50,1952250
20240112,09:57:40,1.45,100,1952250
20240112,09:57:41,1.45,1850,1952250
20240112,09:57:52,1.4,1800,1952250
20240112,09:57:54,1.4,1200,1952250
20240112,09:58:20,1.45,2000,1952250
20240112,09:58:37,1.4,1800,1952250
20240112,09:58:38,1.4,12600,1952250
20240112,09:58:40,1.4,2100,1952250
20240112,09:58:42,1.4,250,1952250
20240112,09:58:42,1.35,950,1952250
20240112,09:58:58,1.4,100,1952250
20240112,09:59:00,1.4,1000,1952250
20240112,09:59:06,1.4,450,1952250
20240112,09:59:12,1.4,1000,1952250
20240112,09:59:14,1.4,50,1952250
20240112,09:59:15,1.4,900,1952250
20240112,09:59:16,1.4,2150,1952250
20240112,09:59:17,1.4,13650,1952250
20240112,09:59:20,1.45,250,1952250
20240112,09:59:28,1.4,650,1948650
20240112,09:59:29,1.45,100,1948650
20240112,09:59:30,1.4,550,1948650
20240112,09:59:33,1.4,650,1948650
20240112,09:59:35,1.4,500,1948650
20240112,09:59:38,1.4,550,1948650
20240112,09:59:39,1.4,50,1948650
20240112,09:59:41,1.4,550,1948650
20240112,09:59:45,1.4,500,1948650
20240112,09:59:46,1.4,11900,1948650
20240112,09:59:49,1.35,300,1948650
20240112,09:59:51,1.4,200,1948650
20240112,09:59:52,1.35,500,1948650
20240112,09:59:53,1.4,400,1948650
20240112,10:00:02,1.35,50,1948650
20240112,10:00:04,1.35,150,1948650
20240112,10:00:45,1.4,50,1948650
20240112,10:00:53,1.4,900,1948650
20240112,10:01:29,1.4,150,1948650
20240112,10:01:31,1.4,100,1948650
20240112,10:01:31,1.4,500,1948650
20240112,10:01:34,1.35,250,1948650
20240112,10:01:35,1.4,50,1948650
20240112,10:02:00,1.4,850,1948650
20240112,10:02:05,1.4,13600,1948650
20240112,10:02:06,1.4,50,1948650
20240112,10:02:07,1.4,50,1948650
20240112,10:02:08,1.4,50,1948650
20240112,10:02:09,1.4,50,1948650
20240112,10:02:11,1.4,50,1948650
20240112,10:02:24,1.45,1500,1948650
20240112,10:02:25,1.45,1500,1948650
20240112,10:02:26,1.45,1500,1950900
20240112,10:02:27,1.4,3500,1950900
20240112,10:02:28,1.4,1500,1950900
20240112,10:02:29,1.4,1500,1950900
20240112,10:02:32,1.4,7050,1950900
20240112,10:02:34,1.4,1800,1950900
20240112,10:02:36,1.4,7800,1950900
20240112,10:02:37,1.4,1900,1950900
20240112,10:02:40,1.4,500,1950900
20240112,10:02:43,1.45,950,1950900
20240112,10:03:11,1.4,3600,1950900
20240112,10:03:14,1.4,350,1950900
20240112,10:03:15,1.4,17850,1950900
20240112,10:03:16,1.4,250,1950900
20240112,10:03:17,1.4,250,1950900
20240112,10:03:18,1.4,1000,1950900
20240112,10:03:20,1.4,350,1950900
20240112,10:03:21,1.4,400,1950900
20240112,10:03:22,1.4,700,1950900
20240112,10:03:28,1.4,1800,1950900
20240112,10:03:28,1.4,250,1950900
20240112,10:03:29,1.4,22450,1950900
20240112,10:03:33,1.4,200,1950900
20240112,10:03:36,1.4,250,1950900
20240112,10:03:43,1.45,150,1950900
20240112,10:03:45,1.45,5000,1950900
20240112,10:03:47,1.45,300,1950900
20240112,10:04:02,1.45,150,1950900
20240112,10:04:03,1.4,150,1950900
20240112,10:04:26,1.45,100,1950900
20240112,10:04:27,1.45,50,1950900
20240112,10:04:28,1.45,100,1950900
20240112,10:04:29,1.45,250,1950900
20240112,10:04:30,1.45,100,1950900
20240112,10:04:32,1.45,150,1950900
20240112,10:04:33,1.45,700,1950900
20240112,10:04:33,1.45,2050,1950900
20240112,10:04:34,1.5,30750,1950900
20240112,10:04:35,1.5,3350,1950900
20240112,10:04:36,1.5,300,1950900
20240112,10:04:37,1.5,750,1950900
20240112,10:04:38,1.5,100,1950900
20240112,10:04:39,1.5,650,1950900
20240112,10:04:41,1.5,550,1950900
20240112,10:04:41,1.45,50,1950900
20240112,10:04:54,1.5,250,1950900
20240112,10:04:59,1.5,200,1950900
20240112,10:05:00,1.5,2500,1950900
20240112,10:05:01,1.5,26850,1950900
20240112,10:05:02,1.5,4550,1950900
20240112,10:05:03,1.5,500,1950900
20240112,10:05:04,1.55,850,1950900
20240112,10:05:06,1.55,200,1950900
20240112,10:05:15,1.55,1800,1950900
20240112,10:05:22,1.55,1850,1950900
20240112,10:05:25,1.55,150,1950900
20240112,10:05:33,1.55,50,1966000
20240112,10:05:38,1.55,1800,1966000
20240112,10:05:48,1.55,1900,1966000
20240112,10:05:50,1.55,550,1966000
20240112,10:05:52,1.55,50,1966000
20240112,10:05:59,1.55,850,1966000
20240112,10:06:07,1.55,1200,1966000
20240112,10:06:10,1.55,900,1966000
20240112,10:06:11,1.55,550,1966000
20240112,10:06:12,1.55,2600,1966000
20240112,10:06:13,1.55,850,1966000
20240112,10:06:14,1.6,30050,1966000
20240112,10:06:19,1.6,1800,1966000
20240112,10:06:19,1.55,1800,1966000
20240112,10:06:23,1.6,3300,1966000
20240112,10:06:24,1.6,1500,1966000
20240112,10:06:24,1.6,100,1966000
20240112,10:06:26,1.6,3000,1966000
20240112,10:06:26,1.6,1500,1966000
20240112,10:06:27,1.6,1500,1966000
20240112,10:06:29,1.6,1500,1966000
20240112,10:06:32,1.6,1800,1966000
20240112,10:06:34,1.6,1800,1966000
20240112,10:06:36,1.6,1800,1966000
20240112,10:06:44,1.55,50,1966000
20240112,10:06:55,1.6,500,1966000
20240112,10:07:03,1.6,50,1966000
20240112,10:07:06,1.55,1800,1966000
20240112,10:07:09,1.55,500,1966000
20240112,10:07:11,1.55,1800,1966000
20240112,10:07:14,1.55,1800,1966000
20240112,10:07:15,1.55,17800,1966000
20240112,10:07:17,1.55,50100,1966000
20240112,10:07:19,1.55,1000,1966000
20240112,10:07:19,1.55,2300,1966000
20240112,10:07:22,1.55,1800,1966000
20240112,10:07:23,1.55,25150,1966000
20240112,10:07:24,1.55,250,1966000
20240112,10:07:26,1.55,550,1966000
20240112,10:07:27,1.55,7750,1966000
20240112,10:07:28,1.55,2400,1966000
20240112,10:07:29,1.6,6800,1966000
20240112,10:07:36,1.6,2800,1966000
20240112,10:07:37,1.6,11050,1966000
20240112,10:07:39,1.65,2050,1966000
20240112,10:07:40,1.6,14300,1966000
20240112,10:07:45,1.55,500,1966000
20240112,10:07:59,1.6,50,1966000
20240112,10:08:00,1.6,50,1966000
20240112,10:08:01,1.55,100,1966000
20240112,10:08:03,1.6,100,1966000
20240112,10:08:04,1.6,50,1966000
20240112,10:08:05,1.6,100,1966000
20240112,10:08:06,1.6,14750,1966000
20240112,10:08:08,1.65,50,1966000
20240112,10:08:09,1.6,20950,1966000
20240112,10:08:10,1.6,50,1966000
20240112,10:08:14,1.6,50,1966000
20240112,10:08:16,1.6,900,1966000
20240112,10:08:18,1.6,50,1966000
20240112,10:08:19,1.6,500,1966000
20240112,10:08:22,1.55,59250,1966000
20240112,10:08:23,1.55,16800,1966000
20240112,10:08:24,1.6,35600,1966000
20240112,10:08:25,1.6,27100,1966000
20240112,10:08:26,1.6,50,1987600
20240112,10:08:27,1.55,100,1987600
20240112,10:08:29,1.6,50,1987600
20240112,10:08:30,1.6,50,1987600
20240112,10:08:32,1.55,3900,1987600
20240112,10:08:36,1.55,100,1987600
20240112,10:08:39,1.55,50,1987600
20240112,10:08:46,1.5,1200,1987600
20240112,10:08:48,1.55,50,1987600
20240112,10:08:49,1.55,50,1987600
20240112,10:08:50,1.55,300,1987600
20240112,10:08:51,1.5,900,1987600
20240112,10:08:53,1.55,550,1987600
20240112,10:09:01,1.5,100,1987600
20240112,10:09:02,1.5,200,1987600
20240112,10:09:06,1.5,500,1987600
20240112,10:09:09,1.5,100,1987600
20240112,10:09:14,1.55,17300,1987600
20240112,10:09:26,1.6,50,1987600
20240112,10:09:29,1.55,25700,1987600
20240112,10:09:30,1.55,2200,1987600
20240112,10:09:32,1.55,1800,1987600
20240112,10:09:35,1.55,1800,1987600
20240112,10:09:36,1.55,35150,1987600
20240112,10:09:37,1.55,12650,1987600
20240112,10:09:38,1.55,20050,1987600
20240112,10:09:46,1.6,50,1987600
20240112,10:09:51,1.55,150,1987600
20240112,10:09:52,1.55,20800,1987600
20240112,10:09:53,1.55,50,1987600
20240112,10:09:55,1.55,23800,1987600
20240112,10:09:56,1.6,9050,1987600
20240112,10:09:57,1.55,26900,1987600
20240112,10:09:59,1.55,12050,1987600
20240112,10:10:00,1.55,5050,1987600
20240112,10:10:01,1.55,3450,1987600
20240112,10:10:04,1.55,8250,1987600
20240112,10:10:12,1.55,44650,1987600
20240112,10:10:17,1.55,100,1987600
20240112,10:10:18,1.5,100,1987600
20240112,10:10:23,1.55,30400,1987600
20240112,10:10:27,1.55,5650,1987600
20240112,10:10:27,1.55,18850,1987600
20240112,10:10:28,1.55,450,1987600
20240112,10:10:29,1.55,200,1987600
20240112,10:10:30,1.55,50,1987600
20240112,10:10:38,1.55,50,1987600
20240112,10:10:39,1.55,100,1987600
20240112,10:10:40,1.55,50,1987600
20240112,10:10:46,1.55,100,1987600
20240112,10:10:52,1.5,7500,1987600
20240112,10:10:54,1.5,28700,1987600
20240112,10:10:54,1.5,7950,1987600
20240112,10:10:58,1.5,300,1987600
20240112,10:11:00,1.55,700,1987600
20240112,10:11:01,1.5,600,1987600
20240112,10:11:08,1.5,9000,1987600
20240112,10:11:13,1.55,700,1987600
20240112,10:11:21,1.55,50,1987600
20240112,10:11:24,1.5,100,1987600
20240112,10:11:27,1.55,4300,2112400
20240112,10:11:28,1.5,600,2112400
20240112,10:11:30,1.55,100,2112400
20240112,10:11:31,1.5,50,2112400
20240112,10:11:39,1.55,100,2112400
20240112,10:11:44,1.55,200,2112400
20240112,10:11:45,1.55,50,2112400
20240112,10:11:49,1.55,50,2112400
20240112,10:11:50,1.5,50,2112400
20240112,10:12:05,1.55,1500,2112400
20240112,10:12:06,1.55,50,2112400
20240112,10:12:07,1.55,20550,2112400
20240112,10:12:08,1.55,200,2112400
20240112,10:12:09,1.55,63750,2112400
20240112,10:12:10,1.55,250,2112400
20240112,10:12:12,1.55,13500,2112400
20240112,10:12:13,1.55,18900,2112400
20240112,10:12:16,1.55,22500,2112400
20240112,10:12:17,1.55,1850,2112400
20240112,10:12:18,1.55,8850,2112400
20240112,10:12:20,1.6,50,2112400
20240112,10:12:21,1.6,1150,2112400
20240112,10:12:23,1.55,450,2112400
20240112,10:12:26,1.6,100,2112400
20240112,10:12:28,1.6,50,2112400
20240112,10:12:29,1.5,12250,2112400
20240112,10:12:30,1.55,1150,2112400
20240112,10:12:35,1.55,200,2112400
20240112,10:12:54,1.55,1800,2112400
20240112,10:12:55,1.55,1800,2112400
20240112,10:12:57,1.5,1000,2112400
20240112,10:13:00,1.55,150,2112400
20240112,10:13:02,1.5,78650,2112400
20240112,10:13:03,1.5,50,2112400
20240112,10:13:05,1.5,50,2112400
20240112,10:13:11,1.5,50,2112400
20240112,10:13:12,1.5,5600,2112400
20240112,10:13:13,1.5,50,2112400
20240112,10:13:17,1.5,50,2112400
20240112,10:13:18,1.5,600,2112400
20240112,10:13:25,1.5,49950,2112400
20240112,10:13:26,1.5,12500,2112400
20240112,10:13:28,1.5,50,2112400
20240112,10:13:32,1.5,1800,2112400
20240112,10:13:34,1.5,1800,2112400
20240112,10:13:37,1.5,1500,2112400
20240112,10:13:38,1.5,1500,2112400
20240112,10:13:40,1.5,7200,2112400
20240112,10:13:42,1.5,1800,2112400
20240112,10:13:44,1.5,15150,2112400
20240112,10:13:45,1.5,2300,2112400
20240112,10:13:56,1.5,5000,2112400
20240112,10:13:59,1.5,50,2112400
20240112,10:14:07,1.5,5400,2112400
20240112,10:14:09,1.5,1500,2112400
20240112,10:14:10,1.5,100,2112400
20240112,10:14:12,1.5,1550,2112400
20240112,10:14:15,1.5,50,2112400
20240112,10:14:46,1.5,250,2097250
20240112,10:14:56,1.45,150,2097250
20240112,10:15:10,1.5,1000,2097250
20240112,10:15:18,1.5,1000,2097250
20240112,10:15:34,1.5,50,2097250
20240112,10:15:38,1.5,250,2097250
20240112,10:15:40,1.5,50,2097250
20240112,10:15:41,1.5,1000,2097250
20240112,10:16:09,1.45,50,2097250
20240112,10:16:30,1.45,50,2097250
20240112,10:16:37,1.45,300,2097250
20240112,10:17:00,1.5,500,2097250
20240112,10:17:20,1.5,550,2097250
20240112,10:17:21,1.45,1550,2097250
20240112,10:17:22,1.45,1800,2097250
20240112,10:17:25,1.5,1500,2097250
20240112,10:17:26,1.45,400,2097250
20240112,10:17:28,1.45,500,2098550
20240112,10:17:34,1.45,150,2098550
20240112,10:17:49,1.45,100,2098550
20240112,10:17:52,1.45,3650,2098550
20240112,10:17:53,1.45,550,2098550
20240112,10:17:54,1.45,1800,2098550
20240112,10:17:55,1.45,100,2098550
20240112,10:17:56,1.45,50,2098550
20240112,10:18:00,1.45,100,2098550
20240112,10:18:00,1.45,850,2098550
20240112,10:18:03,1.45,100,2098550
20240112,10:18:05,1.45,100,2098550
20240112,10:18:08,1.45,100,2098550
20240112,10:18:09,1.45,100,2098550
20240112,10:18:12,1.45,50,2098550
20240112,10:18:21,1.45,1000,2098550
20240112,10:18:36,1.5,50,2098550
20240112,10:18:40,1.5,1000,2098550
20240112,10:18:42,1.45,100,2098550
20240112,10:18:51,1.5,700,2098550
20240112,10:18:54,1.5,3000,2098550
20240112,10:19:11,1.5,150,2098550
20240112,10:19:16,1.5,100,2098550
20240112,10:19:21,1.5,100,2098550
20240112,10:19:42,1.5,150,2098550
20240112,10:19:43,1.5,100,2098550
20240112,10:19:44,1.5,150,2098550
20240112,10:19:47,1.5,150,2098550
20240112,10:19:49,1.5,100,2098550
20240112,10:19:50,1.5,100,2098550
20240112,10:19:59,1.5,150,2098550
20240112,10:20:05,1.5,100,2098550
20240112,10:20:32,1.5,50,2098550
20240112,10:20:38,1.5,50,2092100
20240112,10:20:47,1.45,50,2092100
20240112,10:21:15,1.5,50,2092100
20240112,10:21:15,1.5,3000,2092100
20240112,10:21:40,1.55,75900,2092100
20240112,10:21:49,1.5,100,2092100
20240112,10:21:54,1.55,50,2092100
20240112,10:21:55,1.5,5400,2092100
20240112,10:21:56,1.5,3850,2092100
20240112,10:21:58,1.45,250,2092100
20240112,10:21:59,1.5,150,2092100
20240112,10:22:01,1.45,150,2092100
20240112,10:22:04,1.45,4500,2092100
20240112,10:22:33,1.45,9250,2092100
20240112,10:22:39,1.45,50,2092100
20240112,10:22:42,1.5,250,2092100
20240112,10:22:59,1.5,50,2092100
20240112,10:23:01,1.5,150,2092100
20240112,10:23:15,1.5,50,2092100
20240112,10:23:17,1.45,1800,2092100
20240112,10:23:17,1.45,3600,2092100
20240112,10:23:18,1.45,3600,2092100
20240112,10:23:22,1.5,300,2092100
20240112,10:23:24,1.5,300,2092100
20240112,10:23:28,1.45,50,2092100
20240112,10:23:30,1.45,11450,2112150
20240112,10:23:33,1.45,350,2112150
20240112,10:23:35,1.45,250,2112150
20240112,10:23:36,1.45,250,2112150
20240112,10:23:38,1.45,100,2112150
20240112,10:23:39,1.45,14600,2112150
20240112,10:23:40,1.45,550,2112150
20240112,10:23:48,1.5,5000,2112150
20240112,10:23:51,1.5,1800,2112150
20240112,10:23:52,1.5,1800,2112150
20240112,10:24:07,1.5,1800,2112150
20240112,10:24:35,1.5,1800,2112150
20240112,10:24:37,1.5,50,2112150
20240112,10:24:40,1.5,100,2112150
20240112,10:24:47,1.5,800,2112150
20240112,10:24:56,1.5,50,2112150
20240112,10:24:56,1.5,300,2112150
20240112,10:25:02,1.5,1000,2112150
20240112,10:25:08,1.5,4000,2112150
20240112,10:25:10,1.5,1000,2112150
20240112,10:25:10,1.5,50,2112150
20240112,10:25:12,1.5,200,2112150
20240112,10:25:33,1.5,200,2112150
20240112,10:25:40,1.5,200,2112150
20240112,10:25:44,1.5,100,2112150
20240112,10:26:03,1.45,3600,2112150
20240112,10:26:03,1.45,5400,2112150
20240112,10:26:04,1.5,150,2112150
20240112,10:26:05,1.5,50,2112150
20240112,10:26:12,1.5,1800,2112150
20240112,10:26:13,1.55,10050,2112150
20240112,10:26:14,1.5,2400,2112150
20240112,10:26:16,1.5,350,2112150
20240112,10:26:19,1.5,250,2112150
20240112,10:26:26,1.5,1000,2112150
20240112,10:26:32,1.5,200,2129800
20240112,10:26:34,1.5,200,2129800
20240112,10:26:49,1.55,100,2129800
20240112,10:26:51,1.5,1800,2129800
20240112,10:26:52,1.5,1800,2129800
20240112,10:26:53,1.5,200,2129800
20240112,10:26:57,1.5,1800,2129800
20240112,10:27:01,1.5,200,2129800
20240112,10:27:04,1.5,550,2129800
20240112,10:27:07,1.5,700,2129800
20240112,10:27:22,1.5,550,2129800
20240112,10:27:26,1.55,300,2129800
20240112,10:27:35,1.5,200,2129800
20240112,10:27:38,1.5,550,2129800
20240112,10:27:40,1.55,800,2129800
20240112,10:27:46,1.5,50,2129800
20240112,10:27:52,1.55,2700,2129800
20240112,10:27:54,1.55,1200,2129800
20240112,10:27:58,1.5,50,2129800
20240112,10:28:04,1.5,250,2129800
20240112,10:28:05,1.5,200,2129800
20240112,10:28:12,1.5,400,2129800
20240112,10:28:14,1.55,600,2129800
20240112,10:28:20,1.55,3600,2129800
20240112,10:28:22,1.55,16200,2129800
20240112,10:28:22,1.55,5400,2129800
20240112,10:28:23,1.55,12200,2129800
20240112,10:28:25,1.5,50,2129800
20240112,10:28:27,1.55,1700,2129800
20240112,10:28:29,1.55,2100,2129800
20240112,10:28:30,1.55,1500,2129800
20240112,10:28:31,1.55,750,2129800
20240112,10:28:33,1.55,1500,2129800
20240112,10:28:35,1.55,700,2129800
20240112,10:29:04,1.6,50,2129800
20240112,10:29:20,1.6,50,2129800
20240112,10:29:22,1.6,1800,2129800
20240112,10:29:23,1.6,5400,2129800
20240112,10:29:32,1.6,1900,2137150
20240112,10:29:33,1.6,5450,2137150
20240112,10:29:35,1.6,100,2137150
20240112,10:29:37,1.6,50,2137150
20240112,10:29:46,1.6,1800,2137150
20240112,10:29:47,1.65,300,2137150
20240112,10:29:53,1.65,50,2137150
20240112,10:29:56,1.6,8100,2137150
20240112,10:30:03,1.6,300,2137150
20240112,10:30:07,1.6,700,2137150
20240112,10:30:23,1.6,1000,2137150
20240112,10:30:32,1.6,3600,2137150
20240112,10:30:33,1.65,4600,2137150
20240112,10:30:36,1.65,50,2137150
20240112,10:30:45,1.65,1000,2137150
20240112,10:30:46,1.65,50,2137150
20240112,10:30:53,1.6,550,2137150
20240112,10:31:03,1.65,1800,2137150
20240112,10:31:10,1.65,500,2137150
20240112,10:31:25,1.6,1800,2137150
20240112,10:31:26,1.6,1800,2137150
20240112,10:31:27,1.6,1800,2137150
20240112,10:31:28,1.6,1800,2137150
20240112,10:31:29,1.6,7250,2137150
20240112,10:31:30,1.55,1800,2137150
20240112,10:31:31,1.55,1800,2137150
20240112,10:31:32,1.55,1800,2137150
20240112,10:31:34,1.55,1800,2137150
20240112,10:31:35,1.55,1800,2137150
20240112,10:31:50,1.6,1900,2137150
20240112,10:31:53,1.6,250,2137150
20240112,10:32:01,1.6,500,2137150
20240112,10:32:02,1.6,1850,2137150
20240112,10:32:14,1.6,500,2137150
20240112,10:32:21,1.6,250,2137150
20240112,10:32:29,1.6,1800,2137150
20240112,10:32:54,1.55,150,2157250
20240112,10:32:55,1.6,1800,2157250
20240112,10:32:57,1.55,500,2157250
20240112,10:33:02,1.55,24200,2157250
20240112,10:33:35,1.55,5500,2157250
20240112,10:33:36,1.55,1800,2157250
20240112,10:33:38,1.6,1800,2157250
20240112,10:34:02,1.6,50,2157250
20240112,10:34:04,1.6,600,2157250
20240112,10:34:06,1.6,300,2157250
20240112,10:34:13,1.6,600,2157250
20240112,10:34:46,1.6,1100,2157250
20240112,10:34:51,1.6,200,2157250
20240112,10:34:53,1.6,100,2157250
20240112,10:34:56,1.6,250,2157250
20240112,10:35:00,1.6,1800,2157250
20240112,10:35:02,1.55,350,2157250
20240112,10:35:07,1.55,250,2157250
20240112,10:35:15,1.55,1800,2157250
20240112,10:35:17,1.6,50,2157250
20240112,10:35:19,1.55,9950,2157250
20240112,10:35:21,1.55,6550,2157250
20240112,10:35:22,1.6,1800,2157250
20240112,10:35:23,1.6,50,2157250
20240112,10:35:32,1.6,50,2155750
20240112,10:35:51,1.6,1800,2155750
20240112,10:35:52,1.6,1800,2155750
20240112,10:35:55,1.6,800,2155750
20240112,10:35:56,1.6,2400,2155750
20240112,10:36:04,1.6,1800,2155750
20240112,10:36:14,1.6,1350,2155750
20240112,10:36:25,1.6,1450,2155750
20240112,10:36:26,1.6,5650,2155750
20240112,10:36:29,1.6,650,2155750
20240112,10:36:29,1.6,6900,2155750
20240112,10:37:01,1.6,100,2155750
20240112,10:37:03,1.65,1700,2155750
20240112,10:37:17,1.6,5400,2155750
20240112,10:37:18,1.6,8200,2155750
20240112,10:37:19,1.6,2050,2155750
20240112,10:37:21,1.6,4650,2155750
20240112,10:37:22,1.6,3200,2155750
20240112,10:37:24,1.6,300,2155750
20240112,10:37:25,1.6,1150,2155750
20240112,10:37:33,1.65,250,2155750
20240112,10:38:13,1.65,3000,2155750
20240112,10:38:29,1.65,50,2155750
20240112,10:38:56,1.6,1950,2165600
20240112,10:39:04,1.6,1500,2165600
20240112,10:39:47,1.65,1800,2165600
20240112,10:39:58,1.65,5100,2165600
20240112,10:39:58,1.65,1500,2165600
20240112,10:39:59,1.65,3600,2165600
20240112,10:40:00,1.65,14200,2165600
20240112,10:40:01,1.65,7450,2165600
20240112,10:40:03,1.7,5150,2165600
20240112,10:40:04,1.7,1800,2165600
20240112,10:40:04,1.7,15300,2165600
20240112,10:40:06,1.7,9450,2165600
20240112,10:40:06,1.75,2250,2165600
20240112,10:40:11,1.75,550,2165600
20240112,10:40:11,1.75,1800,2165600
20240112,10:40:14,1.75,5600,2165600
20240112,10:40:15,1.75,15500,2165600
20240112,10:40:17,1.75,2400,2165600
20240112,10:40:19,1.75,300,2165600
20240112,10:40:34,1.75,3000,2165600
20240112,10:40:35,1.75,7600,2165600
20240112,10:40:36,1.75,3950,2165600
20240112,10:40:37,1.8,4600,2165600
20240112,10:40:38,1.8,3250,2165600
20240112,10:40:39,1.8,3000,2165600
20240112,10:40:40,1.8,3000,2165600
20240112,10:40:41,1.8,5150,2165600
20240112,10:40:42,1.8,10800,2165600
20240112,10:40:43,1.75,8500,2165600
20240112,10:40:44,1.75,4250,2165600
20240112,10:40:45,1.75,550,2165600
20240112,10:40:46,1.8,3950,2165600
20240112,10:40:47,1.75,4800,2165600
20240112,10:40:48,1.8,14600,2165600
20240112,10:40:49,1.85,4600,2165600
20240112,10:40:50,1.85,11150,2165600
20240112,10:40:51,1.85,3000,2165600
20240112,10:40:52,1.85,16350,2165600
20240112,10:40:53,1.85,1700,2165600
20240112,10:40:54,1.9,13250,2165600
20240112,10:40:55,1.9,6100,2165600
20240112,10:40:56,1.9,3500,2165600
20240112,10:40:57,1.9,8150,2165600
20240112,10:40:58,1.85,9500,2165600
20240112,10:40:59,1.95,12000,2165600
20240112,10:41:00,1.95,3950,2165600
20240112,10:41:01,1.9,250,2165600
20240112,10:41:05,1.85,1800,2165600
20240112,10:41:08,1.85,1800,2165600
20240112,10:41:13,1.9,900,2165600
20240112,10:41:14,1.9,3600,2165600
20240112,10:41:19,1.85,1850,2165600
20240112,10:41:21,1.85,1800,2165600
20240112,10:41:22,1.85,6800,2165600
20240112,10:41:26,1.85,500,2165600
20240112,10:41:29,1.8,7400,2165600
20240112,10:41:30,1.8,3600,2165600
20240112,10:41:32,1.85,600,2165600
20240112,10:41:35,1.85,350,2197550
20240112,10:41:37,1.85,250,2197550
20240112,10:41:38,1.85,750,2197550
20240112,10:41:39,1.85,850,2197550
20240112,10:41:44,1.8,10100,2197550
20240112,10:41:45,1.85,25350,2197550
20240112,10:41:46,1.8,1800,2197550
20240112,10:41:47,1.8,1050,2197550
20240112,10:41:48,1.85,4200,2197550
20240112,10:41:50,1.85,600,2197550
20240112,10:41:56,1.8,500,2197550
20240112,10:41:59,1.85,450,2197550
20240112,10:42:00,1.8,1800,2197550
20240112,10:42:04,1.8,50,2197550
20240112,10:42:08,1.8,1300,2197550
20240112,10:42:11,1.85,750,2197550
20240112,10:42:12,1.85,500,2197550
20240112,10:42:14,1.85,1050,2197550
20240112,10:42:18,1.8,250,2197550
20240112,10:42:20,1.85,1000,2197550
20240112,10:42:29,1.85,550,2197550
20240112,10:42:36,1.85,50,2197550
20240112,10:42:55,1.85,1800,2197550
20240112,10:42:56,1.85,600,2197550
20240112,10:42:58,1.85,100,2197550
20240112,10:43:07,1.8,5900,2197550
20240112,10:43:08,1.8,3600,2197550
20240112,10:43:09,1.85,4800,2197550
20240112,10:43:10,1.85,3600,2197550
20240112,10:43:12,1.85,1800,2197550
20240112,10:43:13,1.8,1800,2197550
20240112,10:43:14,1.85,100,2197550
20240112,10:43:15,1.8,400,2197550
20240112,10:43:23,1.8,1800,2197550
20240112,10:43:24,1.85,250,2197550
20240112,10:43:31,1.85,200,2197550
20240112,10:43:42,1.8,1800,2197550
20240112,10:43:50,1.8,2100,2197550
20240112,10:43:51,1.85,250,2197550
20240112,10:43:53,1.8,2600,2197550
20240112,10:44:00,1.85,1800,2197550
20240112,10:44:04,1.85,200,2197550
20240112,10:44:05,1.8,200,2197550
20240112,10:44:10,1.8,800,2197550
20240112,10:44:11,1.85,12600,2197550
20240112,10:44:13,1.85,2300,2197550
20240112,10:44:16,1.85,450,2197550
20240112,10:44:18,1.9,150,2197550
20240112,10:44:24,1.85,400,2197550
20240112,10:44:27,1.85,10400,2197550
20240112,10:44:28,1.85,3700,2197550
20240112,10:44:30,1.85,4600,2197550
20240112,10:44:41,1.9,1800,2212750
20240112,10:44:49,1.85,50,2212750
20240112,10:44:54,1.9,1800,2212750
20240112,10:44:56,1.9,2500,2212750
20240112,10:45:00,1.85,1800,2212750
20240112,10:45:02,1.85,500,2212750
20240112,10:45:06,1.9,500,2212750
20240112,10:45:09,1.9,1800,2212750
20240112,10:45:21,1.9,500,2212750
20240112,10:45:22,1.9,600,2212750
20240112,10:45:25,1.85,1800,2212750
20240112,10:45:35,1.9,700,2212750
20240112,10:45:35,1.9,1050,2212750
20240112,10:45:38,1.85,1800,2212750
20240112,10:45:39,1.85,1800,2212750
20240112,10:45:40,1.85,17250,2212750
20240112,10:45:46,1.8,1800,2212750
20240112,10:45:48,1.8,1800,2212750
20240112,10:45:49,1.85,100,2212750
20240112,10:45:55,1.8,1200,2212750
20240112,10:46:01,1.85,250,2212750
20240112,10:46:05,1.8,50,2212750
20240112,10:46:19,1.8,300,2212750
20240112,10:46:23,1.8,50,2212750
20240112,10:46:24,1.85,600,2212750
20240112,10:46:33,1.8,100,2212750
20240112,10:46:35,1.85,1800,2212750
20240112,10:46:35,1.85,500,2212750
20240112,10:46:36,1.85,15950,2212750
20240112,10:46:37,1.85,11550,2212750
20240112,10:46:49,1.85,1800,2212750
20240112,10:46:49,1.85,21800,2212750
20240112,10:46:51,1.8,3600,2212750
20240112,10:46:53,1.85,1800,2212750
20240112,10:46:57,1.85,100,2212750
20240112,10:46:58,1.85,500,2212750
20240112,10:46:59,1.85,1800,2212750
20240112,10:47:01,1.8,50,2212750
20240112,10:47:03,1.8,100,2212750
20240112,10:47:05,1.85,15650,2212750
20240112,10:47:06,1.85,12500,2212750
20240112,10:47:07,1.85,12000,2212750
20240112,10:47:08,1.85,12900,2212750
20240112,10:47:09,1.85,13700,2212750
20240112,10:47:10,1.85,12850,2212750
20240112,10:47:11,1.85,15250,2212750
20240112,10:47:12,1.85,9100,2212750
20240112,10:47:14,1.85,17400,2212750
20240112,10:47:15,1.85,11000,2212750
20240112,10:47:17,1.8,28900,2212750
20240112,10:47:21,1.85,17100,2212750
20240112,10:47:23,1.85,20400,2212750
20240112,10:47:24,1.85,21250,2212750
20240112,10:47:31,1.85,22850,2212750
20240112,10:47:40,1.9,2800,2234750
20240112,10:47:43,1.85,50,2234750
20240112,10:47:47,1.85,1000,2234750
20240112,10:47:57,1.85,100,2234750
20240112,10:47:58,1.85,100,2234750
20240112,10:47:58,1.9,250,2234750
20240112,10:48:04,1.85,7200,2234750
20240112,10:48:05,1.85,18700,2234750
20240112,10:48:09,1.85,50,2234750
20240112,10:48:19,1.85,31100,2234750
20240112,10:48:20,1.8,500,2234750
20240112,10:48:31,1.8,100,2234750
20240112,10:48:37,1.85,200,2234750
20240112,10:48:37,1.85,900,2234750
20240112,10:48:38,1.85,50,2234750
20240112,10:48:41,1.8,250,2234750
20240112,10:48:46,1.8,50,2234750
20240112,10:48:54,1.85,300,2234750
20240112,10:48:59,1.85,1400,2234750
20240112,10:49:06,1.85,300,2234750
20240112,10:49:11,1.9,61300,2234750
20240112,10:49:12,1.9,77650,2234750
20240112,10:49:14,1.8,51600,2234750
20240112,10:49:16,1.85,7200,2234750
20240112,10:49:17,1.85,900,2234750
20240112,10:49:19,1.85,2600,2234750
20240112,10:49:26,1.85,1500,2234750
20240112,10:49:26,1.8,6050,2234750
20240112,10:49:27,1.85,7500,2234750
20240112,10:49:30,1.8,1800,2234750
20240112,10:49:32,1.85,1500,2234750
20240112,10:49:33,1.85,26050,2234750
20240112,10:49:34,1.85,3000,2234750
20240112,10:49:35,1.85,7150,2234750
20240112,10:49:36,1.85,18350,2234750
20240112,10:49:42,1.85,300,2234750
20240112,10:49:47,1.8,100,2234750
20240112,10:49:50,1.85,200,2234750
20240112,10:49:53,1.85,4800,2234750
20240112,10:49:58,1.9,34750,2234750
20240112,10:50:12,1.85,28050,2234750
20240112,10:50:13,1.9,1650,2234750
20240112,10:50:14,1.85,7500,2234750
20240112,10:50:15,1.85,7700,2234750
20240112,10:50:17,1.85,1400,2234750
20240112,10:50:18,1.9,550,2234750
20240112,10:50:19,1.85,8350,2234750
20240112,10:50:20,1.85,2000,2234750
20240112,10:50:20,1.85,2900,2234750
20240112,10:50:24,1.9,5000,2234750
20240112,10:50:25,1.85,13200,2234750
20240112,10:50:32,1.85,12050,2268200
20240112,10:50:33,1.85,5150,2268200
20240112,10:50:35,1.8,2400,2268200
20240112,10:50:40,1.85,900,2268200
20240112,10:50:43,1.8,600,2268200
20240112,10:50:48,1.85,21900,2268200
20240112,10:51:01,1.85,27500,2268200
20240112,10:51:02,1.85,1800,2268200
20240112,10:51:05,1.85,14300,2268200
20240112,10:51:06,1.85,5550,2268200
20240112,10:51:06,1.85,5650,2268200
20240112,10:51:10,1.85,17100,2268200
20240112,10:51:10,1.85,1800,2268200
20240112,10:51:15,1.85,200,2268200
20240112,10:51:27,1.8,100,2268200
20240112,10:51:34,1.85,50,2268200
20240112,10:51:39,1.85,50,2268200
20240112,10:51:41,1.85,20400,2268200
20240112,10:51:43,1.85,8000,2268200
20240112,10:51:44,1.85,21550,2268200
20240112,10:51:50,1.85,8850,2268200
20240112,10:51:51,1.85,31250,2268200
20240112,10:51:52,1.85,12800,2268200
20240112,10:51:53,1.85,5450,2268200
20240112,10:51:54,1.85,250,2268200
20240112,10:51:56,1.85,1650,2268200
20240112,10:52:02,1.85,1050,2268200
20240112,10:52:04,1.8,50,2268200
20240112,10:52:06,1.85,100,2268200
20240112,10:52:07,1.85,450,2268200
20240112,10:52:12,1.85,1600,2268200
20240112,10:52:13,1.85,1850,2268200
20240112,10:52:15,1.85,1550,2268200
20240112,10:52:16,1.85,100,2268200
20240112,10:52:17,1.85,2250,2268200
20240112,10:52:18,1.85,5000,2268200
20240112,10:52:23,1.9,50,2268200
20240112,10:52:37,1.9,200,2268200
20240112,10:52:44,1.9,100,2268200
20240112,10:52:52,1.85,1800,2268200
20240112,10:52:53,1.85,550,2268200
20240112,10:52:57,1.9,50,2268200
20240112,10:53:01,1.9,1500,2268200
20240112,10:53:03,1.9,1000,2268200
20240112,10:53:05,1.85,1800,2268200
20240112,10:53:06,1.85,5700,2268200
20240112,10:53:07,1.85,16850,2268200
20240112,10:53:08,1.85,5950,2268200
20240112,10:53:10,1.85,1500,2268200
20240112,10:53:11,1.85,500,2268200
20240112,10:53:14,1.85,16650,2268200
20240112,10:53:15,1.85,20150,2268200
20240112,10:53:16,1.85,1800,2268200
20240112,10:53:17,1.85,400,2268200
20240112,10:53:18,1.9,3950,2268200
20240112,10:53:20,1.9,50,2268200
20240112,10:53:29,1.85,2500,2268200
20240112,10:53:30,1.9,500,2268200
20240112,10:53:31,1.85,1800,2268200
20240112,10:53:35,1.85,100,2218100
20240112,10:53:43,1.85,100,2218100
20240112,10:53:45,1.85,250,2218100
20240112,10:53:47,1.9,50,2218100
20240112,10:53:49,1.85,800,2218100
20240112,10:53:53,1.9,550,2218100
20240112,10:53:55,1.85,1500,2218100
20240112,10:54:03,1.85,1800,2218100
20240112,10:54:04,1.85,500,2218100
20240112,10:54:07,1.85,50,2218100
20240112,10:54:36,1.8,650,2218100
20240112,10:54:38,1.8,200,2218100
20240112,10:54:39,1.8,550,2218100
20240112,10:54:41,1.8,9450,2218100
20240112,10:54:42,1.75,200,2218100
20240112,10:54:43,1.8,400,2218100
20240112,10:54:44,1.75,750,2218100
20240112,10:54:45,1.75,1600,2218100
20240112,10:54:47,1.75,200,2218100
20240112,10:54:48,1.8,1000,2218100
20240112,10:54:52,1.8,100,2218100
20240112,10:55:12,1.75,1250,2218100
20240112,10:55:21,1.8,16100,2218100
20240112,10:55:23,1.8,1200,2218100
20240112,10:55:24,1.8,100,2218100
20240112,10:55:43,1.8,50,2218100
20240112,10:56:08,1.8,250,2218100
20240112,10:56:23,1.75,1800,2218100
20240112,10:56:26,1.75,1800,2218100
20240112,10:56:28,1.75,17200,2218100
20240112,10:56:29,1.75,3100,2218100
20240112,10:56:30,1.75,1800,2218100
20240112,10:56:32,1.75,1800,2218100
20240112,10:56:34,1.75,1800,2218100
20240112,10:56:43,1.8,800,2225600
20240112,10:56:45,1.8,850,2225600
20240112,10:56:46,1.8,300,2225600
20240112,10:56:48,1.8,500,2225600
20240112,10:56:49,1.8,9150,2225600
20240112,10:56:52,1.75,1800,2225600
20240112,10:56:56,1.8,50,2225600
20240112,10:56:57,1.75,3600,2225600
20240112,10:56:59,1.75,1800,2225600
20240112,10:57:01,1.75,1800,2225600
20240112,10:57:03,1.75,1800,2225600
20240112,10:57:07,1.75,11550,2225600
20240112,10:57:11,1.8,150,2225600
20240112,10:57:14,1.75,100,2225600
20240112,10:57:34,1.8,500,2225600
20240112,10:57:49,1.8,50,2225600
20240112,10:58:30,1.75,7200,2225600
20240112,10:58:42,1.8,10700,2225600
20240112,10:58:45,1.75,1800,2225600
20240112,10:58:50,1.75,1000,2225600
20240112,10:58:50,1.75,50,2225600
20240112,10:58:53,1.75,2600,2225600
20240112,10:58:55,1.7,100,2225600
20240112,10:58:57,1.75,600,2225600
20240112,10:59:00,1.7,100,2225600
20240112,10:59:02,1.75,1800,2225600
20240112,10:59:05,1.75,1050,2225600
20240112,10:59:11,1.75,1800,2225600
20240112,10:59:36,1.75,1800,2242600
20240112,10:59:44,1.8,1000,2242600
20240112,10:59:47,1.8,50,2242600
20240112,11:00:09,1.75,50,2242600
20240112,11:00:11,1.8,500,2242600
20240112,11:00:12,1.8,400,2242600
20240112,11:00:13,1.8,450,2242600
20240112,11:00:14,1.8,500,2242600
20240112,11:00:15,1.8,3900,2242600
20240112,11:00:18,1.8,250,2242600
20240112,11:00:19,1.8,550,2242600
20240112,11:00:21,1.8,550,2242600
20240112,11:00:21,1.8,3100,2242600
20240112,11:00:22,1.8,1700,2242600
20240112,11:00:24,1.75,1900,2242600
20240112,11:00:25,1.75,800,2242600
20240112,11:00:27,1.75,850,2242600
20240112,11:00:40,1.8,1500,2242600
20240112,11:00:41,1.8,3000,2242600
20240112,11:01:02,1.8,1000,2242600
20240112,11:01:08,1.8,800,2242600
20240112,11:01:09,1.8,100,2242600
20240112,11:01:12,1.8,250,2242600
20240112,11:01:24,1.8,500,2242600
20240112,11:01:28,1.8,100,2242600
20240112,11:01:29,1.8,100,2242600
20240112,11:01:30,1.8,650,2242600
20240112,11:01:32,1.8,100,2242600
20240112,11:01:34,1.8,1200,2242600
20240112,11:01:37,1.75,1100,2242600
20240112,11:01:38,1.75,13050,2242600
20240112,11:01:39,1.75,1800,2242600
20240112,11:01:42,1.8,450,2242600
20240112,11:01:43,1.75,1000,2242600
20240112,11:01:45,1.75,1800,2242600
20240112,11:01:46,1.8,550,2242600
20240112,11:01:49,1.8,550,2242600
20240112,11:01:52,1.8,550,2242600
20240112,11:01:54,1.8,500,2242600
20240112,11:01:54,1.75,50,2242600
20240112,11:01:56,1.75,1500,2242600
20240112,11:02:11,1.8,1150,2242600
20240112,11:02:12,1.8,150,2242600
20240112,11:02:13,1.8,150,2242600
20240112,11:02:15,1.75,2400,2242600
20240112,11:02:17,1.8,10950,2242600
20240112,11:02:18,1.8,4550,2242600
20240112,11:02:19,1.8,4700,2242600
20240112,11:02:20,1.8,9400,2242600
20240112,11:02:21,1.8,14150,2242600
20240112,11:02:22,1.85,13250,2242600
20240112,11:02:23,1.8,100,2242600
20240112,11:02:24,1.8,9400,2242600
20240112,11:02:25,1.8,1800,2242600
20240112,11:02:26,1.8,8000,2242600
20240112,11:02:28,1.8,2300,2242600
20240112,11:02:30,1.8,1300,2242600
20240112,11:02:32,1.75,600,2242600
20240112,11:02:34,1.75,100,2242600
20240112,11:02:37,1.8,2200,2257250
20240112,11:02:39,1.8,550,2257250
20240112,11:02:41,1.8,1800,2257250
20240112,11:02:42,1.8,1950,2257250
20240112,11:02:43,1.8,8500,2257250
20240112,11:02:44,1.8,600,2257250
20240112,11:02:45,1.8,700,2257250
20240112,11:02:47,1.8,800,2257250
20240112,11:02:49,1.8,250,2257250
20240112,11:02:51,1.85,50,2257250
20240112,11:02:52,1.85,350,2257250
20240112,11:02:55,1.85,50,2257250
20240112,11:02:56,1.85,550,2257250
20240112,11:02:58,1.85,550,2257250
20240112,11:03:02,1.85,550,2257250
20240112,11:03:05,1.85,300,2257250
20240112,11:03:08,1.85,500,2257250
20240112,11:03:11,1.8,650,2257250
20240112,11:03:14,1.85,550,2257250
20240112,11:03:19,1.85,1800,2257250
20240112,11:03:23,1.85,300,2257250
20240112,11:03:30,1.8,50,2257250
20240112,11:04:10,1.85,1800,2257250
20240112,11:04:11,1.85,50,2257250
20240112,11:04:21,1.8,800,2257250
20240112,11:04:31,1.85,500,2257250
20240112,11:04:43,1.85,500,2257250
20240112,11:04:51,1.85,1550,2257250
20240112,11:04:53,1.85,50,2257250
20240112,11:04:59,1.85,50,2257250
20240112,11:05:10,1.85,50,2257250
20240112,11:05:22,1.8,2100,2257250
20240112,11:05:30,1.85,50,2257250
20240112,11:05:36,1.85,150,2265900
20240112,11:05:37,1.85,2000,2265900
20240112,11:05:52,1.85,2000,2265900
20240112,11:05:53,1.9,16900,2265900
20240112,11:05:54,1.9,5500,2265900
20240112,11:05:55,1.85,750,2265900
20240112,11:05:56,1.9,13700,2265900
20240112,11:05:57,1.85,18600,2265900
20240112,11:06:03,1.85,1650,2265900
20240112,11:06:04,1.85,250,2265900
20240112,11:06:08,1.85,950,2265900
20240112,11:06:09,1.85,650,2265900
20240112,11:06:11,1.9,800,2265900
20240112,11:06:15,1.85,5900,2265900
20240112,11:06:21,1.85,1000,2265900
20240112,11:06:23,1.85,1400,2265900
20240112,11:06:25,1.85,100,2265900
20240112,11:06:26,1.9,8150,2265900
20240112,11:06:27,1.9,20200,2265900
20240112,11:06:28,1.85,250,2265900
20240112,11:06:29,1.9,100,2265900
20240112,11:06:32,1.9,350,2265900
20240112,11:06:32,1.85,1550,2265900
20240112,11:06:33,1.85,2500,2265900
20240112,11:06:38,1.9,100,2265900
20240112,11:06:40,1.85,550,2265900
20240112,11:06:41,1.85,3450,2265900
20240112,11:06:49,1.85,1350,2265900
20240112,11:06:53,1.85,1000,2265900
20240112,11:06:57,1.9,500,2265900
20240112,11:07:04,1.85,250,2265900
20240112,11:07:08,1.85,700,2265900
20240112,11:07:12,1.85,250,2265900
20240112,11:07:28,1.9,100,2265900
20240112,11:07:35,1.85,1300,2265900
20240112,11:07:38,1.85,250,2265900
20240112,11:07:42,1.9,5000,2265900
20240112,11:07:48,1.85,50,2265900
20240112,11:07:52,1.85,1800,2265900
20240112,11:07:56,1.85,1150,2265900
20240112,11:08:06,1.9,50,2265900
20240112,11:08:14,1.85,250,2265900
20240112,11:08:15,1.85,14200,2265900
20240112,11:08:16,1.85,5150,2265900
20240112,11:08:18,1.8,1800,2265900
20240112,11:08:19,1.85,6750,2265900
20240112,11:08:20,1.85,1800,2265900
20240112,11:08:21,1.9,12800,2265900
20240112,11:08:22,1.85,2150,2265900
20240112,11:08:34,1.9,16850,2265900
20240112,11:08:37,1.85,23750,2217650
20240112,11:08:44,1.85,1800,2217650
20240112,11:08:49,1.9,300,2217650
20240112,11:08:59,1.85,1800,2217650
20240112,11:09:15,1.9,2000,2217650
20240112,11:09:32,1.85,50,2217650
20240112,11:09:35,1.85,1800,2217650
20240112,11:09:56,1.85,150,2217650
20240112,11:09:58,1.85,1500,2217650
20240112,11:10:00,1.85,1500,2217650
20240112,11:10:01,1.9,800,2217650
20240112,11:10:04,1.9,100,2217650
20240112,11:10:15,1.85,50,2217650
20240112,11:10:16,1.85,50,2217650
20240112,11:10:17,1.85,50,2217650
20240112,11:10:25,1.9,50,2217650
20240112,11:10:30,1.9,1500,2217650
20240112,11:10:32,1.9,50,2217650
20240112,11:10:39,1.85,500,2217650
20240112,11:10:45,1.9,50,2217650
20240112,11:10:46,1.9,50,2217650
20240112,11:11:01,1.85,1050,2217650
20240112,11:11:02,1.9,500,2217650
20240112,11:11:11,1.9,100,2217650
20240112,11:11:25,1.85,1200,2217650
20240112,11:11:27,1.85,1200,2217650
20240112,11:11:31,1.9,5000,2217650
20240112,11:11:39,1.85,1400,2214350
20240112,11:11:42,1.9,50,2214350
20240112,11:11:47,1.85,2550,2214350
20240112,11:11:52,1.85,50,2214350
20240112,11:11:55,1.85,50,2214350
20240112,11:11:57,1.85,1800,2214350
20240112,11:11:58,1.85,3200,2214350
20240112,11:12:00,1.85,950,2214350
20240112,11:12:06,1.85,350,2214350
20240112,11:12:11,1.85,300,2214350
20240112,11:12:13,1.85,300,2214350
20240112,11:12:14,1.85,300,2214350
20240112,11:12:15,1.85,300,2214350
20240112,11:12:17,1.85,300,2214350
20240112,11:12:20,1.85,50,2214350
20240112,11:12:34,1.8,1800,2214350
20240112,11:12:36,1.8,1300,2214350
20240112,11:12:41,1.8,300,2214350
20240112,11:12:45,1.8,350,2214350
20240112,11:13:18,1.85,200,2214350
20240112,11:13:29,1.8,1800,2214350
20240112,11:13:36,1.8,1650,2214350
20240112,11:13:37,1.8,1800,2214350
20240112,11:13:40,1.8,2300,2214350
20240112,11:13:41,1.8,3800,2214350
20240112,11:13:49,1.75,50,2214350
20240112,11:13:52,1.75,1800,2214350
20240112,11:13:53,1.75,50,2214350
20240112,11:14:00,1.8,3400,2214350
20240112,11:14:08,1.8,150,2214350
20240112,11:14:10,1.75,200,2214350
20240112,11:14:54,1.8,1550,2216100
20240112,11:15:01,1.8,850,2216100
20240112,11:15:07,1.8,100,2216100
20240112,11:15:23,1.8,450,2216100
20240112,11:15:25,1.75,50,2216100
20240112,11:15:34,1.8,50,2216100
20240112,11:15:49,1.8,50,2216100
20240112,11:15:50,1.75,50,2216100
20240112,11:15:57,1.8,50,2216100
20240112,11:15:59,1.8,250,2216100
20240112,11:16:03,1.8,350,2216100
20240112,11:16:14,1.8,100,2216100
20240112,11:16:20,1.75,700,2216100
20240112,11:16:22,1.75,100,2216100
20240112,11:16:48,1.8,2900,2216100
20240112,11:16:48,1.8,4800,2216100
20240112,11:16:49,1.85,17900,2216100
20240112,11:16:50,1.75,3200,2216100
20240112,11:16:51,1.75,7050,2216100
20240112,11:16:53,1.75,50,2216100
20240112,11:17:46,1.75,50,2206100
20240112,11:17:56,1.8,50,2206100
20240112,11:18:06,1.8,2000,2206100
20240112,11:19:20,1.8,50,2206100
20240112,11:19:21,1.8,250,2206100
20240112,11:19:27,1.8,50,2206100
20240112,11:19:29,1.8,1500,2206100
20240112,11:19:35,1.8,2150,2206100
20240112,11:19:37,1.8,1800,2206100
20240112,11:19:38,1.8,6950,2206100
20240112,11:19:39,1.8,250,2206100
20240112,11:19:41,1.8,50,2206100
20240112,11:19:42,1.8,1850,2206100
20240112,11:19:43,1.8,1500,2206100
20240112,11:19:44,1.8,1900,2206100
20240112,11:19:51,1.8,2050,2206100
20240112,11:20:01,1.85,850,2206100
20240112,11:20:05,1.8,50,2206100
20240112,11:20:06,1.8,50,2206100
20240112,11:20:19,1.8,50,2206100
20240112,11:20:20,1.8,550,2206100
20240112,11:20:28,1.8,150,2206100
20240112,11:20:30,1.8,2000,2206100
20240112,11:20:31,1.8,2000,2206100
20240112,11:20:35,1.8,4350,2206100
20240112,11:20:36,1.8,7950,2206100
20240112,11:20:37,1.8,3400,2215000
20240112,11:20:39,1.85,50,2215000
20240112,11:20:43,1.8,50,2215000
20240112,11:20:44,1.85,50,2215000
20240112,11:20:48,1.8,450,2215000
20240112,11:20:51,1.8,50,2215000
20240112,11:20:53,1.8,50,2215000
20240112,11:21:14,1.85,1950,2215000
20240112,11:21:14,1.85,3650,2215000
20240112,11:21:29,1.8,150,2215000
20240112,11:21:30,1.85,300,2215000
20240112,11:21:31,1.8,150,2215000
20240112,11:21:34,1.85,8900,2215000
20240112,11:21:35,1.85,150,2215000
20240112,11:21:36,1.85,550,2215000
20240112,11:21:43,1.85,50,2215000
20240112,11:21:53,1.85,550,2215000
20240112,11:21:54,1.85,1800,2215000
20240112,11:21:55,1.85,900,2215000
20240112,11:21:58,1.85,400,2215000
20240112,11:22:01,1.85,50,2215000
20240112,11:22:04,1.9,5600,2215000
20240112,11:22:09,1.85,450,2215000
20240112,11:22:11,1.9,50,2215000
20240112,11:22:15,1.9,5000,2215000
20240112,11:22:43,1.85,350,2215000
20240112,11:22:48,1.9,50,2215000
20240112,11:22:56,1.85,50,2215000
20240112,11:23:01,1.9,50,2215000
20240112,11:23:22,1.85,450,2215000
20240112,11:23:52,1.85,100,2203250
20240112,11:24:08,1.9,50,2203250
20240112,11:24:47,1.85,50,2203250
20240112,11:24:55,1.9,100,2203250
20240112,11:25:01,1.9,850,2203250
20240112,11:25:11,1.85,1350,2203250
20240112,11:25:30,1.9,50,2203250
20240112,11:25:37,1.9,150,2203250
20240112,11:25:38,1.85,1800,2203250
20240112,11:25:49,1.9,50,2203250
20240112,11:25:58,1.9,50,2203250
20240112,11:26:16,1.85,250,2203250
20240112,11:26:30,1.9,150,2203250
20240112,11:26:59,1.9,100,2203250
20240112,11:27:02,1.9,50,2205400
20240112,11:27:44,1.9,500,2205400
20240112,11:27:45,1.9,50,2205400
20240112,11:27:49,1.85,1500,2205400
20240112,11:27:50,1.85,1500,2205400
20240112,11:27:51,1.9,3600,2205400
20240112,11:27:52,1.9,6300,2205400
20240112,11:27:53,1.95,15950,2205400
20240112,11:27:54,1.95,12150,2205400
20240112,11:27:55,1.95,23250,2205400
20240112,11:27:56,1.95,500,2205400
20240112,11:27:57,1.9,1550,2205400
20240112,11:27:59,1.85,1500,2205400
20240112,11:28:00,1.95,31750,2205400
20240112,11:28:01,1.9,2450,2205400
20240112,11:28:03,1.9,1650,2205400
20240112,11:28:04,1.95,19700,2205400
20240112,11:28:05,1.9,650,2205400
20240112,11:28:08,1.9,50,2205400
20240112,11:28:12,1.9,3850,2205400
20240112,11:28:18,1.95,5000,2205400
20240112,11:28:19,1.95,50,2205400
20240112,11:28:21,1.9,1000,2205400
20240112,11:28:23,1.9,650,2205400
20240112,11:28:23,1.9,350,2205400
20240112,11:28:27,1.9,2100,2205400
20240112,11:28:31,1.9,850,2205400
20240112,11:28:33,1.9,450,2205400
20240112,11:28:56,1.95,100,2205400
20240112,11:29:06,1.95,4200,2205400
20240112,11:29:06,1.95,9700,2205400
20240112,11:29:07,2.0,22500,2205400
20240112,11:29:10,2.0,800,2205400
20240112,11:29:15,1.9,1800,2205400
20240112,11:29:18,1.95,300,2205400
20240112,11:29:22,1.9,50,2205400
20240112,11:29:24,1.95,500,2205400
20240112,11:29:49,1.95,100,2205400
20240112,11:29:56,1.95,50,2164950
20240112,11:30:01,1.95,850,2164950
20240112,11:30:22,1.9,50,2164950
20240112,11:30:23,1.9,50,2164950
20240112,11:30:48,1.95,200,2164950
20240112,11:30:55,1.9,200,2164950
20240112,11:30:59,1.9,3800,2164950
20240112,11:31:00,1.9,2000,2164950
20240112,11:31:07,1.9,1800,2164950
20240112,11:31:08,1.9,1500,2164950
20240112,11:31:09,1.9,900,2164950
20240112,11:31:14,1.9,300,2164950
20240112,11:31:17,1.9,1500,2164950
20240112,11:31:18,1.9,3050,2164950
20240112,11:31:18,1.95,16800,2164950
20240112,11:31:19,2.0,19600,2164950
20240112,11:31:20,2.0,200,2164950
20240112,11:31:22,1.9,5950,2164950
20240112,11:31:24,1.9,1500,2164950
20240112,11:31:27,1.9,400,2164950
20240112,11:31:29,1.9,1800,2164950
20240112,11:31:30,1.9,1800,2164950
20240112,11:31:31,1.9,3650,2164950
20240112,11:31:32,1.85,100,2164950
20240112,11:31:42,1.9,2050,2164950
20240112,11:31:51,1.85,1500,2164950
20240112,11:31:53,1.85,1500,2164950
20240112,11:32:01,1.9,5000,2164950
20240112,11:32:17,1.85,1500,2164950
20240112,11:32:18,1.9,700,2164950
20240112,11:32:20,1.85,100,2164950
20240112,11:32:31,1.9,5000,2164950
20240112,11:32:35,1.9,50,2164950
20240112,11:32:37,1.85,200,2164950
20240112,11:32:42,1.9,50,2139900
20240112,11:32:43,1.9,12200,2139900
20240112,11:32:45,1.9,50,2139900
20240112,11:32:47,1.9,1000,2139900
20240112,11:32:50,1.9,50,2139900
20240112,11:32:54,1.9,9050,2139900
20240112,11:32:56,1.9,50,2139900
20240112,11:32:57,1.9,50,2139900
20240112,11:32:58,1.9,5150,2139900
20240112,11:33:02,1.9,50,2139900
20240112,11:33:04,1.9,500,2139900
20240112,11:33:11,1.9,2700,2139900
20240112,11:33:17,1.95,50,2139900
20240112,11:33:19,1.9,1600,2139900
20240112,11:33:20,1.9,1350,2139900
20240112,11:33:25,1.85,50,2139900
20240112,11:33:26,1.9,50,2139900
20240112,11:33:28,1.9,2000,2139900
20240112,11:33:29,1.85,250,2139900
20240112,11:33:34,1.9,50,2139900
20240112,11:33:44,1.9,6000,2139900
20240112,11:33:52,1.95,50,2139900
20240112,11:33:54,1.95,1800,2139900
20240112,11:33:55,1.9,1600,2139900
20240112,11:33:57,1.95,100,2139900
20240112,11:34:01,1.9,50,2139900
20240112,11:34:03,1.95,5000,2139900
20240112,11:34:05,1.9,350,2139900
20240112,11:34:07,1.95,100,2139900
20240112,11:34:18,1.9,4600,2139900
20240112,11:34:20,1.9,3000,2139900
20240112,11:34:21,1.95,500,2139900
20240112,11:34:22,1.9,1650,2139900
20240112,11:34:23,1.9,300,2139900
20240112,11:34:27,1.9,200,2139900
20240112,11:34:27,1.95,50,2139900
20240112,11:34:29,1.9,250,2139900
20240112,11:34:30,1.9,450,2139900
20240112,11:34:32,1.9,550,2139900
20240112,11:34:42,1.95,2900,2139900
20240112,11:34:45,1.95,150,2139900
20240112,11:34:59,1.95,5800,2139900
20240112,11:35:01,1.95,850,2139900
20240112,11:35:03,1.95,1800,2139900
20240112,11:35:10,1.95,1800,2139900
20240112,11:35:11,1.95,100,2139900
20240112,11:35:23,1.95,1800,2139900
20240112,11:35:27,1.9,250,2139900
20240112,11:35:34,1.95,50,2139900
20240112,11:35:40,1.95,1800,2145500
20240112,11:35:45,1.9,3600,2145500
20240112,11:35:47,1.95,3600,2145500
20240112,11:35:48,1.95,800,2145500
20240112,11:35:52,1.95,1800,2145500
20240112,11:36:03,1.95,50,2145500
20240112,11:36:07,1.9,50,2145500
20240112,11:36:09,1.9,50,2145500
20240112,11:36:12,1.9,50,2145500
20240112,11:36:19,1.9,50,2145500
20240112,11:36:26,1.9,600,2145500
20240112,11:36:28,1.9,50,2145500
20240112,11:36:42,1.9,1600,2145500
20240112,11:36:43,1.9,50,2145500
20240112,11:36:44,1.9,100,2145500
20240112,11:36:53,1.9,250,2145500
20240112,11:36:56,1.9,50,2145500
20240112,11:36:59,1.9,6800,2145500
20240112,11:37:02,1.9,50,2145500
20240112,11:37:03,1.9,100,2145500
20240112,11:37:07,1.9,50,2145500
20240112,11:37:10,1.9,11250,2145500
20240112,11:37:11,1.95,3550,2145500
20240112,11:37:15,1.9,600,2145500
20240112,11:37:16,1.9,1000,2145500
20240112,11:37:17,1.9,2400,2145500
20240112,11:37:18,1.9,2400,2145500
20240112,11:37:19,1.9,6050,2145500
20240112,11:37:27,1.85,800,2145500
20240112,11:37:28,1.85,1600,2145500
20240112,11:37:34,1.85,900,2145500
20240112,11:37:51,1.85,150,2145500
20240112,11:37:52,1.85,50,2145500
20240112,11:37:53,1.85,50,2145500
20240112,11:37:54,1.85,3200,2145500
20240112,11:37:55,1.85,3200,2145500
20240112,11:37:56,1.9,50,2145500
20240112,11:38:04,1.9,100,2145500
20240112,11:38:15,1.9,300,2145500
20240112,11:38:20,1.85,750,2145500
20240112,11:38:21,1.85,3200,2145500
20240112,11:38:26,1.85,200,2145500
20240112,11:38:28,1.85,2800,2145500
20240112,11:38:29,1.85,1200,2145500
20240112,11:38:31,1.9,1500,2145500
20240112,11:38:32,1.9,3900,2145500
20240112,11:38:33,1.95,23100,2145500
20240112,11:38:34,1.95,16650,2145500
20240112,11:38:35,1.9,300,2145500
20240112,11:38:37,1.9,7250,2145500
20240112,11:38:39,1.9,1800,2147500
20240112,11:38:40,1.95,13100,2147500
20240112,11:38:41,1.95,20200,2147500
20240112,11:38:42,1.95,7650,2147500
20240112,11:38:43,1.95,1200,2147500
20240112,11:38:51,1.95,100,2147500
20240112,11:38:55,1.95,1800,2147500
20240112,11:38:57,1.95,17350,2147500
20240112,11:38:58,1.95,1400,2147500
20240112,11:39:05,1.9,500,2147500
20240112,11:39:13,1.9,400,2147500
20240112,11:39:14,1.9,1400,2147500
20240112,11:39:26,1.95,50,2147500
20240112,11:39:27,1.95,50,2147500
20240112,11:39:30,1.9,100,2147500
20240112,11:39:32,1.9,400,2147500
20240112,11:39:33,1.9,3100,2147500
20240112,11:39:34,1.9,1800,2147500
20240112,11:39:39,1.9,50,2147500
20240112,11:39:43,1.9,200,2147500
20240112,11:39:43,1.9,400,2147500
20240112,11:39:45,1.9,50,2147500
20240112,11:39:48,1.9,200,2147500
20240112,11:39:50,1.9,1800,2147500
20240112,11:39:53,1.9,1800,2147500
20240112,11:39:56,1.9,1800,2147500
20240112,11:39:57,1.9,3250,2147500
20240112,11:40:06,1.95,3600,2147500
20240112,11:40:07,1.9,2850,2147500
20240112,11:40:09,1.95,3600,2147500
20240112,11:40:11,1.9,1800,2147500
20240112,11:40:18,1.95,3800,2147500
20240112,11:40:18,2.0,10500,2147500
20240112,11:40:19,2.0,10750,2147500
20240112,11:40:21,1.95,50,2147500
20240112,11:40:24,1.95,2000,2147500
20240112,11:40:26,1.95,50,2147500
20240112,11:40:27,1.95,1200,2147500
20240112,11:40:32,1.95,2900,2147500
20240112,11:40:32,1.95,2000,2147500
20240112,11:40:37,1.95,50,2147500
20240112,11:40:37,1.95,650,2147500
20240112,11:40:41,2.0,10000,2147500
20240112,11:40:43,1.95,2200,2147500
20240112,11:40:44,1.95,1400,2147500
20240112,11:41:06,1.95,500,2147500
20240112,11:41:27,2.0,50,2147500
20240112,11:41:40,1.95,5400,2132350
20240112,11:41:49,1.95,800,2132350
20240112,11:41:50,1.95,3200,2132350
20240112,11:41:53,1.95,2000,2132350
20240112,11:41:57,1.95,900,2132350
20240112,11:42:01,2.0,10000,2132350
20240112,11:42:05,1.95,150,2132350
20240112,11:42:06,1.95,100,2132350
20240112,11:42:07,1.95,100,2132350
20240112,11:42:08,1.95,50,2132350
20240112,11:42:09,1.95,100,2132350
20240112,11:42:11,2.0,1100,2132350
20240112,11:42:12,2.0,1050,2132350
20240112,11:42:12,1.95,50,2132350
20240112,11:42:13,1.95,50,2132350
20240112,11:42:14,1.95,1100,2132350
20240112,11:42:15,2.0,1100,2132350
20240112,11:42:17,2.0,450,2132350
20240112,11:42:19,1.95,800,2132350
20240112,11:42:19,1.95,850,2132350
20240112,11:42:24,1.95,200,2132350
20240112,11:42:25,1.95,200,2132350
20240112,11:42:26,1.95,150,2132350
20240112,11:42:28,1.95,100,2132350
20240112,11:42:29,1.95,4250,2132350
20240112,11:42:30,1.95,100,2132350
20240112,11:42:32,1.95,100,2132350
20240112,11:42:33,1.95,150,2132350
20240112,11:42:36,1.95,200,2132350
20240112,11:42:42,2.0,50,2132350
20240112,11:42:43,2.0,50,2132350
20240112,11:42:45,1.95,250,2132350
20240112,11:42:47,1.95,100,2132350
20240112,11:42:49,1.95,100,2132350
20240112,11:42:50,1.95,100,2132350
20240112,11:42:51,1.95,100,2132350
20240112,11:42:52,1.95,50,2132350
20240112,11:42:54,1.95,50,2132350
20240112,11:42:57,2.0,50,2132350
20240112,11:43:15,2.0,50,2132350
20240112,11:43:55,1.95,250,2132350
20240112,11:43:57,1.95,100,2132350
20240112,11:43:58,1.95,100,2132350
20240112,11:43:59,1.95,50,2132350
20240112,11:44:00,1.95,50,2132350
20240112,11:44:04,1.95,50,2132350
20240112,11:44:06,1.95,550,2132350
20240112,11:44:12,2.0,1800,2132350
20240112,11:44:17,1.95,1650,2132350
20240112,11:44:26,1.95,50,2132350
20240112,11:44:33,1.95,50,2132350
20240112,11:44:42,2.0,1000,2133050
20240112,11:45:09,2.05,24450,2133050
20240112,11:45:10,2.05,3600,2133050
20240112,11:45:14,2.0,150,2133050
20240112,11:45:14,2.0,200,2133050
20240112,11:45:16,2.0,50,2133050
20240112,11:45:19,2.05,50,2133050
20240112,11:45:25,2.0,500,2133050
20240112,11:45:42,2.05,1800,2133050
20240112,11:45:46,2.0,1800,2133050
20240112,11:45:50,2.05,100,2133050
20240112,11:45:55,2.0,1000,2133050
20240112,11:45:56,2.0,1800,2133050
20240112,11:46:00,2.0,1800,2133050
20240112,11:46:03,2.0,1800,2133050
20240112,11:46:06,2.0,1800,2133050
20240112,11:46:08,2.0,1800,2133050
20240112,11:46:09,2.05,50,2133050
20240112,11:46:16,2.05,5850,2133050
20240112,11:46:17,2.1,12850,2133050
20240112,11:46:18,2.1,2800,2133050
20240112,11:46:39,2.1,1500,2133050
20240112,11:46:41,2.05,1500,2133050
20240112,11:46:55,2.05,1600,2133050
20240112,11:47:01,2.05,50,2133050
20240112,11:47:06,2.05,50,2133050
20240112,11:47:18,2.05,600,2133050
20240112,11:47:24,2.05,50,2133050
20240112,11:47:30,2.05,1200,2133050
20240112,11:47:31,2.05,150,2133050
20240112,11:47:37,2.1,150,2133050
20240112,11:47:40,2.1,4000,2133050
20240112,11:47:42,2.05,450,2146550
20240112,11:47:59,2.05,50,2146550
20240112,11:48:08,2.05,6350,2146550
20240112,11:48:09,2.05,600,2146550
20240112,11:48:15,2.05,150,2146550
20240112,11:48:16,2.05,1800,2146550
20240112,11:48:17,2.05,7500,2146550
20240112,11:48:18,2.1,13700,2146550
20240112,11:48:19,2.1,200,2146550
20240112,11:48:23,2.1,1800,2146550
20240112,11:48:53,2.05,8300,2146550
20240112,11:49:03,2.05,150,2146550
20240112,11:49:05,2.05,50,2146550
20240112,11:49:20,2.05,100,2146550
20240112,11:49:35,2.05,1250,2146550
20240112,11:49:36,2.05,50,2146550
20240112,11:49:39,2.05,2600,2146550
20240112,11:49:39,2.05,5100,2146550
20240112,11:49:41,2.05,150,2146550
20240112,11:49:42,2.1,8600,2146550
20240112,11:49:44,2.05,50,2146550
20240112,11:49:48,2.05,1200,2146550
20240112,11:49:49,2.05,2400,2146550
20240112,11:49:54,2.1,200,2146550
20240112,11:49:58,2.05,1600,2146550
20240112,11:49:59,2.05,5200,2146550
20240112,11:50:00,2.05,800,2146550
20240112,11:50:29,2.05,150,2146550
20240112,11:50:31,2.05,100,2146550
20240112,11:50:40,2.05,1600,2146550
20240112,11:50:40,2.1,1800,2146550
20240112,11:50:53,2.05,1800,2144950
20240112,11:50:54,2.05,1600,2144950
20240112,11:50:58,2.1,1800,2144950
20240112,11:51:06,2.1,1800,2144950
20240112,11:51:11,2.1,100,2144950
20240112,11:51:11,2.1,1800,2144950
20240112,11:51:14,2.1,4300,2144950
20240112,11:51:15,2.05,6200,2144950
20240112,11:51:18,2.05,800,2144950
20240112,11:51:18,2.05,1200,2144950
20240112,11:51:27,2.1,1800,2144950
20240112,11:51:31,2.05,50,2144950
20240112,11:51:34,2.1,1800,2144950
20240112,11:51:55,2.05,150,2144950
20240112,11:51:56,2.05,100,2144950
20240112,11:52:01,2.1,50,2144950
20240112,11:52:17,2.1,200,2144950
20240112,11:52:49,2.1,200,2144950
20240112,11:53:02,2.05,1800,2144950
20240112,11:53:27,2.05,1500,2144950
20240112,11:53:40,2.1,400,2144950
20240112,11:53:47,2.1,200,2149500
20240112,11:53:49,2.1,2600,2149500
20240112,11:53:50,2.1,2800,2149500
20240112,11:53:51,2.1,3800,2149500
20240112,11:53:52,2.1,200,2149500
20240112,11:53:59,2.05,200,2149500
20240112,11:54:00,2.05,1800,2149500
20240112,11:54:33,2.05,250,2149500
20240112,11:54:41,2.05,50,2149500
20240112,11:54:57,2.1,100,2149500
20240112,11:55:17,2.1,200,2149500
20240112,11:55:50,2.1,1400,2149500
20240112,11:55:52,2.05,2400,2149500
20240112,11:56:07,2.1,50,2149500
20240112,11:56:26,2.05,3100,2149500
20240112,11:56:33,2.05,1800,2149500
20240112,11:56:38,2.05,5600,2149500
20240112,11:56:43,2.0,2050,2140650
20240112,11:56:46,2.05,300,2140650
20240112,11:56:50,2.0,1800,2140650
20240112,11:56:55,2.05,100,2140650
20240112,11:56:56,2.0,1800,2140650
20240112,11:57:07,2.0,50,2140650
20240112,11:57:18,2.0,7200,2140650
20240112,11:57:19,2.05,150,2140650
20240112,11:57:31,2.05,200,2140650
20240112,11:57:32,2.0,1800,2140650
20240112,11:57:38,2.0,1800,2140650
20240112,11:57:39,2.0,1800,2140650
20240112,11:57:42,2.0,1800,2140650
20240112,11:57:50,2.0,1300,2140650
20240112,11:57:55,2.0,1800,2140650
20240112,11:58:02,2.0,100,2140650
20240112,11:58:05,2.0,1000,2140650
20240112,11:58:14,2.05,500,2140650
20240112,11:58:17,2.0,4400,2140650
20240112,11:58:19,2.0,3600,2140650
20240112,11:58:20,2.0,100,2140650
20240112,11:58:21,2.0,11350,2140650
20240112,11:58:22,2.0,1550,2140650
20240112,11:58:31,2.0,100,2140650
20240112,11:58:39,2.05,5100,2140650
20240112,11:58:40,2.1,17000,2140650
20240112,11:58:41,2.1,2450,2140650
20240112,11:58:42,2.05,3050,2140650
20240112,11:58:44,2.05,50,2140650
20240112,11:58:46,2.05,3900,2140650
20240112,11:59:00,2.05,2000,2140650
20240112,11:59:04,2.05,500,2140650
20240112,11:59:11,2.05,950,2140650
20240112,11:59:14,2.05,50,2140650
20240112,11:59:41,2.05,100,2140650
20240112,11:59:44,2.0,3600,2132600
20240112,11:59:56,2.0,200,2132600
20240112,12:00:55,2.05,50,2132600
20240112,12:01:11,2.05,1000,2132600
20240112,12:01:14,2.0,10150,2132600
20240112,12:01:15,2.0,4000,2132600
20240112,12:01:47,2.0,100,2132600
20240112,12:01:55,2.05,50,2132600
20240112,12:01:57,2.0,1000,2132600
20240112,12:01:57,2.0,800,2132600
20240112,12:01:58,2.0,1800,2132600
20240112,12:02:01,2.0,1800,2132600
20240112,12:02:12,2.05,100,2132600
20240112,12:02:15,2.05,300,2132600
20240112,12:02:25,2.05,150,2132600
20240112,12:02:29,2.05,100,2132600
20240112,12:02:36,2.05,4100,2132600
20240112,12:02:38,2.0,100,2132600
20240112,12:02:46,2.05,100,2134800
20240112,12:03:03,2.0,1000,2134800
20240112,12:03:03,2.0,2200,2134800
20240112,12:03:09,2.0,1800,2134800
20240112,12:03:09,2.0,50,2134800
20240112,12:03:10,2.0,1800,2134800
20240112,12:03:11,2.0,1900,2134800
20240112,12:03:12,2.0,5000,2134800
20240112,12:03:13,2.0,6550,2134800
20240112,12:03:16,2.05,50,2134800
20240112,12:03:17,2.0,9150,2134800
20240112,12:03:21,2.0,3000,2134800
20240112,12:03:22,2.05,100,2134800
20240112,12:03:26,2.05,100,2134800
20240112,12:03:27,2.0,2000,2134800
20240112,12:03:32,2.05,900,2134800
20240112,12:03:34,2.0,1850,2134800
20240112,12:03:40,2.0,100,2134800
20240112,12:03:44,2.0,1700,2134800
20240112,12:03:46,2.0,250,2134800
20240112,12:03:47,2.0,100,2134800
20240112,12:03:52,2.0,850,2134800
20240112,12:03:56,1.95,1800,2134800
20240112,12:03:57,2.0,100,2134800
20240112,12:03:58,1.95,1800,2134800
20240112,12:04:01,1.95,1800,2134800
20240112,12:04:03,1.95,1800,2134800
20240112,12:04:06,1.95,1900,2134800
20240112,12:04:17,2.0,1800,2134800
20240112,12:04:19,1.95,250,2134800
20240112,12:04:22,2.0,2050,2134800
20240112,12:04:27,1.95,1800,2134800
20240112,12:04:29,1.95,2000,2134800
20240112,12:04:30,1.95,12600,2134800
20240112,12:04:30,2.0,2750,2134800
20240112,12:04:31,1.95,4450,2134800
20240112,12:04:37,2.0,11850,2134800
20240112,12:04:41,2.0,5950,2134800
20240112,12:04:51,2.0,6500,2134800
20240112,12:04:57,2.0,100,2134800
20240112,12:05:00,2.0,4150,2134800
20240112,12:05:01,1.95,3150,2134800
20240112,12:05:09,1.95,1000,2134800
20240112,12:05:10,1.95,1850,2134800
20240112,12:05:12,1.95,8950,2134800
20240112,12:05:15,1.95,50,2134800
20240112,12:05:17,1.95,600,2134800
20240112,12:05:19,1.95,400,2134800
20240112,12:05:23,1.9,1800,2134800
20240112,12:05:25,1.9,50,2134800
20240112,12:05:31,1.95,50,2134800
20240112,12:05:44,1.95,100,2135600
20240112,12:05:54,1.9,100,2135600
20240112,12:05:59,1.9,8000,2135600
20240112,12:06:02,1.9,150,2135600
20240112,12:06:03,1.95,100,2135600
20240112,12:06:11,1.95,100,2135600
20240112,12:06:16,1.95,100,2135600
20240112,12:06:25,1.95,100,2135600
20240112,12:06:28,1.9,50,2135600
20240112,12:06:37,1.95,100,2135600
20240112,12:06:39,1.9,50,2135600
20240112,12:06:50,1.95,150,2135600
20240112,12:06:58,1.95,100,2135600
20240112,12:07:01,1.95,600,2135600
20240112,12:07:06,1.95,100,2135600
20240112,12:07:24,1.95,100,2135600
20240112,12:07:27,1.9,200,2135600
20240112,12:08:05,1.9,1000,2135600
20240112,12:08:07,1.9,1400,2135600
20240112,12:08:08,1.9,50,2135600
20240112,12:08:13,1.9,50,2135600
20240112,12:08:14,1.9,250,2135600
20240112,12:08:18,1.9,50,2135600
20240112,12:08:24,1.9,100,2135600
20240112,12:08:25,1.9,100,2135600
20240112,12:08:29,1.9,600,2135600
20240112,12:09:34,1.9,7600,2141350
20240112,12:09:43,1.85,1800,2141350
20240112,12:10:30,1.85,7750,2141350
20240112,12:10:39,1.85,3000,2141350
20240112,12:10:49,1.85,150,2141350
20240112,12:10:51,1.85,100,2141350
20240112,12:10:52,1.85,100,2141350
20240112,12:10:53,1.85,50,2141350
20240112,12:10:54,1.85,100,2141350
20240112,12:10:55,1.85,50,2141350
20240112,12:11:08,1.85,350,2141350
20240112,12:11:09,1.85,900,2141350
20240112,12:11:14,1.85,900,2141350
20240112,12:11:18,1.85,900,2141350
20240112,12:11:30,1.85,1650,2141350
20240112,12:11:32,1.85,150,2141350
20240112,12:11:34,1.85,750,2141350
20240112,12:11:35,1.85,150,2141350
20240112,12:11:36,1.85,1850,2141350
20240112,12:11:40,1.85,1650,2141350
20240112,12:11:42,1.85,1850,2141350
20240112,12:12:03,1.85,900,2143350
20240112,12:12:05,1.85,2050,2143350
20240112,12:12:06,1.85,1200,2143350
20240112,12:12:09,1.85,400,2143350
20240112,12:12:40,1.85,150,2143350
20240112,12:12:41,1.85,100,2143350
20240112,12:12:43,1.85,50,2143350
20240112,12:13:27,1.85,6450,2143350
20240112,12:13:35,1.9,2300,2143350
20240112,12:13:36,1.85,300,2143350
20240112,12:13:37,1.85,50,2143350
20240112,12:13:38,1.85,200,2143350
20240112,12:13:43,1.85,1200,2143350
20240112,12:14:18,1.9,250,2143350
20240112,12:15:01,1.9,850,2143350
20240112,12:15:06,1.85,50,2141900
20240112,12:15:30,1.9,150,2141900
20240112,12:15:38,1.85,150,2141900
20240112,12:15:39,1.85,150,2141900
20240112,12:15:40,1.85,100,2141900
20240112,12:15:41,1.85,50,2141900
20240112,12:15:42,1.85,100,2141900
20240112,12:15:44,1.85,50,2141900
20240112,12:15:46,1.9,100,2141900
20240112,12:16:22,1.85,150,2141900
20240112,12:16:24,1.85,100,2141900
20240112,12:16:36,1.9,50,2141900
20240112,12:16:51,1.85,50,2141900
20240112,12:16:57,1.85,1000,2141900
20240112,12:17:00,1.85,150,2141900
20240112,12:17:06,1.9,1800,2141900
20240112,12:17:06,1.9,9000,2141900
20240112,12:17:08,1.9,23750,2141900
20240112,12:17:10,1.9,50,2141900
20240112,12:17:11,1.9,450,2141900
20240112,12:17:13,1.9,250,2141900
20240112,12:17:15,1.9,50,2141900
20240112,12:17:20,1.9,1000,2141900
20240112,12:17:28,1.9,1500,2141900
20240112,12:17:39,1.9,550,2141900
20240112,12:17:40,1.9,3850,2141900
20240112,12:17:43,1.9,250,2141900
20240112,12:17:45,1.95,1000,2141900
20240112,12:17:47,1.9,1400,2146600
20240112,12:17:55,1.95,5400,2146600
20240112,12:17:56,1.95,4600,2146600
20240112,12:18:11,1.9,50,2146600
20240112,12:18:14,1.9,300,2146600
20240112,12:18:29,1.9,1250,2146600
20240112,12:18:31,1.9,1850,2146600
20240112,12:18:33,1.95,2550,2146600
20240112,12:18:37,1.95,10550,2146600
20240112,12:18:39,1.95,3150,2146600
20240112,12:18:40,1.95,200,2146600
20240112,12:18:41,1.95,100,2146600
20240112,12:18:42,1.95,2950,2146600
20240112,12:18:43,1.95,950,2146600
20240112,12:18:44,1.95,200,2146600
20240112,12:18:45,1.95,700,2146600
20240112,12:18:46,1.95,300,2146600
20240112,12:18:47,1.95,50,2146600
20240112,12:18:48,1.95,200,2146600
20240112,12:18:50,1.95,600,2146600
20240112,12:18:51,1.95,6150,2146600
20240112,12:18:52,1.95,350,2146600
20240112,12:18:53,1.95,3000,2146600
20240112,12:18:54,1.95,300,2146600
20240112,12:18:55,1.9,650,2146600
20240112,12:18:59,1.9,300,2146600
20240112,12:19:07,1.95,300,2146600
20240112,12:19:11,1.95,1550,2146600
20240112,12:19:13,1.95,1800,2146600
20240112,12:19:14,1.95,550,2146600
20240112,12:19:18,1.95,550,2146600
20240112,12:19:22,1.95,500,2146600
20240112,12:19:26,1.95,100,2146600
20240112,12:19:27,1.95,500,2146600
20240112,12:19:30,1.95,500,2146600
20240112,12:19:57,1.95,50,2146600
20240112,12:20:01,1.95,850,2146600
20240112,12:20:15,1.9,250,2146600
20240112,12:20:31,1.95,6000,2146600
20240112,12:20:53,1.9,750,2132200
20240112,12:20:54,1.9,1250,2132200
20240112,12:21:11,1.95,1800,2132200
20240112,12:21:15,1.9,1300,2132200
20240112,12:21:22,1.95,1800,2132200
20240112,12:21:27,1.9,50,2132200
20240112,12:21:33,1.95,17150,2132200
20240112,12:21:43,1.95,1800,2132200
20240112,12:21:53,1.95,1800,2132200
20240112,12:22:25,1.9,650,2132200
20240112,12:22:34,1.9,150,2132200
20240112,12:22:36,1.9,50,2132200
20240112,12:23:07,1.9,50,2132200
20240112,12:23:18,1.9,50,2132200
20240112,12:23:56,1.9,500,2125750
20240112,12:23:58,1.9,100,2125750
20240112,12:23:59,1.9,100,2125750
20240112,12:24:01,1.9,100,2125750
20240112,12:24:03,1.9,100,2125750
20240112,12:24:04,1.9,100,2125750
20240112,12:24:05,1.9,100,2125750
20240112,12:24:11,1.9,450,2125750
20240112,12:24:32,1.9,250,2125750
20240112,12:25:00,1.95,200,2125750
20240112,12:25:01,1.95,850,2125750
20240112,12:25:19,1.95,2050,2125750
20240112,12:26:22,1.9,750,2125750
20240112,12:26:55,1.95,50,2128050
20240112,12:26:55,1.9,50,2128050
20240112,12:26:57,1.9,200,2128050
20240112,12:27:11,1.9,900,2128050
20240112,12:27:14,1.9,50,2128050
20240112,12:27:36,1.9,150,2128050
20240112,12:27:39,1.95,400,2128050
20240112,12:27:44,1.9,500,2128050
20240112,12:27:52,1.9,600,2128050
20240112,12:28:00,1.9,100,2128050
20240112,12:28:04,1.9,150,2128050
20240112,12:28:08,1.9,100,2128050
20240112,12:28:32,1.9,600,2128050
20240112,12:29:24,1.9,3600,2128050
20240112,12:29:26,1.9,900,2128050
20240112,12:29:30,1.9,200,2128050
20240112,12:29:55,1.95,400,2128050
20240112,12:29:56,1.9,50,2124700
20240112,12:29:57,1.95,200,2124700
20240112,12:30:01,1.95,850,2124700
20240112,12:30:06,1.9,550,2124700
20240112,12:30:11,1.95,550,2124700
20240112,12:31:06,1.9,50,2124700
20240112,12:31:24,1.9,500,2124700
20240112,12:31:35,1.9,100,2124700
20240112,12:31:36,1.9,300,2124700
20240112,12:31:45,1.9,300,2124700
20240112,12:31:54,1.9,300,2124700
20240112,12:32:01,1.9,100,2124700
20240112,12:32:04,1.9,300,2124700
20240112,12:32:11,1.9,550,2124700
20240112,12:32:26,1.9,300,2124700
20240112,12:32:30,1.9,300,2124700
20240112,12:32:32,1.9,1800,2124700
20240112,12:32:35,1.95,50,2124700
20240112,12:32:37,1.95,450,2124700
20240112,12:32:43,1.95,650,2124700
20240112,12:32:45,1.95,550,2124700
20240112,12:32:47,1.95,300,2124700
20240112,12:32:48,1.95,100,2124700
20240112,12:32:49,1.95,550,2124800
20240112,12:33:41,1.95,100,2124800
20240112,12:33:44,1.9,50,2124800
20240112,12:33:46,1.9,1000,2124800
20240112,12:34:01,1.9,300,2124800
20240112,12:34:02,1.9,550,2124800
20240112,12:34:08,1.9,300,2124800
20240112,12:34:09,1.95,10150,2124800
20240112,12:34:11,1.95,1100,2124800
20240112,12:34:13,1.9,100,2124800
20240112,12:34:15,1.9,100,2124800
20240112,12:34:17,1.9,500,2124800
20240112,12:34:23,1.9,100,2124800
20240112,12:34:24,1.9,100,2124800
20240112,12:34:26,1.9,550,2124800
20240112,12:34:37,1.9,550,2124800
20240112,12:34:44,1.9,550,2124800
20240112,12:34:48,1.9,100,2124800
20240112,12:35:01,1.95,850,2124800
20240112,12:35:08,1.95,950,2124800
20240112,12:35:12,1.95,450,2124800
20240112,12:36:34,1.9,50,2124800
20240112,12:36:38,1.95,3600,2120700
20240112,12:36:39,1.95,6400,2120700
20240112,12:37:04,1.9,3850,2120700
20240112,12:37:17,1.9,800,2120700
20240112,12:37:57,1.9,700,2120700
20240112,12:37:58,1.9,550,2120700
20240112,12:38:14,1.9,1800,2120700
20240112,12:38:22,1.9,150,2120700
20240112,12:39:08,1.9,150,2120700
20240112,12:39:09,1.9,400,2119300
20240112,12:39:10,1.95,100,2119300
20240112,12:39:12,1.95,100,2119300
20240112,12:39:16,1.95,100,2119300
20240112,12:39:20,1.95,100,2119300
20240112,12:39:23,1.9,8000,2119300
20240112,12:39:25,1.9,600,2119300
20240112,12:39:26,1.85,100,2119300
20240112,12:39:28,1.9,100,2119300
20240112,12:39:33,1.9,50,2119300
20240112,12:39:35,1.9,50,2119300
20240112,12:39:37,1.9,50,2119300
20240112,12:39:38,1.9,50,2119300
20240112,12:39:39,1.9,50,2119300
20240112,12:39:42,1.9,250,2119300
20240112,12:39:45,1.9,100,2119300
20240112,12:39:46,1.9,100,2119300
20240112,12:39:47,1.9,650,2119300
20240112,12:39:54,1.9,550,2119300
20240112,12:40:01,1.85,4250,2119300
20240112,12:40:01,1.9,50,2119300
20240112,12:40:05,1.85,100,2119300
20240112,12:40:06,1.85,300,2119300
20240112,12:40:09,1.85,100,2119300
20240112,12:40:10,1.85,100,2119300
20240112,12:40:11,1.85,300,2119300
20240112,12:40:19,1.9,100,2119300
20240112,12:40:20,1.9,500,2119300
20240112,12:40:35,1.9,100,2119300
20240112,12:40:39,1.85,500,2119300
20240112,12:40:40,1.9,50,2119300
20240112,12:40:46,1.85,550,2119300
20240112,12:40:49,1.9,50,2119300
20240112,12:40:53,1.85,300,2119300
20240112,12:40:56,1.85,300,2119300
20240112,12:41:00,1.85,550,2119300
20240112,12:41:02,1.9,50,2119300
20240112,12:41:24,1.9,100,2119300
20240112,12:41:37,1.9,100,2119300
20240112,12:41:39,1.9,100,2119300
20240112,12:41:45,1.9,100,2119300
20240112,12:41:48,1.9,100,2119300
20240112,12:42:03,1.9,500,2114600
20240112,12:42:06,1.9,100,2114600
20240112,12:42:07,1.9,100,2114600
20240112,12:42:08,1.9,100,2114600
20240112,12:42:09,1.85,2500,2114600
20240112,12:42:10,1.9,500,2114600
20240112,12:42:11,1.9,250,2114600
20240112,12:42:12,1.9,100,2114600
20240112,12:42:14,1.9,50,2114600
20240112,12:42:15,1.85,1500,2114600
20240112,12:42:25,1.9,450,2114600
20240112,12:42:29,1.9,100,2114600
20240112,12:42:37,1.9,500,2114600
20240112,12:42:38,1.85,50,2114600
20240112,12:42:44,1.85,100,2114600
20240112,12:42:45,1.85,350,2114600
20240112,12:42:51,1.9,100,2114600
20240112,12:43:00,1.9,250,2114600
20240112,12:43:01,1.9,800,2114600
20240112,12:43:05,1.9,50,2114600
20240112,12:43:05,1.9,250,2114600
20240112,12:43:07,1.9,100,2114600
20240112,12:43:07,1.9,1800,2114600
20240112,12:43:08,1.9,250,2114600
20240112,12:43:09,1.9,150,2114600
20240112,12:43:11,1.9,1000,2114600
20240112,12:43:11,1.9,250,2114600
20240112,12:43:12,1.85,100,2114600
20240112,12:43:15,1.9,250,2114600
20240112,12:43:16,1.9,1100,2114600
20240112,12:43:17,1.9,850,2114600
20240112,12:43:19,1.9,400,2114600
20240112,12:43:19,1.9,1100,2114600
20240112,12:43:20,1.9,1150,2114600
20240112,12:43:22,1.9,1500,2114600
20240112,12:43:23,1.9,250,2114600
20240112,12:43:25,1.85,550,2114600
20240112,12:43:27,1.9,250,2114600
20240112,12:43:32,1.85,100,2114600
20240112,12:43:42,1.85,100,2114600
20240112,12:43:44,1.85,100,2114600
20240112,12:43:58,1.9,150,2114600
20240112,12:44:12,1.9,50,2114600
20240112,12:44:28,1.85,100,2114600
20240112,12:44:47,1.9,50,2114600
20240112,12:44:48,1.9,50,2114600
20240112,12:45:06,1.9,50,2114600
20240112,12:45:06,1.9,50,2121550
20240112,12:45:10,1.9,650,2121550
20240112,12:45:15,1.85,100,2121550
20240112,12:46:15,1.9,450,2121550
20240112,12:46:20,1.9,3000,2121550
20240112,12:46:30,1.9,23600,2121550
20240112,12:46:41,1.9,1950,2121550
20240112,12:46:46,1.9,200,2121550
20240112,12:46:47,1.85,450,2121550
20240112,12:46:56,1.9,100,2121550
20240112,12:46:59,1.85,200,2121550
20240112,12:46:59,1.9,450,2121550
20240112,12:47:15,1.9,150,2121550
20240112,12:47:28,1.9,50,2121550
20240112,12:47:33,1.85,200,2121550
20240112,12:47:38,1.9,50,2121550
20240112,12:47:43,1.9,50,2121550
20240112,12:47:44,1.9,150,2121550
20240112,12:47:47,1.85,200,2121550
20240112,12:47:49,1.9,200,2121550
20240112,12:47:50,1.9,200,2121550
20240112,12:47:59,1.85,200,2128700
20240112,12:48:42,1.85,200,2128700
20240112,12:49:12,1.85,200,2128700
20240112,12:49:36,1.85,200,2128700
20240112,12:49:40,1.9,50,2128700
20240112,12:49:41,1.9,1000,2128700
20240112,12:49:45,1.9,100,2128700
20240112,12:49:51,1.9,500,2128700
20240112,12:49:57,1.85,200,2128700
20240112,12:50:07,1.85,200,2128700
20240112,12:50:10,1.9,250,2128700
20240112,12:50:13,1.9,300,2128700
20240112,12:50:15,1.9,500,2128700
20240112,12:50:19,1.9,250,2128700
20240112,12:50:21,1.9,750,2128700
20240112,12:50:21,1.9,650,2128700
20240112,12:50:35,1.9,8000,2128700
20240112,12:50:36,1.9,3100,2128700
20240112,12:50:37,1.9,3200,2128700
20240112,12:50:40,1.9,250,2128700
20240112,12:50:59,1.9,1200,2128700
20240112,12:51:01,1.9,50,2131300
20240112,12:51:02,1.9,50,2131300
20240112,12:51:07,1.9,2400,2131300
20240112,12:51:09,1.95,200,2131300
20240112,12:51:35,1.95,400,2131300
20240112,12:51:49,1.95,250,2131300
20240112,12:51:51,1.9,3500,2131300
20240112,12:51:52,1.9,16100,2131300
20240112,12:51:57,1.9,1000,2131300
20240112,12:52:04,1.9,50,2131300
20240112,12:52:23,1.95,3200,2131300
20240112,12:52:29,1.95,1800,2131300
20240112,12:52:30,1.9,2400,2131300
20240112,12:52:31,1.9,2600,2131300
20240112,12:52:36,1.95,100,2131300
20240112,12:52:37,1.9,50,2131300
20240112,12:52:41,1.95,1800,2131300
20240112,12:52:42,1.9,50,2131300
20240112,12:53:06,1.95,300,2131300
20240112,12:54:04,1.95,500,2133750
20240112,12:54:06,1.95,1500,2133750
20240112,12:54:11,1.9,21200,2133750
20240112,12:54:12,1.9,16000,2133750
20240112,12:54:13,1.9,8700,2133750
20240112,12:54:15,1.9,1100,2133750
20240112,12:54:18,1.9,1800,2133750
20240112,12:54:19,1.9,18300,2133750
20240112,12:54:20,1.9,1500,2133750
20240112,12:54:23,1.9,100,2133750
20240112,12:54:35,1.95,700,2133750
20240112,12:55:01,1.95,16650,2133750
20240112,12:55:12,1.95,50,2133750
20240112,12:55:13,1.95,50,2133750
20240112,12:55:32,1.95,50,2133750
20240112,12:55:43,1.95,3450,2133750
20240112,12:55:45,1.95,4100,2133750
20240112,12:55:47,1.95,8950,2133750
20240112,12:55:48,1.95,6650,2133750
20240112,12:55:48,1.95,1450,2133750
20240112,12:55:51,1.95,4600,2133750
20240112,12:55:52,1.95,50,2133750
20240112,12:55:53,1.95,2100,2133750
20240112,12:55:54,1.95,5450,2133750
20240112,12:56:00,2.0,200,2133750
20240112,12:56:06,2.0,50,2133750
20240112,12:56:10,1.95,900,2133750
20240112,12:56:12,1.95,100,2133750
20240112,12:56:13,1.95,550,2133750
20240112,12:56:15,1.95,850,2133750
20240112,12:56:16,1.95,1700,2133750
20240112,12:56:21,2.0,800,2133750
20240112,12:56:22,2.0,2400,2133750
20240112,12:56:24,2.0,4650,2133750
20240112,12:56:25,2.0,2600,2133750
20240112,12:56:26,2.05,7900,2133750
20240112,12:56:29,2.0,1000,2133750
20240112,12:56:35,2.0,50,2133750
20240112,12:56:38,2.0,100,2133750
20240112,12:56:49,2.0,1800,2133750
20240112,12:56:51,2.0,16050,2133750
20240112,12:57:08,2.0,50,2123450
20240112,12:57:09,2.05,400,2123450
20240112,12:57:11,2.05,100,2123450
20240112,12:57:26,2.05,1450,2123450
20240112,12:57:27,2.1,50,2123450
20240112,12:57:40,2.1,1800,2123450
20240112,12:57:58,2.1,10300,2123450
20240112,12:58:01,2.15,100,2123450
20240112,12:58:03,2.15,650,2123450
20240112,12:58:11,2.15,250,2123450
20240112,12:58:24,2.15,300,2123450
20240112,12:58:27,2.15,200,2123450
20240112,12:58:35,2.15,1800,2123450
20240112,12:58:36,2.1,250,2123450
20240112,12:58:40,2.1,100,2123450
20240112,12:58:45,2.15,9850,2123450
20240112,12:58:46,2.15,2900,2123450
20240112,12:58:54,2.15,1900,2123450
20240112,12:58:55,2.15,250,2123450
20240112,12:58:56,2.1,4700,2123450
20240112,12:58:57,2.15,250,2123450
20240112,12:59:00,2.2,8450,2123450
20240112,12:59:01,2.2,10850,2123450
20240112,12:59:02,2.15,10700,2123450
20240112,12:59:07,2.15,550,2123450
20240112,12:59:21,2.1,950,2123450
20240112,12:59:25,2.15,8600,2123450
20240112,12:59:27,2.15,3900,2123450
20240112,12:59:30,2.15,150,2123450
20240112,12:59:31,2.15,600,2123450
20240112,12:59:43,2.15,300,2123450
20240112,12:59:44,2.15,1800,2123450
20240112,12:59:53,2.15,1800,2136600
20240112,12:59:53,2.15,2900,2136600
20240112,12:59:58,2.15,50,2136600
20240112,13:00:00,2.15,50,2136600
20240112,13:00:12,2.1,50,2136600
20240112,13:00:15,2.15,500,2136600
20240112,13:00:28,2.1,1800,2136600
20240112,13:00:35,2.15,800,2136600
20240112,13:00:36,2.15,5700,2136600
20240112,13:00:43,2.2,4800,2136600
20240112,13:00:55,2.15,250,2136600
20240112,13:01:00,2.15,50,2136600
20240112,13:01:17,2.15,4150,2136600
20240112,13:01:23,2.2,100,2136600
20240112,13:01:30,2.15,250,2136600
20240112,13:01:38,2.2,300,2136600
20240112,13:01:53,2.15,1800,2136600
20240112,13:01:53,2.15,1200,2136600
20240112,13:01:58,2.2,200,2136600
20240112,13:02:05,2.15,1800,2136600
20240112,13:02:07,2.15,1650,2136600
20240112,13:02:09,2.15,500,2136600
20240112,13:02:13,2.15,100,2136600
20240112,13:03:15,2.2,2000,2136600
20240112,13:03:36,2.2,1850,2137250
20240112,13:03:38,2.15,400,2137250
20240112,13:04:13,2.15,250,2137250
20240112,13:04:20,2.15,1000,2137250
20240112,13:04:26,2.2,350,2137250
20240112,13:04:28,2.15,250,2137250
20240112,13:04:30,2.15,500,2137250
20240112,13:04:33,2.15,1750,2137250
20240112,13:04:39,2.15,1750,2137250
20240112,13:04:41,2.15,150,2137250
20240112,13:04:45,2.2,200,2137250
20240112,13:04:46,2.15,2300,2137250
20240112,13:04:49,2.2,50,2137250
20240112,13:04:51,2.2,1500,2137250
20240112,13:04:53,2.2,5150,2137250
20240112,13:04:54,2.2,2500,2137250
20240112,13:04:56,2.2,50,2137250
20240112,13:05:01,2.2,50,2137250
20240112,13:05:16,2.2,200,2137250
20240112,13:05:17,2.2,950,2137250
20240112,13:05:19,2.2,1800,2137250
20240112,13:05:37,2.25,1500,2137250
20240112,13:05:40,2.25,250,2137250
20240112,13:05:42,2.2,250,2137250
20240112,13:05:42,2.2,900,2137250
20240112,13:05:44,2.25,950,2137250
20240112,13:05:45,2.25,100,2137250
20240112,13:05:46,2.2,50,2137250
20240112,13:05:48,2.2,50,2137250
20240112,13:05:50,2.25,10700,2137250
20240112,13:05:52,2.2,50,2137250
20240112,13:05:53,2.25,4850,2137250
20240112,13:05:54,2.25,2050,2151450
20240112,13:05:55,2.25,4100,2151450
20240112,13:05:57,2.3,4050,2151450
20240112,13:05:59,2.25,500,2151450
20240112,13:06:01,2.25,50,2151450
20240112,13:06:02,2.3,1300,2151450
20240112,13:06:03,2.25,50,2151450
20240112,13:06:04,2.3,250,2151450
20240112,13:06:06,2.25,50,2151450
20240112,13:06:07,2.25,300,2151450
20240112,13:06:08,2.25,250,2151450
20240112,13:06:14,2.25,50,2151450
20240112,13:06:31,2.25,5000,2151450
20240112,13:06:34,2.3,2050,2151450
20240112,13:06:41,2.3,450,2151450
20240112,13:06:43,2.25,14100,2151450
20240112,13:06:45,2.35,6750,2151450
20240112,13:06:46,2.3,2700,2151450
20240112,13:06:47,2.3,750,2151450
20240112,13:06:53,2.3,500,2151450
20240112,13:06:53,2.3,550,2151450
20240112,13:07:04,2.3,2250,2151450
20240112,13:07:22,2.3,450,2151450
20240112,13:07:26,2.3,5600,2151450
20240112,13:07:27,2.3,850,2151450
20240112,13:07:28,2.3,550,2151450
20240112,13:07:29,2.3,6450,2151450
20240112,13:07:34,2.3,6650,2151450
20240112,13:07:39,2.25,500,2151450
20240112,13:07:43,2.3,250,2151450
20240112,13:07:48,2.3,6700,2151450
20240112,13:07:48,2.3,1900,2151450
20240112,13:07:49,2.3,1100,2151450
20240112,13:07:50,2.3,350,2151450
20240112,13:07:51,2.25,400,2151450
20240112,13:07:54,2.3,1700,2151450
20240112,13:07:58,2.35,850,2151450
20240112,13:07:59,2.3,250,2151450
20240112,13:08:00,2.3,300,2151450
20240112,13:08:02,2.35,1250,2151450
20240112,13:08:05,2.3,50,2151450
20240112,13:08:05,2.3,250,2151450
20240112,13:08:10,2.35,2900,2151450
20240112,13:08:11,2.35,1800,2151450
20240112,13:08:13,2.35,450,2151450
20240112,13:08:15,2.35,950,2151450
20240112,13:08:18,2.35,150,2151450
20240112,13:08:24,2.35,100,2151450
20240112,13:08:26,2.3,250,2151450
20240112,13:08:30,2.3,1300,2151450
20240112,13:08:35,2.3,100,2151450
20240112,13:08:43,2.3,50,2151450
20240112,13:08:45,2.3,50,2151450
20240112,13:08:48,2.3,100,2151450
20240112,13:08:52,2.3,50,2151450
20240112,13:08:54,2.35,100,2151450
20240112,13:09:17,2.35,600,2130850
20240112,13:09:24,2.3,50,2130850
20240112,13:09:28,2.35,100,2130850
20240112,13:09:29,2.3,350,2130850
20240112,13:09:38,2.35,100,2130850
20240112,13:09:49,2.3,400,2130850
20240112,13:10:25,2.3,650,2130850
20240112,13:10:33,2.3,250,2130850
20240112,13:10:34,2.3,300,2130850
20240112,13:10:35,2.3,50,2130850
20240112,13:10:51,2.3,50,2130850
20240112,13:11:13,2.3,1500,2130850
20240112,13:11:16,2.3,2000,2130850
20240112,13:11:19,2.3,8700,2130850
20240112,13:11:27,2.25,500,2130850
20240112,13:11:28,2.25,200,2130850
20240112,13:11:34,2.25,6600,2130850
20240112,13:11:35,2.25,1600,2130850
20240112,13:11:46,2.25,550,2130850
20240112,13:12:01,2.3,50,2130850
20240112,13:12:09,2.3,200,2127600
20240112,13:12:16,2.3,400,2127600
20240112,13:12:31,2.3,1450,2127600
20240112,13:12:40,2.3,450,2127600
20240112,13:12:43,2.3,9000,2127600
20240112,13:12:44,2.3,2450,2127600
20240112,13:13:02,2.25,500,2127600
20240112,13:13:10,2.3,900,2127600
20240112,13:13:12,2.3,50,2127600
20240112,13:13:40,2.3,500,2127600
20240112,13:13:46,2.3,50,2127600
20240112,13:13:51,2.3,4300,2127600
20240112,13:13:52,2.3,1800,2127600
20240112,13:13:53,2.3,600,2127600
20240112,13:13:55,2.3,50,2127600
20240112,13:14:00,2.3,50,2127600
20240112,13:14:04,2.3,50,2127600
20240112,13:14:10,2.3,1000,2127600
20240112,13:14:11,2.35,300,2127600
20240112,13:14:12,2.35,50,2127600
20240112,13:14:21,2.3,450,2127600
20240112,13:14:24,2.35,100,2127600
20240112,13:14:30,2.35,1800,2127600
20240112,13:14:43,2.3,2000,2127600
20240112,13:14:46,2.3,100,2127600
20240112,13:14:47,2.3,50,2127600
20240112,13:14:49,2.35,3600,2127600
20240112,13:15:10,2.3,4050,2146400
20240112,13:15:12,2.35,1000,2146400
20240112,13:15:15,2.3,150,2146400
20240112,13:15:16,2.35,1950,2146400
20240112,13:15:17,2.3,50,2146400
20240112,13:15:18,2.35,1800,2146400
20240112,13:15:19,2.35,1900,2146400
20240112,13:15:20,2.35,50,2146400
20240112,13:15:21,2.35,1750,2146400
20240112,13:15:23,2.35,50,2146400
20240112,13:15:24,2.4,50,2146400
20240112,13:15:25,2.4,1050,2146400
20240112,13:15:26,2.35,1000,2146400
20240112,13:15:28,2.35,100,2146400
20240112,13:15:32,2.35,10350,2146400
20240112,13:15:36,2.3,1000,2146400
20240112,13:15:37,2.3,150,2146400
20240112,13:15:43,2.35,1050,2146400
20240112,13:15:44,2.3,24700,2146400
20240112,13:15:46,2.3,950,2146400
20240112,13:15:48,2.35,100,2146400
20240112,13:15:51,2.3,1100,2146400
20240112,13:15:52,2.35,1500,2146400
20240112,13:15:53,2.35,100,2146400
20240112,13:15:55,2.35,200,2146400
20240112,13:15:56,2.3,300,2146400
20240112,13:15:59,2.3,1000,2146400
20240112,13:16:00,2.3,1000,2146400
20240112,13:16:01,2.35,2000,2146400
20240112,13:16:04,2.35,300,2146400
20240112,13:16:07,2.35,1850,2146400
20240112,13:16:08,2.35,29850,2146400
20240112,13:16:20,2.4,1500,2146400
20240112,13:16:20,2.4,3050,2146400
20240112,13:16:21,2.4,10500,2146400
20240112,13:16:25,2.35,24900,2146400
20240112,13:16:26,2.35,20400,2146400
20240112,13:16:27,2.4,9200,2146400
20240112,13:16:32,2.4,6000,2146400
20240112,13:16:33,2.4,9850,2146400
20240112,13:16:36,2.35,1200,2146400
20240112,13:16:44,2.35,50,2146400
20240112,13:16:45,2.35,50,2146400
20240112,13:17:08,2.4,800,2146400
20240112,13:17:30,2.4,5400,2146400
20240112,13:17:32,2.35,450,2146400
20240112,13:17:39,2.35,800,2146400
20240112,13:17:41,2.35,750,2146400
20240112,13:17:44,2.35,1500,2146400
20240112,13:17:54,2.4,46550,2146400
20240112,13:18:04,2.35,600,2218000
20240112,13:18:08,2.35,50,2218000
20240112,13:18:13,2.4,9450,2218000
20240112,13:18:16,2.45,3100,2218000
20240112,13:18:18,2.45,50,2218000
20240112,13:18:21,2.45,1400,2218000
20240112,13:18:22,2.4,1050,2218000
20240112,13:18:23,2.4,3650,2218000
20240112,13:18:25,2.4,300,2218000
20240112,13:18:25,2.4,450,2218000
20240112,13:18:27,2.4,350,2218000
20240112,13:18:30,2.45,50,2218000
20240112,13:18:34,2.45,50,2218000
20240112,13:18:35,2.4,1700,2218000
20240112,13:18:38,2.4,50,2218000
20240112,13:18:42,2.4,50,2218000
20240112,13:18:46,2.4,50,2218000
20240112,13:18:49,2.4,150,2218000
20240112,13:18:50,2.4,500,2218000
20240112,13:18:51,2.4,50,2218000
20240112,13:18:51,2.35,550,2218000
20240112,13:18:55,2.4,50,2218000
20240112,13:18:59,2.4,200,2218000
20240112,13:19:03,2.4,50,2218000
20240112,13:19:07,2.4,50,2218000
20240112,13:19:09,2.4,300,2218000
20240112,13:19:11,2.4,50,2218000
20240112,13:19:16,2.4,50,2218000
20240112,13:19:19,2.35,100,2218000
20240112,13:19:20,2.4,50,2218000
20240112,13:19:22,2.4,100,2218000
20240112,13:19:23,2.35,5100,2218000
20240112,13:19:29,2.4,50,2218000
20240112,13:19:32,2.4,50,2218000
20240112,13:19:34,2.4,50,2218000
20240112,13:19:36,2.4,50,2218000
20240112,13:19:38,2.4,1800,2218000
20240112,13:19:41,2.4,50,2218000
20240112,13:19:43,2.35,100,2218000
20240112,13:19:44,2.4,2600,2218000
20240112,13:20:05,2.35,50,2218000
20240112,13:20:14,2.35,15700,2218000
20240112,13:20:14,2.35,14250,2218000
20240112,13:20:15,2.35,550,2218000
20240112,13:20:16,2.35,50,2218000
20240112,13:20:17,2.35,100,2218000
20240112,13:20:22,2.35,50,2218000
20240112,13:20:23,2.35,50,2218000
20240112,13:20:26,2.35,700,2218000
20240112,13:20:28,2.3,50,2218000
20240112,13:20:30,2.35,150,2218000
20240112,13:20:32,2.35,100,2218000
20240112,13:20:33,2.35,150,2218000
20240112,13:20:34,2.35,150,2218000
20240112,13:20:35,2.35,250,2218000
20240112,13:20:36,2.35,150,2218000
20240112,13:20:37,2.35,150,2218000
20240112,13:20:39,2.35,150,2218000
20240112,13:20:40,2.35,150,2218000
20240112,13:20:40,2.35,1250,2218000
20240112,13:20:43,2.35,150,2218000
20240112,13:20:44,2.35,150,2218000
20240112,13:20:45,2.35,19450,2218000
20240112,13:20:46,2.4,250,2218000
20240112,13:20:48,2.35,8000,2218000
20240112,13:20:49,2.35,2700,2218000
20240112,13:20:54,2.35,550,2218000
20240112,13:20:56,2.3,900,2218000
20240112,13:20:56,2.35,50,2232250
20240112,13:20:59,2.35,500,2232250
20240112,13:21:00,2.35,550,2232250
20240112,13:21:01,2.35,550,2232250
20240112,13:21:03,2.35,300,2232250
20240112,13:21:05,2.35,300,2232250
20240112,13:21:06,2.3,1500,2232250
20240112,13:21:07,2.35,5450,2232250
20240112,13:21:09,2.35,7450,2232250
20240112,13:21:12,2.3,1700,2232250
20240112,13:21:19,2.35,900,2232250
20240112,13:21:24,2.35,900,2232250
20240112,13:21:30,2.35,950,2232250
20240112,13:21:31,2.4,200,2232250
20240112,13:21:36,2.35,900,2232250
20240112,13:21:37,2.35,100,2232250
20240112,13:21:41,2.35,100,2232250
20240112,13:21:43,2.35,7900,2232250
20240112,13:21:45,2.35,200,2232250
20240112,13:21:49,2.35,100,2232250
20240112,13:21:49,2.35,900,2232250
20240112,13:21:50,2.35,5850,2232250
20240112,13:21:52,2.3,100,2232250
20240112,13:21:57,2.3,400,2232250
20240112,13:22:09,2.3,500,2232250
20240112,13:22:20,2.3,100,2232250
20240112,13:22:29,2.3,800,2232250
20240112,13:22:40,2.3,100,2232250
20240112,13:22:44,2.3,100,2232250
20240112,13:22:48,2.3,100,2232250
20240112,13:22:52,2.3,100,2232250
20240112,13:22:56,2.3,100,2232250
20240112,13:23:00,2.3,100,2232250
20240112,13:23:04,2.3,100,2232250
20240112,13:23:07,2.3,100,2232250
20240112,13:23:12,2.3,300,2232250
20240112,13:23:14,2.35,200,2232250
20240112,13:23:15,2.3,500,2232250
20240112,13:23:17,2.35,1700,2232250
20240112,13:23:36,2.35,150,2232250
20240112,13:23:41,2.35,100,2232250
20240112,13:23:42,2.35,2100,2232250
20240112,13:23:43,2.35,550,2232250
20240112,13:23:48,2.35,100,2232250
20240112,13:23:49,2.35,100,2232250
20240112,13:23:50,2.35,1950,2232250
20240112,13:23:51,2.35,950,2232250
20240112,13:23:52,2.35,850,2232250
20240112,13:23:54,2.35,300,2232250
20240112,13:23:56,2.35,300,2232250
20240112,13:23:56,2.3,400,2232250
20240112,13:23:58,2.35,9300,2224100
20240112,13:24:00,2.4,550,2224100
20240112,13:24:00,2.35,350,2224100
20240112,13:24:01,2.4,1800,2224100
20240112,13:24:08,2.4,50,2224100
20240112,13:24:13,2.35,7200,2224100
20240112,13:24:14,2.35,16000,2224100
20240112,13:24:16,2.35,100,2224100
20240112,13:24:17,2.35,1800,2224100
20240112,13:24:29,2.4,1800,2224100
20240112,13:24:31,2.4,1800,2224100
20240112,13:24:36,2.35,1000,2224100
20240112,13:24:37,2.35,800,2224100
20240112,13:24:38,2.4,250,2224100
20240112,13:24:41,2.35,38200,2224100
20240112,13:24:50,2.35,22950,2224100
20240112,13:24:51,2.35,5000,2224100
20240112,13:24:57,2.3,11650,2224100
20240112,13:24:58,2.35,1400,2224100
20240112,13:24:59,2.35,1350,2224100
20240112,13:25:00,2.35,2100,2224100
20240112,13:25:01,2.35,550,2224100
20240112,13:25:07,2.35,2000,2224100
20240112,13:25:08,2.4,1800,2224100
20240112,13:25:12,2.35,1250,2224100
20240112,13:25:15,2.4,1800,2224100
20240112,13:25:17,2.35,450,2224100
20240112,13:25:18,2.4,1900,2224100
20240112,13:25:19,2.4,50,2224100
20240112,13:25:30,2.4,50,2224100
20240112,13:25:36,2.35,300,2224100
20240112,13:25:44,2.4,1800,2224100
20240112,13:25:46,2.35,300,2224100
20240112,13:25:47,2.4,2400,2224100
20240112,13:25:48,2.35,200,2224100
20240112,13:25:52,2.35,1850,2224100
20240112,13:25:54,2.4,7400,2224100
20240112,13:25:55,2.4,2750,2224100
20240112,13:25:58,2.4,350,2224100
20240112,13:26:00,2.4,1800,2224100
20240112,13:26:03,2.4,1800,2224100
20240112,13:26:06,2.4,300,2224100
20240112,13:26:07,2.4,500,2224100
20240112,13:26:10,2.35,100,2224100
20240112,13:26:12,2.4,1800,2224100
20240112,13:26:13,2.35,500,2224100
20240112,13:26:14,2.4,1800,2224100
20240112,13:26:16,2.4,1800,2224100
20240112,13:26:21,2.35,800,2224100
20240112,13:26:32,2.35,100,2224100
20240112,13:26:36,2.35,100,2224100
20240112,13:26:39,2.4,100,2224100
20240112,13:26:40,2.35,100,2224100
20240112,13:26:43,2.35,100,2224100
20240112,13:26:44,2.4,200,2224100
20240112,13:26:46,2.35,550,2224100
20240112,13:26:48,2.4,250,2224100
20240112,13:26:51,2.35,550,2224100
20240112,13:26:57,2.4,750,2270950
20240112,13:27:01,2.35,50,2270950
20240112,13:27:07,2.35,300,2270950
20240112,13:27:08,2.4,650,2270950
20240112,13:27:13,2.4,500,2270950
20240112,13:27:17,2.4,500,2270950
20240112,13:27:18,2.35,100,2270950
20240112,13:27:22,2.4,850,2270950
20240112,13:27:25,2.35,100,2270950
20240112,13:27:26,2.4,900,2270950
20240112,13:27:29,2.35,100,2270950
20240112,13:27:33,2.35,100,2270950
20240112,13:27:38,2.35,250,2270950
20240112,13:27:40,2.35,200,2270950
20240112,13:27:49,2.4,1800,2270950
20240112,13:27:53,2.4,1800,2270950
20240112,13:27:56,2.4,1800,2270950
20240112,13:27:58,2.4,1800,2270950
20240112,13:28:07,2.35,50,2270950
20240112,13:28:12,2.4,1800,2270950
20240112,13:28:14,2.4,1800,2270950
20240112,13:28:15,2.4,2350,2270950
20240112,13:28:17,2.35,550,2270950
20240112,13:28:18,2.4,5050,2270950
20240112,13:28:19,2.4,11550,2270950
20240112,13:28:21,2.4,50,2270950
20240112,13:28:25,2.45,650,2270950
20240112,13:28:42,2.4,1000,2270950
20240112,13:28:43,2.4,1000,2270950
20240112,13:28:45,2.4,1000,2270950
20240112,13:28:46,2.4,2000,2270950
20240112,13:28:47,2.4,1000,2270950
20240112,13:28:48,2.4,2000,2270950
20240112,13:28:49,2.4,2000,2270950
20240112,13:29:01,2.4,50,2270950
20240112,13:29:14,2.4,1000,2270950
20240112,13:29:15,2.4,2000,2270950
20240112,13:29:16,2.4,2000,2270950
20240112,13:29:34,2.4,200,2270950
20240112,13:29:54,2.45,1800,2270950
20240112,13:29:55,2.45,200,2270950
20240112,13:30:02,2.4,200,2270950
20240112,13:30:03,2.45,150,2255250
20240112,13:30:10,2.45,50,2255250
20240112,13:30:14,2.45,50,2255250
20240112,13:30:15,2.4,50,2255250
20240112,13:30:45,2.4,3450,2255250
20240112,13:30:49,2.4,1500,2255250
20240112,13:30:52,2.4,1500,2255250
20240112,13:30:56,2.4,400,2255250
20240112,13:30:57,2.45,750,2255250
20240112,13:31:00,2.4,200,2255250
20240112,13:31:01,2.45,150,2255250
20240112,13:31:02,2.45,1100,2255250
20240112,13:31:04,2.4,200,2255250
20240112,13:31:11,2.4,1350,2255250
20240112,13:31:21,2.4,3950,2255250
20240112,13:31:22,2.4,250,2255250
20240112,13:31:27,2.4,1800,2255250
20240112,13:31:36,2.35,2500,2255250
20240112,13:31:41,2.35,1000,2255250
20240112,13:31:46,2.4,50,2255250
20240112,13:31:51,2.4,50,2255250
20240112,13:31:56,2.4,50,2255250
20240112,13:31:58,2.35,1000,2255250
20240112,13:32:02,2.4,1800,2255250
20240112,13:32:04,2.35,500,2255250
20240112,13:32:11,2.35,650,2255250
20240112,13:32:18,2.4,1050,2255250
20240112,13:32:24,2.4,600,2255250
20240112,13:32:24,2.35,500,2255250
20240112,13:32:26,2.35,5450,2255250
20240112,13:32:28,2.4,3650,2255250
20240112,13:32:33,2.4,50,2255250
20240112,13:32:37,2.4,50,2255250
20240112,13:32:42,2.35,1800,2255250
20240112,13:32:44,2.35,250,2255250
20240112,13:32:50,2.35,2450,2255250
20240112,13:32:51,2.35,50,2255250
20240112,13:32:51,2.35,250,2255250
20240112,13:32:52,2.35,250,2255250
20240112,13:32:54,2.35,350,2255250
20240112,13:32:56,2.35,50,2255250
20240112,13:33:14,2.35,3000,2265650
20240112,13:33:15,2.3,11500,2265650
20240112,13:33:16,2.3,2450,2265650
20240112,13:33:19,2.3,5000,2265650
20240112,13:33:21,2.3,50,2265650
20240112,13:33:23,2.3,750,2265650
20240112,13:33:24,2.3,1800,2265650
20240112,13:33:32,2.35,50,2265650
20240112,13:33:40,2.3,2500,2265650
20240112,13:33:41,2.35,50,2265650
20240112,13:33:42,2.35,200,2265650
20240112,13:33:43,2.3,1000,2265650
20240112,13:33:48,2.3,1000,2265650
20240112,13:33:49,2.35,50,2265650
20240112,13:33:59,2.3,300,2265650
20240112,13:34:03,2.3,1000,2265650
20240112,13:34:05,2.3,500,2265650
20240112,13:34:13,2.3,500,2265650
20240112,13:34:26,2.35,500,2265650
20240112,13:34:30,2.35,1800,2265650
20240112,13:34:31,2.3,50,2265650
20240112,13:34:33,2.35,1800,2265650
20240112,13:34:37,2.35,1800,2265650
20240112,13:34:40,2.35,50,2265650
20240112,13:34:46,2.35,1800,2265650
20240112,13:34:54,2.3,1800,2265650
20240112,13:34:57,2.35,1800,2265650
20240112,13:34:58,2.3,1800,2265650
20240112,13:34:59,2.35,1800,2265650
20240112,13:35:02,2.3,1800,2265650
20240112,13:35:03,2.3,1900,2265650
20240112,13:35:04,2.3,1800,2265650
20240112,13:35:10,2.3,1800,2265650
20240112,13:35:11,2.3,1800,2265650
20240112,13:35:14,2.3,50,2265650
20240112,13:35:15,2.3,1050,2265650
20240112,13:35:16,2.3,1800,2265650
20240112,13:35:18,2.3,800,2265650
20240112,13:35:19,2.3,12450,2265650
20240112,13:35:34,2.35,250,2265650
20240112,13:35:58,2.35,500,2265650
20240112,13:36:11,2.3,1500,2265650
20240112,13:36:20,2.3,1500,2276550
20240112,13:36:23,2.35,500,2276550
20240112,13:36:34,2.35,50,2276550
20240112,13:36:53,2.3,900,2276550
20240112,13:36:54,2.3,1500,2276550
20240112,13:36:58,2.3,1500,2276550
20240112,13:37:02,2.3,1000,2276550
20240112,13:37:15,2.35,100,2276550
20240112,13:37:36,2.3,50,2276550
20240112,13:37:42,2.35,500,2276550
20240112,13:37:50,2.35,50,2276550
20240112,13:38:09,2.35,1800,2276550
20240112,13:38:47,2.3,300,2276550
20240112,13:38:57,2.35,50,2276550
20240112,13:39:36,2.3,50,2276700
20240112,13:39:44,2.3,200,2276700
20240112,13:39:56,2.35,550,2276700
20240112,13:40:00,2.3,100,2276700
20240112,13:40:01,2.3,1000,2276700
20240112,13:40:02,2.3,150,2276700
20240112,13:40:03,2.3,50,2276700
20240112,13:40:04,2.3,50,2276700
20240112,13:40:05,2.3,50,2276700
20240112,13:40:06,2.3,100,2276700
20240112,13:40:11,2.35,1850,2276700
20240112,13:41:06,2.3,600,2276700
20240112,13:41:07,2.35,350,2276700
20240112,13:41:16,2.35,400,2276700
20240112,13:41:17,2.35,1600,2276700
20240112,13:41:18,2.4,5800,2276700
20240112,13:41:23,2.4,450,2276700
20240112,13:41:23,2.4,800,2276700
20240112,13:41:31,2.4,1800,2276700
20240112,13:41:38,2.45,300,2276700
20240112,13:41:45,2.45,100,2276700
20240112,13:41:46,2.45,650,2276700
20240112,13:41:51,2.45,100,2276700
20240112,13:41:58,2.45,50,2276700
20240112,13:41:58,2.4,50,2276700
20240112,13:42:00,2.45,750,2277350
20240112,13:42:01,2.45,1750,2277350
20240112,13:42:06,2.5,50,2277350
20240112,13:42:10,2.5,1800,2277350
20240112,13:42:13,2.5,50,2277350
20240112,13:42:19,2.5,500,2277350
20240112,13:42:25,2.5,250,2277350
20240112,13:42:26,2.5,500,2277350
20240112,13:42:27,2.5,500,2277350
20240112,13:42:29,2.5,250,2277350
20240112,13:42:31,2.5,150,2277350
20240112,13:42:32,2.5,900,2277350
20240112,13:42:33,2.5,100,2277350
20240112,13:42:34,2.5,100,2277350
20240112,13:42:35,2.5,50,2277350
20240112,13:42:36,2.5,100,2277350
20240112,13:42:38,2.5,150,2277350
20240112,13:42:39,2.5,100,2277350
20240112,13:42:40,2.5,150,2277350
20240112,13:42:41,2.5,650,2277350
20240112,13:42:42,2.55,100,2277350
20240112,13:42:43,2.55,850,2277350
20240112,13:42:44,2.55,550,2277350
20240112,13:42:47,2.55,650,2277350
20240112,13:42:48,2.6,6000,2277350
20240112,13:42:49,2.6,650,2277350
20240112,13:42:50,2.6,300,2277350
20240112,13:42:51,2.6,450,2277350
20240112,13:42:52,2.6,1600,2277350
20240112,13:42:53,2.6,250,2277350
20240112,13:42:54,2.6,3700,2277350
20240112,13:42:55,2.6,350,2277350
20240112,13:42:56,2.65,250,2277350
20240112,13:42:57,2.65,550,2277350
20240112,13:42:58,2.6,650,2277350
20240112,13:42:59,2.6,550,2277350
20240112,13:43:00,2.6,550,2277350
20240112,13:43:01,2.6,200,2277350
20240112,13:43:02,2.6,4150,2277350
20240112,13:43:03,2.55,600,2277350
20240112,13:43:04,2.6,400,2277350
20240112,13:43:05,2.55,700,2277350
20240112,13:43:10,2.55,300,2277350
20240112,13:43:16,2.6,50,2277350
20240112,13:43:17,2.55,3600,2277350
20240112,13:43:21,2.6,100,2277350
20240112,13:43:23,2.6,100,2277350
20240112,13:43:24,2.6,850,2277350
20240112,13:43:27,2.55,200,2277350
20240112,13:43:33,2.6,100,2277350
20240112,13:43:35,2.6,100,2277350
20240112,13:43:37,2.6,600,2277350
20240112,13:43:38,2.55,250,2277350
20240112,13:43:39,2.6,950,2277350
20240112,13:43:41,2.6,750,2277350
20240112,13:43:42,2.6,550,2277350
20240112,13:43:43,2.6,7850,2277350
20240112,13:43:46,2.6,550,2277350
20240112,13:43:49,2.6,550,2277350
20240112,13:43:55,2.6,2000,2277350
20240112,13:43:56,2.6,600,2277350
20240112,13:43:57,2.6,1800,2277350
20240112,13:44:01,2.6,50,2277350
20240112,13:44:01,2.6,300,2277350
20240112,13:44:07,2.55,100,2277350
20240112,13:44:11,2.6,1800,2277350
20240112,13:44:13,2.6,250,2277350
20240112,13:44:13,2.6,1800,2277350
20240112,13:44:14,2.6,3600,2277350
20240112,13:44:25,2.6,50,2277350
20240112,13:44:31,2.6,450,2277350
20240112,13:44:34,2.6,2250,2277350
20240112,13:44:44,2.6,50,2277350
20240112,13:44:49,2.55,1900,2277350
20240112,13:44:51,2.6,50,2277350
20240112,13:44:52,2.6,600,2277350
20240112,13:44:54,2.55,150,2277350
20240112,13:44:55,2.6,600,2277350
20240112,13:44:58,2.6,100,2277350
20240112,13:45:02,2.55,300,2277350
20240112,13:45:05,2.55,250,2283050
20240112,13:45:12,2.6,1000,2283050
20240112,13:45:13,2.6,500,2283050
20240112,13:45:14,2.6,1400,2283050
20240112,13:45:15,2.6,1000,2283050
20240112,13:45:16,2.6,500,2283050
20240112,13:45:17,2.6,1000,2283050
20240112,13:45:31,2.6,50,2283050
20240112,13:45:41,2.6,500,2283050
20240112,13:45:42,2.6,500,2283050
20240112,13:45:44,2.6,8550,2283050
20240112,13:45:44,2.6,500,2283050
20240112,13:45:45,2.6,3450,2283050
20240112,13:45:47,2.6,1800,2283050
20240112,13:45:50,2.6,1350,2283050
20240112,13:45:59,2.55,1000,2283050
20240112,13:46:01,2.6,1300,2283050
20240112,13:46:04,2.55,200,2283050
20240112,13:46:08,2.55,100,2283050
20240112,13:46:11,2.55,500,2283050
20240112,13:46:19,2.6,150,2283050
20240112,13:46:36,2.55,500,2283050
20240112,13:46:37,2.55,450,2283050
20240112,13:46:50,2.55,2300,2283050
20240112,13:46:51,2.55,600,2283050
20240112,13:46:52,2.55,150,2283050
20240112,13:46:56,2.55,100,2283050
20240112,13:47:08,2.6,1800,2283050
20240112,13:47:12,2.6,150,2283050
20240112,13:47:18,2.6,1800,2283050
20240112,13:47:25,2.55,500,2283050
20240112,13:47:27,2.6,1800,2283050
20240112,13:47:30,2.55,1800,2283050
20240112,13:47:32,2.55,1800,2283050
20240112,13:47:34,2.55,1800,2283050
20240112,13:47:47,2.55,100,2283050
20240112,13:47:57,2.6,50,2283050
20240112,13:47:59,2.55,250,2283050
20240112,13:48:00,2.55,300,2282700
20240112,13:48:02,2.55,250,2282700
20240112,13:48:03,2.55,250,2282700
20240112,13:48:04,2.55,1200,2282700
20240112,13:48:07,2.55,100,2282700
20240112,13:48:11,2.6,350,2282700
20240112,13:48:11,2.55,100,2282700
20240112,13:48:16,2.55,100,2282700
20240112,13:48:21,2.6,50,2282700
20240112,13:48:32,2.6,200,2282700
20240112,13:48:34,2.55,200,2282700
20240112,13:48:36,2.6,100,2282700
20240112,13:48:43,2.6,50,2282700
20240112,13:48:45,2.55,1550,2282700
20240112,13:48:47,2.6,1500,2282700
20240112,13:48:48,2.6,50,2282700
20240112,13:48:49,2.6,50,2282700
20240112,13:49:09,2.55,150,2282700
20240112,13:49:18,2.6,50,2282700
20240112,13:49:22,2.6,1800,2282700
20240112,13:49:31,2.55,800,2282700
20240112,13:49:39,2.55,100,2282700
20240112,13:49:47,2.6,100,2282700
20240112,13:49:54,2.55,250,2282700
20240112,13:49:56,2.6,1000,2282700
20240112,13:49:57,2.6,500,2282700
20240112,13:49:59,2.6,2800,2282700
20240112,13:50:00,2.55,300,2282700
20240112,13:50:03,2.6,600,2282700
20240112,13:50:14,2.6,50,2282700
20240112,13:50:20,2.55,1500,2282700
20240112,13:50:30,2.55,150,2282700
20240112,13:50:37,2.6,50,2282700
20240112,13:50:40,2.55,250,2282700
20240112,13:50:52,2.6,1450,2282700
20240112,13:50:55,2.6,100,2282700
20240112,13:51:02,2.6,300,2282700
20240112,13:51:04,2.6,50,2280350
20240112,13:51:06,2.55,500,2280350
20240112,13:51:09,2.55,50,2280350
20240112,13:51:10,2.55,50,2280350
20240112,13:51:11,2.55,50,2280350
20240112,13:51:12,2.55,100,2280350
20240112,13:51:13,2.55,50,2280350
20240112,13:51:15,2.55,50,2280350
20240112,13:51:19,2.6,1800,2280350
20240112,13:51:30,2.6,1500,2280350
20240112,13:51:32,2.6,1500,2280350
20240112,13:51:59,2.6,1800,2280350
20240112,13:52:01,2.6,700,2280350
20240112,13:52:15,2.6,3800,2280350
20240112,13:52:23,2.65,1800,2280350
20240112,13:52:30,2.65,1800,2280350
20240112,13:52:41,2.65,4550,2280350
20240112,13:52:42,2.65,100,2280350
20240112,13:52:44,2.7,100,2280350
20240112,13:52:46,2.7,1150,2280350
20240112,13:52:47,2.65,250,2280350
20240112,13:52:48,2.7,300,2280350
20240112,13:52:49,2.65,7700,2280350
20240112,13:52:50,2.65,2700,2280350
20240112,13:52:53,2.65,2450,2280350
20240112,13:52:55,2.65,250,2280350
20240112,13:52:56,2.7,50,2280350
20240112,13:53:01,2.7,750,2280350
20240112,13:53:01,2.7,1800,2280350
20240112,13:53:09,2.7,1800,2280350
20240112,13:53:20,2.7,50,2280350
20240112,13:53:36,2.7,200,2280350
20240112,13:53:37,2.7,950,2280350
20240112,13:53:39,2.7,150,2280350
20240112,13:53:40,2.7,100,2280350
20240112,13:53:41,2.7,1800,2280350
20240112,13:54:02,2.7,500,2277250
20240112,13:54:03,2.7,500,2277250
20240112,13:54:04,2.7,12500,2277250
20240112,13:54:05,2.7,3650,2277250
20240112,13:54:06,2.7,3400,2277250
20240112,13:54:07,2.7,450,2277250
20240112,13:54:10,2.7,350,2277250
20240112,13:54:11,2.75,1050,2277250
20240112,13:54:13,2.75,200,2277250
20240112,13:54:14,2.7,650,2277250
20240112,13:54:15,2.7,400,2277250
20240112,13:54:16,2.7,550,2277250
20240112,13:54:17,2.7,400,2277250
20240112,13:54:23,2.7,500,2277250
20240112,13:54:24,2.7,200,2277250
20240112,13:54:31,2.7,100,2277250
20240112,13:54:31,2.7,450,2277250
20240112,13:54:34,2.7,1200,2277250
20240112,13:54:43,2.7,250,2277250
20240112,13:54:43,2.7,300,2277250
20240112,13:54:46,2.7,450,2277250
20240112,13:54:50,2.7,250,2277250
20240112,13:54:51,2.7,500,2277250
20240112,13:54:51,2.7,600,2277250
20240112,13:54:55,2.75,1800,2277250
20240112,13:55:00,2.7,350,2277250
20240112,13:55:01,2.75,1600,2277250
20240112,13:55:09,2.7,1150,2277250
20240112,13:55:10,2.7,250,2277250
20240112,13:55:18,2.7,550,2277250
20240112,13:55:21,2.75,300,2277250
20240112,13:55:25,2.7,250,2277250
20240112,13:55:26,2.7,500,2277250
20240112,13:55:27,2.7,250,2277250
20240112,13:55:30,2.7,250,2277250
20240112,13:55:31,2.75,100,2277250
20240112,13:55:33,2.7,500,2277250
20240112,13:55:34,2.75,3300,2277250
20240112,13:55:36,2.7,1050,2277250
20240112,13:55:38,2.7,4050,2277250
20240112,13:55:42,2.7,250,2277250
20240112,13:55:43,2.7,2000,2277250
20240112,13:55:44,2.75,450,2277250
20240112,13:55:47,2.75,100,2277250
20240112,13:55:48,2.7,1450,2277250
20240112,13:55:50,2.7,1250,2277250
20240112,13:55:52,2.7,7700,2277250
20240112,13:55:52,2.7,600,2277250
20240112,13:56:02,2.75,500,2277250
20240112,13:56:05,2.7,1050,2277250
20240112,13:56:06,2.7,750,2277250
20240112,13:56:09,2.7,2350,2277250
20240112,13:56:14,2.7,100,2277250
20240112,13:56:16,2.75,50,2277250
20240112,13:56:19,2.75,100,2277250
20240112,13:56:23,2.7,250,2277250
20240112,13:56:24,2.7,250,2277250
20240112,13:56:25,2.7,350,2277250
20240112,13:56:26,2.7,1550,2277250
20240112,13:56:31,2.75,3000,2277250
20240112,13:56:32,2.75,12250,2277250
20240112,13:56:35,2.7,1800,2277250
20240112,13:56:37,2.75,4500,2277250
20240112,13:56:38,2.75,10050,2277250
20240112,13:56:39,2.75,3000,2277250
20240112,13:56:42,2.7,3100,2277250
20240112,13:56:43,2.75,6000,2277250
20240112,13:56:44,2.75,10800,2277250
20240112,13:56:45,2.75,1000,2277250
20240112,13:56:46,2.75,200,2277250
20240112,13:56:49,2.7,150,2277250
20240112,13:56:51,2.7,400,2277250
20240112,13:56:51,2.7,50,2277250
20240112,13:56:53,2.7,350,2277250
20240112,13:56:54,2.7,100,2277250
20240112,13:56:57,2.7,1800,2277250
20240112,13:56:59,2.7,400,2277250
20240112,13:57:01,2.75,300,2277250
20240112,13:57:04,2.7,1800,2294100
20240112,13:57:13,2.7,1100,2294100
20240112,13:57:14,2.7,1800,2294100
20240112,13:57:15,2.75,500,2294100
20240112,13:57:18,2.7,50,2294100
20240112,13:57:21,2.7,1800,2294100
20240112,13:57:33,2.7,300,2294100
20240112,13:57:35,2.75,50,2294100
20240112,13:57:40,2.7,450,2294100
20240112,13:57:41,2.7,1200,2294100
20240112,13:57:45,2.75,200,2294100
20240112,13:57:50,2.7,100,2294100
20240112,13:57:53,2.75,50,2294100
20240112,13:57:55,2.75,550,2294100
20240112,13:58:00,2.75,300,2294100
20240112,13:58:01,2.75,300,2294100
20240112,13:58:07,2.75,1500,2294100
20240112,13:58:15,2.7,50,2294100
20240112,13:58:16,2.75,150,2294100
20240112,13:58:32,2.7,700,2294100
20240112,13:58:40,2.7,100,2294100
20240112,13:58:41,2.75,200,2294100
20240112,13:58:42,2.7,50,2294100
20240112,13:58:43,2.7,50,2294100
20240112,13:59:05,2.7,50,2294100
20240112,13:59:12,2.7,400,2294100
20240112,13:59:17,2.7,500,2294100
20240112,13:59:19,2.7,900,2294100
20240112,13:59:33,2.75,200,2294100
20240112,13:59:42,2.7,250,2294100
20240112,13:59:46,2.7,650,2294100
20240112,13:59:49,2.7,250,2294100
20240112,13:59:50,2.7,250,2294100
20240112,13:59:53,2.7,250,2294100
20240112,14:00:00,2.7,2500,2294100
20240112,14:00:01,2.7,50,2294100
20240112,14:00:02,2.7,1700,2292450
20240112,14:00:10,2.7,3600,2292450
20240112,14:00:16,2.7,5500,2292450
20240112,14:00:40,2.65,1800,2292450
20240112,14:00:43,2.65,3600,2292450
20240112,14:00:46,2.65,3950,2292450
20240112,14:00:46,2.7,100,2292450
20240112,14:00:47,2.65,1800,2292450
20240112,14:00:48,2.65,3600,2292450
20240112,14:00:49,2.65,750,2292450
20240112,14:00:53,2.6,50,2292450
20240112,14:00:57,2.6,1700,2292450
20240112,14:01:11,2.6,200,2292450
20240112,14:01:13,2.65,50,2292450
20240112,14:01:14,2.65,50,2292450
20240112,14:01:16,2.6,1200,2292450
20240112,14:01:19,2.6,3950,2292450
20240112,14:01:20,2.6,6200,2292450
20240112,14:01:22,2.6,50,2292450
20240112,14:01:24,2.6,250,2292450
20240112,14:01:27,2.6,300,2292450
20240112,14:01:30,2.55,21650,2292450
20240112,14:01:34,2.6,200,2292450
20240112,14:01:37,2.6,200,2292450
20240112,14:01:39,2.55,1800,2292450
20240112,14:01:40,2.55,1800,2292450
20240112,14:01:41,2.6,200,2292450
20240112,14:01:42,2.55,1800,2292450
20240112,14:01:43,2.55,1800,2292450
20240112,14:01:44,2.55,2300,2292450
20240112,14:01:45,2.55,12100,2292450
20240112,14:01:46,2.55,1800,2292450
20240112,14:01:52,2.6,100,2292450
20240112,14:02:00,2.6,750,2292450
20240112,14:02:06,2.6,100,2292450
20240112,14:02:11,2.6,1800,2292450
20240112,14:02:15,2.55,600,2292450
20240112,14:02:17,2.55,50,2292450
20240112,14:02:20,2.6,1800,2292450
20240112,14:02:22,2.6,1000,2292450
20240112,14:02:26,2.6,2000,2292450
20240112,14:02:33,2.6,1850,2292450
20240112,14:02:39,2.6,8850,2292450
20240112,14:02:40,2.6,2950,2292450
20240112,14:02:47,2.6,1800,2292450
20240112,14:02:58,2.55,8200,2292450
20240112,14:03:10,2.55,500,2349650
20240112,14:03:11,2.55,100,2349650
20240112,14:03:21,2.6,3600,2349650
20240112,14:03:35,2.55,50,2349650
20240112,14:03:39,2.6,50,2349650
20240112,14:04:07,2.6,50,2349650
20240112,14:04:23,2.55,150,2349650
20240112,14:04:52,2.55,200,2349650
20240112,14:05:14,2.55,150,2349650
20240112,14:05:15,2.55,200,2349650
20240112,14:05:20,2.6,450,2349650
20240112,14:05:21,2.55,1600,2349650
20240112,14:05:22,2.55,50,2349650
20240112,14:05:29,2.55,1600,2349650
20240112,14:05:32,2.6,50,2349650
20240112,14:05:33,2.55,1000,2349650
20240112,14:05:36,2.55,500,2349650
20240112,14:05:43,2.55,100,2349650
20240112,14:05:51,2.5,9900,2349650
20240112,14:05:59,2.55,250,2349650
20240112,14:05:59,2.55,2800,2349650
20240112,14:06:02,2.55,400,2349650
20240112,14:06:04,2.6,50,2349650
20240112,14:06:07,2.55,3750,2349450
20240112,14:06:15,2.55,50,2349450
20240112,14:06:18,2.6,1800,2349450
20240112,14:06:23,2.6,1400,2349450
20240112,14:06:24,2.6,1800,2349450
20240112,14:06:26,2.6,100,2349450
20240112,14:06:30,2.6,1150,2349450
20240112,14:06:33,2.6,50,2349450
20240112,14:06:40,2.6,100,2349450
20240112,14:06:42,2.6,50,2349450
20240112,14:06:43,2.6,1800,2349450
20240112,14:06:44,2.6,1150,2349450
20240112,14:06:46,2.6,1750,2349450
20240112,14:06:48,2.6,4300,2349450
20240112,14:06:51,2.55,100,2349450
20240112,14:06:53,2.6,50,2349450
20240112,14:06:54,2.55,1800,2349450
20240112,14:06:59,2.55,1800,2349450
20240112,14:07:01,2.55,350,2349450
20240112,14:07:05,2.55,1800,2349450
20240112,14:07:08,2.55,300,2349450
20240112,14:07:10,2.55,1200,2349450
20240112,14:07:12,2.55,1800,2349450
20240112,14:07:17,2.55,1150,2349450
20240112,14:07:18,2.55,1000,2349450
20240112,14:07:20,2.55,1950,2349450
20240112,14:07:20,2.6,1800,2349450
20240112,14:07:27,2.55,1800,2349450
20240112,14:07:28,2.6,100,2349450
20240112,14:07:29,2.6,1800,2349450
20240112,14:07:34,2.55,3400,2349450
20240112,14:07:35,2.6,50,2349450
20240112,14:07:35,2.55,400,2349450
20240112,14:07:39,2.55,1800,2349450
20240112,14:07:53,2.55,500,2349450
20240112,14:08:03,2.55,8200,2349450
20240112,14:08:05,2.55,50,2349450
20240112,14:08:07,2.55,250,2349450
20240112,14:08:15,2.5,1400,2349450
20240112,14:08:19,2.55,50,2349450
20240112,14:08:23,2.55,50,2349450
20240112,14:08:30,2.5,1000,2349450
20240112,14:08:44,2.5,1000,2349450
20240112,14:09:06,2.55,150,2353100
20240112,14:09:12,2.5,300,2353100
20240112,14:09:14,2.5,100,2353100
20240112,14:09:30,2.5,1000,2353100
20240112,14:09:37,2.5,250,2353100
20240112,14:09:42,2.5,600,2353100
20240112,14:09:53,2.55,1500,2353100
20240112,14:10:03,2.5,50,2353100
20240112,14:10:07,2.5,1500,2353100
20240112,14:10:11,2.55,1800,2353100
20240112,14:10:12,2.55,3600,2353100
20240112,14:10:13,2.55,3600,2353100
20240112,14:10:16,2.55,50,2353100
20240112,14:10:20,2.55,200,2353100
20240112,14:10:21,2.55,50,2353100
20240112,14:10:22,2.55,1800,2353100
20240112,14:10:43,2.55,50,2353100
20240112,14:11:01,2.5,100,2353100
20240112,14:11:07,2.55,100,2353100
20240112,14:11:08,2.55,100,2353100
20240112,14:11:18,2.5,150,2353100
20240112,14:11:21,2.5,200,2353100
20240112,14:11:24,2.5,200,2353100
20240112,14:11:29,2.55,50,2353100
20240112,14:11:32,2.5,100,2353100
20240112,14:11:33,2.5,250,2353100
20240112,14:11:39,2.45,9000,2353100
20240112,14:11:41,2.5,50,2353100
20240112,14:11:42,2.5,50,2353100
20240112,14:11:48,2.5,50,2353100
20240112,14:11:53,2.5,50,2353100
20240112,14:11:55,2.5,50,2353100
20240112,14:12:00,2.5,50,2353100
20240112,14:12:02,2.5,7350,2353100
20240112,14:12:06,2.55,50,2342350
20240112,14:12:17,2.5,2800,2342350
20240112,14:12:19,2.55,50,2342350
20240112,14:12:20,2.5,50,2342350
20240112,14:12:25,2.5,1800,2342350
20240112,14:12:39,2.5,100,2342350
20240112,14:12:48,2.5,50,2342350
20240112,14:13:02,2.5,1950,2342350
20240112,14:13:08,2.5,2400,2342350
20240112,14:13:13,2.5,50,2342350
20240112,14:13:20,2.5,500,2342350
20240112,14:13:33,2.45,5000,2342350
20240112,14:13:43,2.5,50,2342350
20240112,14:13:53,2.45,100,2342350
20240112,14:14:01,2.45,400,2342350
20240112,14:14:06,2.5,50,2342350
20240112,14:14:10,2.45,250,2342350
20240112,14:14:19,2.5,1000,2342350
20240112,14:14:22,2.45,500,2342350
20240112,14:14:34,2.45,300,2342350
20240112,14:14:39,2.5,50,2342350
20240112,14:14:56,2.45,100,2342350
20240112,14:15:10,2.5,50,2342350
20240112,14:15:27,2.5,50,2347700
20240112,14:15:43,2.5,50,2347700
20240112,14:15:46,2.45,3250,2347700
20240112,14:15:53,2.45,100,2347700
20240112,14:15:54,2.5,50,2347700
20240112,14:16:05,2.5,3600,2347700
20240112,14:16:08,2.5,200,2347700
20240112,14:16:25,2.5,50,2347700
20240112,14:16:26,2.5,2000,2347700
20240112,14:16:33,2.5,1800,2347700
20240112,14:16:40,2.45,50,2347700
20240112,14:16:41,2.45,50,2347700
20240112,14:16:42,2.5,12900,2347700
20240112,14:16:43,2.5,2000,2347700
20240112,14:16:44,2.5,1800,2347700
20240112,14:16:45,2.5,50,2347700
20240112,14:16:50,2.45,1350,2347700
20240112,14:16:55,2.45,200,2347700
20240112,14:16:56,2.5,5400,2347700
20240112,14:16:58,2.5,3200,2347700
20240112,14:17:02,2.45,50,2347700
20240112,14:17:06,2.45,50,2347700
20240112,14:17:08,2.45,800,2347700
20240112,14:17:12,2.5,300,2347700
20240112,14:17:16,2.45,550,2347700
20240112,14:17:18,2.45,300,2347700
20240112,14:17:20,2.45,550,2347700
20240112,14:17:22,2.45,550,2347700
20240112,14:17:24,2.45,600,2347700
20240112,14:17:26,2.45,650,2347700
20240112,14:17:27,2.45,200,2347700
20240112,14:17:29,2.45,450,2347700
20240112,14:17:30,2.45,100,2347700
20240112,14:17:32,2.5,750,2347700
20240112,14:17:36,2.45,700,2347700
20240112,14:17:37,2.5,500,2347700
20240112,14:17:39,2.45,450,2347700
20240112,14:17:42,2.5,1600,2347700
20240112,14:17:42,2.5,3600,2347700
20240112,14:17:44,2.5,3950,2347700
20240112,14:17:45,2.45,900,2347700
20240112,14:17:47,2.45,50,2347700
20240112,14:17:48,2.45,100,2347700
20240112,14:17:53,2.5,250,2347700
20240112,14:17:54,2.45,50,2347700
20240112,14:17:59,2.5,50,2347700
20240112,14:18:12,2.45,250,2318150
20240112,14:18:16,2.5,250,2318150
20240112,14:18:18,2.5,1000,2318150
20240112,14:18:39,2.5,50,2318150
20240112,14:18:45,2.5,600,2318150
20240112,14:18:46,2.45,500,2318150
20240112,14:18:47,2.45,100,2318150
20240112,14:18:47,2.45,50,2318150
20240112,14:18:50,2.45,50,2318150
20240112,14:18:51,2.45,50,2318150
20240112,14:18:52,2.45,50,2318150
20240112,14:18:59,2.45,2000,2318150
20240112,14:19:02,2.5,500,2318150
20240112,14:19:04,2.45,400,2318150
20240112,14:19:08,2.45,100,2318150
20240112,14:19:09,2.45,50,2318150
20240112,14:19:10,2.45,50,2318150
20240112,14:19:23,2.5,200,2318150
20240112,14:19:31,2.5,100,2318150
20240112,14:19:37,2.45,50,2318150
20240112,14:19:45,2.45,450,2318150
20240112,14:19:52,2.45,7200,2318150
20240112,14:19:57,2.45,400,2318150
20240112,14:20:02,2.45,550,2318150
20240112,14:20:04,2.45,500,2318150
20240112,14:20:05,2.45,400,2318150
20240112,14:20:25,2.45,600,2318150
20240112,14:20:28,2.45,100,2318150
20240112,14:20:56,2.45,100,2318150
20240112,14:21:01,2.45,100,2318150
20240112,14:21:02,2.45,50,2318150
20240112,14:21:03,2.45,50,2318150
20240112,14:21:18,2.5,50,2319400
20240112,14:21:30,2.45,900,2319400
20240112,14:21:51,2.45,100,2319400
20240112,14:21:52,2.45,700,2319400
20240112,14:21:55,2.45,150,2319400
20240112,14:21:56,2.45,1900,2319400
20240112,14:22:04,2.5,1800,2319400
20240112,14:22:06,2.45,50,2319400
20240112,14:22:13,2.45,600,2319400
20240112,14:22:41,2.45,50,2319400
20240112,14:22:56,2.45,50,2319400
20240112,14:22:58,2.45,150,2319400
20240112,14:22:59,2.45,1800,2319400
20240112,14:23:02,2.5,50,2319400
20240112,14:23:03,2.5,2200,2319400
20240112,14:23:10,2.45,1800,2319400
20240112,14:23:26,2.5,50,2319400
20240112,14:23:43,2.5,500,2319400
20240112,14:23:53,2.5,300,2319400
20240112,14:23:57,2.5,200,2319400
20240112,14:24:13,2.45,50,2321850
20240112,14:24:14,2.45,150,2321850
20240112,14:24:30,2.5,50,2321850
20240112,14:24:35,2.45,600,2321850
20240112,14:24:52,2.5,50,2321850
20240112,14:24:53,2.5,50,2321850
20240112,14:24:55,2.5,50,2321850
20240112,14:24:57,2.45,1800,2321850
20240112,14:25:12,2.45,1000,2321850
20240112,14:25:28,2.45,200,2321850
20240112,14:25:34,2.5,50,2321850
20240112,14:25:48,2.5,1800,2321850
20240112,14:26:00,2.45,800,2321850
20240112,14:26:01,2.45,1200,2321850
20240112,14:26:12,2.5,1800,2321850
20240112,14:26:16,2.45,1000,2321850
20240112,14:26:36,2.5,100,2321850
20240112,14:26:37,2.5,1800,2321850
20240112,14:27:26,2.5,100,2324750
20240112,14:27:29,2.5,500,2324750
20240112,14:27:30,2.45,500,2324750
20240112,14:27:32,2.5,500,2324750
20240112,14:27:44,2.45,50,2324750
20240112,14:27:49,2.5,1000,2324750
20240112,14:27:51,2.5,1000,2324750
20240112,14:27:53,2.5,850,2324750
20240112,14:27:56,2.5,500,2324750
20240112,14:27:59,2.5,1800,2324750
20240112,14:28:06,2.5,250,2324750
20240112,14:28:08,2.5,600,2324750
20240112,14:28:11,2.5,1100,2324750
20240112,14:28:12,2.5,1950,2324750
20240112,14:28:29,2.5,1800,2324750
20240112,14:28:31,2.55,1250,2324750
20240112,14:28:32,2.55,1250,2324750
20240112,14:28:33,2.55,7500,2324750
20240112,14:28:34,2.55,4300,2324750
20240112,14:28:37,2.55,4050,2324750
20240112,14:28:42,2.55,500,2324750
20240112,14:28:44,2.55,10050,2324750
20240112,14:28:44,2.55,500,2324750
20240112,14:28:48,2.55,100,2324750
20240112,14:28:51,2.55,200,2324750
20240112,14:28:55,2.55,150,2324750
20240112,14:28:57,2.55,300,2324750
20240112,14:28:58,2.55,600,2324750
20240112,14:29:11,2.5,50,2324750
20240112,14:29:13,2.55,900,2324750
20240112,14:29:14,2.55,900,2324750
20240112,14:29:23,2.55,50,2324750
20240112,14:29:33,2.5,50,2324750
20240112,14:29:34,2.55,350,2324750
20240112,14:29:36,2.55,200,2324750
20240112,14:29:39,2.55,350,2324750
20240112,14:29:40,2.55,50,2324750
20240112,14:29:42,2.5,50,2324750
20240112,14:29:55,2.55,1800,2324750
20240112,14:29:58,2.55,500,2324750
20240112,14:30:01,2.5,850,2324750
20240112,14:30:07,2.55,50,2324750
20240112,14:30:13,2.55,200,2328600
20240112,14:30:17,2.55,500,2328600
20240112,14:30:25,2.55,100,2328600
20240112,14:30:32,2.55,6000,2328600
20240112,14:30:35,2.55,900,2328600
20240112,14:30:40,2.55,250,2328600
20240112,14:30:46,2.55,500,2328600
20240112,14:30:50,2.55,50,2328600
20240112,14:30:57,2.6,300,2328600
20240112,14:31:20,2.6,100,2328600
20240112,14:31:28,2.6,500,2328600
20240112,14:31:47,2.55,50,2328600
20240112,14:31:52,2.6,100,2328600
20240112,14:31:55,2.55,50,2328600
20240112,14:32:41,2.6,1000,2328600
20240112,14:32:44,2.6,50,2328600
20240112,14:32:59,2.6,150,2328600
20240112,14:33:21,2.55,150,2328600
20240112,14:33:30,2.6,200,2327400
20240112,14:33:36,2.6,50,2327400
20240112,14:33:38,2.55,1900,2327400
20240112,14:33:39,2.55,2000,2327400
20240112,14:33:50,2.55,400,2327400
20240112,14:33:56,2.6,250,2327400
20240112,14:33:57,2.6,500,2327400
20240112,14:33:58,2.6,1000,2327400
20240112,14:33:59,2.6,250,2327400
20240112,14:34:07,2.6,1000,2327400
20240112,14:34:20,2.6,2400,2327400
20240112,14:34:25,2.6,1000,2327400
20240112,14:34:27,2.6,500,2327400
20240112,14:35:00,2.55,850,2327400
20240112,14:35:01,2.55,850,2327400
20240112,14:35:30,2.6,150,2327400
20240112,14:35:43,2.55,750,2327400
20240112,14:35:56,2.55,50,2327400
20240112,14:36:12,2.6,300,2327400
20240112,14:36:18,2.6,50,2324400
20240112,14:36:20,2.6,1800,2324400
20240112,14:36:21,2.6,1200,2324400
20240112,14:36:29,2.55,2400,2324400
20240112,14:36:31,2.6,50,2324400
20240112,14:36:39,2.55,500,2324400
20240112,14:36:40,2.6,2350,2324400
20240112,14:36:41,2.6,750,2324400
20240112,14:36:42,2.6,4900,2324400
20240112,14:36:43,2.6,50,2324400
20240112,14:36:47,2.6,7400,2324400
20240112,14:36:55,2.6,15450,2324400
20240112,14:37:02,2.65,12750,2324400
20240112,14:37:03,2.65,4550,2324400
20240112,14:37:04,2.65,900,2324400
20240112,14:37:06,2.7,50,2324400
20240112,14:37:07,2.65,1800,2324400
20240112,14:37:08,2.65,1200,2324400
20240112,14:37:10,2.65,50,2324400
20240112,14:37:13,2.7,8300,2324400
20240112,14:37:16,2.75,1050,2324400
20240112,14:37:17,2.75,2400,2324400
20240112,14:37:18,2.75,2800,2324400
20240112,14:37:19,2.75,2000,2324400
20240112,14:37:20,2.75,1800,2324400
20240112,14:37:21,2.75,1000,2324400
20240112,14:37:27,2.75,50,2324400
20240112,14:37:29,2.7,100,2324400
20240112,14:37:33,2.75,100,2324400
20240112,14:37:37,2.7,200,2324400
20240112,14:37:41,2.75,50,2324400
20240112,14:37:48,2.7,150,2324400
20240112,14:37:49,2.75,2400,2324400
20240112,14:37:50,2.75,800,2324400
20240112,14:37:51,2.75,2200,2324400
20240112,14:37:52,2.75,10300,2324400
20240112,14:37:53,2.75,4000,2324400
20240112,14:37:54,2.8,800,2324400
20240112,14:37:55,2.8,800,2324400
20240112,14:37:56,2.75,1400,2324400
20240112,14:38:09,2.75,150,2324400
20240112,14:38:11,2.75,150,2324400
20240112,14:38:29,2.7,550,2324400
20240112,14:38:36,2.7,1800,2324400
20240112,14:38:56,2.7,1000,2324400
20240112,14:39:09,2.7,100,2324400
20240112,14:39:13,2.7,50,2301500
20240112,14:39:18,2.7,100,2301500
20240112,14:39:22,2.7,1000,2301500
20240112,14:39:22,2.75,50,2301500
20240112,14:39:24,2.75,350,2301500
20240112,14:39:25,2.7,50,2301500
20240112,14:39:27,2.75,5800,2301500
20240112,14:39:28,2.75,6950,2301500
20240112,14:39:32,2.75,1800,2301500
20240112,14:39:32,2.75,7300,2301500
20240112,14:39:33,2.75,1800,2301500
20240112,14:39:34,2.75,700,2301500
20240112,14:39:36,2.8,600,2301500
20240112,14:39:41,2.75,1800,2301500
20240112,14:39:42,2.75,150,2301500
20240112,14:39:43,2.75,100,2301500
20240112,14:39:46,2.75,600,2301500
20240112,14:39:47,2.75,1000,2301500
20240112,14:39:49,2.75,500,2301500
20240112,14:39:49,2.7,13600,2301500
20240112,14:39:55,2.75,1500,2301500
20240112,14:39:57,2.7,50,2301500
20240112,14:39:59,2.75,50,2301500
20240112,14:40:01,2.7,1700,2301500
20240112,14:40:04,2.75,50,2301500
20240112,14:40:13,2.75,50,2301500
20240112,14:40:14,2.75,6300,2301500
20240112,14:40:18,2.75,5150,2301500
20240112,14:40:19,2.75,1050,2301500
20240112,14:40:22,2.7,50,2301500
20240112,14:40:23,2.7,100,2301500
20240112,14:40:26,2.75,50,2301500
20240112,14:40:27,2.7,50,2301500
20240112,14:40:28,2.75,1100,2301500
20240112,14:40:40,2.7,100,2301500
20240112,14:40:42,2.7,100,2301500
20240112,14:40:50,2.75,1000,2301500
20240112,14:40:52,2.75,50,2301500
20240112,14:41:01,2.75,100,2301500
20240112,14:41:05,2.75,1500,2301500
20240112,14:41:06,2.75,50,2301500
20240112,14:41:10,2.75,600,2301500
20240112,14:41:11,2.8,8100,2301500
20240112,14:41:18,2.8,2400,2301500
20240112,14:41:19,2.8,1400,2301500
20240112,14:41:23,2.75,1500,2301500
20240112,14:41:25,2.75,1500,2301500
20240112,14:41:26,2.75,1500,2301500
20240112,14:41:27,2.75,21150,2301500
20240112,14:41:28,2.75,12600,2301500
20240112,14:41:30,2.8,50,2301500
20240112,14:41:33,2.8,3600,2301500
20240112,14:41:34,2.75,250,2301500
20240112,14:41:36,2.75,1500,2301500
20240112,14:41:37,2.75,1500,2301500
20240112,14:41:38,2.75,2400,2301500
20240112,14:41:41,2.75,3250,2301500
20240112,14:41:44,2.75,600,2301500
20240112,14:41:45,2.75,200,2301500
20240112,14:41:46,2.75,600,2301500
20240112,14:41:47,2.75,800,2301500
20240112,14:41:48,2.7,200,2301500
20240112,14:41:50,2.75,450,2301500
20240112,14:41:53,2.7,1500,2301500
20240112,14:41:54,2.7,1500,2301500
20240112,14:41:55,2.7,1400,2301500
20240112,14:41:56,2.7,150,2301500
20240112,14:41:57,2.7,1500,2301500
20240112,14:41:58,2.7,1500,2301500
20240112,14:42:01,2.7,1350,2301500
20240112,14:42:09,2.7,1800,2301500
20240112,14:42:10,2.7,1950,2313500
20240112,14:42:12,2.7,1500,2313500
20240112,14:42:13,2.7,1000,2313500
20240112,14:42:14,2.75,1900,2313500
20240112,14:42:15,2.7,2000,2313500
20240112,14:42:16,2.75,1800,2313500
20240112,14:42:19,2.7,850,2313500
20240112,14:42:20,2.7,1050,2313500
20240112,14:42:25,2.7,1500,2313500
20240112,14:42:26,2.7,100,2313500
20240112,14:42:27,2.75,4000,2313500
20240112,14:42:28,2.7,1000,2313500
20240112,14:42:31,2.7,1000,2313500
20240112,14:42:34,2.7,3800,2313500
20240112,14:42:36,2.75,200,2313500
20240112,14:42:39,2.75,50,2313500
20240112,14:42:40,2.7,200,2313500
20240112,14:42:41,2.75,3600,2313500
20240112,14:42:42,2.75,50,2313500
20240112,14:42:46,2.75,11150,2313500
20240112,14:42:55,2.8,100,2313500
20240112,14:42:56,2.75,500,2313500
20240112,14:43:00,2.8,500,2313500
20240112,14:43:02,2.75,1750,2313500
20240112,14:43:13,2.8,1600,2313500
20240112,14:43:13,2.8,2000,2313500
20240112,14:43:14,2.8,400,2313500
20240112,14:43:20,2.75,100,2313500
20240112,14:43:26,2.75,1800,2313500
20240112,14:43:29,2.8,6000,2313500
20240112,14:43:47,2.8,1550,2313500
20240112,14:43:48,2.8,4500,2313500
20240112,14:44:09,2.8,50,2313500
20240112,14:44:13,2.8,500,2313500
20240112,14:44:16,2.75,900,2313500
20240112,14:44:18,2.75,2450,2313500
20240112,14:44:19,2.75,12700,2313500
20240112,14:44:23,2.7,50,2313500
20240112,14:44:36,2.7,3600,2313500
20240112,14:44:37,2.7,1800,2313500
20240112,14:44:42,2.7,1800,2313500
20240112,14:44:48,2.7,1000,2313500
20240112,14:44:49,2.7,1400,2313500
20240112,14:45:01,2.7,850,2313500
20240112,14:45:22,2.75,14200,2329850
20240112,14:45:25,2.7,550,2329850
20240112,14:45:30,2.7,900,2329850
20240112,14:45:46,2.75,100,2329850
20240112,14:45:48,2.75,50,2329850
20240112,14:45:49,2.75,100,2329850
20240112,14:45:50,2.7,300,2329850
20240112,14:45:51,2.75,50,2329850
20240112,14:45:53,2.75,100,2329850
20240112,14:45:54,2.7,3450,2329850
20240112,14:45:55,2.75,350,2329850
20240112,14:45:57,2.75,100,2329850
20240112,14:46:00,2.7,850,2329850
20240112,14:46:01,2.7,300,2329850
20240112,14:46:04,2.75,7000,2329850
20240112,14:46:09,2.7,450,2329850
20240112,14:46:10,2.7,550,2329850
20240112,14:46:11,2.75,5650,2329850
20240112,14:46:12,2.7,1700,2329850
20240112,14:46:23,2.7,500,2329850
20240112,14:46:28,2.7,200,2329850
20240112,14:46:29,2.7,600,2329850
20240112,14:46:30,2.7,2350,2329850
20240112,14:46:33,2.7,1900,2329850
20240112,14:46:35,2.75,100,2329850
20240112,14:46:37,2.75,100,2329850
20240112,14:46:40,2.75,100,2329850
20240112,14:46:41,2.7,50,2329850
20240112,14:46:42,2.75,50,2329850
20240112,14:46:43,2.75,150,2329850
20240112,14:46:44,2.7,100,2329850
20240112,14:46:46,2.75,150,2329850
20240112,14:46:47,2.7,500,2329850
20240112,14:46:49,2.7,1500,2329850
20240112,14:46:50,2.7,350,2329850
20240112,14:46:51,2.7,450,2329850
20240112,14:46:52,2.7,9650,2329850
20240112,14:46:53,2.7,23550,2329850
20240112,14:46:56,2.7,1500,2329850
20240112,14:46:57,2.75,150,2329850
20240112,14:46:58,2.7,19650,2329850
20240112,14:46:59,2.7,750,2329850
20240112,14:47:02,2.65,800,2329850
20240112,14:47:06,2.65,4500,2329850
20240112,14:47:09,2.6,1500,2329850
20240112,14:47:12,2.6,50,2329850
20240112,14:47:14,2.65,50,2329850
20240112,14:47:18,2.65,1800,2329850
20240112,14:47:19,2.65,2200,2329850
20240112,14:47:19,2.65,50,2329850
20240112,14:47:25,2.65,650,2329850
20240112,14:47:30,2.65,50,2329850
20240112,14:47:31,2.65,14650,2329850
20240112,14:47:32,2.6,50,2329850
20240112,14:47:33,2.6,300,2329850
20240112,14:47:36,2.6,600,2329850
20240112,14:47:43,2.65,250,2329850
20240112,14:47:44,2.6,3000,2329850
20240112,14:47:46,2.65,500,2329850
20240112,14:47:48,2.65,500,2329850
20240112,14:48:01,2.65,50,2329850
20240112,14:48:02,2.65,150,2329850
20240112,14:48:06,2.65,150,2329850
20240112,14:48:07,2.65,300,2329850
20240112,14:48:10,2.65,1800,2316500
20240112,14:48:12,2.65,1200,2316500
20240112,14:48:13,2.6,50,2316500
20240112,14:48:15,2.65,1800,2316500
20240112,14:48:16,2.65,1200,2316500
20240112,14:48:17,2.65,200,2316500
20240112,14:48:38,2.65,250,2316500
20240112,14:48:47,2.6,15300,2316500
20240112,14:48:51,2.6,500,2316500
20240112,14:49:01,2.65,50,2316500
20240112,14:49:04,2.6,500,2316500
20240112,14:49:13,2.6,1500,2316500
20240112,14:49:23,2.6,100,2316500
20240112,14:49:24,2.6,1000,2316500
20240112,14:49:25,2.6,300,2316500
20240112,14:49:26,2.6,250,2316500
20240112,14:49:32,2.65,50,2316500
20240112,14:49:33,2.65,50,2316500
20240112,14:49:34,2.65,50,2316500
20240112,14:49:35,2.65,50,2316500
20240112,14:49:37,2.65,50,2316500
20240112,14:49:39,2.6,550,2316500
20240112,14:49:40,2.65,50,2316500
20240112,14:49:42,2.65,300,2316500
20240112,14:49:42,2.65,100,2316500
20240112,14:49:43,2.6,5900,2316500
20240112,14:49:45,2.6,1900,2316500
20240112,14:49:45,2.55,900,2316500
20240112,14:49:46,2.6,1050,2316500
20240112,14:49:47,2.55,2250,2316500
20240112,14:49:48,2.6,1150,2316500
20240112,14:49:49,2.6,1650,2316500
20240112,14:49:50,2.6,550,2316500
20240112,14:49:51,2.55,1750,2316500
20240112,14:49:53,2.55,12950,2316500
20240112,14:49:53,2.6,1750,2316500
20240112,14:49:54,2.6,3000,2316500
20240112,14:50:01,2.55,750,2316500
20240112,14:50:02,2.55,300,2316500
20240112,14:50:03,2.6,2450,2316500
20240112,14:50:04,2.55,550,2316500
20240112,14:50:05,2.55,4450,2316500
20240112,14:50:06,2.5,1200,2316500
20240112,14:50:07,2.5,700,2316500
20240112,14:50:08,2.5,650,2316500
20240112,14:50:09,2.55,450,2316500
20240112,14:50:12,2.45,30350,2316500
20240112,14:50:13,2.5,150,2316500
20240112,14:50:14,2.5,350,2316500
20240112,14:50:15,2.5,1350,2316500
20240112,14:50:16,2.5,50,2316500
20240112,14:50:17,2.5,1900,2316500
20240112,14:50:18,2.5,8350,2316500
20240112,14:50:19,2.45,10500,2316500
20240112,14:50:20,2.5,4150,2316500
20240112,14:50:21,2.5,1450,2316500
20240112,14:50:22,2.5,700,2316500
20240112,14:50:23,2.5,950,2316500
20240112,14:50:24,2.5,100,2316500
20240112,14:50:25,2.45,950,2316500
20240112,14:50:27,2.5,900,2316500
20240112,14:50:28,2.45,6350,2316500
20240112,14:50:29,2.45,9000,2316500
20240112,14:50:30,2.5,250,2316500
20240112,14:50:31,2.5,250,2316500
20240112,14:50:32,2.5,600,2316500
20240112,14:50:39,2.5,1850,2316500
20240112,14:50:40,2.5,350,2316500
20240112,14:50:41,2.45,650,2316500
20240112,14:50:42,2.45,150,2316500
20240112,14:50:43,2.45,750,2316500
20240112,14:50:45,2.45,650,2316500
20240112,14:50:47,2.45,550,2316500
20240112,14:50:50,2.45,500,2316500
20240112,14:50:52,2.45,900,2316500
20240112,14:50:54,2.45,100,2316500
20240112,14:50:55,2.45,100,2316500
20240112,14:50:56,2.5,1550,2316500
20240112,14:50:57,2.5,1800,2316500
20240112,14:50:58,2.45,350,2316500
20240112,14:51:02,2.5,250,2316500
20240112,14:51:03,2.5,400,2316500
20240112,14:51:04,2.5,50,2316500
20240112,14:51:11,2.45,1800,2331800
20240112,14:51:16,2.45,1500,2331800
20240112,14:51:17,2.45,15450,2331800
20240112,14:51:18,2.45,450,2331800
20240112,14:51:20,2.45,350,2331800
20240112,14:51:21,2.45,350,2331800
20240112,14:51:22,2.45,250,2331800
20240112,14:51:23,2.4,11150,2331800
20240112,14:51:24,2.4,5700,2331800
20240112,14:51:27,2.4,600,2331800
20240112,14:51:28,2.4,600,2331800
20240112,14:51:29,2.45,250,2331800
20240112,14:51:30,2.4,750,2331800
20240112,14:51:31,2.45,250,2331800
20240112,14:51:32,2.45,1150,2331800
20240112,14:51:33,2.45,9800,2331800
20240112,14:51:34,2.4,600,2331800
20240112,14:51:35,2.45,750,2331800
20240112,14:51:37,2.45,1500,2331800
20240112,14:51:38,2.4,1700,2331800
20240112,14:51:39,2.45,250,2331800
20240112,14:51:40,2.45,250,2331800
20240112,14:51:41,2.45,5950,2331800
20240112,14:51:43,2.4,29850,2331800
20240112,14:51:44,2.4,3800,2331800
20240112,14:51:45,2.45,3650,2331800
20240112,14:51:46,2.45,2300,2331800
20240112,14:51:47,2.45,2350,2331800
20240112,14:51:50,2.5,550,2331800
20240112,14:51:51,2.5,100,2331800
20240112,14:51:52,2.5,550,2331800
20240112,14:51:54,2.45,1500,2331800
20240112,14:51:55,2.45,8050,2331800
20240112,14:51:56,2.45,2000,2331800
20240112,14:52:01,2.5,50,2331800
20240112,14:52:02,2.45,550,2331800
20240112,14:52:06,2.45,550,2331800
20240112,14:52:07,2.45,600,2331800
20240112,14:52:10,2.45,600,2331800
20240112,14:52:12,2.45,550,2331800
20240112,14:52:13,2.45,100,2331800
20240112,14:52:14,2.45,900,2331800
20240112,14:52:16,2.45,450,2331800
20240112,14:52:19,2.45,900,2331800
20240112,14:52:23,2.45,900,2331800
20240112,14:52:25,2.45,7600,2331800
20240112,14:52:26,2.45,500,2331800
20240112,14:52:39,2.45,3450,2331800
20240112,14:52:41,2.45,1800,2331800
20240112,14:52:42,2.45,1800,2331800
20240112,14:52:51,2.45,1800,2331800
20240112,14:52:52,2.45,1800,2331800
20240112,14:52:53,2.4,1650,2331800
20240112,14:52:54,2.4,250,2331800
20240112,14:52:58,2.4,50,2331800
20240112,14:52:59,2.45,50,2331800
20240112,14:53:01,2.45,50,2331800
20240112,14:53:04,2.45,500,2331800
20240112,14:53:07,2.45,1800,2331800
20240112,14:53:19,2.4,24000,2331800
20240112,14:53:20,2.45,1200,2331800
20240112,14:53:24,2.4,50,2331800
20240112,14:53:31,2.4,500,2331800
20240112,14:53:32,2.4,1500,2331800
20240112,14:53:33,2.45,1500,2331800
20240112,14:53:34,2.4,1500,2331800
20240112,14:54:01,2.45,50,2331800
20240112,14:54:03,2.45,100,2331800
20240112,14:54:05,2.45,100,2331800
20240112,14:54:08,2.4,350,2331800
20240112,14:54:09,2.45,50,2331800
20240112,14:54:10,2.45,1500,2331550
20240112,14:54:12,2.45,1800,2331550
20240112,14:54:14,2.4,250,2331550
20240112,14:54:23,2.45,50,2331550
20240112,14:54:24,2.45,50,2331550
20240112,14:54:27,2.45,50,2331550
20240112,14:54:35,2.45,150,2331550
20240112,14:54:38,2.45,100,2331550
20240112,14:54:38,2.4,29100,2331550
20240112,14:54:45,2.45,100,2331550
20240112,14:54:48,2.45,1500,2331550
20240112,14:54:51,2.45,150,2331550
20240112,14:54:52,2.4,100,2331550
20240112,14:54:58,2.4,50,2331550
20240112,14:54:59,2.45,400,2331550
20240112,14:55:01,2.4,850,2331550
20240112,14:55:03,2.45,100,2331550
20240112,14:55:05,2.45,50,2331550
20240112,14:55:10,2.4,550,2331550
20240112,14:55:28,2.4,10300,2331550
20240112,14:55:32,2.4,1500,2331550
20240112,14:55:49,2.35,50,2331550
20240112,14:55:50,2.4,50,2331550
20240112,14:55:53,2.35,3400,2331550
20240112,14:55:58,2.35,19100,2331550
20240112,14:55:59,2.35,50,2331550
20240112,14:56:00,2.35,750,2331550
20240112,14:56:01,2.35,50,2331550
20240112,14:56:02,2.35,50,2331550
20240112,14:56:04,2.35,50,2331550
20240112,14:56:07,2.3,150,2331550
20240112,14:56:07,2.35,1800,2331550
20240112,14:56:16,2.35,50,2331550
20240112,14:56:21,2.3,300,2331550
20240112,14:56:28,2.35,1800,2331550
20240112,14:56:29,2.35,1800,2331550
20240112,14:56:31,2.35,1800,2331550
20240112,14:56:39,2.35,50,2331550
20240112,14:56:40,2.35,1800,2331550
20240112,14:56:42,2.35,250,2331550
20240112,14:56:46,2.3,500,2331550
20240112,14:56:48,2.35,800,2331550
20240112,14:56:50,2.35,1350,2331550
20240112,14:56:51,2.35,1450,2331550
20240112,14:56:54,2.35,1800,2331550
20240112,14:56:58,2.35,250,2331550
20240112,14:57:01,2.3,600,2331550
20240112,14:57:01,2.35,500,2331550
20240112,14:57:03,2.35,50,2331550
20240112,14:57:04,2.35,3000,2331550
20240112,14:57:07,2.35,1800,2331550
20240112,14:57:08,2.35,900,2331550
20240112,14:57:09,2.35,600,2331550
20240112,14:57:10,2.3,50,2331550
20240112,14:57:15,2.35,1000,2331550
20240112,14:57:17,2.35,50,2359000
20240112,14:57:19,2.35,500,2359000
20240112,14:57:22,2.35,50,2359000
20240112,14:57:24,2.35,29100,2359000
20240112,14:57:25,2.35,200,2359000
20240112,14:57:26,2.35,600,2359000
20240112,14:57:28,2.35,50,2359000
20240112,14:57:31,2.35,50,2359000
20240112,14:57:39,2.35,750,2359000
20240112,14:57:42,2.3,150,2359000
20240112,14:57:44,2.35,1000,2359000
20240112,14:57:46,2.35,500,2359000
20240112,14:57:47,2.3,200,2359000
20240112,14:57:48,2.35,500,2359000
20240112,14:57:49,2.35,500,2359000
20240112,14:57:52,2.35,500,2359000
20240112,14:58:01,2.35,50,2359000
20240112,14:58:04,2.35,500,2359000
20240112,14:58:06,2.35,500,2359000
20240112,14:58:08,2.35,2000,2359000
20240112,14:58:15,2.3,900,2359000
20240112,14:58:17,2.3,900,2359000
20240112,14:58:19,2.35,300,2359000
20240112,14:58:31,2.3,250,2359000
20240112,14:58:34,2.35,50,2359000
20240112,14:58:36,2.35,500,2359000
20240112,14:58:37,2.3,1000,2359000
20240112,14:58:39,2.35,200,2359000
20240112,14:58:40,2.35,3000,2359000
20240112,14:58:48,2.35,25050,2359000
20240112,14:58:49,2.35,15200,2359000
20240112,14:58:52,2.35,150,2359000
20240112,14:58:53,2.35,2000,2359000
20240112,14:58:56,2.35,16200,2359000
20240112,14:58:57,2.35,50,2359000
20240112,14:59:01,2.4,14600,2359000
20240112,14:59:02,2.4,6450,2359000
20240112,14:59:03,2.35,1000,2359000
20240112,14:59:04,2.35,1000,2359000
20240112,14:59:07,2.35,1000,2359000
20240112,14:59:10,2.35,1000,2359000
20240112,14:59:30,2.4,150,2359000
20240112,14:59:47,2.4,250,2359000
20240112,14:59:58,2.35,500,2359000
20240112,15:00:03,2.4,500,2359000
20240112,15:00:04,2.35,9150,2359000
20240112,15:00:04,2.35,4500,2359000
20240112,15:00:05,2.35,150,2359000
20240112,15:00:10,2.35,550,2359000
20240112,15:00:13,2.4,1000,2332900
20240112,15:00:15,2.4,1800,2332900
20240112,15:00:20,2.35,1000,2332900
20240112,15:00:24,2.35,200,2332900
20240112,15:00:28,2.35,1150,2332900
20240112,15:00:32,2.35,100,2332900
20240112,15:00:33,2.4,29000,2332900
20240112,15:00:40,2.35,150,2332900
20240112,15:00:41,2.4,500,2332900
20240112,15:00:42,2.35,4500,2332900
20240112,15:00:46,2.4,1500,2332900
20240112,15:01:01,2.4,50,2332900
20240112,15:01:06,2.4,500,2332900
20240112,15:01:08,2.4,300,2332900
20240112,15:01:10,2.4,50,2332900
20240112,15:01:12,2.4,250,2332900
20240112,15:01:13,2.4,150,2332900
20240112,15:01:17,2.4,150,2332900
20240112,15:01:21,2.4,150,2332900
20240112,15:01:22,2.4,150,2332900
20240112,15:01:23,2.4,100,2332900
20240112,15:01:25,2.4,100,2332900
20240112,15:01:31,2.4,100,2332900
20240112,15:01:44,2.4,100,2332900
20240112,15:01:55,2.35,800,2332900
20240112,15:02:00,2.35,500,2332900
20240112,15:02:01,2.4,50,2332900
20240112,15:02:03,2.4,50,2332900
20240112,15:02:19,2.4,100,2332900
20240112,15:02:27,2.4,100,2332900
20240112,15:02:33,2.4,500,2332900
20240112,15:02:33,2.35,600,2332900
20240112,15:02:36,2.35,1500,2332900
20240112,15:02:38,2.35,50,2332900
20240112,15:02:49,2.4,3750,2332900
20240112,15:03:00,2.4,50,2332900
20240112,15:03:01,2.4,50,2332900
20240112,15:03:04,2.35,50,2332900
20240112,15:03:09,2.35,10750,2332900
20240112,15:03:12,2.35,11450,2332900
20240112,15:03:13,2.35,1050,2332200
20240112,15:03:16,2.35,450,2332200
20240112,15:03:23,2.35,1800,2332200
20240112,15:03:26,2.35,1000,2332200
20240112,15:03:27,2.35,11400,2332200
20240112,15:03:31,2.35,1000,2332200
20240112,15:03:32,2.35,50,2332200
20240112,15:03:34,2.3,450,2332200
20240112,15:03:37,2.3,2300,2332200
20240112,15:03:41,2.3,1500,2332200
20240112,15:03:42,2.3,9150,2332200
20240112,15:03:44,2.3,2300,2332200
20240112,15:03:47,2.35,50,2332200
20240112,15:03:58,2.3,1800,2332200
20240112,15:03:59,2.3,200,2332200
20240112,15:04:01,2.35,50,2332200
20240112,15:04:03,2.3,3800,2332200
20240112,15:04:05,2.3,250,2332200
20240112,15:04:06,2.3,1300,2332200
20240112,15:04:15,2.3,100,2332200
20240112,15:04:23,2.3,50,2332200
20240112,15:04:24,2.3,2300,2332200
20240112,15:04:25,2.3,2400,2332200
20240112,15:04:26,2.3,200,2332200
20240112,15:04:34,2.3,500,2332200
20240112,15:04:44,2.3,100,2332200
20240112,15:04:45,2.3,500,2332200
20240112,15:04:49,2.25,100,2332200
20240112,15:04:51,2.25,500,2332200
20240112,15:04:53,2.3,1550,2332200
20240112,15:04:54,2.25,1800,2332200
20240112,15:04:55,2.25,100,2332200
20240112,15:04:56,2.25,1850,2332200
20240112,15:04:58,2.25,100,2332200
20240112,15:05:00,2.25,300,2332200
20240112,15:05:01,2.25,20950,2332200
20240112,15:05:02,2.25,50,2332200
20240112,15:05:04,2.2,5550,2332200
20240112,15:05:05,2.2,450,2332200
20240112,15:05:06,2.2,300,2332200
20240112,15:05:09,2.25,100,2332200
20240112,15:05:10,2.2,450,2332200
20240112,15:05:11,2.25,150,2332200
20240112,15:05:13,2.25,250,2332200
20240112,15:05:14,2.25,350,2332200
20240112,15:05:15,2.25,1100,2332200
20240112,15:05:16,2.25,950,2332200
20240112,15:05:17,2.25,750,2332200
20240112,15:05:18,2.25,550,2332200
20240112,15:05:19,2.25,750,2332200
20240112,15:05:21,2.2,750,2332200
20240112,15:05:22,2.2,950,2332200
20240112,15:05:22,2.25,1000,2332200
20240112,15:05:23,2.25,1500,2332200
20240112,15:05:24,2.2,650,2332200
20240112,15:05:25,2.2,150,2332200
20240112,15:05:26,2.2,700,2332200
20240112,15:05:27,2.2,250,2332200
20240112,15:05:32,2.2,1800,2332200
20240112,15:05:34,2.25,300,2332200
20240112,15:05:34,2.2,1000,2332200
20240112,15:05:35,2.25,100,2332200
20240112,15:05:36,2.25,2000,2332200
20240112,15:05:37,2.2,2900,2332200
20240112,15:05:39,2.25,1950,2332200
20240112,15:05:41,2.25,100,2332200
20240112,15:05:42,2.25,250,2332200
20240112,15:05:43,2.25,450,2332200
20240112,15:05:45,2.25,650,2332200
20240112,15:05:46,2.25,550,2332200
20240112,15:05:49,2.2,4850,2332200
20240112,15:05:50,2.15,550,2332200
20240112,15:05:53,2.15,300,2332200
20240112,15:05:54,2.2,1450,2332200
20240112,15:05:55,2.15,700,2332200
20240112,15:05:58,2.15,300,2332200
20240112,15:05:59,2.15,400,2332200
20240112,15:06:01,2.2,300,2332200
20240112,15:06:07,2.2,450,2332200
20240112,15:06:09,2.2,350,2332200
20240112,15:06:10,2.2,1150,2332200
20240112,15:06:11,2.2,1100,2332200
20240112,15:06:12,2.2,150,2332200
20240112,15:06:13,2.15,100,2345200
20240112,15:06:14,2.2,100,2345200
20240112,15:06:15,2.2,350,2345200
20240112,15:06:16,2.15,600,2345200
20240112,15:06:18,2.2,550,2345200
20240112,15:06:19,2.2,1700,2345200
20240112,15:06:20,2.2,600,2345200
20240112,15:06:21,2.2,1450,2345200
20240112,15:06:22,2.2,950,2345200
20240112,15:06:24,2.15,1050,2345200
20240112,15:06:25,2.2,450,2345200
20240112,15:06:26,2.2,100,2345200
20240112,15:06:27,2.2,850,2345200
20240112,15:06:29,2.2,1200,2345200
20240112,15:06:31,2.2,1800,2345200
20240112,15:06:32,2.15,200,2345200
20240112,15:06:34,2.15,1500,2345200
20240112,15:06:36,2.15,1250,2345200
20240112,15:06:38,2.15,1650,2345200
20240112,15:06:39,2.15,1000,2345200
20240112,15:06:40,2.2,1100,2345200
20240112,15:06:42,2.15,400,2345200
20240112,15:06:44,2.2,50,2345200
20240112,15:06:45,2.15,1300,2345200
20240112,15:06:46,2.2,50,2345200
20240112,15:06:47,2.2,250,2345200
20240112,15:06:48,2.15,1200,2345200
20240112,15:06:49,2.2,500,2345200
20240112,15:06:50,2.15,1850,2345200
20240112,15:06:51,2.2,500,2345200
20240112,15:06:52,2.2,50,2345200
20240112,15:06:53,2.2,50,2345200
20240112,15:06:56,2.2,50,2345200
20240112,15:06:57,2.15,450,2345200
20240112,15:06:59,2.2,600,2345200
20240112,15:07:01,2.15,1850,2345200
20240112,15:07:02,2.15,50,2345200
20240112,15:07:03,2.15,4550,2345200
20240112,15:07:04,2.15,50,2345200
20240112,15:07:05,2.15,50,2345200
20240112,15:07:06,2.15,700,2345200
20240112,15:07:08,2.15,50,2345200
20240112,15:07:09,2.15,50,2345200
20240112,15:07:13,2.15,450,2345200
20240112,15:07:14,2.15,50,2345200
20240112,15:07:17,2.15,800,2345200
20240112,15:07:18,2.15,3800,2345200
20240112,15:07:19,2.15,50,2345200
20240112,15:07:20,2.15,750,2345200
20240112,15:07:21,2.15,7050,2345200
20240112,15:07:22,2.15,500,2345200
20240112,15:07:24,2.1,2850,2345200
20240112,15:07:26,2.1,250,2345200
20240112,15:07:27,2.1,23400,2345200
20240112,15:07:29,2.1,1200,2345200
20240112,15:07:36,2.15,50,2345200
20240112,15:07:38,2.15,5000,2345200
20240112,15:07:39,2.15,1500,2345200
20240112,15:07:41,2.15,900,2345200
20240112,15:07:43,2.15,1800,2345200
20240112,15:07:46,2.2,400,2345200
20240112,15:07:54,2.15,50,2345200
20240112,15:07:55,2.15,50,2345200
20240112,15:07:58,2.15,350,2345200
20240112,15:07:59,2.15,10850,2345200
20240112,15:08:00,2.1,4650,2345200
20240112,15:08:02,2.15,2500,2345200
20240112,15:08:03,2.1,1000,2345200
20240112,15:08:04,2.1,1200,2345200
20240112,15:08:06,2.15,50,2345200
20240112,15:08:08,2.1,250,2345200
20240112,15:08:09,2.1,200,2345200
20240112,15:08:11,2.15,50,2345200
20240112,15:08:12,2.1,500,2345200
20240112,15:08:14,2.15,450,2345200
20240112,15:08:15,2.15,150,2345200
20240112,15:08:16,2.15,150,2345200
20240112,15:08:17,2.15,100,2345200
20240112,15:08:18,2.1,11850,2345200
20240112,15:08:19,2.1,2400,2345200
20240112,15:08:21,2.1,200,2345200
20240112,15:08:25,2.05,2150,2345200
20240112,15:08:28,2.1,100,2345200
20240112,15:08:29,2.05,50,2345200
20240112,15:08:32,2.05,100,2345200
20240112,15:08:33,2.05,4850,2345200
20240112,15:08:38,2.05,100,2345200
20240112,15:08:40,2.05,100,2345200
20240112,15:08:44,2.05,600,2345200
20240112,15:08:45,2.05,550,2345200
20240112,15:08:46,2.05,1000,2345200
20240112,15:08:48,2.05,450,2345200
20240112,15:08:49,2.1,28850,2345200
20240112,15:08:50,2.1,750,2345200
20240112,15:08:51,2.1,50,2345200
20240112,15:08:52,2.1,500,2345200
20240112,15:08:53,2.05,350,2345200
20240112,15:08:55,2.1,150,2345200
20240112,15:08:56,2.1,100,2345200
20240112,15:08:57,2.05,2000,2345200
20240112,15:08:58,2.1,100,2345200
20240112,15:08:59,2.1,50,2345200
20240112,15:09:00,2.1,150,2345200
20240112,15:09:01,2.1,350,2345200
20240112,15:09:03,2.1,750,2345200
20240112,15:09:04,2.1,37250,2345200
20240112,15:09:05,2.1,1300,2345200
20240112,15:09:06,2.1,3050,2345200
20240112,15:09:07,2.1,4000,2345200
20240112,15:09:08,2.1,3800,2345200
20240112,15:09:09,2.1,5300,2345200
20240112,15:09:10,2.1,100,2345200
20240112,15:09:13,2.1,200,2345200
20240112,15:09:15,2.05,900,2292600
20240112,15:09:16,2.05,1350,2292600
20240112,15:09:19,2.05,850,2292600
20240112,15:09:23,2.05,1050,2292600
20240112,15:09:26,2.05,150,2292600
20240112,15:09:32,2.05,150,2292600
20240112,15:09:34,2.05,1000,2292600
20240112,15:09:36,2.05,1000,2292600
20240112,15:09:45,2.1,50,2292600
20240112,15:09:47,2.1,250,2292600
20240112,15:09:49,2.05,400,2292600
20240112,15:09:50,2.1,50,2292600
20240112,15:09:55,2.1,100,2292600
20240112,15:09:58,2.05,50,2292600
20240112,15:10:01,2.05,2200,2292600
20240112,15:10:02,2.05,50,2292600
20240112,15:10:03,2.05,100,2292600
20240112,15:10:04,2.05,100,2292600
20240112,15:10:05,2.05,12450,2292600
20240112,15:10:06,2.05,5650,2292600
20240112,15:10:08,2.05,2150,2292600
20240112,15:10:10,2.0,50,2292600
20240112,15:10:13,2.05,50,2292600
20240112,15:10:18,2.0,1700,2292600
20240112,15:10:20,2.0,1800,2292600
20240112,15:10:21,2.05,50,2292600
20240112,15:10:32,2.0,1800,2292600
20240112,15:10:33,2.0,1050,2292600
20240112,15:10:42,2.0,4000,2292600
20240112,15:10:46,2.05,50,2292600
20240112,15:10:48,2.0,1250,2292600
20240112,15:10:49,2.05,850,2292600
20240112,15:10:50,2.0,1800,2292600
20240112,15:10:52,2.05,200,2292600
20240112,15:10:55,2.0,4750,2292600
20240112,15:10:56,2.0,200,2292600
20240112,15:10:58,1.95,4150,2292600
20240112,15:10:59,1.95,28450,2292600
20240112,15:11:00,2.0,1900,2292600
20240112,15:11:01,2.0,950,2292600
20240112,15:11:02,2.0,950,2292600
20240112,15:11:03,2.0,1000,2292600
20240112,15:11:06,1.95,1500,2292600
20240112,15:11:11,1.95,2300,2292600
20240112,15:11:12,1.95,1000,2292600
20240112,15:11:13,1.95,850,2292600
20240112,15:11:15,1.95,500,2292600
20240112,15:11:19,1.95,7950,2292600
20240112,15:11:21,1.95,1000,2292600
20240112,15:11:24,1.95,50,2292600
20240112,15:11:25,1.9,100,2292600
20240112,15:11:29,1.9,50,2292600
20240112,15:11:30,1.95,4000,2292600
20240112,15:11:32,1.9,1500,2292600
20240112,15:11:33,1.95,700,2292600
20240112,15:11:36,1.95,100,2292600
20240112,15:11:41,1.9,250,2292600
20240112,15:11:46,1.95,1100,2292600
20240112,15:11:47,1.9,550,2292600
20240112,15:11:49,1.95,2300,2292600
20240112,15:11:50,1.95,1800,2292600
20240112,15:11:52,1.9,3000,2292600
20240112,15:11:52,1.95,650,2292600
20240112,15:11:53,1.95,300,2292600
20240112,15:11:55,1.95,1050,2292600
20240112,15:11:58,1.95,500,2292600
20240112,15:11:59,1.9,1500,2292600
20240112,15:12:03,1.9,5750,2292600
20240112,15:12:03,1.9,1800,2292600
20240112,15:12:04,1.9,2650,2292600
20240112,15:12:05,1.9,3700,2292600
20240112,15:12:06,1.9,15300,2292600
20240112,15:12:07,1.9,4750,2292600
20240112,15:12:08,1.85,550,2292600
20240112,15:12:11,1.85,1350,2292600
20240112,15:12:13,1.9,250,2274700
20240112,15:12:16,1.9,1000,2274700
20240112,15:12:18,1.85,2500,2274700
20240112,15:12:20,1.9,1250,2274700
20240112,15:12:21,1.9,150,2274700
20240112,15:12:22,1.85,2000,2274700
20240112,15:12:23,1.85,1650,2274700
20240112,15:12:24,1.9,1000,2274700
20240112,15:12:25,1.85,2100,2274700
20240112,15:12:26,1.9,2900,2274700
20240112,15:12:27,1.9,1100,2274700
20240112,15:12:28,1.85,550,2274700
20240112,15:12:29,1.9,100,2274700
20240112,15:12:31,1.85,750,2274700
20240112,15:12:32,1.9,100,2274700
20240112,15:12:34,1.9,100,2274700
20240112,15:12:35,1.9,6550,2274700
20240112,15:12:37,1.9,21650,2274700
20240112,15:12:37,1.9,4500,2274700
20240112,15:12:38,1.9,4650,2274700
20240112,15:12:40,1.9,16300,2274700
20240112,15:12:41,1.9,200,2274700
20240112,15:12:42,1.9,1050,2274700
20240112,15:12:43,1.9,3650,2274700
20240112,15:12:45,1.9,300,2274700
20240112,15:12:45,1.9,1000,2274700
20240112,15:12:46,1.9,4900,2274700
20240112,15:12:47,1.9,150,2274700
20240112,15:12:49,1.9,1100,2274700
20240112,15:12:49,1.9,5400,2274700
20240112,15:12:50,1.9,4500,2274700
20240112,15:12:53,1.9,500,2274700
20240112,15:12:54,1.9,50,2274700
20240112,15:12:56,1.95,50,2274700
20240112,15:12:58,1.9,3600,2274700
20240112,15:12:59,1.9,3900,2274700
20240112,15:13:01,1.95,4150,2274700
20240112,15:13:02,1.9,1200,2274700
20240112,15:13:03,1.9,2350,2274700
20240112,15:13:04,1.95,100,2274700
20240112,15:13:06,1.9,750,2274700
20240112,15:13:08,1.9,550,2274700
20240112,15:13:11,1.9,850,2274700
20240112,15:13:14,1.9,650,2274700
20240112,15:13:17,1.9,650,2274700
20240112,15:13:20,1.9,400,2274700
20240112,15:13:21,1.95,100,2274700
20240112,15:13:23,1.95,500,2274700
20240112,15:13:24,1.9,300,2274700
20240112,15:13:25,1.95,1250,2274700
20240112,15:13:27,1.9,600,2274700
20240112,15:13:32,1.9,11050,2274700
20240112,15:13:36,1.9,7200,2274700
20240112,15:13:40,1.9,1000,2274700
20240112,15:13:46,1.9,2000,2274700
20240112,15:13:48,1.9,50,2274700
20240112,15:13:50,1.9,1000,2274700
20240112,15:13:51,1.9,150,2274700
20240112,15:13:52,1.9,250,2274700
20240112,15:13:53,1.9,500,2274700
20240112,15:13:54,1.9,300,2274700
20240112,15:13:55,1.9,2100,2274700
20240112,15:13:56,1.9,250,2274700
20240112,15:14:01,1.85,450,2274700
20240112,15:14:02,1.85,100,2274700
20240112,15:14:03,1.85,50,2274700
20240112,15:14:04,1.85,150,2274700
20240112,15:14:06,1.9,50,2274700
20240112,15:14:08,1.9,200,2274700
20240112,15:14:14,1.9,1000,2274700
20240112,15:14:19,1.85,4000,2274700
20240112,15:14:20,1.9,350,2274700
20240112,15:14:21,1.9,150,2274700
20240112,15:14:32,1.85,1250,2274700
20240112,15:14:33,1.9,250,2274700
20240112,15:14:34,1.9,1950,2274700
20240112,15:14:35,1.9,150,2274700
20240112,15:14:36,1.9,650,2274700
20240112,15:14:37,1.95,22650,2274700
20240112,15:14:38,1.9,200,2274700
20240112,15:14:49,1.9,23400,2274700
20240112,15:14:50,1.9,500,2274700
20240112,15:14:51,1.9,750,2274700
20240112,15:14:52,1.9,250,2274700
20240112,15:14:54,1.9,1900,2274700
20240112,15:14:59,1.9,550,2274700
20240112,15:15:00,1.9,1950,2274700
20240112,15:15:01,1.9,750,2274700
20240112,15:15:02,1.9,1550,2274700
20240112,15:15:03,1.9,16800,2274700
20240112,15:15:04,1.9,700,2274700
20240112,15:15:10,1.95,1000,2274700
20240112,15:15:23,1.9,13550,2295100
20240112,15:15:32,1.9,16700,2295100
20240112,15:15:34,1.9,2200,2295100
20240112,15:15:40,1.9,500,2295100
20240112,15:15:48,1.85,1800,2295100
20240112,15:15:51,1.85,1800,2295100
20240112,15:15:56,1.9,42650,2295100
20240112,15:15:57,1.9,50,2295100
20240112,15:16:00,1.85,800,2295100
20240112,15:16:01,1.85,50,2295100
20240112,15:16:04,1.9,1800,2295100
20240112,15:16:07,1.9,1800,2295100
20240112,15:16:09,1.9,500,2295100
20240112,15:16:11,1.9,11700,2295100
20240112,15:16:12,1.95,500,2295100
20240112,15:16:13,1.95,500,2295100
20240112,15:16:14,1.95,500,2295100
20240112,15:16:16,1.9,1350,2295100
20240112,15:16:19,1.95,500,2295100
20240112,15:16:23,1.95,1800,2295100
20240112,15:16:24,1.95,600,2295100
20240112,15:16:25,1.95,500,2295100
20240112,15:16:29,1.95,500,2295100
20240112,15:16:37,1.9,500,2295100
20240112,15:16:42,1.9,500,2295100
20240112,15:16:44,1.95,500,2295100
20240112,15:16:46,1.9,500,2295100
20240112,15:16:48,1.9,500,2295100
20240112,15:16:49,1.95,500,2295100
20240112,15:16:50,1.95,250,2295100
20240112,15:16:52,1.9,800,2295100
20240112,15:16:55,1.95,500,2295100
20240112,15:17:01,1.95,100,2295100
20240112,15:17:07,1.95,500,2295100
20240112,15:17:11,1.95,250,2295100
20240112,15:17:13,1.95,250,2295100
20240112,15:17:16,1.95,100,2295100
20240112,15:17:17,1.95,1150,2295100
20240112,15:17:18,1.95,50,2295100
20240112,15:17:38,1.95,500,2295100
20240112,15:17:51,1.95,50,2295100
20240112,15:17:52,1.95,50,2295100
20240112,15:17:53,1.95,5050,2295100
20240112,15:17:56,1.95,200,2295100
20240112,15:18:03,1.95,50,2295100
20240112,15:18:04,1.9,50,2295100
20240112,15:18:07,1.95,3750,2295100
20240112,15:18:12,1.95,50,2295100
20240112,15:18:25,1.95,1000,2288050
20240112,15:18:29,1.95,150,2288050
20240112,15:18:32,1.95,50,2288050
20240112,15:18:33,1.95,1000,2288050
20240112,15:18:34,1.95,200,2288050
20240112,15:18:44,1.95,250,2288050
20240112,15:18:46,1.95,250,2288050
20240112,15:18:47,1.95,200,2288050
20240112,15:18:52,1.95,6000,2288050
20240112,15:18:53,1.95,450,2288050
20240112,15:18:54,1.95,50,2288050
20240112,15:18:56,1.95,19850,2288050
20240112,15:19:08,2.0,1000,2288050
20240112,15:19:11,1.95,150,2288050
20240112,15:19:15,2.0,1500,2288050
20240112,15:19:16,2.0,1500,2288050
20240112,15:19:17,2.0,1500,2288050
20240112,15:19:18,2.0,1500,2288050
20240112,15:19:21,2.0,2050,2288050
20240112,15:19:22,1.95,21800,2288050
20240112,15:19:24,1.95,1800,2288050
20240112,15:19:34,2.0,50,2288050
20240112,15:19:37,2.0,200,2288050
20240112,15:19:39,1.95,50,2288050
20240112,15:19:45,2.0,1300,2288050
20240112,15:19:53,1.95,10000,2288050
20240112,15:20:01,1.95,850,2288050
20240112,15:20:02,2.0,200,2288050
20240112,15:20:04,2.0,100,2288050
20240112,15:20:05,2.0,50,2288050
20240112,15:20:06,2.0,100,2288050
20240112,15:20:07,1.95,2000,2288050
20240112,15:20:11,1.95,250,2288050
20240112,15:20:26,2.0,200,2288050
20240112,15:20:32,1.95,300,2288050
20240112,15:20:48,2.0,200,2288050
20240112,15:20:50,2.0,1800,2288050
20240112,15:20:51,2.0,600,2288050
20240112,15:20:52,1.95,50,2288050
20240112,15:20:53,2.0,400,2288050
20240112,15:20:55,2.0,200,2288050
20240112,15:20:56,2.0,800,2288050
20240112,15:21:00,2.0,350,2288050
20240112,15:21:01,2.0,200,2288050
20240112,15:21:03,2.0,1000,2288050
20240112,15:21:05,2.0,150,2288050
20240112,15:21:07,2.0,900,2288050
20240112,15:21:09,1.95,600,2288050
20240112,15:21:10,2.0,600,2288050
20240112,15:21:12,1.95,5400,2288050
20240112,15:21:15,2.0,1000,2288050
20240112,15:21:25,2.0,2850,2276950
20240112,15:21:27,2.0,2650,2276950
20240112,15:21:28,2.05,200,2276950
20240112,15:21:34,2.05,22800,2276950
20240112,15:21:39,2.05,1000,2276950
20240112,15:21:45,2.05,1850,2276950
20240112,15:21:46,2.05,1700,2276950
20240112,15:21:48,2.05,8350,2276950
20240112,15:21:50,2.05,250,2276950
20240112,15:21:51,2.1,1000,2276950
20240112,15:21:53,2.05,50,2276950
20240112,15:21:55,2.05,500,2276950
20240112,15:22:01,2.05,100,2276950
20240112,15:22:08,2.05,3550,2276950
20240112,15:22:10,2.05,250,2276950
20240112,15:22:11,2.05,50,2276950
20240112,15:22:13,2.05,50,2276950
20240112,15:22:15,2.05,50,2276950
20240112,15:22:16,2.05,1800,2276950
20240112,15:22:18,2.05,700,2276950
20240112,15:22:20,2.1,1000,2276950
20240112,15:22:21,2.05,50,2276950
20240112,15:22:23,2.1,750,2276950
20240112,15:22:25,2.05,50,2276950
20240112,15:22:26,2.1,50,2276950
20240112,15:22:27,2.1,500,2276950
20240112,15:22:29,2.1,250,2276950
20240112,15:22:30,2.1,1000,2276950
20240112,15:22:33,2.1,200,2276950
20240112,15:22:35,2.1,1800,2276950
20240112,15:22:35,2.05,1300,2276950
20240112,15:22:37,2.1,2400,2276950
20240112,15:22:38,2.1,4500,2276950
20240112,15:22:46,2.05,1800,2276950
20240112,15:22:47,2.05,700,2276950
20240112,15:22:47,2.1,850,2276950
20240112,15:22:48,2.1,800,2276950
20240112,15:22:51,2.05,250,2276950
20240112,15:22:54,2.05,100,2276950
20240112,15:22:57,2.05,50,2276950
20240112,15:22:58,2.1,200,2276950
20240112,15:23:06,2.1,700,2276950
20240112,15:23:07,2.1,600,2276950
20240112,15:23:08,2.05,600,2276950
20240112,15:23:10,2.05,50,2276950
20240112,15:23:13,2.1,100,2276950
20240112,15:23:15,2.1,50,2276950
20240112,15:23:17,2.05,150,2276950
20240112,15:23:18,2.05,50,2276950
20240112,15:23:23,2.05,1800,2276950
20240112,15:23:25,2.05,1800,2276950
20240112,15:23:25,2.05,100,2276950
20240112,15:23:29,2.05,26100,2276950
20240112,15:23:34,2.05,1800,2276950
20240112,15:23:36,2.05,1800,2276950
20240112,15:23:41,2.1,50,2276950
20240112,15:23:42,2.1,2200,2276950
20240112,15:23:42,2.1,1500,2276950
20240112,15:23:44,2.1,1000,2276950
20240112,15:23:47,2.05,500,2276950
20240112,15:23:52,2.05,13050,2276950
20240112,15:23:59,2.05,26250,2276950
20240112,15:24:05,2.0,2400,2276950
20240112,15:24:07,2.05,500,2276950
20240112,15:24:13,2.0,1500,2276950
20240112,15:24:16,2.05,1100,2256650
20240112,15:24:25,2.0,17650,2256650
20240112,15:24:26,2.0,700,2256650
20240112,15:24:31,2.0,1300,2256650
20240112,15:24:33,1.95,350,2256650
20240112,15:24:34,1.95,5000,2256650
20240112,15:24:35,1.95,50,2256650
20240112,15:24:36,2.0,350,2256650
20240112,15:24:38,2.0,250,2256650
20240112,15:24:41,2.0,3600,2256650
20240112,15:24:42,2.0,400,2256650
20240112,15:24:44,2.0,1500,2256650
20240112,15:24:45,2.0,1000,2256650
20240112,15:24:46,2.0,15550,2256650
20240112,15:24:47,2.0,9750,2256650
20240112,15:24:48,2.0,2000,2256650
20240112,15:24:53,2.0,7300,2256650
20240112,15:24:56,2.0,800,2256650
20240112,15:24:57,2.0,1000,2256650
20240112,15:24:58,2.0,250,2256650
20240112,15:25:01,2.0,450,2256650
20240112,15:25:07,2.05,1000,2256650
20240112,15:25:12,1.95,23750,2256650
20240112,15:25:14,2.0,4550,2256650
20240112,15:25:15,2.05,500,2256650
20240112,15:25:17,2.0,7450,2256650
20240112,15:25:18,2.0,500,2256650
20240112,15:25:23,2.0,1800,2256650
20240112,15:25:28,2.0,1400,2256650
20240112,15:25:29,2.0,500,2256650
20240112,15:25:30,2.0,300,2256650
20240112,15:25:33,1.95,400,2256650
20240112,15:25:38,1.95,4300,2256650
20240112,15:25:39,2.0,5100,2256650
20240112,15:25:40,2.0,500,2256650
20240112,15:25:43,2.0,500,2256650
20240112,15:25:45,2.0,150,2256650
20240112,15:25:46,2.0,1100,2256650
20240112,15:25:47,2.0,1250,2256650
20240112,15:25:48,2.0,150,2256650
20240112,15:25:49,2.0,600,2256650
20240112,15:25:58,2.05,1800,2256650
20240112,15:26:04,2.1,20300,2256650
20240112,15:26:05,2.1,400,2256650
20240112,15:26:06,2.05,2400,2256650
20240112,15:26:08,2.05,50,2256650
20240112,15:26:16,2.0,27750,2256650
20240112,15:26:17,2.05,4900,2256650
20240112,15:26:18,2.0,800,2256650
20240112,15:26:20,2.05,300,2256650
20240112,15:26:22,2.05,700,2256650
20240112,15:26:24,2.05,2400,2256650
20240112,15:26:25,2.05,50,2256650
20240112,15:26:26,2.05,1000,2256650
20240112,15:26:27,2.0,50,2256650
20240112,15:26:31,2.0,1800,2256650
20240112,15:26:32,2.05,1800,2256650
20240112,15:26:34,2.0,3300,2256650
20240112,15:26:35,2.0,1800,2256650
20240112,15:26:36,2.0,1800,2256650
20240112,15:26:37,2.0,1900,2256650
20240112,15:26:38,2.0,1800,2256650
20240112,15:26:40,2.0,1800,2256650
20240112,15:26:41,2.0,9900,2256650
20240112,15:26:42,2.0,4650,2256650
20240112,15:26:43,2.0,1800,2256650
20240112,15:26:44,2.0,6100,2256650
20240112,15:26:45,2.05,4400,2256650
20240112,15:26:50,2.0,3100,2256650
20240112,15:26:50,2.05,50,2256650
20240112,15:26:51,2.0,550,2256650
20240112,15:26:52,2.0,1800,2256650
20240112,15:27:02,2.0,1800,2256650
20240112,15:27:08,2.0,900,2256650
20240112,15:27:11,2.05,100,2256650
20240112,15:27:12,2.05,150,2256650
20240112,15:27:13,2.05,200,2256650
20240112,15:27:14,2.05,150,2256650
20240112,15:27:15,2.05,150,2256650
20240112,15:27:16,2.05,3200,2295000
20240112,15:27:17,2.1,150,2295000
20240112,15:27:27,2.1,50,2295000
20240112,15:27:28,2.1,1200,2295000
20240112,15:27:29,2.1,1900,2295000
20240112,15:27:30,2.05,1800,2295000
20240112,15:27:31,2.1,150,2295000
20240112,15:27:32,2.1,100,2295000
20240112,15:27:33,2.05,1000,2295000
20240112,15:27:34,2.1,950,2295000
20240112,15:27:35,2.05,2100,2295000
20240112,15:27:37,2.05,2800,2295000
20240112,15:27:40,2.05,1500,2295000
20240112,15:27:43,2.0,1000,2295000
20240112,15:27:45,2.0,1000,2295000
20240112,15:27:46,2.0,1000,2295000
20240112,15:27:47,2.05,1250,2295000
20240112,15:27:48,2.0,1000,2295000
20240112,15:27:49,2.0,1800,2295000
20240112,15:27:51,2.0,1800,2295000
20240112,15:27:53,2.0,15400,2295000
20240112,15:27:53,2.0,400,2295000
20240112,15:27:57,2.05,150,2295000
20240112,15:28:00,2.0,1500,2295000
20240112,15:28:02,2.05,400,2295000
20240112,15:28:04,2.0,450,2295000
20240112,15:28:05,2.05,1800,2295000
20240112,15:28:06,2.05,1100,2295000
20240112,15:28:07,2.05,1800,2295000
20240112,15:28:08,2.1,50,2295000
20240112,15:28:10,2.1,500,2295000
20240112,15:28:14,2.05,1950,2295000
20240112,15:28:15,2.05,100,2295000
20240112,15:28:16,2.1,1700,2295000
20240112,15:28:17,2.1,200,2295000
20240112,15:28:18,2.05,650,2295000
20240112,15:28:19,2.05,150,2295000
20240112,15:28:22,2.05,100,2295000
20240112,15:28:23,2.1,500,2295000
20240112,15:28:25,2.1,2050,2295000
20240112,15:28:26,2.1,700,2295000
20240112,15:28:28,2.05,50,2295000
20240112,15:28:30,2.1,500,2295000
20240112,15:28:33,2.05,500,2295000
20240112,15:28:36,2.1,1850,2295000
20240112,15:28:38,2.1,400,2295000
20240112,15:28:39,2.1,150,2295000
20240112,15:28:41,2.1,50,2295000
20240112,15:28:42,2.1,200,2295000
20240112,15:28:46,2.15,50,2295000
20240112,15:28:49,2.15,50,2295000
20240112,15:28:50,2.15,50,2295000
20240112,15:28:51,2.0,25500,2295000
20240112,15:28:52,2.0,19200,2295000
20240112,15:28:53,2.0,12450,2295000
20240112,15:28:54,2.05,1800,2295000
20240112,15:28:55,2.1,19300,2295000
20240112,15:28:56,2.15,10000,2295000
20240112,15:28:57,2.2,4100,2295000
20240112,15:28:58,2.2,1950,2295000
20240112,15:28:59,2.2,2150,2295000
20240112,15:29:01,2.2,24200,2295000
20240112,15:29:02,2.2,4600,2295000
20240112,15:29:04,2.2,2300,2295000
20240112,15:29:06,2.2,1500,2295000
20240112,15:29:09,2.25,1000,2295000
20240112,15:29:10,2.2,1800,2295000
20240112,15:29:11,2.2,1800,2295000
20240112,15:29:12,2.2,500,2295000
20240112,15:29:13,2.25,1100,2295000
20240112,15:29:14,2.25,1000,2295000
20240112,15:29:15,2.2,1000,2295000
20240112,15:29:16,2.2,1500,2295000
20240112,15:29:20,2.15,350,2295000
20240112,15:29:21,2.15,4300,2295000
20240112,15:29:22,2.15,1000,2295000
20240112,15:29:23,2.2,400,2295000
20240112,15:29:25,2.15,1000,2295000
20240112,15:29:26,2.1,2550,2295000
20240112,15:29:27,2.1,500,2295000
20240112,15:29:28,2.1,250,2295000
20240112,15:29:29,2.1,1000,2295000
20240112,15:29:34,2.1,250,2295000
20240112,15:29:34,2.15,50,2295000
20240112,15:29:35,2.1,950,2295000
20240112,15:29:36,2.15,1900,2295000
20240112,15:29:37,2.2,18500,2295000
20240112,15:29:38,2.2,15250,2295000
20240112,15:29:39,2.15,1000,2295000
20240112,15:29:40,2.2,350,2295000
20240112,15:29:42,2.15,200,2295000
20240112,15:29:42,2.1,1000,2295000
20240112,15:29:45,2.1,1050,2295000
20240112,15:29:47,2.1,900,2295000
20240112,15:29:48,2.1,100,2295000
20240112,15:29:53,2.15,1400,2295000
20240112,15:29:54,2.15,4200,2295000
20240112,15:29:56,2.2,1000,2295000
20240112,15:29:57,2.1,50,2295000
20240112,15:29:59,2.1,1450,2295000
20240112,15:29:59,2.1,200,2295000
20240112,15:30:00,2.1,350,2295000
20240115,09:15:01,1.8,1,2323250
20240115,09:15:01,1.85,450,2323250
20240115,09:15:02,1.85,550,2323250
20240115,09:15:03,1.85,200,2323250
20240115,09:15:04,1.85,400,2323250
20240115,09:15:05,1.85,800,2323250
20240115,09:15:06,1.9,1000,2323250
20240115,09:15:06,1.55,1000,2323250
20240115,09:15:07,1.9,650,2323250
20240115,09:15:09,1.5,4300,2323250
20240115,09:15:10,1.95,1200,2323250
20240115,09:15:11,1.7,1450,2323250
20240115,09:15:11,1.9,2050,2323250
20240115,09:15:12,1.9,1050,2323250
20240115,09:15:15,1.9,200,2323250
20240115,09:15:16,1.9,800,2323250
20240115,09:15:17,1.95,100,2323250
20240115,09:15:19,1.9,2600,2323250
20240115,09:15:20,1.9,1000,2323250
20240115,09:15:21,1.9,350,2323250
20240115,09:15:22,1.9,500,2323250
20240115,09:15:23,2.0,300,2323250
20240115,09:15:23,2.0,50,2323250
20240115,09:15:25,1.9,100,2323250
20240115,09:15:27,1.95,400,2323250
20240115,09:15:28,1.9,100,2323250
20240115,09:15:29,1.9,1550,2323250
20240115,09:15:30,2.0,50,2323250
20240115,09:15:30,1.9,150,2323250
20240115,09:15:33,1.9,300,2323250
20240115,09:15:34,1.95,1150,2323250
20240115,09:15:35,1.9,250,2323250
20240115,09:15:36,1.9,500,2323250
20240115,09:15:38,1.95,4500,2323250
20240115,09:15:39,1.9,3900,2323250
20240115,09:15:40,1.85,550,2323250
20240115,09:15:43,1.9,1050,2323250
20240115,09:15:48,1.85,2100,2323250
20240115,09:15:49,1.85,2300,2323250
20240115,09:15:50,1.85,1300,2323250
20240115,09:15:51,1.85,100,2323250
20240115,09:15:53,1.9,2300,2323250
20240115,09:15:55,1.9,100,2323250
20240115,09:15:57,1.85,100,2323250
20240115,09:15:59,1.85,150,2323250
20240115,09:16:00,1.9,100,2323250
20240115,09:16:00,1.85,1650,2323250
20240115,09:16:02,1.85,400,2323250
20240115,09:16:06,1.85,500,2323250
20240115,09:16:07,1.9,2050,2323250
20240115,09:16:13,1.9,500,2323250
20240115,09:16:14,1.85,1850,2323250
20240115,09:16:16,1.9,800,2323250
20240115,09:16:19,1.9,250,2323250
20240115,09:16:21,1.85,550,2323250
20240115,09:16:22,1.85,100,2323250
20240115,09:16:23,1.85,900,2323250
20240115,09:16:27,1.85,1800,2323250
20240115,09:16:28,1.9,400,2323250
20240115,09:16:39,1.9,350,2323250
20240115,09:16:41,1.85,200,2323250
20240115,09:16:43,1.9,100,2323250
20240115,09:16:45,1.85,9200,2323250
20240115,09:16:50,1.85,400,2323250
20240115,09:16:50,1.85,800,2323250
20240115,09:16:54,1.8,1300,2323250
20240115,09:16:56,1.8,1800,2323250
20240115,09:16:58,1.75,500,2323250
20240115,09:17:00,1.8,50,2323250
20240115,09:17:02,1.75,900,2323250
20240115,09:17:03,1.75,50,2323250
20240115,09:17:04,1.8,1800,2323250
20240115,09:17:07,1.75,1800,2323250
20240115,09:17:10,1.8,450,2323250
20240115,09:17:11,1.7,11350,2323250
20240115,09:17:12,1.75,300,2323250
20240115,09:17:13,1.7,250,2323250
20240115,09:17:18,1.7,1800,2323250
20240115,09:17:20,1.7,5400,2323250
20240115,09:17:21,1.7,3600,2323250
20240115,09:17:22,1.7,2450,2323250
20240115,09:17:22,1.7,1200,2323250
20240115,09:17:25,1.7,11050,2323250
20240115,09:17:25,1.7,400,2323250
20240115,09:17:27,1.7,250,2322850
20240115,09:17:28,1.7,4950,2322850
20240115,09:17:28,1.7,1800,2322850
20240115,09:17:30,1.65,1400,2322850
20240115,09:17:31,1.7,2150,2322850
20240115,09:17:37,1.65,1850,2322850
20240115,09:17:38,1.65,1800,2322850
20240115,09:17:39,1.65,1950,2322850
20240115,09:17:40,1.65,2150,2322850
20240115,09:17:41,1.6,3600,2322850
20240115,09:17:42,1.65,100,2322850
20240115,09:17:45,1.65,400,2322850
20240115,09:17:54,1.7,1800,2322850
20240115,09:18:02,1.7,1800,2322850
20240115,09:18:04,1.7,2600,2322850
20240115,09:18:05,1.7,6250,2322850
20240115,09:18:06,1.75,5250,2322850
20240115,09:18:07,1.7,1650,2322850
20240115,09:18:07,1.7,2300,2322850
20240115,09:18:09,1.7,800,2322850
20240115,09:18:10,1.7,2600,2322850
20240115,09:18:10,1.75,1800,2322850
20240115,09:18:12,1.75,1850,2322850
20240115,09:18:13,1.75,5900,2322850
20240115,09:18:19,1.75,50,2322850
20240115,09:18:20,1.75,1850,2322850
20240115,09:18:23,1.8,650,2322850
20240115,09:18:28,1.75,300,2322850
20240115,09:18:35,1.7,1750,2322850
20240115,09:18:36,1.7,250,2322850
20240115,09:18:39,1.75,50,2322850
20240115,09:18:40,1.75,1800,2322850
20240115,09:18:41,1.75,1800,2322850
20240115,09:18:43,1.75,1800,2322850
20240115,09:18:44,1.75,1850,2322850
20240115,09:18:45,1.75,2800,2322850
20240115,09:18:46,1.75,1800,2322850
20240115,09:18:47,1.7,1900,2322850
20240115,09:18:47,1.75,700,2322850
20240115,09:18:48,1.75,1800,2322850
20240115,09:18:50,1.75,2500,2322850
20240115,09:18:51,1.75,1800,2322850
20240115,09:18:52,1.75,1800,2322850
20240115,09:18:52,1.75,2850,2322850
20240115,09:18:54,1.7,17800,2322850
20240115,09:18:55,1.7,9350,2322850
20240115,09:18:56,1.65,50,2322850
20240115,09:18:57,1.7,1500,2322850
20240115,09:18:58,1.65,18050,2322850
20240115,09:19:01,1.65,10850,2322850
20240115,09:19:03,1.65,350,2322850
20240115,09:19:06,1.7,900,2322850
20240115,09:19:07,1.7,2050,2322850
20240115,09:19:09,1.7,5100,2322850
20240115,09:19:12,1.65,50,2322850
20240115,09:19:14,1.7,800,2322850
20240115,09:19:15,1.7,1050,2322850
20240115,09:19:16,1.65,2250,2322850
20240115,09:19:17,1.7,50,2322850
20240115,09:19:20,1.65,4800,2322850
20240115,09:19:23,1.7,700,2322850
20240115,09:19:24,1.7,2750,2322850
20240115,09:19:26,1.7,1800,2322850
20240115,09:19:27,1.7,1600,2322850
20240115,09:19:33,1.7,50,2322850
20240115,09:19:44,1.7,200,2322850
20240115,09:19:50,1.7,5500,2322850
20240115,09:19:51,1.7,18000,2322850
20240115,09:19:56,1.7,1900,2322850
20240115,09:19:59,1.75,1800,2322850
20240115,09:20:00,1.75,1800,2322850
20240115,09:20:01,1.75,3800,2322850
20240115,09:20:02,1.75,750,2322850
20240115,09:20:03,1.75,3600,2322850
20240115,09:20:04,1.75,4150,2322850
20240115,09:20:07,1.75,7200,2322850
20240115,09:20:08,1.75,100,2322850
20240115,09:20:09,1.75,1800,2322850
20240115,09:20:10,1.7,7650,2322850
20240115,09:20:11,1.75,9200,2322850
20240115,09:20:12,1.75,6500,2322850
20240115,09:20:13,1.75,2350,2322850
20240115,09:20:14,1.8,5950,2322850
20240115,09:20:15,1.8,2350,2322850
20240115,09:20:16,1.8,1800,2322850
20240115,09:20:17,1.8,2500,2322850
20240115,09:20:18,1.8,2450,2322850
20240115,09:20:19,1.8,1850,2322850
20240115,09:20:20,1.8,1800,2322850
20240115,09:20:21,1.75,18000,2322850
20240115,09:20:22,1.8,3600,2322850
20240115,09:20:23,1.8,1800,2322850
20240115,09:20:24,1.8,1800,2322850
20240115,09:20:25,1.75,550,2322850
20240115,09:20:27,1.8,1050,2358350
20240115,09:20:28,1.75,550,2358350
20240115,09:20:29,1.75,600,2358350
20240115,09:20:30,1.75,350,2358350
20240115,09:20:31,1.75,1800,2358350
20240115,09:20:34,1.75,1800,2358350
20240115,09:20:35,1.75,1800,2358350
20240115,09:20:37,1.75,450,2358350
20240115,09:20:44,1.75,300,2358350
20240115,09:20:47,1.8,800,2358350
20240115,09:20:49,1.75,3100,2358350
20240115,09:20:50,1.8,3900,2358350
20240115,09:20:51,1.75,650,2358350
20240115,09:20:52,1.75,1800,2358350
20240115,09:20:53,1.75,1950,2358350
20240115,09:20:54,1.75,100,2358350
20240115,09:20:55,1.75,2400,2358350
20240115,09:20:56,1.75,2650,2358350
20240115,09:20:57,1.75,1900,2358350
20240115,09:20:58,1.75,3800,2358350
20240115,09:20:59,1.75,400,2358350
20240115,09:21:00,1.8,22250,2358350
20240115,09:21:01,1.8,600,2358350
20240115,09:21:02,1.85,50,2358350
20240115,09:21:03,1.85,350,2358350
20240115,09:21:06,1.8,1250,2358350
20240115,09:21:07,1.8,23350,2358350
20240115,09:21:10,1.8,7650,2358350
20240115,09:21:12,1.85,2400,2358350
20240115,09:21:13,1.85,5600,2358350
20240115,09:21:14,1.85,1400,2358350
20240115,09:21:16,1.8,150,2358350
20240115,09:21:19,1.85,200,2358350
20240115,09:21:20,1.85,1400,2358350
20240115,09:21:21,1.85,1200,2358350
20240115,09:21:22,1.8,500,2358350
20240115,09:21:23,1.8,500,2358350
20240115,09:21:29,1.85,50,2358350
20240115,09:21:35,1.85,600,2358350
20240115,09:21:38,1.85,1200,2358350
20240115,09:21:41,1.8,800,2358350
20240115,09:21:55,1.8,1000,2358350
20240115,09:21:57,1.85,500,2358350
20240115,09:21:58,1.85,350,2358350
20240115,09:22:02,1.85,100,2358350
20240115,09:22:04,1.85,1800,2358350
20240115,09:22:08,1.8,5000,2358350
20240115,09:22:09,1.8,3000,2358350
20240115,09:22:10,1.85,1000,2358350
20240115,09:22:14,1.8,5200,2358350
20240115,09:22:15,1.8,1800,2358350
20240115,09:22:19,1.8,500,2358350
20240115,09:22:20,1.8,600,2358350
20240115,09:22:24,1.8,5000,2358350
20240115,09:22:26,1.8,5550,2358350
20240115,09:22:31,1.8,250,2358350
20240115,09:22:32,1.8,5900,2358350
20240115,09:22:33,1.85,11850,2358350
20240115,09:22:34,1.85,17000,2358350
20240115,09:22:35,1.85,14850,2358350
20240115,09:22:36,1.85,12400,2358350
20240115,09:22:37,1.85,7300,2358350
20240115,09:22:38,1.85,4000,2358350
20240115,09:22:39,1.85,6600,2358350
20240115,09:22:40,1.9,6000,2358350
20240115,09:22:41,1.85,3250,2358350
20240115,09:22:42,1.85,3400,2358350
20240115,09:22:43,1.9,3050,2358350
20240115,09:22:44,1.9,8200,2358350
20240115,09:22:45,1.9,7400,2358350
20240115,09:22:46,1.85,250,2358350
20240115,09:22:47,1.9,8400,2358350
20240115,09:22:48,1.9,5400,2358350
20240115,09:22:49,1.9,3800,2358350
20240115,09:22:50,1.9,5850,2358350
20240115,09:22:51,1.85,3300,2358350
20240115,09:22:52,1.85,700,2358350
20240115,09:22:56,1.9,100,2358350
20240115,09:22:58,1.85,5000,2358350
20240115,09:22:59,1.85,100,2358350
20240115,09:23:01,1.85,100,2358350
20240115,09:23:02,1.85,100,2358350
20240115,09:23:06,1.9,1000,2358350
20240115,09:23:09,1.85,1800,2358350
20240115,09:23:12,1.85,1800,2358350
20240115,09:23:13,1.85,1800,2358350
20240115,09:23:14,1.9,2100,2358350
20240115,09:23:15,1.85,100,2358350
20240115,09:23:16,1.85,1950,2358350
20240115,09:23:19,1.9,1800,2358350
20240115,09:23:20,1.9,4950,2358350
20240115,09:23:21,1.9,400,2358350
20240115,09:23:24,1.85,50,2358350
20240115,09:23:25,1.85,2300,2358350
20240115,09:23:26,1.8,50,2358350
20240115,09:23:34,1.8,500,2358350
20240115,09:23:36,1.8,5400,2454700
20240115,09:23:37,1.8,50,2454700
20240115,09:23:38,1.8,50,2454700
20240115,09:23:41,1.8,500,2454700
20240115,09:23:45,1.8,250,2454700
20240115,09:23:46,1.8,1800,2454700
20240115,09:23:47,1.8,1800,2454700
20240115,09:24:01,1.8,1800,2454700
20240115,09:24:05,1.8,500,2454700
20240115,09:24:09,1.8,500,2454700
20240115,09:24:10,1.8,200,2454700
20240115,09:24:21,1.8,500,2454700
20240115,09:24:23,1.8,450,2454700
20240115,09:24:24,1.8,500,2454700
20240115,09:24:25,1.85,2000,2454700
20240115,09:24:26,1.85,800,2454700
20240115,09:24:28,1.85,1800,2454700
20240115,09:24:31,1.8,1000,2454700
20240115,09:24:33,1.85,150,2454700
20240115,09:24:44,1.8,100,2454700
20240115,09:24:45,1.8,50,2454700
20240115,09:24:46,1.85,500,2454700
20240115,09:24:50,1.8,350,2454700
20240115,09:24:52,1.8,1000,2454700
20240115,09:24:53,1.8,200,2454700
20240115,09:24:54,1.8,700,2454700
20240115,09:24:55,1.85,2000,2454700
20240115,09:25:00,1.8,450,2454700
20240115,09:25:03,1.8,7150,2454700
20240115,09:25:16,1.75,3600,2454700
20240115,09:25:17,1.75,1800,2454700
20240115,09:25:18,1.75,1800,2454700
20240115,09:25:20,1.75,1800,2454700
20240115,09:25:22,1.75,2100,2454700
20240115,09:25:30,1.75,750,2454700
20240115,09:25:37,1.75,150,2454700
20240115,09:25:40,1.8,1600,2454700
20240115,09:25:44,1.8,300,2454700
20240115,09:25:45,1.8,50,2454700
20240115,09:25:57,1.75,9050,2454700
20240115,09:25:58,1.75,18150,2454700
20240115,09:25:59,1.75,8500,2454700
20240115,09:26:00,1.75,400,2454700
20240115,09:26:01,1.75,500,2454700
20240115,09:26:03,1.75,200,2454700
20240115,09:26:07,1.75,500,2454700
20240115,09:26:11,1.8,500,2454700
20240115,09:26:13,1.8,1700,2454700
20240115,09:26:26,1.75,500,2454700
20240115,09:26:30,1.75,250,2467800
20240115,09:26:30,1.8,3500,2467800
20240115,09:26:31,1.8,6500,2467800
20240115,09:26:33,1.8,1500,2467800
20240115,09:26:36,1.8,200,2467800
20240115,09:26:48,1.75,1800,2467800
20240115,09:26:49,1.75,200,2467800
20240115,09:26:52,1.75,3650,2467800
20240115,09:26:53,1.75,18050,2467800
20240115,09:26:54,1.75,8400,2467800
20240115,09:26:55,1.75,1000,2467800
20240115,09:26:58,1.8,500,2467800
20240115,09:26:59,1.8,500,2467800
20240115,09:27:02,1.8,50,2467800
20240115,09:27:02,1.8,500,2467800
20240115,09:27:03,1.75,10500,2467800
20240115,09:27:04,1.8,400,2467800
20240115,09:27:05,1.8,3000,2467800
20240115,09:27:10,1.75,10200,2467800
20240115,09:27:11,1.75,200,2467800
20240115,09:27:12,1.8,50,2467800
20240115,09:27:15,1.75,200,2467800
20240115,09:27:16,1.75,200,2467800
20240115,09:27:17,1.75,200,2467800
20240115,09:27:23,1.8,50,2467800
20240115,09:27:24,1.75,2100,2467800
20240115,09:27:25,1.75,2550,2467800
20240115,09:27:26,1.75,2800,2467800
20240115,09:27:27,1.75,1550,2467800
20240115,09:27:28,1.75,250,2467800
20240115,09:27:30,1.75,100,2467800
20240115,09:27:31,1.75,1800,2467800
20240115,09:27:35,1.75,300,2467800
20240115,09:27:38,1.75,10200,2467800
20240115,09:27:38,1.75,4800,2467800
20240115,09:27:39,1.75,8100,2467800
20240115,09:27:40,1.75,1800,2467800
20240115,09:27:44,1.75,1500,2467800
20240115,09:27:46,1.75,2100,2467800
20240115,09:27:49,1.8,3000,2467800
20240115,09:27:55,1.75,19200,2467800
20240115,09:27:56,1.7,1800,2467800
20240115,09:27:57,1.75,50,2467800
20240115,09:27:59,1.75,100,2467800
20240115,09:28:00,1.75,700,2467800
20240115,09:28:02,1.7,1800,2467800
20240115,09:28:02,1.8,1000,2467800
20240115,09:28:03,1.7,300,2467800
20240115,09:28:04,1.7,2100,2467800
20240115,09:28:05,1.75,2200,2467800
20240115,09:28:06,1.7,700,2467800
20240115,09:28:07,1.75,100,2467800
20240115,09:28:09,1.7,100,2467800
20240115,09:28:10,1.75,2000,2467800
20240115,09:28:18,1.75,50,2467800
20240115,09:28:19,1.75,1800,2467800
20240115,09:28:20,1.75,2800,2467800
20240115,09:28:21,1.75,800,2467800
20240115,09:28:21,1.75,1000,2467800
20240115,09:28:23,1.75,1950,2467800
20240115,09:28:24,1.75,5050,2467800
20240115,09:28:24,1.75,3300,2467800
20240115,09:28:26,1.75,5900,2467800
20240115,09:28:27,1.7,6150,2467800
20240115,09:28:28,1.7,800,2467800
20240115,09:28:31,1.75,800,2467800
20240115,09:28:34,1.75,350,2467800
20240115,09:28:36,1.7,2700,2467800
20240115,09:28:41,1.8,300,2467800
20240115,09:28:42,1.7,4550,2467800
20240115,09:28:43,1.7,2100,2467800
20240115,09:28:44,1.75,500,2467800
20240115,09:28:47,1.75,9000,2467800
20240115,09:28:48,1.75,300,2467800
20240115,09:28:51,1.7,300,2467800
20240115,09:28:53,1.7,100,2467800
20240115,09:28:55,1.7,2000,2467800
20240115,09:28:56,1.7,100,2467800
20240115,09:28:59,1.7,500,2467800
20240115,09:29:00,1.75,50,2467800
20240115,09:29:03,1.7,500,2467800
20240115,09:29:05,1.7,1500,2467800
20240115,09:29:06,1.75,100,2467800
20240115,09:29:08,1.7,1000,2467800
20240115,09:29:09,1.7,500,2467800
20240115,09:29:10,1.75,1500,2467800
20240115,09:29:11,1.75,550,2467800
20240115,09:29:12,1.75,350,2467800
20240115,09:29:13,1.7,500,2467800
20240115,09:29:15,1.75,1000,2467800
20240115,09:29:16,1.75,3000,2467800
20240115,09:29:17,1.7,5000,2467800
20240115,09:29:18,1.75,5500,2467800
20240115,09:29:19,1.75,6450,2467800
20240115,09:29:20,1.7,5000,2467800
20240115,09:29:21,1.7,5000,2467800
20240115,09:29:23,1.75,1800,2467800
20240115,09:29:24,1.7,200,2467800
20240115,09:29:29,1.7,150,2549050
20240115,09:29:31,1.7,50,2549050
20240115,09:29:33,1.75,50,2549050
20240115,09:29:34,1.7,200,2549050
20240115,09:29:41,1.7,700,2549050
20240115,09:29:43,1.7,9150,2549050
20240115,09:29:44,1.7,6000,2549050
20240115,09:29:44,1.7,1500,2549050
20240115,09:29:45,1.75,7500,2549050
20240115,09:29:46,1.75,8450,2549050
20240115,09:29:47,1.7,550,2549050
20240115,09:29:49,1.75,1850,2549050
20240115,09:29:49,1.75,5650,2549050
20240115,09:29:51,1.7,15150,2549050
20240115,09:29:51,1.7,2100,2549050
20240115,09:29:52,1.75,9000,2549050
20240115,09:29:53,1.75,2500,2549050
20240115,09:29:54,1.75,1200,2549050
20240115,09:29:55,1.75,300,2549050
20240115,09:29:56,1.75,450,2549050
20240115,09:29:58,1.75,1800,2549050
20240115,09:30:00,1.75,1250,2549050
20240115,09:30:01,1.75,3200,2549050
20240115,09:30:02,1.75,5350,2549050
20240115,09:30:03,1.75,3900,2549050
20240115,09:30:05,1.7,2100,2549050
20240115,09:30:06,1.7,800,2549050
20240115,09:30:08,1.7,2100,2549050
20240115,09:30:09,1.7,8100,2549050
20240115,09:30:10,1.75,2000,2549050
20240115,09:30:12,1.8,400,2549050
20240115,09:30:14,1.8,1000,2549050
20240115,09:30:14,1.75,1800,2549050
20240115,09:30:15,1.75,50,2549050
20240115,09:30:18,1.8,1800,2549050
20240115,09:30:20,1.8,1000,2549050
20240115,09:30:32,1.8,2200,2549050
20240115,09:30:34,1.8,1400,2549050
20240115,09:30:36,1.8,1800,2549050
20240115,09:30:37,1.8,2000,2549050
20240115,09:30:38,1.8,6300,2549050
20240115,09:30:39,1.8,900,2549050
20240115,09:30:41,1.85,1800,2549050
20240115,09:30:42,1.8,1000,2549050
20240115,09:30:43,1.8,1500,2549050
20240115,09:30:45,1.8,700,2549050
20240115,09:30:46,1.8,2800,2549050
20240115,09:30:47,1.85,1800,2549050
20240115,09:30:48,1.8,500,2549050
20240115,09:30:49,1.85,1800,2549050
20240115,09:30:50,1.85,2350,2549050
20240115,09:30:51,1.8,100,2549050
20240115,09:30:52,1.85,1800,2549050
20240115,09:30:53,1.8,2500,2549050
20240115,09:30:55,1.8,50,2549050
20240115,09:30:56,1.85,1800,2549050
20240115,09:30:57,1.8,2050,2549050
20240115,09:30:59,1.85,1800,2549050
20240115,09:31:00,1.85,1800,2549050
20240115,09:31:02,1.85,1850,2549050
20240115,09:31:04,1.8,2800,2549050
20240115,09:31:06,1.85,4600,2549050
20240115,09:31:07,1.85,1800,2549050
20240115,09:31:08,1.85,1000,2549050
20240115,09:31:09,1.85,3600,2549050
20240115,09:31:10,1.85,900,2549050
20240115,09:31:11,1.85,1800,2549050
20240115,09:31:12,1.85,1000,2549050
20240115,09:31:13,1.85,50,2549050
20240115,09:31:15,1.85,1000,2549050
20240115,09:31:19,1.85,50,2549050
20240115,09:31:23,1.85,50,2549050
20240115,09:31:24,1.85,1800,2549050
20240115,09:31:25,1.85,500,2549050
20240115,09:31:27,1.85,1000,2549050
20240115,09:31:29,1.85,100,2549050
20240115,09:31:31,1.8,50,2549050
20240115,09:31:32,1.8,50,2549050
20240115,09:31:35,1.85,600,2549050
20240115,09:31:36,1.85,900,2549050
20240115,09:31:37,1.85,100,2549050
20240115,09:31:39,1.85,550,2549050
20240115,09:31:40,1.85,100,2549050
20240115,09:31:41,1.85,1850,2549050
20240115,09:31:42,1.85,500,2549050
20240115,09:31:44,1.85,50,2549050
20240115,09:31:45,1.85,1800,2549050
20240115,09:31:46,1.85,150,2549050
20240115,09:31:48,1.85,1950,2549050
20240115,09:31:50,1.85,450,2549050
20240115,09:31:51,1.85,1850,2549050
20240115,09:31:52,1.85,100,2549050
20240115,09:31:53,1.85,600,2549050
20240115,09:31:55,1.85,500,2549050
20240115,09:31:56,1.85,50,2549050
20240115,09:31:57,1.85,350,2549050
20240115,09:31:58,1.85,550,2549050
20240115,09:31:59,1.85,500,2549050
20240115,09:32:02,1.85,7750,2549050
20240115,09:32:03,1.85,15000,2549050
20240115,09:32:04,1.85,5400,2549050
20240115,09:32:05,1.85,7700,2549050
20240115,09:32:08,1.85,2400,2549050
20240115,09:32:09,1.85,50,2549050
20240115,09:32:10,1.85,600,2549050
20240115,09:32:12,1.9,50,2549050
20240115,09:32:14,1.85,900,2549050
20240115,09:32:15,1.85,5400,2549050
20240115,09:32:16,1.8,100,2549050
20240115,09:32:17,1.8,1550,2549050
20240115,09:32:18,1.8,950,2549050
20240115,09:32:19,1.8,450,2549050
20240115,09:32:20,1.85,150,2549050
20240115,09:32:21,1.8,850,2549050
20240115,09:32:22,1.85,400,2549050
20240115,09:32:23,1.85,1850,2549050
20240115,09:32:24,1.85,200,2549050
20240115,09:32:25,1.8,700,2549050
20240115,09:32:26,1.85,3000,2549050
20240115,09:32:27,1.85,1800,2549050
20240115,09:32:28,1.8,800,2549050
20240115,09:32:29,1.85,1050,2570600
20240115,09:32:30,1.85,250,2570600
20240115,09:32:31,1.8,50,2570600
20240115,09:32:32,1.85,1000,2570600
20240115,09:32:33,1.8,50,2570600
20240115,09:32:34,1.85,400,2570600
20240115,09:32:36,1.85,50,2570600
20240115,09:32:38,1.85,450,2570600
20240115,09:32:40,1.85,50,2570600
20240115,09:32:42,1.85,1350,2570600
20240115,09:32:43,1.85,1000,2570600
20240115,09:32:49,1.85,1800,2570600
20240115,09:32:52,1.85,23050,2570600
20240115,09:32:53,1.85,11850,2570600
20240115,09:32:54,1.85,1800,2570600
20240115,09:32:55,1.85,500,2570600
20240115,09:32:56,1.85,400,2570600
20240115,09:32:58,1.85,3900,2570600
20240115,09:32:59,1.85,4650,2570600
20240115,09:33:01,1.85,1800,2570600
20240115,09:33:04,1.85,50,2570600
20240115,09:33:05,1.85,1800,2570600
20240115,09:33:21,1.85,250,2570600
20240115,09:33:22,1.85,250,2570600
20240115,09:33:23,1.85,50,2570600
20240115,09:33:26,1.85,450,2570600
20240115,09:33:30,1.85,1800,2570600
20240115,09:33:33,1.9,50,2570600
20240115,09:33:34,1.9,50,2570600
20240115,09:33:35,1.85,100,2570600
20240115,09:33:38,1.85,1800,2570600
20240115,09:33:40,1.85,2250,2570600
20240115,09:33:41,1.85,250,2570600
20240115,09:33:42,1.85,1800,2570600
20240115,09:33:59,1.9,500,2570600
20240115,09:34:01,1.9,450,2570600
20240115,09:34:05,1.9,6300,2570600
20240115,09:34:06,1.9,6750,2570600
20240115,09:34:07,1.9,1800,2570600
20240115,09:34:09,1.9,1800,2570600
20240115,09:34:10,1.9,4200,2570600
20240115,09:34:11,1.85,4050,2570600
20240115,09:34:12,1.9,6800,2570600
20240115,09:34:13,1.9,3800,2570600
20240115,09:34:14,1.9,2950,2570600
20240115,09:34:15,1.9,450,2570600
20240115,09:34:16,1.9,2100,2570600
20240115,09:34:18,1.9,200,2570600
20240115,09:34:19,1.9,450,2570600
20240115,09:34:20,1.95,50,2570600
20240115,09:34:23,1.9,400,2570600
20240115,09:34:24,1.9,1050,2570600
20240115,09:34:25,1.95,1800,2570600
20240115,09:34:26,1.9,9750,2570600
20240115,09:34:27,1.9,1500,2570600
20240115,09:34:28,1.9,1500,2570600
20240115,09:34:29,1.9,1700,2570600
20240115,09:34:30,1.95,4000,2570600
20240115,09:34:31,1.95,3100,2570600
20240115,09:34:32,1.9,6500,2570600
20240115,09:34:33,1.9,1600,2570600
20240115,09:34:34,1.9,3000,2570600
20240115,09:34:35,1.9,1600,2570600
20240115,09:34:36,1.9,3100,2570600
20240115,09:34:37,1.9,1550,2570600
20240115,09:34:38,1.9,3400,2570600
20240115,09:34:39,1.9,3050,2570600
20240115,09:34:40,1.9,1550,2570600
20240115,09:34:47,1.9,1800,2570600
20240115,09:34:48,1.9,3850,2570600
20240115,09:34:49,1.9,400,2570600
20240115,09:34:50,1.9,900,2570600
20240115,09:34:53,1.85,100,2570600
20240115,09:34:54,1.85,200,2570600
20240115,09:34:55,1.9,500,2570600
20240115,09:34:59,1.9,50,2570600
20240115,09:35:04,1.9,650,2570600
20240115,09:35:06,1.9,1800,2570600
20240115,09:35:14,1.9,250,2570600
20240115,09:35:24,1.9,500,2570600
20240115,09:35:25,1.9,1800,2570600
20240115,09:35:26,1.85,400,2570600
20240115,09:35:28,1.85,250,2570600
20240115,09:35:29,1.9,1800,2570600
20240115,09:35:31,1.9,1800,2538200
20240115,09:35:31,1.9,500,2538200
20240115,09:35:32,1.9,3600,2538200
20240115,09:35:34,1.9,7300,2538200
20240115,09:35:39,1.9,500,2538200
20240115,09:35:41,1.9,500,2538200
20240115,09:35:43,1.95,300,2538200
20240115,09:35:45,1.9,500,2538200
20240115,09:35:47,1.9,50,2538200
20240115,09:35:48,1.9,450,2538200
20240115,09:35:50,1.9,50,2538200
20240115,09:36:12,1.95,100,2538200
20240115,09:36:17,1.9,50,2538200
20240115,09:36:35,1.9,800,2538200
20240115,09:36:39,1.9,1700,2538200
20240115,09:36:40,1.9,3700,2538200
20240115,09:36:41,1.9,700,2538200
20240115,09:36:42,1.9,50,2538200
20240115,09:36:49,1.85,200,2538200
20240115,09:36:54,1.9,50,2538200
20240115,09:37:07,1.85,400,2538200
20240115,09:37:15,1.9,1000,2538200
20240115,09:37:16,1.9,1050,2538200
20240115,09:37:22,1.9,50,2538200
20240115,09:37:24,1.85,900,2538200
20240115,09:37:29,1.85,1000,2538200
20240115,09:37:31,1.85,1000,2538200
20240115,09:37:47,1.9,200,2538200
20240115,09:37:56,1.9,700,2538200
20240115,09:37:59,1.9,200,2538200
20240115,09:38:01,1.9,50,2538200
20240115,09:38:06,1.85,350,2538200
20240115,09:38:08,1.85,50,2538200
20240115,09:38:10,1.85,1000,2538200
20240115,09:38:15,1.9,1800,2538200
20240115,09:38:17,1.85,500,2538200
20240115,09:38:20,1.9,2150,2538200
20240115,09:38:22,1.9,500,2538200
20240115,09:38:25,1.9,50,2538200
20240115,09:38:37,1.85,500,2543450
20240115,09:38:51,1.9,200,2543450
20240115,09:38:52,1.9,350,2543450
20240115,09:38:53,1.85,150,2543450
20240115,09:38:55,1.9,12150,2543450
20240115,09:38:56,1.9,1800,2543450
20240115,09:38:57,1.9,200,2543450
20240115,09:39:00,1.9,200,2543450
20240115,09:39:01,1.9,200,2543450
20240115,09:39:08,1.9,1800,2543450
20240115,09:39:09,1.9,3600,2543450
20240115,09:39:10,1.9,200,2543450
20240115,09:39:12,1.9,2500,2543450
20240115,09:39:14,1.9,200,2543450
20240115,09:39:15,1.9,200,2543450
20240115,09:39:16,1.9,200,2543450
20240115,09:39:22,1.9,100,2543450
20240115,09:39:24,1.9,300,2543450
20240115,09:39:26,1.9,300,2543450
20240115,09:39:42,1.95,1800,2543450
20240115,09:39:42,1.95,7200,2543450
20240115,09:39:56,1.95,1800,2543450
20240115,09:39:58,1.95,1000,2543450
20240115,09:39:59,1.9,400,2543450
20240115,09:40:14,1.95,5400,2543450
20240115,09:40:16,1.95,400,2543450
20240115,09:40:16,1.95,650,2543450
20240115,09:40:28,1.95,1800,2543450
20240115,09:40:29,1.95,50,2543450
20240115,09:40:33,1.95,500,2543450
20240115,09:40:40,1.95,500,2543450
20240115,09:41:00,1.9,100,2543450
20240115,09:41:05,1.9,400,2543450
20240115,09:41:18,1.9,1800,2543450
20240115,09:41:21,1.9,1800,2543450
20240115,09:41:22,1.9,1350,2543450
20240115,09:41:24,1.9,100,2543450
20240115,09:41:27,1.9,1800,2543450
20240115,09:41:27,1.9,6900,2543450
20240115,09:41:29,1.9,1500,2543450
20240115,09:41:30,1.9,1200,2551800
20240115,09:41:31,1.9,2200,2551800
20240115,09:41:33,1.9,200,2551800
20240115,09:41:34,1.9,900,2551800
20240115,09:41:36,1.9,1500,2551800
20240115,09:41:37,1.9,200,2551800
20240115,09:41:38,1.9,900,2551800
20240115,09:41:39,1.9,2100,2551800
20240115,09:41:40,1.9,1500,2551800
20240115,09:41:42,1.9,3300,2551800
20240115,09:41:43,1.9,250,2551800
20240115,09:41:44,1.9,100,2551800
20240115,09:41:46,1.9,100,2551800
20240115,09:41:49,1.9,1800,2551800
20240115,09:41:50,1.9,1700,2551800
20240115,09:41:51,1.9,2050,2551800
20240115,09:41:52,1.9,1500,2551800
20240115,09:41:53,1.9,350,2551800
20240115,09:41:57,1.85,600,2551800
20240115,09:42:00,1.85,600,2551800
20240115,09:42:04,1.85,17950,2551800
20240115,09:42:06,1.85,2150,2551800
20240115,09:42:10,1.8,500,2551800
20240115,09:42:11,1.85,500,2551800
20240115,09:42:12,1.85,2350,2551800
20240115,09:42:13,1.8,600,2551800
20240115,09:42:17,1.85,50,2551800
20240115,09:42:22,1.9,50,2551800
20240115,09:42:25,1.85,1000,2551800
20240115,09:42:30,1.9,50,2551800
20240115,09:42:31,1.85,1000,2551800
20240115,09:42:33,1.9,50,2551800
20240115,09:42:35,1.9,50,2551800
20240115,09:42:36,1.9,100,2551800
20240115,09:42:39,1.9,650,2551800
20240115,09:42:41,1.9,50,2551800
20240115,09:42:42,1.85,1800,2551800
20240115,09:42:43,1.9,50,2551800
20240115,09:42:45,1.9,150,2551800
20240115,09:42:48,1.9,300,2551800
20240115,09:42:49,1.85,200,2551800
20240115,09:42:51,1.9,650,2551800
20240115,09:42:53,1.9,550,2551800
20240115,09:42:54,1.9,100,2551800
20240115,09:42:55,1.9,650,2551800
20240115,09:42:57,1.9,300,2551800
20240115,09:42:58,1.9,550,2551800
20240115,09:43:00,1.9,100,2551800
20240115,09:43:01,1.9,550,2551800
20240115,09:43:11,1.85,150,2551800
20240115,09:43:13,1.85,800,2551800
20240115,09:43:19,1.85,550,2551800
20240115,09:43:21,1.85,200,2551800
20240115,09:43:24,1.85,200,2551800
20240115,09:43:30,1.85,200,2551800
20240115,09:43:33,1.85,200,2551800
20240115,09:43:36,1.85,2400,2551800
20240115,09:43:37,1.85,600,2551800
20240115,09:43:40,1.85,200,2551800
20240115,09:43:42,1.85,23350,2551800
20240115,09:43:44,1.9,1800,2551800
20240115,09:43:52,1.9,300,2551800
20240115,09:44:04,1.9,1300,2551800
20240115,09:44:05,1.9,1800,2551800
20240115,09:44:06,1.9,1800,2551800
20240115,09:44:07,1.9,3400,2551800
20240115,09:44:22,1.9,250,2551800
20240115,09:44:30,1.9,1800,2554750
20240115,09:44:31,1.9,700,2554750
20240115,09:44:37,1.85,1800,2554750
20240115,09:44:39,1.85,1800,2554750
20240115,09:44:40,1.85,1800,2554750
20240115,09:44:42,1.85,3600,2554750
20240115,09:44:44,1.85,1800,2554750
20240115,09:44:46,1.85,1800,2554750
20240115,09:44:47,1.9,3550,2554750
20240115,09:44:48,1.85,1800,2554750
20240115,09:44:50,1.85,1800,2554750
20240115,09:44:51,1.85,1800,2554750
20240115,09:44:53,1.85,1800,2554750
20240115,09:44:55,1.85,1800,2554750
20240115,09:44:56,1.85,1200,2554750
20240115,09:45:01,1.85,3150,2554750
20240115,09:45:03,1.85,3300,2554750
20240115,09:45:04,1.85,650,2554750
20240115,09:45:05,1.85,2600,2554750
20240115,09:45:06,1.85,300,2554750
20240115,09:45:07,1.85,250,2554750
20240115,09:45:10,1.85,1850,2554750
20240115,09:45:11,1.85,1050,2554750
20240115,09:45:12,1.8,2100,2554750
20240115,09:45:13,1.85,1800,2554750
20240115,09:45:14,1.85,250,2554750
20240115,09:45:15,1.85,2550,2554750
20240115,09:45:17,1.8,1800,2554750
20240115,09:45:19,1.8,1800,2554750
20240115,09:45:21,1.8,1800,2554750
20240115,09:45:22,1.8,1900,2554750
20240115,09:45:23,1.8,1800,2554750
20240115,09:45:24,1.8,5900,2554750
20240115,09:45:26,1.8,1800,2554750
20240115,09:45:28,1.8,1800,2554750
20240115,09:45:31,1.85,2100,2554750
20240115,09:45:32,1.8,1800,2554750
20240115,09:45:35,1.8,1800,2554750
20240115,09:45:37,1.8,1800,2554750
20240115,09:45:40,1.8,1800,2554750
20240115,09:45:42,1.8,1800,2554750
20240115,09:45:44,1.85,3900,2554750
20240115,09:45:45,1.8,11050,2554750
20240115,09:45:46,1.8,1800,2554750
20240115,09:45:48,1.8,1800,2554750
20240115,09:45:50,1.8,1800,2554750
20240115,09:45:51,1.85,1400,2554750
20240115,09:45:52,1.8,1850,2554750
20240115,09:45:54,1.8,2700,2554750
20240115,09:45:55,1.8,400,2554750
20240115,09:45:56,1.8,500,2554750
20240115,09:45:57,1.8,650,2554750
20240115,09:45:58,1.75,1800,2554750
20240115,09:45:59,1.8,50,2554750
20240115,09:46:01,1.75,1850,2554750
20240115,09:46:03,1.8,50,2554750
20240115,09:46:04,1.8,2150,2554750
20240115,09:46:06,1.75,1800,2554750
20240115,09:46:08,1.75,4300,2554750
20240115,09:46:09,1.8,950,2554750
20240115,09:46:10,1.8,2450,2554750
20240115,09:46:11,1.8,550,2554750
20240115,09:46:12,1.75,2050,2554750
20240115,09:46:13,1.75,2300,2554750
20240115,09:46:15,1.75,1800,2554750
20240115,09:46:17,1.8,12250,2554750
20240115,09:46:18,1.8,1800,2554750
20240115,09:46:20,1.8,8750,2554750
20240115,09:46:21,1.8,50,2554750
20240115,09:46:23,1.8,5500,2554750
20240115,09:46:27,1.75,1800,2554750
20240115,09:46:29,1.75,1800,2554750
20240115,09:46:31,1.8,450,2554750
20240115,09:46:32,1.8,2650,2554750
20240115,09:46:34,1.75,1800,2554750
20240115,09:46:35,1.8,450,2554750
20240115,09:46:36,1.75,1800,2554750
20240115,09:46:38,1.8,450,2554750
20240115,09:46:40,1.75,1800,2554750
20240115,09:46:42,1.75,1800,2554750
20240115,09:46:55,1.75,1800,2554750
20240115,09:46:59,1.75,50,2554750
20240115,09:47:01,1.75,1800,2554750
20240115,09:47:02,1.75,2300,2554750
20240115,09:47:04,1.75,1800,2554750
20240115,09:47:05,1.75,1800,2554750
20240115,09:47:06,1.75,1800,2554750
20240115,09:47:13,1.8,750,2554750
20240115,09:47:15,1.8,3800,2554750
20240115,09:47:17,1.75,1800,2554750
20240115,09:47:19,1.75,3600,2554750
20240115,09:47:22,1.75,1800,2554750
20240115,09:47:25,1.8,1800,2554750
20240115,09:47:27,1.8,50,2554750
20240115,09:47:30,1.75,1800,2554750
20240115,09:47:32,1.8,3800,2645050
20240115,09:47:34,1.75,1800,2645050
20240115,09:47:37,1.75,1800,2645050
20240115,09:47:39,1.75,2150,2645050
20240115,09:47:40,1.75,1800,2645050
20240115,09:47:43,1.75,2700,2645050
20240115,09:47:51,1.8,50,2645050
20240115,09:48:00,1.8,3950,2645050
20240115,09:48:00,1.75,1800,2645050
20240115,09:48:02,1.75,1800,2645050
20240115,09:48:02,1.8,3600,2645050
20240115,09:48:04,1.8,2050,2645050
20240115,09:48:05,1.75,3600,2645050
20240115,09:48:06,1.8,5500,2645050
20240115,09:48:06,1.75,1800,2645050
20240115,09:48:07,1.75,1800,2645050
20240115,09:48:08,1.75,5400,2645050
20240115,09:48:09,1.75,5400,2645050
20240115,09:48:10,1.75,3600,2645050
20240115,09:48:12,1.8,3600,2645050
20240115,09:48:13,1.8,3600,2645050
20240115,09:48:14,1.75,3600,2645050
20240115,09:48:14,1.75,1800,2645050
20240115,09:48:15,1.8,4400,2645050
20240115,09:48:16,1.75,1800,2645050
20240115,09:48:18,1.8,1200,2645050
20240115,09:48:19,1.75,2100,2645050
20240115,09:48:21,1.8,2900,2645050
20240115,09:48:23,1.75,3300,2645050
20240115,09:48:25,1.8,900,2645050
20240115,09:48:26,1.75,200,2645050
20240115,09:48:28,1.75,50,2645050
20240115,09:48:38,1.75,200,2645050
20240115,09:48:42,1.75,1800,2645050
20240115,09:48:44,1.75,3600,2645050
20240115,09:48:46,1.75,3600,2645050
20240115,09:48:46,1.75,1800,2645050
20240115,09:48:47,1.75,1800,2645050
20240115,09:48:49,1.75,2300,2645050
20240115,09:48:50,1.75,3650,2645050
20240115,09:48:51,1.75,1800,2645050
20240115,09:48:52,1.8,5050,2645050
20240115,09:48:52,1.7,1800,2645050
20240115,09:48:54,1.75,8750,2645050
20240115,09:48:56,1.75,5400,2645050
20240115,09:48:58,1.75,3600,2645050
20240115,09:48:59,1.75,1800,2645050
20240115,09:49:00,1.7,4150,2645050
20240115,09:49:02,1.75,1950,2645050
20240115,09:49:03,1.75,1950,2645050
20240115,09:49:04,1.75,1150,2645050
20240115,09:49:05,1.75,1000,2645050
20240115,09:49:06,1.75,200,2645050
20240115,09:49:08,1.75,1300,2645050
20240115,09:49:10,1.75,50,2645050
20240115,09:49:11,1.75,500,2645050
20240115,09:49:13,1.75,1550,2645050
20240115,09:49:15,1.75,550,2645050
20240115,09:49:16,1.75,1100,2645050
20240115,09:49:17,1.75,250,2645050
20240115,09:49:18,1.75,2000,2645050
20240115,09:49:19,1.75,300,2645050
20240115,09:49:23,1.75,1700,2645050
20240115,09:49:24,1.75,400,2645050
20240115,09:49:26,1.75,900,2645050
20240115,09:49:29,1.75,50,2645050
20240115,09:49:29,1.75,1800,2645050
20240115,09:49:30,1.75,1800,2645050
20240115,09:49:32,1.75,1800,2645050
20240115,09:49:33,1.75,1800,2645050
20240115,09:49:34,1.75,500,2645050
20240115,09:49:36,1.75,1050,2645050
20240115,09:49:42,1.75,500,2645050
20240115,09:49:43,1.75,2000,2645050
20240115,09:49:44,1.75,500,2645050
20240115,09:49:47,1.7,50,2645050
20240115,09:49:51,1.75,1800,2645050
20240115,09:49:59,1.75,1500,2645050
20240115,09:50:02,1.75,1800,2645050
20240115,09:50:03,1.75,1800,2645050
20240115,09:50:04,1.75,1500,2645050
20240115,09:50:05,1.75,1800,2645050
20240115,09:50:07,1.75,50,2645050
20240115,09:50:08,1.7,1900,2645050
20240115,09:50:09,1.75,1800,2645050
20240115,09:50:16,1.75,1800,2645050
20240115,09:50:16,1.75,2100,2645050
20240115,09:50:17,1.75,1800,2645050
20240115,09:50:18,1.75,1800,2645050
20240115,09:50:20,1.75,2800,2645050
20240115,09:50:21,1.75,800,2645050
20240115,09:50:21,1.75,1000,2645050
20240115,09:50:23,1.75,600,2645050
20240115,09:50:24,1.75,1000,2645050
20240115,09:50:27,1.75,600,2645050
20240115,09:50:30,1.75,500,2645050
20240115,09:50:32,1.75,50,2733050
20240115,09:50:32,1.75,550,2733050
20240115,09:50:35,1.75,2000,2733050
20240115,09:50:37,1.75,1500,2733050
20240115,09:50:39,1.75,650,2733050
20240115,09:50:41,1.75,100,2733050
20240115,09:50:42,1.75,1500,2733050
20240115,09:50:44,1.75,1650,2733050
20240115,09:50:44,1.75,2500,2733050
20240115,09:50:45,1.75,7950,2733050
20240115,09:50:46,1.75,750,2733050
20240115,09:50:56,1.75,1800,2733050
20240115,09:51:00,1.8,50,2733050
20240115,09:51:01,1.75,50,2733050
20240115,09:51:03,1.8,50,2733050
20240115,09:51:06,1.8,200,2733050
20240115,09:51:07,1.8,600,2733050
20240115,09:51:09,1.8,100,2733050
20240115,09:51:11,1.8,2000,2733050
20240115,09:51:12,1.8,500,2733050
20240115,09:51:17,1.8,50,2733050
20240115,09:51:18,1.75,1800,2733050
20240115,09:51:20,1.75,1800,2733050
20240115,09:51:23,1.75,1900,2733050
20240115,09:51:27,1.75,1800,2733050
20240115,09:51:28,1.75,1800,2733050
20240115,09:51:29,1.75,1000,2733050
20240115,09:51:30,1.75,2800,2733050
20240115,09:51:32,1.75,2300,2733050
20240115,09:51:33,1.8,800,2733050
20240115,09:51:34,1.75,1800,2733050
20240115,09:51:35,1.75,1800,2733050
20240115,09:51:36,1.75,1800,2733050
20240115,09:51:39,1.75,1800,2733050
20240115,09:51:40,1.8,100,2733050
20240115,09:51:41,1.75,1800,2733050
20240115,09:51:42,1.75,1800,2733050
20240115,09:51:48,1.75,1800,2733050
20240115,09:51:52,1.75,1800,2733050
20240115,09:51:54,1.75,1800,2733050
20240115,09:51:56,1.75,1800,2733050
20240115,09:51:57,1.75,1800,2733050
20240115,09:51:58,1.75,1800,2733050
20240115,09:52:00,1.75,1850,2733050
20240115,09:52:02,1.75,2600,2733050
20240115,09:52:02,1.75,1800,2733050
20240115,09:52:03,1.75,3600,2733050
20240115,09:52:04,1.75,350,2733050
20240115,09:52:06,1.75,3600,2733050
20240115,09:52:06,1.75,2850,2733050
20240115,09:52:08,1.75,7600,2733050
20240115,09:52:10,1.75,3600,2733050
20240115,09:52:10,1.75,7900,2733050
20240115,09:52:11,1.75,1800,2733050
20240115,09:52:13,1.7,1800,2733050
20240115,09:52:14,1.7,3600,2733050
20240115,09:52:14,1.75,7950,2733050
20240115,09:52:15,1.75,2150,2733050
20240115,09:52:16,1.75,950,2733050
20240115,09:52:17,1.75,2700,2733050
20240115,09:52:18,1.75,50,2733050
20240115,09:52:19,1.7,1800,2733050
20240115,09:52:21,1.7,1850,2733050
20240115,09:52:21,1.75,1100,2733050
20240115,09:52:22,1.7,2150,2733050
20240115,09:52:24,1.7,1800,2733050
20240115,09:52:27,1.7,2000,2733050
20240115,09:52:29,1.75,2500,2733050
20240115,09:52:30,1.7,5300,2733050
20240115,09:52:32,1.7,3600,2733050
20240115,09:52:33,1.7,1800,2733050
20240115,09:52:34,1.7,2100,2733050
20240115,09:52:36,1.7,1800,2733050
20240115,09:52:37,1.7,9900,2733050
20240115,09:52:39,1.7,10800,2733050
20240115,09:52:40,1.7,3600,2733050
20240115,09:52:41,1.65,1800,2733050
20240115,09:52:42,1.7,50,2733050
20240115,09:52:47,1.7,100,2733050
20240115,09:52:49,1.65,1800,2733050
20240115,09:52:50,1.65,1800,2733050
20240115,09:52:51,1.65,1800,2733050
20240115,09:52:53,1.65,1800,2733050
20240115,09:52:54,1.7,1800,2733050
20240115,09:52:55,1.65,1800,2733050
20240115,09:52:58,1.65,1950,2733050
20240115,09:53:00,1.65,1800,2733050
20240115,09:53:01,1.7,2000,2733050
20240115,09:53:02,1.65,1800,2733050
20240115,09:53:03,1.65,1800,2733050
20240115,09:53:05,1.65,800,2733050
20240115,09:53:06,1.65,4150,2733050
20240115,09:53:08,1.65,200,2733050
20240115,09:53:10,1.7,50,2733050
20240115,09:53:12,1.65,200,2733050
20240115,09:53:17,1.7,3700,2733050
20240115,09:53:19,1.65,1800,2733050
20240115,09:53:21,1.65,1800,2733050
20240115,09:53:22,1.7,23600,2733050
20240115,09:53:23,1.7,1800,2733050
20240115,09:53:27,1.7,1800,2733050
20240115,09:53:28,1.7,1200,2733050
20240115,09:53:29,1.75,1850,2733050
20240115,09:53:31,1.7,1850,2733050
20240115,09:53:34,1.7,1800,2847850
20240115,09:53:36,1.7,1800,2847850
20240115,09:53:38,1.7,1800,2847850
20240115,09:53:39,1.75,200,2847850
20240115,09:53:40,1.7,2400,2847850
20240115,09:53:41,1.75,600,2847850
20240115,09:53:42,1.7,1800,2847850
20240115,09:53:43,1.7,1800,2847850
20240115,09:53:44,1.7,3600,2847850
20240115,09:53:46,1.7,1800,2847850
20240115,09:53:47,1.7,1800,2847850
20240115,09:53:48,1.7,1800,2847850
20240115,09:53:49,1.7,1000,2847850
20240115,09:53:50,1.7,3600,2847850
20240115,09:53:51,1.7,1800,2847850
20240115,09:53:52,1.7,1800,2847850
20240115,09:53:53,1.7,4600,2847850
20240115,09:53:54,1.7,3850,2847850
20240115,09:53:55,1.7,850,2847850
20240115,09:53:56,1.7,5800,2847850
20240115,09:53:58,1.7,4500,2847850
20240115,09:53:59,1.7,250,2847850
20240115,09:54:00,1.7,6150,2847850
20240115,09:54:03,1.7,1800,2847850
20240115,09:54:04,1.7,1800,2847850
20240115,09:54:06,1.7,2100,2847850
20240115,09:54:08,1.7,1800,2847850
20240115,09:54:10,1.7,2300,2847850
20240115,09:54:12,1.7,1800,2847850
20240115,09:54:13,1.7,500,2847850
20240115,09:54:14,1.7,1800,2847850
20240115,09:54:15,1.75,500,2847850
20240115,09:54:16,1.7,1800,2847850
20240115,09:54:17,1.75,1000,2847850
20240115,09:54:18,1.7,1800,2847850
20240115,09:54:23,1.75,4950,2847850
20240115,09:54:24,1.75,1650,2847850
20240115,09:54:27,1.75,50,2847850
20240115,09:54:29,1.75,5000,2847850
20240115,09:54:38,1.7,1800,2847850
20240115,09:54:40,1.7,1800,2847850
20240115,09:54:42,1.7,1800,2847850
20240115,09:54:44,1.7,1800,2847850
20240115,09:54:46,1.7,1400,2847850
20240115,09:54:57,1.7,650,2847850
20240115,09:55:00,1.65,500,2847850
20240115,09:55:04,1.65,200,2847850
20240115,09:55:08,1.65,200,2847850
20240115,09:55:14,1.65,3600,2847850
20240115,09:55:15,1.65,13850,2847850
20240115,09:55:16,1.6,19850,2847850
20240115,09:55:17,1.6,11650,2847850
20240115,09:55:18,1.6,15400,2847850
20240115,09:55:19,1.6,9700,2847850
20240115,09:55:20,1.6,4500,2847850
20240115,09:55:21,1.6,5200,2847850
20240115,09:55:22,1.6,600,2847850
20240115,09:55:25,1.6,2550,2847850
20240115,09:55:28,1.6,850,2847850
20240115,09:55:30,1.6,50,2847850
20240115,09:55:37,1.6,7700,2847850
20240115,09:55:38,1.6,6300,2847850
20240115,09:55:39,1.6,5450,2847850
20240115,09:55:40,1.6,12600,2847850
20240115,09:55:41,1.6,11250,2847850
20240115,09:55:42,1.6,6150,2847850
20240115,09:55:43,1.6,250,2847850
20240115,09:55:44,1.6,800,2847850
20240115,09:55:51,1.6,500,2847850
20240115,09:55:52,1.65,3000,2847850
20240115,09:55:53,1.6,1000,2847850
20240115,09:55:54,1.6,2000,2847850
20240115,09:55:55,1.6,1050,2847850
20240115,09:55:57,1.6,3000,2847850
20240115,09:55:58,1.55,250,2847850
20240115,09:56:00,1.6,1800,2847850
20240115,09:56:06,1.6,50,2847850
20240115,09:56:07,1.6,300,2847850
20240115,09:56:09,1.6,300,2847850
20240115,09:56:16,1.6,100,2847850
20240115,09:56:19,1.55,1000,2847850
20240115,09:56:20,1.55,50,2847850
20240115,09:56:25,1.55,150,2847850
20240115,09:56:34,1.55,800,2858550
20240115,09:56:43,1.55,250,2858550
20240115,09:56:44,1.6,250,2858550
20240115,09:56:45,1.6,400,2858550
20240115,09:56:52,1.6,100,2858550
20240115,09:57:00,1.6,6000,2858550
20240115,09:57:01,1.6,100,2858550
20240115,09:57:02,1.6,250,2858550
20240115,09:57:03,1.6,1500,2858550
20240115,09:57:12,1.55,500,2858550
20240115,09:57:17,1.55,700,2858550
20240115,09:57:21,1.55,400,2858550
20240115,09:57:30,1.55,300,2858550
20240115,09:57:34,1.55,200,2858550
20240115,09:57:35,1.55,400,2858550
20240115,09:57:38,1.55,50,2858550
20240115,09:57:42,1.6,50,2858550
20240115,09:57:42,1.55,1100,2858550
20240115,09:58:00,1.55,200,2858550
20240115,09:58:12,1.6,150,2858550
20240115,09:58:24,1.6,50,2858550
20240115,09:58:31,1.6,250,2858550
20240115,09:58:57,1.55,100,2858550
20240115,09:59:33,1.55,800,2858450
20240115,09:59:43,1.55,50,2858450
20240115,09:59:46,1.6,500,2858450
20240115,09:59:48,1.6,50,2858450
20240115,09:59:55,1.6,100,2858450
20240115,09:59:56,1.55,1000,2858450
20240115,10:00:01,1.6,200,2858450
20240115,10:00:01,1.6,1500,2858450
20240115,10:00:06,1.55,200,2858450
20240115,10:00:16,1.55,1650,2858450
20240115,10:00:20,1.6,100,2858450
20240115,10:00:24,1.6,50,2858450
20240115,10:00:25,1.6,650,2858450
20240115,10:00:34,1.6,4800,2858450
20240115,10:00:34,1.55,50,2858450
20240115,10:00:36,1.55,250,2858450
20240115,10:00:38,1.55,2650,2858450
20240115,10:00:39,1.55,13050,2858450
20240115,10:00:44,1.55,250,2858450
20240115,10:00:47,1.55,100,2858450
20240115,10:00:56,1.55,300,2858450
20240115,10:01:02,1.55,900,2858450
20240115,10:01:06,1.55,1000,2858450
20240115,10:01:10,1.55,700,2858450
20240115,10:01:13,1.5,750,2858450
20240115,10:01:14,1.5,550,2858450
20240115,10:01:15,1.55,450,2858450
20240115,10:01:24,1.55,12600,2858450
20240115,10:01:24,1.55,12500,2858450
20240115,10:01:25,1.55,2150,2858450
20240115,10:01:27,1.6,150,2858450
20240115,10:01:40,1.55,500,2858450
20240115,10:01:43,1.55,1800,2858450
20240115,10:01:49,1.55,50,2858450
20240115,10:01:57,1.55,300,2858450
20240115,10:01:58,1.55,1500,2858450
20240115,10:01:59,1.55,1850,2858450
20240115,10:02:03,1.5,500,2858450
20240115,10:02:06,1.55,1800,2858450
20240115,10:02:08,1.5,950,2858450
20240115,10:02:09,1.5,950,2858450
20240115,10:02:11,1.5,1300,2858450
20240115,10:02:11,1.55,100,2858450
20240115,10:02:14,1.5,1000,2858450
20240115,10:02:37,1.5,1000,2833000
20240115,10:02:38,1.5,2800,2833000
20240115,10:02:39,1.5,1000,2833000
20240115,10:02:41,1.5,500,2833000
20240115,10:02:47,1.55,1800,2833000
20240115,10:02:48,1.55,1800,2833000
20240115,10:02:49,1.55,3300,2833000
20240115,10:02:49,1.5,1000,2833000
20240115,10:02:50,1.55,1800,2833000
20240115,10:02:52,1.55,500,2833000
20240115,10:02:56,1.55,1050,2833000
20240115,10:03:06,1.55,1800,2833000
20240115,10:03:22,1.55,1800,2833000
20240115,10:03:23,1.55,9000,2833000
20240115,10:03:24,1.55,17050,2833000
20240115,10:03:25,1.55,5750,2833000
20240115,10:03:29,1.55,500,2833000
20240115,10:03:41,1.6,400,2833000
20240115,10:03:49,1.55,900,2833000
20240115,10:03:50,1.55,1800,2833000
20240115,10:03:51,1.55,250,2833000
20240115,10:03:52,1.55,900,2833000
20240115,10:03:53,1.55,3200,2833000
20240115,10:03:54,1.55,250,2833000
20240115,10:03:55,1.55,400,2833000
20240115,10:03:57,1.55,3500,2833000
20240115,10:03:58,1.55,250,2833000
20240115,10:04:02,1.55,450,2833000
20240115,10:04:12,1.55,250,2833000
20240115,10:04:13,1.55,350,2833000
20240115,10:04:16,1.6,500,2833000
20240115,10:04:21,1.6,1800,2833000
20240115,10:04:27,1.6,150,2833000
20240115,10:04:31,1.55,50,2833000
20240115,10:04:35,1.6,1800,2833000
20240115,10:04:37,1.6,10600,2833000
20240115,10:04:39,1.6,1800,2833000
20240115,10:04:40,1.6,1800,2833000
20240115,10:04:43,1.6,500,2833000
20240115,10:04:44,1.6,1800,2833000
20240115,10:04:46,1.55,100,2833000
20240115,10:04:48,1.55,50,2833000
20240115,10:04:49,1.6,1800,2833000
20240115,10:04:52,1.6,1200,2833000
20240115,10:04:54,1.55,300,2833000
20240115,10:05:11,1.6,1800,2833000
20240115,10:05:12,1.6,3600,2833000
20240115,10:05:13,1.6,2550,2833000
20240115,10:05:14,1.6,950,2833000
20240115,10:05:15,1.6,50,2833000
20240115,10:05:16,1.6,400,2833000
20240115,10:05:17,1.6,50,2833000
20240115,10:05:18,1.6,50,2833000
20240115,10:05:19,1.65,400,2833000
20240115,10:05:21,1.6,1000,2833000
20240115,10:05:27,1.65,1800,2833000
20240115,10:05:28,1.65,1800,2833000
20240115,10:05:30,1.65,1800,2833000
20240115,10:05:37,1.65,500,2807700
20240115,10:05:49,1.6,250,2807700
20240115,10:05:57,1.6,950,2807700
20240115,10:05:58,1.6,1000,2807700
20240115,10:05:59,1.6,1000,2807700
20240115,10:06:00,1.6,1000,2807700
20240115,10:06:02,1.6,50,2807700
20240115,10:06:03,1.65,7200,2807700
20240115,10:06:04,1.65,7200,2807700
20240115,10:06:05,1.65,16900,2807700
20240115,10:06:06,1.65,3600,2807700
20240115,10:06:07,1.65,900,2807700
20240115,10:06:09,1.65,250,2807700
20240115,10:06:10,1.7,50,2807700
20240115,10:06:11,1.7,100,2807700
20240115,10:06:13,1.65,5450,2807700
20240115,10:06:14,1.65,18750,2807700
20240115,10:06:15,1.6,250,2807700
20240115,10:06:16,1.65,900,2807700
20240115,10:06:17,1.65,50,2807700
20240115,10:06:18,1.65,850,2807700
20240115,10:06:19,1.65,50,2807700
20240115,10:06:20,1.65,50,2807700
20240115,10:06:26,1.65,50,2807700
20240115,10:06:39,1.65,50,2807700
20240115,10:06:50,1.65,500,2807700
20240115,10:06:54,1.7,500,2807700
20240115,10:07:00,1.7,1800,2807700
20240115,10:07:01,1.7,1800,2807700
20240115,10:07:02,1.7,1850,2807700
20240115,10:07:03,1.7,500,2807700
20240115,10:07:04,1.7,14400,2807700
20240115,10:07:08,1.7,2500,2807700
20240115,10:07:11,1.7,5400,2807700
20240115,10:07:12,1.7,2950,2807700
20240115,10:07:13,1.7,1700,2807700
20240115,10:07:17,1.7,3800,2807700
20240115,10:07:18,1.7,2600,2807700
20240115,10:07:21,1.7,250,2807700
20240115,10:07:22,1.7,250,2807700
20240115,10:07:24,1.7,1200,2807700
20240115,10:07:32,1.7,2700,2807700
20240115,10:07:33,1.7,3600,2807700
20240115,10:07:34,1.7,1850,2807700
20240115,10:07:35,1.65,50,2807700
20240115,10:07:38,1.65,1800,2807700
20240115,10:07:40,1.65,1800,2807700
20240115,10:07:42,1.65,1800,2807700
20240115,10:07:44,1.65,1800,2807700
20240115,10:07:46,1.65,1800,2807700
20240115,10:07:48,1.65,1800,2807700
20240115,10:07:50,1.7,1850,2807700
20240115,10:07:52,1.65,1800,2807700
20240115,10:07:54,1.65,1800,2807700
20240115,10:07:56,1.65,1800,2807700
20240115,10:07:57,1.7,7200,2807700
20240115,10:07:58,1.7,12600,2807700
20240115,10:07:59,1.7,1950,2807700
20240115,10:08:00,1.65,150,2807700
20240115,10:08:01,1.7,900,2807700
20240115,10:08:02,1.7,50,2807700
20240115,10:08:08,1.7,500,2807700
20240115,10:08:13,1.7,100,2807700
20240115,10:08:29,1.7,50,2807700
20240115,10:08:41,1.7,1100,2770050
20240115,10:08:49,1.65,1800,2770050
20240115,10:08:52,1.65,1800,2770050
20240115,10:08:54,1.65,1800,2770050
20240115,10:08:55,1.65,1800,2770050
20240115,10:09:10,1.7,50,2770050
20240115,10:09:11,1.7,300,2770050
20240115,10:09:12,1.65,950,2770050
20240115,10:09:13,1.7,100,2770050
20240115,10:09:16,1.65,500,2770050
20240115,10:09:19,1.7,500,2770050
20240115,10:09:30,1.65,1800,2770050
20240115,10:09:33,1.7,100,2770050
20240115,10:09:36,1.7,1500,2770050
20240115,10:09:38,1.7,100,2770050
20240115,10:09:43,1.7,1000,2770050
20240115,10:09:44,1.7,14400,2770050
20240115,10:09:45,1.7,7200,2770050
20240115,10:10:17,1.7,50,2770050
20240115,10:10:33,1.7,1000,2770050
20240115,10:10:39,1.7,900,2770050
20240115,10:10:40,1.7,5550,2770050
20240115,10:10:43,1.7,250,2770050
20240115,10:10:48,1.7,500,2770050
20240115,10:10:49,1.65,100,2770050
20240115,10:11:03,1.7,50,2770050
20240115,10:11:06,1.7,50,2770050
20240115,10:11:10,1.65,1000,2770050
20240115,10:11:16,1.7,4650,2770050
20240115,10:11:32,1.7,500,2770050
20240115,10:12:07,1.7,550,2791400
20240115,10:12:08,1.7,250,2791400
20240115,10:12:11,1.7,1200,2791400
20240115,10:12:16,1.7,850,2791400
20240115,10:12:16,1.7,500,2791400
20240115,10:12:18,1.7,3300,2791400
20240115,10:12:21,1.75,600,2791400
20240115,10:12:28,1.7,2550,2791400
20240115,10:12:36,1.7,600,2791400
20240115,10:12:45,1.7,1650,2791400
20240115,10:12:50,1.75,500,2791400
20240115,10:12:51,1.7,2000,2791400
20240115,10:12:53,1.7,800,2791400
20240115,10:12:53,1.7,500,2791400
20240115,10:12:57,1.7,1800,2791400
20240115,10:12:58,1.7,1800,2791400
20240115,10:12:59,1.7,400,2791400
20240115,10:13:00,1.7,1950,2791400
20240115,10:13:03,1.75,1000,2791400
20240115,10:13:09,1.7,1800,2791400
20240115,10:13:13,1.7,1800,2791400
20240115,10:13:15,1.75,750,2791400
20240115,10:13:16,1.75,1250,2791400
20240115,10:13:24,1.7,100,2791400
20240115,10:13:25,1.75,1000,2791400
20240115,10:13:31,1.75,500,2791400
20240115,10:13:33,1.75,250,2791400
20240115,10:13:39,1.75,50,2791400
20240115,10:13:42,1.7,300,2791400
20240115,10:14:00,1.7,900,2791400
20240115,10:14:02,1.7,850,2791400
20240115,10:14:13,1.7,400,2791400
20240115,10:14:14,1.7,250,2791400
20240115,10:14:16,1.7,250,2791400
20240115,10:14:17,1.7,250,2791400
20240115,10:14:19,1.7,250,2791400
20240115,10:14:20,1.7,450,2791400
20240115,10:14:23,1.7,400,2791400
20240115,10:14:29,1.65,1000,2791400
20240115,10:14:36,1.65,100,2793250
20240115,10:14:37,1.7,400,2793250
20240115,10:14:46,1.7,500,2793250
20240115,10:15:00,1.7,50,2793250
20240115,10:15:09,1.7,1650,2793250
20240115,10:15:10,1.7,250,2793250
20240115,10:15:13,1.65,3350,2793250
20240115,10:15:16,1.65,150,2793250
20240115,10:15:26,1.7,50,2793250
20240115,10:16:11,1.7,300,2793250
20240115,10:16:19,1.7,100,2793250
20240115,10:16:20,1.7,150,2793250
20240115,10:16:23,1.65,100,2793250
20240115,10:16:39,1.7,1250,2793250
20240115,10:16:45,1.65,1800,2793250
20240115,10:16:46,1.65,400,2793250
20240115,10:16:47,1.65,100,2793250
20240115,10:16:59,1.65,1800,2793250
20240115,10:17:07,1.65,50,2793250
20240115,10:17:16,1.7,4000,2793250
20240115,10:17:17,1.7,50,2793250
20240115,10:17:20,1.65,1800,2793250
20240115,10:17:21,1.65,400,2793250
20240115,10:17:23,1.65,1800,2793250
20240115,10:17:27,1.65,1800,2793250
20240115,10:17:31,1.65,1800,2793250
20240115,10:17:33,1.65,1800,2793250
20240115,10:17:35,1.65,1800,2802050
20240115,10:17:37,1.65,1800,2802050
20240115,10:17:39,1.65,1800,2802050
20240115,10:17:41,1.65,1800,2802050
20240115,10:17:42,1.65,3600,2802050
20240115,10:17:43,1.65,1800,2802050
20240115,10:17:44,1.65,1800,2802050
20240115,10:17:45,1.65,3000,2802050
20240115,10:17:46,1.65,12600,2802050
20240115,10:17:47,1.65,1800,2802050
20240115,10:17:49,1.7,3850,2802050
20240115,10:17:50,1.65,1800,2802050
20240115,10:17:52,1.65,2100,2802050
20240115,10:17:53,1.65,2200,2802050
20240115,10:17:54,1.65,50,2802050
20240115,10:17:55,1.65,300,2802050
20240115,10:17:57,1.65,300,2802050
20240115,10:17:58,1.65,50,2802050
20240115,10:17:59,1.65,1050,2802050
20240115,10:18:00,1.65,700,2802050
20240115,10:18:02,1.65,750,2802050
20240115,10:18:03,1.65,250,2802050
20240115,10:18:04,1.65,300,2802050
20240115,10:18:05,1.65,250,2802050
20240115,10:18:10,1.65,300,2802050
20240115,10:18:11,1.65,5400,2802050
20240115,10:18:12,1.65,500,2802050
20240115,10:18:13,1.65,1550,2802050
20240115,10:18:27,1.65,200,2802050
20240115,10:18:36,1.65,1100,2802050
20240115,10:18:46,1.65,50,2802050
20240115,10:19:04,1.7,200,2802050
20240115,10:19:21,1.7,3600,2802050
20240115,10:19:23,1.65,1800,2802050
20240115,10:19:24,1.7,50,2802050
20240115,10:19:25,1.65,1800,2802050
20240115,10:19:29,1.65,1800,2802050
20240115,10:19:30,1.65,1800,2802050
20240115,10:19:33,1.65,1800,2802050
20240115,10:19:34,1.65,1800,2802050
20240115,10:19:36,1.65,1800,2802050
20240115,10:19:39,1.65,1800,2802050
20240115,10:19:40,1.65,1800,2802050
20240115,10:19:43,1.65,1800,2802050
20240115,10:19:44,1.65,1800,2802050
20240115,10:19:47,1.65,1800,2802050
20240115,10:19:49,1.65,1800,2802050
20240115,10:19:51,1.65,1800,2802050
20240115,10:19:52,1.65,50,2802050
20240115,10:19:59,1.65,1800,2802050
20240115,10:20:01,1.65,1800,2802050
20240115,10:20:03,1.65,1800,2802050
20240115,10:20:06,1.65,1800,2802050
20240115,10:20:07,1.65,1800,2802050
20240115,10:20:09,1.65,1800,2802050
20240115,10:20:11,1.65,1800,2802050
20240115,10:20:13,1.65,1800,2802050
20240115,10:20:15,1.65,5100,2802050
20240115,10:20:16,1.65,300,2802050
20240115,10:20:16,1.65,850,2802050
20240115,10:20:17,1.65,50,2802050
20240115,10:20:19,1.6,1800,2802050
20240115,10:20:20,1.65,50,2802050
20240115,10:20:21,1.6,1800,2802050
20240115,10:20:23,1.6,1800,2802050
20240115,10:20:24,1.6,1800,2802050
20240115,10:20:25,1.65,300,2802050
20240115,10:20:26,1.6,1800,2802050
20240115,10:20:27,1.6,1800,2802050
20240115,10:20:28,1.6,1800,2802050
20240115,10:20:29,1.6,900,2802050
20240115,10:20:30,1.6,1800,2802050
20240115,10:20:32,1.6,2800,2802050
20240115,10:20:34,1.65,500,2802050
20240115,10:20:35,1.65,300,2802050
20240115,10:20:36,1.65,3350,2881050
20240115,10:20:37,1.65,250,2881050
20240115,10:20:39,1.6,1800,2881050
20240115,10:20:40,1.6,3200,2881050
20240115,10:20:42,1.6,1800,2881050
20240115,10:20:45,1.6,1800,2881050
20240115,10:20:47,1.6,1800,2881050
20240115,10:20:48,1.6,1800,2881050
20240115,10:20:49,1.6,1000,2881050
20240115,10:20:51,1.65,1850,2881050
20240115,10:20:55,1.6,1000,2881050
20240115,10:21:04,1.65,600,2881050
20240115,10:21:12,1.65,600,2881050
20240115,10:21:12,1.65,100,2881050
20240115,10:21:17,1.65,1800,2881050
20240115,10:21:18,1.65,1800,2881050
20240115,10:21:19,1.65,1800,2881050
20240115,10:21:20,1.65,2400,2881050
20240115,10:21:22,1.65,1800,2881050
20240115,10:21:26,1.6,1000,2881050
20240115,10:21:27,1.65,1000,2881050
20240115,10:21:34,1.6,1000,2881050
20240115,10:21:37,1.65,500,2881050
20240115,10:21:40,1.6,2800,2881050
20240115,10:21:41,1.65,1800,2881050
20240115,10:21:44,1.6,1800,2881050
20240115,10:21:51,1.65,300,2881050
20240115,10:21:56,1.65,300,2881050
20240115,10:22:01,1.65,100,2881050
20240115,10:22:02,1.65,800,2881050
20240115,10:22:03,1.65,250,2881050
20240115,10:22:04,1.65,250,2881050
20240115,10:22:05,1.65,1000,2881050
20240115,10:22:08,1.65,250,2881050
20240115,10:22:10,1.65,250,2881050
20240115,10:22:12,1.6,1500,2881050
20240115,10:22:15,1.65,300,2881050
20240115,10:22:16,1.6,1450,2881050
20240115,10:22:18,1.6,200,2881050
20240115,10:22:36,1.65,1300,2881050
20240115,10:22:37,1.65,250,2881050
20240115,10:22:38,1.6,1050,2881050
20240115,10:22:39,1.65,250,2881050
20240115,10:22:42,1.65,300,2881050
20240115,10:22:43,1.65,1000,2881050
20240115,10:22:45,1.65,2050,2881050
20240115,10:22:46,1.65,400,2881050
20240115,10:22:47,1.65,1250,2881050
20240115,10:23:00,1.65,250,2881050
20240115,10:23:10,1.65,600,2881050
20240115,10:23:14,1.65,3600,2881050
20240115,10:23:15,1.65,1650,2881050
20240115,10:23:16,1.65,18250,2881050
20240115,10:23:17,1.65,1000,2881050
20240115,10:23:18,1.65,4450,2881050
20240115,10:23:19,1.65,250,2881050
20240115,10:23:21,1.65,50,2881050
20240115,10:23:28,1.65,1000,2881050
20240115,10:23:55,1.7,50,2881050
20240115,10:24:25,1.65,1800,2896600
20240115,10:24:28,1.7,150,2896600
20240115,10:24:29,1.65,1800,2896600
20240115,10:24:31,1.65,1800,2896600
20240115,10:24:32,1.65,4800,2896600
20240115,10:24:33,1.65,10450,2896600
20240115,10:24:34,1.6,1800,2896600
20240115,10:24:36,1.65,1800,2896600
20240115,10:24:48,1.6,900,2896600
20240115,10:24:56,1.65,1800,2896600
20240115,10:25:05,1.6,50,2896600
20240115,10:25:12,1.6,500,2896600
20240115,10:25:23,1.65,50,2896600
20240115,10:25:26,1.65,16200,2896600
20240115,10:25:27,1.65,1800,2896600
20240115,10:25:28,1.6,200,2896600
20240115,10:25:30,1.65,300,2896600
20240115,10:25:34,1.65,300,2896600
20240115,10:25:38,1.65,1200,2896600
20240115,10:25:44,1.65,150,2896600
20240115,10:26:00,1.65,50,2896600
20240115,10:26:15,1.6,50,2896600
20240115,10:26:28,1.65,500,2896600
20240115,10:26:37,1.6,50,2874250
20240115,10:26:39,1.6,50,2874250
20240115,10:27:42,1.6,50,2874250
20240115,10:28:10,1.65,50,2874250
20240115,10:28:17,1.65,100,2874250
20240115,10:28:39,1.65,50,2874250
20240115,10:28:45,1.65,1800,2874250
20240115,10:29:12,1.6,1800,2874250
20240115,10:29:23,1.65,1000,2874250
20240115,10:29:35,1.65,5400,2874250
20240115,10:29:36,1.65,21600,2874250
20240115,10:29:37,1.7,550,2873750
20240115,10:29:38,1.65,100,2873750
20240115,10:29:39,1.7,100,2873750
20240115,10:29:40,1.65,50,2873750
20240115,10:29:42,1.65,1250,2873750
20240115,10:29:43,1.65,50,2873750
20240115,10:29:46,1.65,11800,2873750
20240115,10:29:47,1.65,1400,2873750
20240115,10:29:59,1.65,1800,2873750
20240115,10:30:00,1.65,9200,2873750
20240115,10:30:01,1.7,1650,2873750
20240115,10:30:05,1.65,4700,2873750
20240115,10:30:06,1.65,3600,2873750
20240115,10:30:24,1.65,100,2873750
20240115,10:30:44,1.65,500,2873750
20240115,10:30:48,1.65,400,2873750
20240115,10:31:09,1.6,50,2873750
20240115,10:31:28,1.6,500,2873750
20240115,10:31:29,1.65,200,2873750
20240115,10:31:30,1.65,750,2873750
20240115,10:31:40,1.65,200,2873750
20240115,10:31:46,1.65,3300,2873750
20240115,10:31:48,1.65,2050,2873750
20240115,10:31:50,1.65,550,2873750
20240115,10:32:13,1.65,50,2873750
20240115,10:32:19,1.65,100,2873750
20240115,10:32:24,1.65,1200,2873750
20240115,10:32:26,1.65,100,2873750
20240115,10:32:28,1.6,50,2873750
20240115,10:32:42,1.65,50,2873750
20240115,10:32:58,1.6,1000,2881800
20240115,10:32:59,1.65,500,2881800
20240115,10:33:00,1.65,500,2881800
20240115,10:33:03,1.65,14350,2881800
20240115,10:33:06,1.7,400,2881800
20240115,10:33:10,1.65,2650,2881800
20240115,10:33:11,1.65,3600,2881800
20240115,10:33:13,1.65,1800,2881800
20240115,10:33:20,1.65,2300,2881800
20240115,10:33:21,1.65,350,2881800
20240115,10:33:42,1.6,50,2881800
20240115,10:34:17,1.6,200,2881800
20240115,10:35:01,1.65,200,2881800
20240115,10:35:13,1.65,5100,2881800
20240115,10:35:13,1.65,6700,2881800
20240115,10:35:21,1.65,500,2881800
20240115,10:35:21,1.65,29400,2881800
20240115,10:35:22,1.65,1500,2881800
20240115,10:35:23,1.65,1800,2881800
20240115,10:35:26,1.65,6200,2881800
20240115,10:35:27,1.65,2550,2881800
20240115,10:35:28,1.6,50,2881800
20240115,10:35:38,1.6,200,2881800
20240115,10:35:39,1.65,15000,2822550
20240115,10:35:44,1.65,1500,2822550
20240115,10:35:45,1.65,150,2822550
20240115,10:35:47,1.65,6700,2822550
20240115,10:35:49,1.7,50,2822550
20240115,10:35:50,1.65,100,2822550
20240115,10:35:55,1.65,900,2822550
20240115,10:36:11,1.65,1850,2822550
20240115,10:36:28,1.65,50,2822550
20240115,10:36:29,1.65,2200,2822550
20240115,10:36:32,1.65,600,2822550
20240115,10:36:34,1.65,350,2822550
20240115,10:36:35,1.65,300,2822550
20240115,10:36:36,1.65,300,2822550
20240115,10:36:37,1.65,350,2822550
20240115,10:36:38,1.65,1050,2822550
20240115,10:36:39,1.65,300,2822550
20240115,10:36:41,1.65,2400,2822550
20240115,10:36:42,1.65,750,2822550
20240115,10:36:43,1.65,400,2822550
20240115,10:36:44,1.65,250,2822550
20240115,10:36:45,1.65,250,2822550
20240115,10:36:48,1.65,800,2822550
20240115,10:36:49,1.65,150,2822550
20240115,10:36:50,1.65,1500,2822550
20240115,10:36:52,1.65,2450,2822550
20240115,10:36:53,1.65,250,2822550
20240115,10:36:54,1.65,900,2822550
20240115,10:37:03,1.7,50,2822550
20240115,10:37:07,1.65,500,2822550
20240115,10:37:19,1.65,900,2822550
20240115,10:37:20,1.65,400,2822550
20240115,10:37:21,1.65,250,2822550
20240115,10:37:22,1.65,850,2822550
20240115,10:37:23,1.65,500,2822550
20240115,10:37:25,1.65,500,2822550
20240115,10:37:28,1.65,250,2822550
20240115,10:37:29,1.65,50,2822550
20240115,10:37:35,1.65,750,2822550
20240115,10:37:36,1.65,1800,2822550
20240115,10:37:37,1.65,400,2822550
20240115,10:37:38,1.65,250,2822550
20240115,10:37:40,1.65,150,2822550
20240115,10:37:46,1.7,250,2822550
20240115,10:37:47,1.7,5000,2822550
20240115,10:38:00,1.7,400,2822550
20240115,10:38:14,1.65,250,2822550
20240115,10:38:21,1.65,250,2822550
20240115,10:38:22,1.65,250,2822550
20240115,10:38:24,1.7,50,2822550
20240115,10:38:25,1.65,250,2822550
20240115,10:38:30,1.65,300,2822550
20240115,10:38:39,1.65,250,2788050
20240115,10:38:42,1.65,50,2788050
20240115,10:38:57,1.65,50,2788050
20240115,10:39:10,1.7,50,2788050
20240115,10:39:11,1.7,50,2788050
20240115,10:39:12,1.7,50,2788050
20240115,10:39:13,1.7,300,2788050
20240115,10:39:30,1.65,1800,2788050
20240115,10:39:32,1.65,400,2788050
20240115,10:40:03,1.65,1800,2788050
20240115,10:40:18,1.65,1150,2788050
20240115,10:40:37,1.65,200,2788050
20240115,10:40:39,1.65,200,2788050
20240115,10:40:42,1.65,1500,2788050
20240115,10:40:44,1.7,50,2788050
20240115,10:40:45,1.7,50,2788050
20240115,10:40:47,1.7,50,2788050
20240115,10:40:48,1.7,50,2788050
20240115,10:40:49,1.7,50,2788050
20240115,10:40:50,1.7,50,2788050
20240115,10:40:51,1.7,100,2788050
20240115,10:40:52,1.7,50,2788050
20240115,10:40:53,1.7,50,2788050
20240115,10:40:54,1.7,50,2788050
20240115,10:40:55,1.7,150,2788050
20240115,10:41:00,1.65,50,2788050
20240115,10:41:06,1.65,100,2788050
20240115,10:41:09,1.65,200,2788050
20240115,10:41:25,1.65,750,2788050
20240115,10:41:29,1.65,50,2788050
20240115,10:41:32,1.65,50,2788050
20240115,10:41:49,1.65,50,2792150
20240115,10:41:54,1.65,100,2792150
20240115,10:41:55,1.65,100,2792150
20240115,10:41:58,1.65,100,2792150
20240115,10:41:58,1.65,50,2792150
20240115,10:41:59,1.65,800,2792150
20240115,10:42:00,1.65,300,2792150
20240115,10:42:01,1.65,100,2792150
20240115,10:42:03,1.65,100,2792150
20240115,10:42:04,1.65,250,2792150
20240115,10:42:06,1.65,250,2792150
20240115,10:42:07,1.65,250,2792150
20240115,10:42:09,1.65,250,2792150
20240115,10:42:10,1.65,250,2792150
20240115,10:42:12,1.65,1550,2792150
20240115,10:42:14,1.65,450,2792150
20240115,10:42:18,1.65,50,2792150
20240115,10:42:19,1.7,50,2792150
20240115,10:42:20,1.7,50,2792150
20240115,10:42:22,1.7,300,2792150
20240115,10:42:23,1.7,50,2792150
20240115,10:42:24,1.7,50,2792150
20240115,10:42:30,1.65,1800,2792150
20240115,10:42:33,1.65,1450,2792150
20240115,10:42:34,1.65,3800,2792150
20240115,10:42:39,1.6,100,2792150
20240115,10:42:40,1.6,50,2792150
20240115,10:42:55,1.6,250,2792150
20240115,10:43:00,1.6,13000,2792150
20240115,10:43:07,1.65,50,2792150
20240115,10:43:14,1.6,8000,2792150
20240115,10:43:25,1.65,800,2792150
20240115,10:43:42,1.65,50,2792150
20240115,10:44:01,1.6,50,2792150
20240115,10:44:08,1.65,2150,2792150
20240115,10:44:23,1.65,50,2792150
20240115,10:44:27,1.65,500,2792150
20240115,10:44:43,1.6,500,2792150
20240115,10:44:45,1.65,1000,2788450
20240115,10:44:46,1.65,2350,2788450
20240115,10:45:31,1.6,800,2788450
20240115,10:46:01,1.65,15000,2788450
20240115,10:46:02,1.65,1150,2788450
20240115,10:46:37,1.6,50,2788450
20240115,10:49:19,1.6,150,2788450
20240115,10:49:44,1.65,100,2774000
20240115,10:49:51,1.65,1800,2774000
20240115,10:49:58,1.65,50,2774000
20240115,10:49:59,1.6,1800,2774000
20240115,10:50:00,1.6,50,2774000
20240115,10:50:10,1.65,1000,2774000
20240115,10:50:11,1.65,2050,2774000
20240115,10:50:40,1.65,500,2775000
20240115,10:51:15,1.65,250,2775000
20240115,10:51:17,1.65,1800,2775000
20240115,10:51:18,1.65,7450,2775000
20240115,10:51:40,1.7,50,2775000
20240115,10:51:44,1.7,200,2775000
20240115,10:51:47,1.7,250,2775000
20240115,10:52:16,1.7,900,2775000
20240115,10:52:22,1.7,150,2775000
20240115,10:52:46,1.7,50,2775000
20240115,10:52:51,1.7,250,2775000
20240115,10:52:53,1.65,900,2775000
20240115,10:53:09,1.7,50,2775000
20240115,10:53:10,1.7,100,2775000
20240115,10:53:11,1.7,50,2775000
20240115,10:53:12,1.7,50,2775000
20240115,10:53:15,1.7,50,2775000
20240115,10:53:42,1.7,150,2775000
20240115,10:53:55,1.7,150,2775000
20240115,10:53:58,1.7,150,2775000
20240115,10:54:20,1.7,450,2775000
20240115,10:54:31,1.7,1800,2775000
20240115,10:54:32,1.7,1800,2775000
20240115,10:54:41,1.7,50,2775000
20240115,10:54:44,1.65,150,2775000
20240115,10:55:22,1.7,50,2775000
20240115,10:55:27,1.7,50,2775000
20240115,10:55:28,1.65,100,2775000
20240115,10:55:41,1.7,400,2775000
20240115,10:55:48,1.7,1500,2775000
20240115,10:55:49,1.7,3300,2775000
20240115,10:55:49,1.7,1800,2775000
20240115,10:55:50,1.7,3300,2775000
20240115,10:55:51,1.7,13200,2775000
20240115,10:55:52,1.7,2700,2775000
20240115,10:55:54,1.7,250,2775000
20240115,10:55:56,1.7,4450,2775000
20240115,10:56:00,1.75,750,2775000
20240115,10:56:02,1.75,100,2775000
20240115,10:56:06,1.7,50,2775000
20240115,10:56:07,1.7,1500,2775000
20240115,10:56:08,1.7,50,2775000
20240115,10:56:12,1.7,50,2775000
20240115,10:56:13,1.75,100,2775000
20240115,10:56:15,1.7,600,2775000
20240115,10:56:15,1.7,250,2775000
20240115,10:56:17,1.7,250,2775000
20240115,10:56:18,1.7,250,2775000
20240115,10:56:19,1.7,500,2775000
20240115,10:56:20,1.7,600,2775000
20240115,10:56:21,1.7,600,2775000
20240115,10:56:36,1.7,2400,2775000
20240115,10:56:37,1.7,300,2775000
20240115,10:56:43,1.7,300,2776100
20240115,10:56:44,1.7,600,2776100
20240115,10:56:45,1.7,1200,2776100
20240115,10:56:46,1.7,50,2776100
20240115,10:56:46,1.7,200,2776100
20240115,10:56:47,1.7,950,2776100
20240115,10:56:48,1.7,700,2776100
20240115,10:56:49,1.7,750,2776100
20240115,10:56:50,1.7,1250,2776100
20240115,10:56:51,1.7,1100,2776100
20240115,10:56:53,1.7,300,2776100
20240115,10:56:56,1.7,250,2776100
20240115,10:56:56,1.75,4800,2776100
20240115,10:56:57,1.7,450,2776100
20240115,10:56:58,1.7,1200,2776100
20240115,10:57:01,1.7,250,2776100
20240115,10:57:02,1.7,100,2776100
20240115,10:57:03,1.7,250,2776100
20240115,10:57:04,1.7,1250,2776100
20240115,10:57:05,1.7,750,2776100
20240115,10:57:07,1.7,50,2776100
20240115,10:57:08,1.7,900,2776100
20240115,10:57:09,1.7,300,2776100
20240115,10:57:10,1.7,1000,2776100
20240115,10:57:11,1.7,250,2776100
20240115,10:57:13,1.7,250,2776100
20240115,10:57:15,1.7,1100,2776100
20240115,10:57:20,1.7,1350,2776100
20240115,10:57:22,1.7,400,2776100
20240115,10:57:23,1.7,7800,2776100
20240115,10:57:24,1.7,750,2776100
20240115,10:57:31,1.7,6350,2776100
20240115,10:57:32,1.7,800,2776100
20240115,10:57:37,1.7,300,2776100
20240115,10:57:39,1.7,50,2776100
20240115,10:57:43,1.75,1050,2776100
20240115,10:57:45,1.75,300,2776100
20240115,10:57:55,1.75,50,2776100
20240115,10:58:16,1.7,1450,2776100
20240115,10:58:19,1.7,1000,2776100
20240115,10:58:48,1.7,500,2776100
20240115,10:59:05,1.7,600,2776100
20240115,10:59:26,1.75,50,2776100
20240115,10:59:36,1.75,50,2776100
20240115,10:59:38,1.7,200,2776100
20240115,10:59:41,1.75,2000,2774300
20240115,10:59:45,1.75,2000,2774300
20240115,10:59:50,1.75,850,2774300
20240115,10:59:51,1.75,650,2774300
20240115,10:59:52,1.75,2100,2774300
20240115,10:59:58,1.7,100,2774300
20240115,11:00:00,1.7,900,2774300
20240115,11:00:01,1.7,1000,2774300
20240115,11:00:04,1.75,1300,2774300
20240115,11:00:30,1.7,500,2774300
20240115,11:00:31,1.7,600,2774300
20240115,11:00:48,1.7,150,2774300
20240115,11:00:51,1.7,100,2774300
20240115,11:01:34,1.75,50,2774300
20240115,11:01:46,1.75,1800,2774300
20240115,11:01:47,1.75,3600,2774300
20240115,11:01:59,1.75,9600,2774300
20240115,11:02:00,1.75,650,2774300
20240115,11:02:01,1.75,4650,2774300
20240115,11:02:03,1.8,150,2774300
20240115,11:02:07,1.75,50,2774300
20240115,11:02:11,1.75,350,2774300
20240115,11:02:12,1.75,100,2774300
20240115,11:02:13,1.75,550,2774300
20240115,11:02:18,1.75,250,2774300
20240115,11:02:19,1.75,5700,2774300
20240115,11:03:08,1.7,50,2773900
20240115,11:04:02,1.75,50,2773900
20240115,11:04:07,1.75,50,2773900
20240115,11:04:38,1.7,500,2773900
20240115,11:04:46,1.75,500,2773900
20240115,11:04:47,1.75,500,2773900
20240115,11:04:50,1.7,500,2773900
20240115,11:05:10,1.7,50,2773900
20240115,11:05:25,1.7,500,2773900
20240115,11:05:26,1.7,500,2773900
20240115,11:06:01,1.75,500,2773900
20240115,11:06:03,1.75,1800,2773900
20240115,11:06:04,1.75,26100,2773900
20240115,11:06:06,1.75,1800,2773900
20240115,11:06:09,1.75,1800,2773900
20240115,11:06:11,1.75,3850,2773900
20240115,11:06:12,1.75,1800,2773900
20240115,11:06:13,1.75,2000,2773900
20240115,11:06:20,1.7,850,2773900
20240115,11:08:08,1.75,5000,2773900
20240115,11:09:27,1.7,1000,2768550
20240115,11:09:44,1.75,200,2768550
20240115,11:10:13,1.7,200,2768550
20240115,11:10:28,1.7,150,2768550
20240115,11:10:30,1.75,150,2768550
20240115,11:11:40,1.7,150,2768550
20240115,11:11:52,1.75,500,2768550
20240115,11:12:19,1.75,200,2768550
20240115,11:12:47,1.7,500,2768550
20240115,11:13:29,1.75,2500,2768550
20240115,11:14:10,1.75,50,2768550
20240115,11:15:06,1.7,500,2766050
20240115,11:15:09,1.75,100,2766050
20240115,11:15:11,1.75,100,2766050
20240115,11:15:14,1.75,50,2766050
20240115,11:15:15,1.75,1000,2766050
20240115,11:15:19,1.75,100,2766050
20240115,11:15:22,1.75,100,2766050
20240115,11:15:27,1.75,100,2766050
20240115,11:15:27,1.75,50,2766050
20240115,11:15:31,1.75,50,2766050
20240115,11:15:32,1.75,100,2766050
20240115,11:15:37,1.75,150,2766050
20240115,11:15:42,1.75,350,2766050
20240115,11:15:49,1.75,550,2766050
20240115,11:15:57,1.75,300,2766050
20240115,11:16:00,1.75,450,2766050
20240115,11:16:07,1.75,450,2766050
20240115,11:16:12,1.75,450,2766050
20240115,11:16:18,1.75,950,2766050
20240115,11:16:20,1.75,300,2766050
20240115,11:16:23,1.75,100,2766050
20240115,11:16:24,1.75,100,2766050
20240115,11:16:25,1.75,8750,2766050
20240115,11:16:26,1.75,5650,2766050
20240115,11:16:27,1.75,4100,2766050
20240115,11:16:28,1.75,9150,2766050
20240115,11:16:30,1.8,3650,2766050
20240115,11:16:34,1.8,1800,2766050
20240115,11:16:37,1.8,900,2766050
20240115,11:16:38,1.8,1800,2766050
20240115,11:16:43,1.75,50,2766050
20240115,11:16:56,1.8,1050,2766050
20240115,11:17:01,1.75,50,2766050
20240115,11:17:10,1.75,50,2766050
20240115,11:17:23,1.75,1400,2766050
20240115,11:17:32,1.75,1250,2766050
20240115,11:17:40,1.75,1800,2766050
20240115,11:17:56,1.75,50,2766150
20240115,11:18:01,1.8,550,2766150
20240115,11:18:09,1.8,3650,2766150
20240115,11:18:10,1.8,9600,2766150
20240115,11:18:11,1.8,50,2766150
20240115,11:18:13,1.8,50,2766150
20240115,11:18:14,1.85,1750,2766150
20240115,11:18:16,1.85,3600,2766150
20240115,11:18:18,1.85,100,2766150
20240115,11:18:23,1.8,50,2766150
20240115,11:18:39,1.8,650,2766150
20240115,11:18:59,1.8,650,2766150
20240115,11:19:04,1.85,750,2766150
20240115,11:19:20,1.8,400,2766150
20240115,11:20:07,1.8,1750,2766150
20240115,11:20:08,1.8,2600,2766150
20240115,11:20:09,1.8,1500,2766150
20240115,11:20:16,1.85,200,2766150
20240115,11:20:20,1.85,200,2766150
20240115,11:20:27,1.8,50,2766150
20240115,11:20:32,1.8,400,2766150
20240115,11:20:35,1.8,250,2766150
20240115,11:20:43,1.8,500,2766150
20240115,11:20:47,1.85,2000,2763800
20240115,11:20:48,1.8,200,2763800
20240115,11:20:49,1.85,1500,2763800
20240115,11:20:50,1.85,1600,2763800
20240115,11:20:51,1.85,19350,2763800
20240115,11:20:52,1.9,9200,2763800
20240115,11:20:53,1.85,600,2763800
20240115,11:20:54,1.85,3400,2763800
20240115,11:20:55,1.85,300,2763800
20240115,11:20:57,1.85,2500,2763800
20240115,11:20:58,1.85,750,2763800
20240115,11:20:59,1.85,550,2763800
20240115,11:21:01,1.85,650,2763800
20240115,11:21:03,1.85,2800,2763800
20240115,11:21:04,1.9,1800,2763800
20240115,11:21:05,1.9,4400,2763800
20240115,11:21:07,1.85,2650,2763800
20240115,11:21:10,1.85,50,2763800
20240115,11:21:15,1.9,1800,2763800
20240115,11:21:34,1.85,1200,2763800
20240115,11:21:40,1.85,200,2763800
20240115,11:21:42,1.85,100,2763800
20240115,11:21:48,1.85,500,2763800
20240115,11:21:54,1.85,3000,2763800
20240115,11:21:58,1.8,1800,2763800
20240115,11:22:02,1.85,3600,2763800
20240115,11:22:03,1.85,2400,2763800
20240115,11:22:19,1.85,200,2763800
20240115,11:22:30,1.85,1800,2763800
20240115,11:22:33,1.85,800,2763800
20240115,11:22:36,1.85,400,2763800
20240115,11:22:38,1.85,300,2763800
20240115,11:22:57,1.85,750,2763800
20240115,11:23:06,1.85,100,2763800
20240115,11:23:14,1.85,400,2763800
20240115,11:23:50,1.85,1800,2763800
20240115,11:23:51,1.85,1800,2752750
20240115,11:23:52,1.85,8500,2752750
20240115,11:23:53,1.85,5650,2752750
20240115,11:24:20,1.9,50,2752750
20240115,11:24:32,1.85,2400,2752750
20240115,11:25:04,1.9,250,2752750
20240115,11:25:51,1.9,1450,2752750
20240115,11:25:54,1.9,50,2752750
20240115,11:25:57,1.9,150,2752750
20240115,11:25:58,1.9,450,2752750
20240115,11:26:12,1.9,50,2752750
20240115,11:26:13,1.9,50,2752750
20240115,11:26:14,1.9,50,2752750
20240115,11:26:15,1.9,50,2752750
20240115,11:26:17,1.9,50,2752750
20240115,11:26:19,1.9,50,2752750
20240115,11:26:21,1.9,50,2752750
20240115,11:26:24,1.9,50,2752750
20240115,11:26:26,1.9,50,2752750
20240115,11:26:28,1.9,100,2752750
20240115,11:26:32,1.9,550,2752750
20240115,11:26:33,1.9,650,2752750
20240115,11:26:36,1.9,450,2752750
20240115,11:26:38,1.9,550,2752750
20240115,11:26:40,1.9,750,2752750
20240115,11:26:42,1.9,750,2752750
20240115,11:26:44,1.9,50,2752750
20240115,11:26:54,1.85,550,2759000
20240115,11:26:57,1.85,650,2759000
20240115,11:26:59,1.9,800,2759000
20240115,11:27:01,1.85,1100,2759000
20240115,11:27:02,1.85,15150,2759000
20240115,11:27:03,1.85,3600,2759000
20240115,11:27:04,1.85,2650,2759000
20240115,11:27:05,1.85,5850,2759000
20240115,11:27:06,1.85,700,2759000
20240115,11:27:07,1.85,650,2759000
20240115,11:27:08,1.85,400,2759000
20240115,11:27:09,1.85,1550,2759000
20240115,11:27:11,1.85,4850,2759000
20240115,11:27:13,1.85,300,2759000
20240115,11:27:14,1.85,700,2759000
20240115,11:27:15,1.85,50,2759000
20240115,11:27:17,1.85,3250,2759000
20240115,11:27:18,1.85,50,2759000
20240115,11:27:24,1.85,1000,2759000
20240115,11:27:26,1.85,400,2759000
20240115,11:27:27,1.85,1800,2759000
20240115,11:27:29,1.85,600,2759000
20240115,11:27:39,1.85,600,2759000
20240115,11:27:40,1.8,300,2759000
20240115,11:28:02,1.8,400,2759000
20240115,11:28:04,1.85,1000,2759000
20240115,11:28:46,1.85,250,2759000
20240115,11:28:50,1.85,1100,2759000
20240115,11:29:00,1.85,600,2759000
20240115,11:29:01,1.8,50,2759000
20240115,11:29:05,1.85,250,2759000
20240115,11:29:05,1.85,1500,2759000
20240115,11:29:09,1.8,50,2759000
20240115,11:29:10,1.8,50,2759000
20240115,11:29:11,1.8,150,2759000
20240115,11:29:12,1.8,150,2759000
20240115,11:29:22,1.8,50,2759000
20240115,11:29:29,1.8,50,2759000
20240115,11:29:39,1.85,350,2759000
20240115,11:29:42,1.85,300,2759000
20240115,11:29:42,1.85,250,2759000
20240115,11:29:46,1.85,250,2758200
20240115,11:29:47,1.85,8200,2758200
20240115,11:29:47,1.9,1800,2758200
20240115,11:29:56,1.85,4700,2758200
20240115,11:29:56,1.85,450,2758200
20240115,11:29:57,1.85,750,2758200
20240115,11:30:01,1.85,500,2758200
20240115,11:30:04,1.85,1800,2758200
20240115,11:30:15,1.85,750,2758200
20240115,11:30:24,1.85,250,2758200
20240115,11:30:28,1.85,3600,2758200
20240115,11:30:29,1.85,8100,2758200
20240115,11:30:35,1.85,1800,2758200
20240115,11:30:37,1.85,1800,2758200
20240115,11:30:47,1.85,650,2758200
20240115,11:30:50,1.85,50,2758200
20240115,11:30:57,1.85,1000,2758200
20240115,11:30:59,1.85,1450,2758200
20240115,11:31:00,1.85,50,2758200
20240115,11:31:10,1.85,450,2758200
20240115,11:31:14,1.85,650,2758200
20240115,11:31:40,1.85,50,2758200
20240115,11:32:30,1.85,350,2758200
20240115,11:32:45,1.8,4600,2758200
20240115,11:33:07,1.8,50,2758300
20240115,11:33:31,1.8,1800,2758300
20240115,11:33:43,1.8,1800,2758300
20240115,11:33:44,1.8,2200,2758300
20240115,11:33:45,1.8,4000,2758300
20240115,11:34:02,1.85,50,2758300
20240115,11:34:04,1.8,2000,2758300
20240115,11:34:26,1.85,700,2758300
20240115,11:34:34,1.85,5950,2758300
20240115,11:34:35,1.85,50,2758300
20240115,11:35:27,1.8,100,2758300
20240115,11:35:43,1.8,50,2758300
20240115,11:35:49,1.8,750,2758700
20240115,11:36:07,1.8,950,2758700
20240115,11:36:16,1.8,400,2758700
20240115,11:36:28,1.8,200,2758700
20240115,11:36:29,1.8,1800,2758700
20240115,11:36:44,1.8,50,2758700
20240115,11:37:10,1.85,5400,2758700
20240115,11:37:13,1.85,800,2758700
20240115,11:37:13,1.85,400,2758700
20240115,11:37:17,1.8,1000,2758700
20240115,11:37:18,1.85,100,2758700
20240115,11:37:37,1.85,50,2758700
20240115,11:37:45,1.85,50,2758700
20240115,11:37:47,1.85,50,2758700
20240115,11:37:51,1.85,100,2758700
20240115,11:38:24,1.85,50,2758700
20240115,11:38:40,1.8,500,2758700
20240115,11:38:56,1.8,800,2758350
20240115,11:39:30,1.8,50,2758350
20240115,11:39:40,1.8,200,2758350
20240115,11:39:49,1.8,100,2758350
20240115,11:39:49,1.85,1800,2758350
20240115,11:39:51,1.85,200,2758350
20240115,11:40:10,1.8,150,2758350
20240115,11:40:33,1.85,50,2758350
20240115,11:41:14,1.85,50,2758350
20240115,11:41:20,1.8,200,2758350
20240115,11:41:20,1.8,400,2758350
20240115,11:41:23,1.85,600,2758350
20240115,11:41:55,1.85,1000,2758350
20240115,11:42:02,1.85,500,2758900
20240115,11:42:26,1.85,1000,2758900
20240115,11:42:45,1.8,250,2758900
20240115,11:42:48,1.8,6200,2758900
20240115,11:43:00,1.8,1800,2758900
20240115,11:43:34,1.85,250,2758900
20240115,11:43:35,1.85,2500,2758900
20240115,11:43:36,1.85,250,2758900
20240115,11:43:37,1.8,100,2758900
20240115,11:44:47,1.85,200,2758900
20240115,11:45:01,1.85,800,2756500
20240115,11:45:03,1.85,300,2756500
20240115,11:45:12,1.8,200,2756500
20240115,11:45:13,1.85,1500,2756500
20240115,11:45:15,1.8,50,2756500
20240115,11:45:22,1.85,100,2756500
20240115,11:46:02,1.85,500,2756500
20240115,11:46:09,1.8,500,2756500
20240115,11:46:14,1.85,50,2756500
20240115,11:46:39,1.8,500,2756500
20240115,11:47:03,1.8,50,2756500
20240115,11:47:18,1.85,300,2756500
20240115,11:47:21,1.8,50,2756500
20240115,11:47:38,1.8,200,2756500
20240115,11:47:38,1.8,50,2756500
20240115,11:47:55,1.8,600,2756500
20240115,11:48:05,1.8,50,2756250
20240115,11:48:57,1.85,250,2756250
20240115,11:49:36,1.8,300,2756250
20240115,11:49:38,1.8,300,2756250
20240115,11:49:40,1.8,300,2756250
20240115,11:49:41,1.8,550,2756250
20240115,11:49:44,1.8,550,2756250
20240115,11:49:45,1.85,200,2756250
20240115,11:49:49,1.8,100,2756250
20240115,11:49:51,1.8,550,2756250
20240115,11:49:54,1.85,500,2756250
20240115,11:49:55,1.8,450,2756250
20240115,11:50:01,1.8,500,2756250
20240115,11:50:10,1.8,550,2756250
20240115,11:50:31,1.85,500,2756250
20240115,11:50:40,1.85,50,2756250
20240115,11:50:52,1.85,200,2756250
20240115,11:51:33,1.8,350,2756250
20240115,11:51:34,1.8,100,2756250
20240115,11:51:38,1.8,1000,2756250
20240115,11:51:41,1.8,1000,2756250
20240115,11:51:50,1.85,50,2756250
20240115,11:51:52,1.85,50,2756250
20240115,11:51:54,1.85,50,2756250
20240115,11:51:57,1.85,50,2756250
20240115,11:52:00,1.85,50,2756250
20240115,11:52:02,1.85,50,2756250
20240115,11:52:03,1.8,100,2756250
20240115,11:52:04,1.85,950,2756250
20240115,11:52:07,1.85,50,2756250
20240115,11:52:08,1.85,200,2756250
20240115,11:52:09,1.8,3000,2756250
20240115,11:52:11,1.85,100,2756250
20240115,11:52:13,1.85,550,2756250
20240115,11:52:15,1.85,500,2756250
20240115,11:52:16,1.85,450,2756250
20240115,11:52:20,1.85,300,2756250
20240115,11:52:23,1.85,450,2756250
20240115,11:52:28,1.85,100,2756250
20240115,11:52:30,1.85,550,2756250
20240115,11:52:34,1.85,750,2756250
20240115,11:52:38,1.85,550,2756250
20240115,11:53:19,1.85,13500,2756250
20240115,11:53:38,1.8,200,2756250
20240115,11:54:30,1.85,50,2756250
20240115,11:54:49,1.8,50,2743750
20240115,11:55:01,1.85,800,2743750
20240115,11:55:38,1.8,100,2743750
20240115,11:56:01,1.8,3600,2743750
20240115,11:56:03,1.8,9000,2743750
20240115,11:56:04,1.8,5400,2743750
20240115,11:56:05,1.75,5400,2743750
20240115,11:56:06,1.75,2700,2743750
20240115,11:56:08,1.8,50,2743750
20240115,11:56:09,1.8,50,2743750
20240115,11:56:13,1.8,50,2743750
20240115,11:56:19,1.8,50,2743750
20240115,11:56:21,1.8,100,2743750
20240115,11:56:24,1.8,500,2743750
20240115,11:56:33,1.75,300,2743750
20240115,11:56:37,1.8,250,2743750
20240115,11:56:47,1.75,350,2743750
20240115,11:56:54,1.8,1000,2765200
20240115,11:57:05,1.75,900,2765200
20240115,11:57:24,1.8,850,2765200
20240115,11:57:29,1.8,200,2765200
20240115,11:57:35,1.8,250,2765200
20240115,11:58:07,1.8,1800,2765200
20240115,11:58:17,1.8,950,2765200
20240115,11:58:18,1.8,4450,2765200
20240115,11:58:19,1.8,6900,2765200
20240115,11:58:29,1.85,1800,2765200
20240115,11:58:34,1.8,100,2765200
20240115,11:58:41,1.8,19350,2765200
20240115,11:58:44,1.8,6200,2765200
20240115,11:58:53,1.85,1600,2765200
20240115,11:58:54,1.85,1800,2765200
20240115,11:58:55,1.8,50,2765200
20240115,11:58:58,1.85,1800,2765200
20240115,11:58:59,1.85,2800,2765200
20240115,11:59:00,1.85,500,2765200
20240115,11:59:01,1.85,100,2765200
20240115,11:59:04,1.85,1000,2765200
20240115,11:59:05,1.85,3600,2765200
20240115,11:59:07,1.85,1800,2765200
20240115,11:59:09,1.85,1800,2765200
20240115,11:59:10,1.85,3250,2765200
20240115,11:59:12,1.85,1950,2765200
20240115,11:59:14,1.85,7600,2765200
20240115,11:59:14,1.85,4150,2765200
20240115,11:59:15,1.85,550,2765200
20240115,11:59:16,1.9,1800,2765200
20240115,11:59:21,1.85,2000,2765200
20240115,11:59:23,1.9,1250,2765200
20240115,11:59:26,1.9,3450,2765200
20240115,11:59:27,1.9,6900,2765200
20240115,11:59:28,1.9,3300,2765200
20240115,11:59:28,1.9,1600,2765200
20240115,11:59:31,1.95,150,2765200
20240115,11:59:32,1.95,1800,2765200
20240115,11:59:33,1.95,2900,2765200
20240115,11:59:47,1.95,1000,2765200
20240115,11:59:52,1.95,3600,2783850
20240115,11:59:53,1.9,2250,2783850
20240115,12:00:00,1.9,3600,2783850
20240115,12:00:02,1.95,5200,2783850
20240115,12:00:04,1.95,1800,2783850
20240115,12:00:06,1.95,1500,2783850
20240115,12:00:07,1.95,11450,2783850
20240115,12:00:10,1.95,450,2783850
20240115,12:00:11,1.95,8450,2783850
20240115,12:00:12,1.95,2550,2783850
20240115,12:00:13,1.9,500,2783850
20240115,12:00:17,1.9,100,2783850
20240115,12:00:21,1.9,100,2783850
20240115,12:00:23,1.9,1550,2783850
20240115,12:00:25,1.9,100,2783850
20240115,12:00:26,1.95,4000,2783850
20240115,12:00:27,1.95,1500,2783850
20240115,12:00:29,1.9,1000,2783850
20240115,12:00:30,1.95,1500,2783850
20240115,12:00:32,1.95,1600,2783850
20240115,12:00:32,1.95,1800,2783850
20240115,12:00:33,1.95,1250,2783850
20240115,12:00:37,1.95,100,2783850
20240115,12:00:41,1.95,300,2783850
20240115,12:00:45,1.95,1200,2783850
20240115,12:00:47,1.95,600,2783850
20240115,12:00:52,1.95,8200,2783850
20240115,12:00:53,1.95,100,2783850
20240115,12:00:56,1.95,100,2783850
20240115,12:01:00,2.0,1900,2783850
20240115,12:01:04,1.95,1000,2783850
20240115,12:01:05,1.95,100,2783850
20240115,12:01:05,2.0,50,2783850
20240115,12:01:08,1.95,100,2783850
20240115,12:01:12,1.95,100,2783850
20240115,12:01:12,1.95,15250,2783850
20240115,12:01:16,1.9,100,2783850
20240115,12:01:17,1.95,1800,2783850
20240115,12:01:18,1.95,8500,2783850
20240115,12:01:19,1.95,3600,2783850
20240115,12:01:20,1.95,15400,2783850
20240115,12:01:21,1.95,1800,2783850
20240115,12:01:26,1.9,100,2783850
20240115,12:01:28,1.9,100,2783850
20240115,12:01:32,1.9,100,2783850
20240115,12:01:36,1.9,100,2783850
20240115,12:01:40,1.9,100,2783850
20240115,12:01:44,1.9,300,2783850
20240115,12:01:53,1.9,14400,2783850
20240115,12:01:55,1.9,100,2783850
20240115,12:01:59,1.9,100,2783850
20240115,12:02:01,1.9,1800,2783850
20240115,12:02:03,1.9,1900,2783850
20240115,12:02:04,1.9,1800,2783850
20240115,12:02:06,1.9,1800,2783850
20240115,12:02:07,1.9,1900,2783850
20240115,12:02:08,1.9,18600,2783850
20240115,12:02:09,1.85,2300,2783850
20240115,12:02:11,1.85,100,2783850
20240115,12:02:12,1.9,600,2783850
20240115,12:02:13,1.9,3600,2783850
20240115,12:02:15,1.85,100,2783850
20240115,12:02:16,1.9,3600,2783850
20240115,12:02:18,1.9,4550,2783850
20240115,12:02:19,1.85,1000,2783850
20240115,12:02:20,1.9,1950,2783850
20240115,12:02:23,1.85,100,2783850
20240115,12:02:26,1.9,1900,2783850
20240115,12:02:28,1.9,1800,2783850
20240115,12:02:30,1.95,10800,2783850
20240115,12:02:31,1.9,6600,2783850
20240115,12:02:34,1.95,1800,2783850
20240115,12:02:35,1.95,1800,2783850
20240115,12:02:36,1.95,1800,2783850
20240115,12:02:37,1.9,3600,2783850
20240115,12:02:38,1.95,1800,2783850
20240115,12:02:52,1.9,150,2813250
20240115,12:02:53,1.95,300,2813250
20240115,12:02:56,1.95,550,2813250
20240115,12:02:57,1.9,250,2813250
20240115,12:03:01,1.9,2250,2813250
20240115,12:03:05,1.95,100,2813250
20240115,12:03:07,1.95,300,2813250
20240115,12:03:13,1.95,300,2813250
20240115,12:03:17,1.95,550,2813250
20240115,12:03:22,1.9,300,2813250
20240115,12:03:24,1.95,550,2813250
20240115,12:03:28,1.95,550,2813250
20240115,12:03:48,1.95,250,2813250
20240115,12:03:51,1.9,1800,2813250
20240115,12:03:53,1.9,1800,2813250
20240115,12:03:56,1.9,1800,2813250
20240115,12:03:58,1.9,1800,2813250
20240115,12:03:59,1.9,1300,2813250
20240115,12:04:01,1.95,2100,2813250
20240115,12:04:03,1.9,3250,2813250
20240115,12:04:44,1.9,250,2813250
20240115,12:04:45,1.9,250,2813250
20240115,12:04:48,1.95,250,2813250
20240115,12:04:59,1.9,400,2813250
20240115,12:05:01,1.95,1850,2813250
20240115,12:05:02,1.9,250,2813250
20240115,12:05:04,1.9,400,2813250
20240115,12:05:08,1.9,400,2813250
20240115,12:05:30,1.9,900,2813250
20240115,12:05:49,1.95,500,2813250
20240115,12:06:01,1.95,1200,2813250
20240115,12:06:07,1.9,1800,2822850
20240115,12:06:08,1.9,150,2822850
20240115,12:06:09,1.9,1000,2822850
20240115,12:06:11,1.9,3600,2822850
20240115,12:06:13,1.9,1600,2822850
20240115,12:06:31,1.9,50,2822850
20240115,12:06:32,1.85,100,2822850
20240115,12:06:36,1.85,100,2822850
20240115,12:06:40,1.85,100,2822850
20240115,12:06:44,1.85,100,2822850
20240115,12:06:48,1.9,250,2822850
20240115,12:06:49,1.85,100,2822850
20240115,12:06:53,1.85,100,2822850
20240115,12:06:57,1.85,100,2822850
20240115,12:07:01,1.9,700,2822850
20240115,12:07:05,1.85,100,2822850
20240115,12:07:07,1.9,200,2822850
20240115,12:07:08,1.9,3300,2822850
20240115,12:07:09,1.85,100,2822850
20240115,12:07:10,1.9,2200,2822850
20240115,12:07:11,1.9,1500,2822850
20240115,12:07:14,1.85,100,2822850
20240115,12:07:14,1.9,1800,2822850
20240115,12:07:17,1.85,1900,2822850
20240115,12:07:18,1.9,50,2822850
20240115,12:07:21,1.85,100,2822850
20240115,12:07:22,1.9,100,2822850
20240115,12:07:24,1.9,1800,2822850
20240115,12:07:25,1.85,100,2822850
20240115,12:07:27,1.9,1800,2822850
20240115,12:07:29,1.85,100,2822850
20240115,12:07:32,1.9,2300,2822850
20240115,12:07:33,1.9,3450,2822850
20240115,12:07:34,1.9,5250,2822850
20240115,12:07:35,1.9,4600,2822850
20240115,12:07:36,1.9,1800,2822850
20240115,12:07:37,1.9,550,2822850
20240115,12:07:40,1.9,550,2822850
20240115,12:07:41,1.85,100,2822850
20240115,12:07:41,1.9,1500,2822850
20240115,12:07:44,1.9,1500,2822850
20240115,12:07:45,1.85,100,2822850
20240115,12:07:48,1.9,250,2822850
20240115,12:07:49,1.85,350,2822850
20240115,12:07:53,1.85,100,2822850
20240115,12:07:54,1.9,50,2822850
20240115,12:07:56,1.9,600,2822850
20240115,12:07:57,1.85,100,2822850
20240115,12:07:58,1.9,5000,2822850
20240115,12:08:01,1.9,700,2822850
20240115,12:08:05,1.85,100,2822850
20240115,12:08:09,1.85,100,2822850
20240115,12:08:13,1.85,100,2822850
20240115,12:08:17,1.85,100,2822850
20240115,12:08:18,1.85,1800,2822850
20240115,12:08:22,1.85,300,2822850
20240115,12:08:26,1.9,50,2822850
20240115,12:08:34,1.85,700,2822850
20240115,12:08:36,1.85,50,2822850
20240115,12:08:36,1.9,1800,2822850
20240115,12:08:38,1.9,8150,2822850
20240115,12:08:45,1.9,100,2822850
20240115,12:08:50,1.9,100,2822850
20240115,12:08:58,1.9,2650,2820800
20240115,12:09:08,1.95,650,2820800
20240115,12:09:10,1.95,650,2820800
20240115,12:09:11,1.9,500,2820800
20240115,12:09:12,1.95,550,2820800
20240115,12:09:14,1.95,6550,2820800
20240115,12:09:15,1.95,500,2820800
20240115,12:09:17,2.0,550,2820800
20240115,12:09:21,2.0,550,2820800
20240115,12:09:22,1.95,1000,2820800
20240115,12:09:24,1.95,1650,2820800
20240115,12:09:43,2.0,300,2820800
20240115,12:09:44,1.95,1650,2820800
20240115,12:09:45,1.95,500,2820800
20240115,12:09:46,2.0,550,2820800
20240115,12:09:53,1.95,10800,2820800
20240115,12:09:54,2.0,5400,2820800
20240115,12:09:56,2.0,3150,2820800
20240115,12:09:57,2.0,6450,2820800
20240115,12:09:58,2.0,600,2820800
20240115,12:10:11,1.95,800,2820800
20240115,12:10:15,2.0,300,2820800
20240115,12:10:21,1.95,3600,2820800
20240115,12:10:24,1.95,9000,2820800
20240115,12:10:25,1.95,7900,2820800
20240115,12:10:26,1.95,1200,2820800
20240115,12:10:27,1.95,1250,2820800
20240115,12:10:27,1.95,50,2820800
20240115,12:10:28,1.95,2350,2820800
20240115,12:10:29,1.95,1800,2820800
20240115,12:10:31,2.0,5800,2820800
20240115,12:10:32,2.0,1800,2820800
20240115,12:10:33,2.0,20800,2820800
20240115,12:10:33,2.0,6750,2820800
20240115,12:10:34,2.0,450,2820800
20240115,12:10:36,2.0,250,2820800
20240115,12:10:39,2.05,4900,2820800
20240115,12:10:40,2.05,9100,2820800
20240115,12:10:41,2.05,4350,2820800
20240115,12:10:42,2.05,8650,2820800
20240115,12:10:43,2.0,3950,2820800
20240115,12:10:45,2.0,1750,2820800
20240115,12:10:48,2.0,1150,2820800
20240115,12:10:50,2.0,1200,2820800
20240115,12:10:53,2.0,1200,2820800
20240115,12:10:55,2.0,1200,2820800
20240115,12:10:56,2.0,1800,2820800
20240115,12:10:57,2.0,800,2820800
20240115,12:10:59,2.0,1100,2820800
20240115,12:11:06,2.0,600,2820800
20240115,12:11:11,1.95,900,2820800
20240115,12:11:15,1.95,500,2820800
20240115,12:11:25,2.0,250,2820800
20240115,12:11:36,1.95,300,2820800
20240115,12:12:09,2.0,600,2841600
20240115,12:12:10,1.95,900,2841600
20240115,12:12:11,1.95,1800,2841600
20240115,12:12:11,1.95,900,2841600
20240115,12:12:13,1.95,1800,2841600
20240115,12:12:18,1.95,900,2841600
20240115,12:12:21,1.95,1800,2841600
20240115,12:12:22,2.0,250,2841600
20240115,12:12:22,2.0,50,2841600
20240115,12:12:23,1.95,2700,2841600
20240115,12:12:24,1.95,1800,2841600
20240115,12:12:25,1.95,900,2841600
20240115,12:12:26,1.95,2700,2841600
20240115,12:12:29,1.95,1800,2841600
20240115,12:12:45,2.0,26400,2841600
20240115,12:12:45,2.0,750,2841600
20240115,12:12:46,2.0,3000,2841600
20240115,12:12:49,2.0,1250,2841600
20240115,12:12:50,2.0,50,2841600
20240115,12:12:51,2.0,50,2841600
20240115,12:12:53,2.0,700,2841600
20240115,12:12:55,2.0,300,2841600
20240115,12:12:56,2.0,50,2841600
20240115,12:12:57,2.0,1300,2841600
20240115,12:12:58,2.0,300,2841600
20240115,12:13:02,2.0,1100,2841600
20240115,12:13:07,2.0,50,2841600
20240115,12:13:13,2.0,1850,2841600
20240115,12:13:15,2.0,250,2841600
20240115,12:13:24,2.0,1800,2841600
20240115,12:13:25,2.0,1800,2841600
20240115,12:13:30,2.0,250,2841600
20240115,12:13:31,2.0,1000,2841600
20240115,12:13:32,2.0,1000,2841600
20240115,12:13:33,2.0,1800,2841600
20240115,12:13:34,2.0,1000,2841600
20240115,12:13:35,2.0,1300,2841600
20240115,12:13:36,2.0,1000,2841600
20240115,12:13:36,2.0,2100,2841600
20240115,12:13:37,2.0,650,2841600
20240115,12:13:39,2.05,50,2841600
20240115,12:13:40,2.0,10800,2841600
20240115,12:13:41,2.0,2050,2841600
20240115,12:14:35,2.0,50,2841600
20240115,12:14:50,2.0,1250,2841600
20240115,12:15:10,1.95,1800,2841600
20240115,12:15:11,1.95,1800,2827300
20240115,12:15:13,1.95,1800,2827300
20240115,12:15:14,1.95,3600,2827300
20240115,12:15:15,1.95,1800,2827300
20240115,12:15:16,1.95,3600,2827300
20240115,12:15:18,1.95,1950,2827300
20240115,12:15:35,2.0,150,2827300
20240115,12:15:52,1.95,20850,2827300
20240115,12:15:53,1.95,400,2827300
20240115,12:15:54,1.95,50,2827300
20240115,12:15:55,1.95,50,2827300
20240115,12:15:56,1.95,50,2827300
20240115,12:15:57,1.95,50,2827300
20240115,12:15:59,1.95,50,2827300
20240115,12:16:04,1.95,2200,2827300
20240115,12:16:08,1.95,700,2827300
20240115,12:16:12,1.95,300,2827300
20240115,12:16:13,1.95,400,2827300
20240115,12:16:18,1.95,2050,2827300
20240115,12:16:26,1.95,1800,2827300
20240115,12:16:27,1.95,2200,2827300
20240115,12:16:28,1.95,1800,2827300
20240115,12:16:29,1.95,1900,2827300
20240115,12:16:34,1.9,2500,2827300
20240115,12:16:37,1.95,1000,2827300
20240115,12:16:43,1.95,1800,2827300
20240115,12:16:44,1.95,1500,2827300
20240115,12:16:45,1.95,6600,2827300
20240115,12:16:48,1.95,6250,2827300
20240115,12:17:10,1.95,1500,2827300
20240115,12:17:30,2.0,2400,2827300
20240115,12:17:31,2.0,1800,2827300
20240115,12:17:32,2.0,7850,2827300
20240115,12:17:33,2.0,350,2827300
20240115,12:17:34,2.0,650,2827300
20240115,12:17:35,2.0,2700,2827300
20240115,12:17:43,2.0,450,2827300
20240115,12:17:44,2.0,50,2827300
20240115,12:17:45,2.0,1000,2827300
20240115,12:17:48,2.0,50,2827300
20240115,12:17:50,2.0,800,2827300
20240115,12:17:53,2.0,5000,2829200
20240115,12:17:54,2.0,2000,2829200
20240115,12:17:55,2.0,3600,2829200
20240115,12:18:07,2.0,1550,2829200
20240115,12:18:08,2.0,3300,2829200
20240115,12:18:16,2.0,50,2829200
20240115,12:18:16,2.0,1800,2829200
20240115,12:18:18,2.0,7450,2829200
20240115,12:18:19,2.0,1100,2829200
20240115,12:18:26,2.0,250,2829200
20240115,12:18:35,1.95,50,2829200
20240115,12:18:37,2.0,1800,2829200
20240115,12:18:46,2.0,1800,2829200
20240115,12:18:47,1.95,300,2829200
20240115,12:19:00,1.95,250,2829200
20240115,12:19:16,2.0,1800,2829200
20240115,12:19:43,1.95,500,2829200
20240115,12:19:53,2.0,1800,2829200
20240115,12:19:54,2.0,4500,2829200
20240115,12:19:56,2.0,2700,2829200
20240115,12:19:57,1.95,450,2829200
20240115,12:20:28,2.0,11700,2829200
20240115,12:20:29,2.0,900,2829200
20240115,12:20:30,2.0,1600,2829200
20240115,12:20:32,2.0,1900,2829200
20240115,12:20:33,2.0,1400,2829200
20240115,12:21:07,2.0,2800,2821700
20240115,12:21:09,2.0,5250,2821700
20240115,12:21:11,2.0,2800,2821700
20240115,12:21:12,2.0,4150,2821700
20240115,12:21:13,2.0,10850,2821700
20240115,12:21:17,2.0,400,2821700
20240115,12:22:11,2.0,400,2821700
20240115,12:22:31,2.0,100,2821700
20240115,12:22:32,1.95,1800,2821700
20240115,12:22:34,2.0,22500,2821700
20240115,12:22:51,2.0,200,2821700
20240115,12:22:52,2.0,1800,2821700
20240115,12:22:54,2.0,1800,2821700
20240115,12:22:57,1.95,500,2821700
20240115,12:22:58,1.95,3600,2821700
20240115,12:23:02,2.0,3600,2821700
20240115,12:23:03,2.0,5400,2821700
20240115,12:23:03,2.0,1800,2821700
20240115,12:23:04,2.0,5000,2821700
20240115,12:23:09,2.0,4350,2821700
20240115,12:23:13,2.0,3850,2821700
20240115,12:23:14,2.0,2700,2821700
20240115,12:23:15,2.0,900,2821700
20240115,12:23:21,2.05,200,2821700
20240115,12:23:23,2.0,250,2821700
20240115,12:23:25,2.0,3600,2821700
20240115,12:23:26,2.0,8000,2821700
20240115,12:23:27,2.0,2050,2821700
20240115,12:23:33,2.0,1800,2821700
20240115,12:23:41,2.0,50,2821700
20240115,12:23:43,2.0,50,2821700
20240115,12:23:47,2.0,1800,2821700
20240115,12:23:47,2.0,3300,2821700
20240115,12:23:49,2.0,1500,2821700
20240115,12:23:50,2.0,300,2821700
20240115,12:23:51,2.0,1500,2821700
20240115,12:23:58,2.0,500,2836050
20240115,12:24:00,1.95,10450,2836050
20240115,12:24:01,2.0,50,2836050
20240115,12:24:02,1.95,6600,2836050
20240115,12:24:03,1.95,16100,2836050
20240115,12:24:03,1.95,3600,2836050
20240115,12:24:04,1.95,12000,2836050
20240115,12:24:06,1.95,1300,2836050
20240115,12:24:07,1.95,100,2836050
20240115,12:24:08,1.95,950,2836050
20240115,12:24:09,1.95,300,2836050
20240115,12:24:16,2.0,100,2836050
20240115,12:24:17,2.0,5000,2836050
20240115,12:24:21,2.0,1900,2836050
20240115,12:24:22,2.0,1200,2836050
20240115,12:24:22,2.0,3600,2836050
20240115,12:24:24,2.0,17050,2836050
20240115,12:24:25,2.0,3300,2836050
20240115,12:24:27,2.0,200,2836050
20240115,12:24:28,2.0,3800,2836050
20240115,12:24:30,2.0,1800,2836050
20240115,12:24:32,2.0,3400,2836050
20240115,12:24:33,2.0,150,2836050
20240115,12:24:34,2.0,18400,2836050
20240115,12:24:39,2.0,13600,2836050
20240115,12:24:49,2.0,600,2836050
20240115,12:25:01,2.0,1600,2836050
20240115,12:25:02,1.95,2700,2836050
20240115,12:25:02,1.95,1800,2836050
20240115,12:25:05,1.95,900,2836050
20240115,12:25:06,1.95,7200,2836050
20240115,12:25:07,1.95,1800,2836050
20240115,12:25:08,1.95,3600,2836050
20240115,12:25:14,2.0,200,2836050
20240115,12:25:21,1.95,12600,2836050
20240115,12:25:22,1.95,2700,2836050
20240115,12:25:23,1.95,1800,2836050
20240115,12:25:24,1.95,7200,2836050
20240115,12:25:25,1.95,3600,2836050
20240115,12:25:26,1.95,7600,2836050
20240115,12:25:27,1.95,11250,2836050
20240115,12:25:28,1.95,2700,2836050
20240115,12:25:30,1.95,7450,2836050
20240115,12:25:32,1.95,200,2836050
20240115,12:25:33,1.95,7450,2836050
20240115,12:25:34,1.95,900,2836050
20240115,12:25:35,1.95,250,2836050
20240115,12:25:39,2.0,600,2836050
20240115,12:25:45,1.95,1800,2836050
20240115,12:25:46,1.95,1800,2836050
20240115,12:25:47,1.95,11750,2836050
20240115,12:25:48,1.95,3000,2836050
20240115,12:25:49,1.95,1800,2836050
20240115,12:25:50,1.95,1000,2836050
20240115,12:25:52,1.95,1800,2836050
20240115,12:25:55,2.0,1800,2836050
20240115,12:25:59,1.95,1050,2836050
20240115,12:26:01,2.0,1800,2836050
20240115,12:26:15,2.0,18100,2836050
20240115,12:26:16,2.0,1700,2836050
20240115,12:26:17,2.0,1500,2836050
20240115,12:26:18,2.0,1600,2836050
20240115,12:26:19,2.0,1500,2836050
20240115,12:26:21,2.0,1800,2836050
20240115,12:26:22,2.0,4600,2836050
20240115,12:26:23,2.0,600,2836050
20240115,12:26:29,1.95,900,2836050
20240115,12:26:32,2.0,1800,2836050
20240115,12:26:39,2.0,1800,2836050
20240115,12:26:49,2.0,700,2836050
20240115,12:26:52,1.95,50,2836050
20240115,12:26:54,2.0,1800,2914400
20240115,12:26:57,1.95,50,2914400
20240115,12:26:58,2.0,1500,2914400
20240115,12:27:03,2.0,50,2914400
20240115,12:27:15,2.0,1800,2914400
20240115,12:27:18,2.0,500,2914400
20240115,12:27:20,2.0,400,2914400
20240115,12:27:22,2.0,1500,2914400
20240115,12:27:23,2.0,3800,2914400
20240115,12:27:24,2.0,550,2914400
20240115,12:27:35,2.05,100,2914400
20240115,12:27:45,2.0,50,2914400
20240115,12:27:54,2.0,500,2914400
20240115,12:27:56,2.0,100,2914400
20240115,12:27:57,2.0,50,2914400
20240115,12:28:00,2.0,350,2914400
20240115,12:28:05,2.0,1800,2914400
20240115,12:28:06,2.0,3300,2914400
20240115,12:28:07,2.0,11400,2914400
20240115,12:28:08,2.0,2350,2914400
20240115,12:28:09,2.0,2400,2914400
20240115,12:28:10,2.0,800,2914400
20240115,12:28:11,2.0,4400,2914400
20240115,12:28:12,2.0,2600,2914400
20240115,12:28:13,2.0,3600,2914400
20240115,12:28:14,2.0,4100,2914400
20240115,12:28:15,2.0,1800,2914400
20240115,12:28:16,2.0,3600,2914400
20240115,12:28:17,2.0,450,2914400
20240115,12:28:18,2.0,1800,2914400
20240115,12:28:23,2.0,1900,2914400
20240115,12:28:26,2.0,600,2914400
20240115,12:28:28,2.0,1800,2914400
20240115,12:28:33,2.0,1850,2914400
20240115,12:28:42,2.0,50,2914400
20240115,12:29:30,2.0,1800,2914400
20240115,12:29:32,2.0,1200,2914400
20240115,12:29:59,2.0,1500,2911600
20240115,12:30:01,2.0,800,2911600
20240115,12:30:04,2.0,800,2911600
20240115,12:30:10,2.0,100,2911600
20240115,12:30:11,2.0,100,2911600
20240115,12:30:13,2.0,100,2911600
20240115,12:30:14,2.0,150,2911600
20240115,12:30:15,2.0,50,2911600
20240115,12:30:17,2.0,50,2911600
20240115,12:30:49,2.05,50,2911600
20240115,12:31:07,2.05,200,2911600
20240115,12:31:26,2.05,800,2911600
20240115,12:31:36,2.0,3300,2911600
20240115,12:31:40,2.0,900,2911600
20240115,12:31:41,2.0,900,2911600
20240115,12:31:42,2.0,450,2911600
20240115,12:31:46,2.0,150,2911600
20240115,12:32:01,2.05,50,2911600
20240115,12:32:03,2.05,1600,2911600
20240115,12:32:04,2.0,1500,2911600
20240115,12:32:07,2.05,50,2911600
20240115,12:32:09,2.05,50,2911600
20240115,12:32:10,2.0,1200,2911600
20240115,12:32:14,2.05,50,2911600
20240115,12:32:15,2.05,50,2911600
20240115,12:32:19,2.05,50,2911600
20240115,12:32:25,2.05,50,2911600
20240115,12:32:30,2.05,50,2911600
20240115,12:32:34,2.05,50,2911600
20240115,12:32:36,2.05,50,2911600
20240115,12:32:42,2.05,400,2911600
20240115,12:32:44,2.05,550,2911600
20240115,12:32:45,2.0,900,2911600
20240115,12:32:47,2.05,1550,2911600
20240115,12:32:48,2.0,450,2911600
20240115,12:32:50,2.0,700,2911600
20240115,12:32:51,2.0,1000,2911600
20240115,12:32:53,2.05,300,2911600
20240115,12:32:56,2.05,550,2916450
20240115,12:33:00,2.05,450,2916450
20240115,12:33:03,2.05,100,2916450
20240115,12:33:04,2.05,550,2916450
20240115,12:33:30,2.0,900,2916450
20240115,12:33:33,2.0,900,2916450
20240115,12:33:34,2.0,450,2916450
20240115,12:33:35,2.0,150,2916450
20240115,12:33:38,2.0,50,2916450
20240115,12:33:39,2.05,50,2916450
20240115,12:34:03,2.0,600,2916450
20240115,12:34:14,2.05,450,2916450
20240115,12:34:15,2.05,1800,2916450
20240115,12:34:41,2.0,600,2916450
20240115,12:34:55,2.0,600,2916450
20240115,12:35:01,2.0,450,2916450
20240115,12:35:38,2.0,150,2916450
20240115,12:35:39,2.0,150,2916450
20240115,12:35:40,2.0,150,2916450
20240115,12:35:41,2.0,50,2916450
20240115,12:35:51,2.0,200,2916450
20240115,12:36:00,2.0,200,2916450
20240115,12:36:07,2.0,100,2920550
20240115,12:36:15,2.0,100,2920550
20240115,12:36:47,2.0,50,2920550
20240115,12:36:48,2.0,50,2920550
20240115,12:36:55,2.0,500,2920550
20240115,12:36:57,2.0,100,2920550
20240115,12:36:59,2.0,100,2920550
20240115,12:37:00,2.0,100,2920550
20240115,12:37:03,2.0,150,2920550
20240115,12:37:04,2.0,1000,2920550
20240115,12:37:06,2.0,50,2920550
20240115,12:37:07,2.0,1200,2920550
20240115,12:37:08,2.0,1250,2920550
20240115,12:37:11,2.0,2700,2920550
20240115,12:37:15,2.0,1200,2920550
20240115,12:37:17,2.0,2200,2920550
20240115,12:37:18,2.0,1100,2920550
20240115,12:37:19,2.0,50,2920550
20240115,12:37:22,2.0,50,2920550
20240115,12:37:24,1.95,200,2920550
20240115,12:37:48,1.95,1000,2920550
20240115,12:37:50,1.95,50,2920550
20240115,12:37:56,1.95,13200,2920550
20240115,12:37:57,1.95,7800,2920550
20240115,12:37:58,1.95,500,2920550
20240115,12:38:00,1.95,150,2920550
20240115,12:38:05,1.95,1800,2920550
20240115,12:38:11,1.9,1400,2920550
20240115,12:38:14,1.9,900,2920550
20240115,12:38:16,1.95,1600,2920550
20240115,12:38:20,1.9,1800,2920550
20240115,12:38:26,1.95,11100,2920550
20240115,12:38:32,1.9,900,2920550
20240115,12:38:52,1.95,150,2920550
20240115,12:39:00,1.95,50,2920550
20240115,12:39:16,1.9,1800,2919800
20240115,12:39:27,1.95,150,2919800
20240115,12:39:29,1.9,1800,2919800
20240115,12:39:32,1.95,250,2919800
20240115,12:39:35,1.95,400,2919800
20240115,12:39:35,1.9,1800,2919800
20240115,12:39:38,1.95,1800,2919800
20240115,12:39:39,1.95,5700,2919800
20240115,12:39:40,1.95,800,2919800
20240115,12:39:41,1.9,400,2919800
20240115,12:39:43,1.95,400,2919800
20240115,12:39:46,1.95,1500,2919800
20240115,12:40:01,1.9,850,2919800
20240115,12:40:03,1.95,600,2919800
20240115,12:40:05,1.9,500,2919800
20240115,12:40:08,1.95,500,2919800
20240115,12:40:09,1.95,1800,2919800
20240115,12:40:10,1.95,1450,2919800
20240115,12:40:15,1.95,800,2919800
20240115,12:40:16,1.95,3000,2919800
20240115,12:40:18,1.95,1800,2919800
20240115,12:40:27,1.95,50,2919800
20240115,12:40:41,1.95,1800,2919800
20240115,12:40:51,1.95,250,2919800
20240115,12:40:52,1.95,250,2919800
20240115,12:40:55,1.95,50,2919800
20240115,12:41:14,1.95,50,2919800
20240115,12:41:16,1.9,1000,2919800
20240115,12:41:26,1.95,1600,2919800
20240115,12:41:28,1.9,50,2919800
20240115,12:41:31,1.9,1800,2919800
20240115,12:41:43,1.95,50,2919800
20240115,12:42:08,1.95,1000,2919800
20240115,12:42:08,1.9,1800,2915800
20240115,12:42:11,1.9,50,2915800
20240115,12:42:12,1.95,1950,2915800
20240115,12:42:18,1.95,50,2915800
20240115,12:42:21,1.95,50,2915800
20240115,12:42:23,1.9,50,2915800
20240115,12:42:30,1.9,1800,2915800
20240115,12:42:39,1.95,50,2915800
20240115,12:42:45,1.9,1800,2915800
20240115,12:42:55,1.9,200,2915800
20240115,12:43:01,1.9,1800,2915800
20240115,12:43:16,1.9,1800,2915800
20240115,12:43:39,1.9,1800,2915800
20240115,12:43:49,1.95,50,2915800
20240115,12:44:29,1.9,550,2915800
20240115,12:44:36,1.95,450,2915800
20240115,12:44:40,1.9,700,2915800
20240115,12:44:41,1.9,500,2915800
20240115,12:44:52,1.9,50,2915800
20240115,12:46:31,1.95,500,2915800
20240115,12:46:54,1.95,50,2912750
20240115,12:47:07,1.9,300,2912750
20240115,12:47:10,1.9,300,2912750
20240115,12:47:11,1.9,600,2912750
20240115,12:47:14,1.95,400,2912750
20240115,12:47:15,1.9,550,2912750
20240115,12:47:20,1.9,100,2912750
20240115,12:47:22,1.9,100,2912750
20240115,12:47:23,1.95,200,2912750
20240115,12:47:25,1.9,100,2912750
20240115,12:47:27,1.9,300,2912750
20240115,12:47:33,1.9,450,2912750
20240115,12:47:41,1.9,300,2912750
20240115,12:47:46,1.9,100,2912750
20240115,12:47:49,1.9,100,2912750
20240115,12:47:51,1.9,550,2912750
20240115,12:47:52,1.9,1800,2912750
20240115,12:47:54,1.95,200,2912750
20240115,12:47:56,1.9,1800,2912750
20240115,12:47:57,1.9,1800,2912750
20240115,12:48:03,1.9,100,2912700
20240115,12:48:06,1.9,300,2912700
20240115,12:48:08,1.9,400,2912700
20240115,12:48:09,1.9,1800,2912700
20240115,12:48:13,1.9,300,2912700
20240115,12:48:20,1.9,450,2912700
20240115,12:48:48,1.95,300,2912700
20240115,12:48:57,1.95,550,2912700
20240115,12:49:04,1.95,550,2912700
20240115,12:49:06,1.95,550,2912700
20240115,12:49:11,1.95,100,2912700
20240115,12:49:25,1.95,50,2912700
20240115,12:49:25,1.95,700,2912700
20240115,12:49:28,1.95,450,2912700
20240115,12:49:36,1.95,450,2912700
20240115,12:49:45,1.95,300,2912700
20240115,12:49:51,1.95,550,2912700
20240115,12:49:51,1.95,300,2912700
20240115,12:49:52,1.95,3000,2912700
20240115,12:49:53,1.95,150,2912700
20240115,12:49:57,1.95,100,2912700
20240115,12:49:58,1.95,500,2912700
20240115,12:50:06,1.95,750,2912700
20240115,12:50:55,1.95,500,2912700
20240115,12:51:28,1.95,50,2912700
20240115,12:52:37,1.9,500,2910350
20240115,12:52:40,1.9,350,2910350
20240115,12:52:53,1.9,1000,2910350
20240115,12:53:21,1.95,50,2910350
20240115,12:54:03,1.9,1800,2911350
20240115,12:54:58,1.9,9950,2911350
20240115,12:54:58,1.9,100,2911350
20240115,12:55:00,1.9,750,2911350
20240115,12:55:01,1.9,100,2911350
20240115,12:55:06,1.9,1800,2911350
20240115,12:55:10,1.9,300,2911350
20240115,12:55:13,1.9,250,2911350
20240115,12:55:21,1.85,1800,2911350
20240115,12:55:22,1.85,1800,2911350
20240115,12:55:24,1.9,4350,2911350
20240115,12:55:26,1.85,1800,2911350
20240115,12:55:28,1.85,2050,2911350
20240115,12:55:29,1.85,1800,2911350
20240115,12:55:31,1.85,3600,2911350
20240115,12:55:35,1.85,1800,2911350
20240115,12:55:37,1.9,50,2911350
20240115,12:55:49,1.85,450,2911350
20240115,12:56:24,1.9,50,2911350
20240115,12:56:34,1.85,50,2911350
20240115,12:57:33,1.85,150,2911350
20240115,12:57:34,1.85,50,2909200
20240115,12:57:43,1.85,600,2909200
20240115,12:57:51,1.85,250,2909200
20240115,12:57:55,1.85,500,2909200
20240115,12:58:05,1.85,500,2909200
20240115,12:58:07,1.85,1500,2909200
20240115,12:58:11,1.9,250,2909200
20240115,12:58:14,1.85,250,2909200
20240115,12:58:28,1.85,1000,2909200
20240115,12:58:32,1.9,250,2909200
20240115,12:58:43,1.85,1250,2909200
20240115,12:58:45,1.9,50,2909200
20240115,12:58:52,1.9,1800,2909200
20240115,12:58:53,1.9,1000,2909200
20240115,12:58:56,1.9,1500,2909200
20240115,12:58:57,1.9,1500,2909200
20240115,12:58:58,1.9,1500,2909200
20240115,12:59:01,1.9,1850,2909200
20240115,12:59:04,1.9,1800,2909200
20240115,12:59:05,1.9,3600,2909200
20240115,12:59:06,1.9,1800,2909200
20240115,12:59:07,1.9,4800,2909200
20240115,12:59:08,1.9,6600,2909200
20240115,12:59:09,1.9,8400,2909200
20240115,12:59:10,1.9,22800,2909200
20240115,12:59:11,1.9,17700,2909200
20240115,12:59:12,1.9,5550,2909200
20240115,12:59:13,1.9,50,2909200
20240115,12:59:14,1.9,50,2909200
20240115,12:59:16,1.9,7350,2909200
20240115,12:59:17,1.9,1800,2909200
20240115,12:59:18,1.9,200,2909200
20240115,12:59:19,1.9,3500,2909200
20240115,12:59:20,1.9,2950,2909200
20240115,12:59:21,1.9,50,2909200
20240115,12:59:27,1.9,50,2909200
20240115,12:59:36,1.95,6550,2909200
20240115,12:59:37,1.95,1800,2909200
20240115,12:59:51,1.9,1800,2909200
20240115,13:00:01,1.95,3200,2908450
20240115,13:00:16,1.95,500,2908450
20240115,13:00:17,1.9,600,2908450
20240115,13:00:19,1.9,50,2908450
20240115,13:00:20,1.95,500,2908450
20240115,13:00:29,1.95,50,2908450
20240115,13:00:41,1.9,50,2908450
20240115,13:00:48,1.95,50,2908450
20240115,13:00:55,1.9,50,2908450
20240115,13:01:02,1.9,50,2908450
20240115,13:01:17,1.95,100,2908450
20240115,13:01:27,1.95,150,2908450
20240115,13:01:41,1.95,1800,2908450
20240115,13:02:30,1.95,100,2908450
20240115,13:02:47,1.9,250,2908450
20240115,13:03:28,1.95,1800,2907600
20240115,13:03:31,1.95,1800,2907600
20240115,13:03:32,1.95,1500,2907600
20240115,13:03:33,1.95,1800,2907600
20240115,13:03:35,1.95,50,2907600
20240115,13:03:37,1.95,1800,2907600
20240115,13:03:38,1.95,1300,2907600
20240115,13:03:39,1.95,2800,2907600
20240115,13:03:40,1.95,16850,2907600
20240115,13:03:44,1.95,550,2907600
20240115,13:03:46,2.0,400,2907600
20240115,13:03:50,1.95,5400,2907600
20240115,13:03:54,2.0,1800,2907600
20240115,13:04:09,2.0,950,2907600
20240115,13:04:39,1.95,400,2907600
20240115,13:05:06,2.0,1000,2907600
20240115,13:05:10,2.0,2800,2907600
20240115,13:05:18,2.0,200,2907600
20240115,13:05:23,2.0,1800,2907600
20240115,13:05:38,2.0,1800,2907600
20240115,13:05:40,2.0,2500,2907600
20240115,13:05:41,2.0,5450,2907600
20240115,13:05:42,2.0,10950,2907600
20240115,13:05:43,2.0,150,2907600
20240115,13:05:44,2.0,3600,2907600
20240115,13:06:18,2.0,1000,2904400
20240115,13:06:19,2.0,50,2904400
20240115,13:06:28,2.0,1800,2904400
20240115,13:06:30,2.0,1800,2904400
20240115,13:06:34,2.0,500,2904400
20240115,13:06:38,2.0,1800,2904400
20240115,13:06:41,2.0,1800,2904400
20240115,13:06:43,2.0,1500,2904400
20240115,13:06:44,2.0,1200,2904400
20240115,13:06:47,2.0,1800,2904400
20240115,13:06:52,2.0,1000,2904400
20240115,13:06:58,2.0,1500,2904400
20240115,13:07:24,2.0,1800,2904400
20240115,13:08:01,2.0,50,2904400
20240115,13:08:29,2.0,450,2904400
20240115,13:08:50,2.0,900,2904400
20240115,13:09:06,2.0,1800,2902600
20240115,13:09:09,1.95,800,2902600
20240115,13:09:16,1.95,1800,2902600
20240115,13:09:22,2.0,900,2902600
20240115,13:09:28,2.0,400,2902600
20240115,13:09:30,2.0,200,2902600
20240115,13:09:33,2.0,150,2902600
20240115,13:09:35,2.0,50,2902600
20240115,13:09:42,2.0,1000,2902600
20240115,13:09:48,2.0,1800,2902600
20240115,13:09:49,2.0,500,2902600
20240115,13:09:51,1.95,200,2902600
20240115,13:09:53,2.0,50,2902600
20240115,13:09:55,2.0,1800,2902600
20240115,13:09:56,2.0,2800,2902600
20240115,13:09:57,2.0,9000,2902600
20240115,13:09:58,2.0,10900,2902600
20240115,13:10:12,2.05,50,2902600
20240115,13:10:21,2.05,400,2902600
20240115,13:10:25,2.05,50,2902600
20240115,13:10:27,2.05,50,2902600
20240115,13:10:30,2.05,50,2902600
20240115,13:10:33,2.05,50,2902600
20240115,13:10:36,2.05,50,2902600
20240115,13:10:39,2.05,1000,2902600
20240115,13:10:40,2.0,50,2902600
20240115,13:10:50,2.0,800,2902600
20240115,13:10:51,2.0,800,2902600
20240115,13:10:52,2.0,800,2902600
20240115,13:10:53,2.0,1800,2902600
20240115,13:10:56,2.0,800,2902600
20240115,13:11:02,2.0,800,2902600
20240115,13:11:12,2.05,500,2902600
20240115,13:11:25,2.0,200,2902600
20240115,13:12:07,2.05,50,2902600
20240115,13:12:15,2.05,1800,2901950
20240115,13:12:19,2.05,1800,2901950
20240115,13:12:21,2.05,4350,2901950
20240115,13:12:22,2.05,3600,2901950
20240115,13:12:23,2.05,3600,2901950
20240115,13:12:24,2.05,3200,2901950
20240115,13:12:25,2.05,6300,2901950
20240115,13:12:28,2.05,50,2901950
20240115,13:12:31,2.1,1850,2901950
20240115,13:13:02,2.1,50,2901950
20240115,13:13:15,2.1,1800,2901950
20240115,13:13:17,2.05,250,2901950
20240115,13:13:17,2.1,200,2901950
20240115,13:13:20,2.05,600,2901950
20240115,13:13:32,2.05,50,2901950
20240115,13:13:44,2.05,50,2901950
20240115,13:13:49,2.05,3000,2901950
20240115,13:14:01,2.1,2200,2901950
20240115,13:14:05,2.05,200,2901950
20240115,13:14:17,2.1,250,2901950
20240115,13:14:21,2.05,1200,2901950
20240115,13:14:29,2.1,1800,2901950
20240115,13:14:31,2.1,2250,2901950
20240115,13:14:33,2.05,50,2901950
20240115,13:14:35,2.05,200,2901950
20240115,13:14:51,2.05,50,2901950
20240115,13:14:52,2.1,1000,2901950
20240115,13:15:01,2.1,2200,2898850
20240115,13:15:03,2.1,250,2898850
20240115,13:15:15,2.1,1000,2898850
20240115,13:15:16,2.1,300,2898850
20240115,13:15:21,2.1,500,2898850
20240115,13:15:30,2.1,250,2898850
20240115,13:15:31,2.1,2200,2898850
20240115,13:15:42,2.05,1000,2898850
20240115,13:15:59,2.1,3600,2898850
20240115,13:16:01,2.1,2200,2898850
20240115,13:16:03,2.1,1800,2898850
20240115,13:16:04,2.1,1800,2898850
20240115,13:16:05,2.1,1800,2898850
20240115,13:16:07,2.1,5450,2898850
20240115,13:16:10,2.1,3600,2898850
20240115,13:16:11,2.1,1250,2898850
20240115,13:16:12,2.1,6950,2898850
20240115,13:16:14,2.1,1800,2898850
20240115,13:16:17,2.1,1800,2898850
20240115,13:16:20,2.1,2550,2898850
20240115,13:16:21,2.1,1300,2898850
20240115,13:16:22,2.1,250,2898850
20240115,13:16:25,2.1,300,2898850
20240115,13:16:25,2.1,100,2898850
20240115,13:16:26,2.1,100,2898850
20240115,13:16:29,2.1,50,2898850
20240115,13:16:30,2.1,250,2898850
20240115,13:16:31,2.15,2250,2898850
20240115,13:16:43,2.1,100,2898850
20240115,13:16:44,2.15,250,2898850
20240115,13:16:50,2.1,350,2898850
20240115,13:16:55,2.15,50,2898850
20240115,13:16:58,2.1,50,2898850
20240115,13:17:01,2.15,2200,2898850
20240115,13:17:13,2.1,500,2898850
20240115,13:17:29,2.15,1800,2898850
20240115,13:17:31,2.15,2200,2898850
20240115,13:17:59,2.15,1800,2898850
20240115,13:18:01,2.15,2200,2901250
20240115,13:18:02,2.15,200,2901250
20240115,13:18:03,2.15,2800,2901250
20240115,13:18:03,2.15,1500,2901250
20240115,13:18:04,2.15,6750,2901250
20240115,13:18:05,2.15,1800,2901250
20240115,13:18:08,2.15,10450,2901250
20240115,13:18:08,2.15,1800,2901250
20240115,13:18:11,2.15,650,2901250
20240115,13:18:12,2.15,450,2901250
20240115,13:18:12,2.2,1800,2901250
20240115,13:18:16,2.2,1800,2901250
20240115,13:18:17,2.2,1800,2901250
20240115,13:18:19,2.2,1800,2901250
20240115,13:18:23,2.2,200,2901250
20240115,13:18:26,2.2,900,2901250
20240115,13:18:28,2.15,2000,2901250
20240115,13:18:30,2.15,1200,2901250
20240115,13:18:31,2.2,2250,2901250
20240115,13:18:37,2.15,2150,2901250
20240115,13:18:38,2.2,3850,2901250
20240115,13:18:39,2.2,1800,2901250
20240115,13:18:40,2.15,250,2901250
20240115,13:18:41,2.15,650,2901250
20240115,13:18:42,2.2,1800,2901250
20240115,13:18:43,2.2,1800,2901250
20240115,13:18:44,2.2,1800,2901250
20240115,13:18:45,2.2,1800,2901250
20240115,13:18:51,2.15,750,2901250
20240115,13:18:52,2.15,350,2901250
20240115,13:18:53,2.15,200,2901250
20240115,13:18:54,2.2,1000,2901250
20240115,13:18:56,2.2,1500,2901250
20240115,13:18:57,2.15,150,2901250
20240115,13:18:59,2.2,1800,2901250
20240115,13:19:00,2.2,1800,2901250
20240115,13:19:01,2.2,4050,2901250
20240115,13:19:03,2.15,5400,2901250
20240115,13:19:05,2.1,11800,2901250
20240115,13:19:06,2.1,5950,2901250
20240115,13:19:07,2.15,6600,2901250
20240115,13:19:08,2.1,4150,2901250
20240115,13:19:08,2.1,3600,2901250
20240115,13:19:09,2.1,3250,2901250
20240115,13:19:11,2.1,5700,2901250
20240115,13:19:11,2.1,5350,2901250
20240115,13:19:12,2.1,2700,2901250
20240115,13:19:14,2.15,1800,2901250
20240115,13:19:18,2.15,2150,2901250
20240115,13:19:19,2.15,10000,2901250
20240115,13:19:20,2.1,1850,2901250
20240115,13:19:21,2.1,350,2901250
20240115,13:19:22,2.1,1850,2901250
20240115,13:19:23,2.1,300,2901250
20240115,13:19:25,2.15,1800,2901250
20240115,13:19:27,2.15,2100,2901250
20240115,13:19:28,2.1,650,2901250
20240115,13:19:29,2.1,300,2901250
20240115,13:19:31,2.1,2500,2901250
20240115,13:19:32,2.15,2200,2901250
20240115,13:19:33,2.15,2200,2901250
20240115,13:19:35,2.1,250,2901250
20240115,13:19:36,2.1,550,2901250
20240115,13:19:38,2.1,250,2901250
20240115,13:19:39,2.1,250,2901250
20240115,13:19:41,2.1,250,2901250
20240115,13:19:42,2.1,250,2901250
20240115,13:19:45,2.1,600,2901250
20240115,13:19:47,2.1,650,2901250
20240115,13:19:49,2.1,300,2901250
20240115,13:19:50,2.1,150,2901250
20240115,13:19:51,2.1,1200,2901250
20240115,13:19:52,2.1,450,2901250
20240115,13:19:53,2.1,1000,2901250
20240115,13:19:54,2.1,900,2901250
20240115,13:19:55,2.1,800,2901250
20240115,13:19:57,2.1,700,2901250
20240115,13:20:01,2.15,2200,2901250
20240115,13:20:08,2.15,1800,2901250
20240115,13:20:09,2.15,1800,2901250
20240115,13:20:13,2.1,300,2901250
20240115,13:20:18,2.15,50,2901250
20240115,13:20:19,2.1,2600,2901250
20240115,13:20:20,2.15,50,2901250
20240115,13:20:22,2.15,50,2901250
20240115,13:20:24,2.1,550,2901250
20240115,13:20:31,2.15,2250,2901250
20240115,13:20:39,2.1,650,2901250
20240115,13:20:40,2.1,5600,2901250
20240115,13:20:41,2.1,500,2901250
20240115,13:20:45,2.1,450,2901250
20240115,13:20:49,2.1,100,2901250
20240115,13:20:50,2.15,500,2901250
20240115,13:20:51,2.1,500,2901250
20240115,13:20:54,2.1,50,2901250
20240115,13:20:55,2.1,50,2901250
20240115,13:21:01,2.15,2200,2927350
20240115,13:21:09,2.15,500,2927350
20240115,13:21:22,2.15,600,2927350
20240115,13:21:24,2.15,1800,2927350
20240115,13:21:27,2.15,1000,2927350
20240115,13:21:29,2.15,4300,2927350
20240115,13:21:30,2.15,1800,2927350
20240115,13:21:31,2.15,5650,2927350
20240115,13:21:32,2.2,1600,2927350
20240115,13:21:37,2.2,1000,2927350
20240115,13:21:38,2.2,2500,2927350
20240115,13:21:53,2.15,650,2927350
20240115,13:21:55,2.2,5000,2927350
20240115,13:21:56,2.2,750,2927350
20240115,13:22:01,2.2,2250,2927350
20240115,13:22:02,2.15,250,2927350
20240115,13:22:03,2.15,950,2927350
20240115,13:22:04,2.15,400,2927350
20240115,13:22:06,2.15,150,2927350
20240115,13:22:08,2.15,1800,2927350
20240115,13:22:09,2.2,5000,2927350
20240115,13:22:20,2.2,1000,2927350
20240115,13:22:27,2.15,1800,2927350
20240115,13:22:31,2.2,2200,2927350
20240115,13:22:34,2.15,1500,2927350
20240115,13:22:36,2.15,3300,2927350
20240115,13:22:37,2.15,3300,2927350
20240115,13:22:38,2.15,1800,2927350
20240115,13:22:39,2.15,1500,2927350
20240115,13:22:43,2.15,300,2927350
20240115,13:22:48,2.15,400,2927350
20240115,13:22:49,2.15,1800,2927350
20240115,13:22:52,2.15,1800,2927350
20240115,13:22:52,2.15,2400,2927350
20240115,13:22:53,2.15,1500,2927350
20240115,13:23:00,2.2,5000,2927350
20240115,13:23:01,2.2,2200,2927350
20240115,13:23:07,2.2,450,2927350
20240115,13:23:15,2.15,400,2927350
20240115,13:23:16,2.15,400,2927350
20240115,13:23:17,2.15,350,2927350
20240115,13:23:19,2.15,300,2927350
20240115,13:23:21,2.15,300,2927350
20240115,13:23:25,2.15,500,2927350
20240115,13:23:27,2.15,500,2927350
20240115,13:23:31,2.2,2250,2927350
20240115,13:23:31,2.15,300,2927350
20240115,13:23:44,2.2,5000,2927350
20240115,13:23:51,2.15,50,2927350
20240115,13:23:57,2.15,1800,2927350
20240115,13:23:58,2.15,150,2927350
20240115,13:24:01,2.2,2200,2900400
20240115,13:24:14,2.15,50,2900400
20240115,13:24:28,2.15,3600,2900400
20240115,13:24:29,2.15,300,2900400
20240115,13:24:31,2.2,2200,2900400
20240115,13:24:31,2.15,50,2900400
20240115,13:24:32,2.15,50,2900400
20240115,13:24:34,2.2,1000,2900400
20240115,13:24:36,2.15,500,2900400
20240115,13:24:45,2.2,600,2900400
20240115,13:24:46,2.2,5000,2900400
20240115,13:24:50,2.2,5000,2900400
20240115,13:25:01,2.15,3000,2900400
20240115,13:25:26,2.15,100,2900400
20240115,13:25:27,2.2,500,2900400
20240115,13:25:31,2.2,6700,2900400
20240115,13:25:35,2.15,450,2900400
20240115,13:25:42,2.2,450,2900400
20240115,13:25:43,2.2,2500,2900400
20240115,13:25:46,2.15,1000,2900400
20240115,13:25:48,2.15,500,2900400
20240115,13:25:56,2.15,50,2900400
20240115,13:25:57,2.15,50,2900400
20240115,13:25:58,2.15,1900,2900400
20240115,13:25:59,2.15,50,2900400
20240115,13:26:00,2.15,1800,2900400
20240115,13:26:01,2.2,2200,2900400
20240115,13:26:07,2.2,450,2900400
20240115,13:26:16,2.2,3250,2900400
20240115,13:26:22,2.15,9000,2900400
20240115,13:26:31,2.2,2200,2900400
20240115,13:26:36,2.2,900,2900400
20240115,13:26:50,2.15,1500,2900400
20240115,13:26:52,2.15,1500,2900400
20240115,13:27:01,2.2,2200,2900400
20240115,13:27:08,2.15,1800,2881900
20240115,13:27:09,2.2,250,2881900
20240115,13:27:28,2.2,250,2881900
20240115,13:27:31,2.2,2200,2881900
20240115,13:27:49,2.2,100,2881900
20240115,13:27:51,2.2,500,2881900
20240115,13:27:55,2.2,600,2881900
20240115,13:28:00,2.15,600,2881900
20240115,13:28:01,2.2,2250,2881900
20240115,13:28:13,2.15,1800,2881900
20240115,13:28:18,2.15,1800,2881900
20240115,13:28:19,2.15,1000,2881900
20240115,13:28:20,2.15,2400,2881900
20240115,13:28:24,2.2,250,2881900
20240115,13:28:25,2.15,300,2881900
20240115,13:28:27,2.15,1800,2881900
20240115,13:28:31,2.2,2200,2881900
20240115,13:28:33,2.2,750,2881900
20240115,13:28:38,2.15,1800,2881900
20240115,13:28:41,2.2,50,2881900
20240115,13:28:43,2.15,100,2881900
20240115,13:28:49,2.15,1500,2881900
20240115,13:28:51,2.15,1500,2881900
20240115,13:28:59,2.15,1800,2881900
20240115,13:29:01,2.2,2200,2881900
20240115,13:29:14,2.15,1800,2881900
20240115,13:29:15,2.15,1800,2881900
20240115,13:29:17,2.2,50,2881900
20240115,13:29:18,2.2,50,2881900
20240115,13:29:22,2.2,50,2881900
20240115,13:29:25,2.15,2350,2881900
20240115,13:29:26,2.15,50,2881900
20240115,13:29:28,2.15,50,2881900
20240115,13:29:30,2.15,50,2881900
20240115,13:29:31,2.15,2250,2881900
20240115,13:29:32,2.1,1000,2881900
20240115,13:29:34,2.15,50,2881900
20240115,13:29:35,2.15,50,2881900
20240115,13:29:36,2.1,1000,2881900
20240115,13:29:37,2.15,50,2881900
20240115,13:29:40,2.15,400,2881900
20240115,13:29:41,2.15,500,2881900
20240115,13:29:42,2.15,300,2881900
20240115,13:29:44,2.15,550,2881900
20240115,13:29:47,2.15,550,2881900
20240115,13:29:47,2.15,300,2881900
20240115,13:29:51,2.1,1800,2881900
20240115,13:29:52,2.15,650,2881900
20240115,13:29:54,2.15,300,2881900
20240115,13:29:57,2.15,550,2881900
20240115,13:30:01,2.15,2200,2881900
20240115,13:30:02,2.15,100,2895650
20240115,13:30:03,2.15,1100,2895650
20240115,13:30:05,2.15,400,2895650
20240115,13:30:08,2.15,1550,2895650
20240115,13:30:15,2.15,50,2895650
20240115,13:30:22,2.15,450,2895650
20240115,13:30:28,2.15,700,2895650
20240115,13:30:29,2.15,900,2895650
20240115,13:30:31,2.15,2200,2895650
20240115,13:30:36,2.15,100,2895650
20240115,13:30:46,2.15,450,2895650
20240115,13:30:56,2.15,150,2895650
20240115,13:31:01,2.15,2200,2895650
20240115,13:31:06,2.15,1800,2895650
20240115,13:31:15,2.15,50,2895650
20240115,13:31:18,2.15,100,2895650
20240115,13:31:22,2.15,50,2895650
20240115,13:31:31,2.15,2200,2895650
20240115,13:31:38,2.1,500,2895650
20240115,13:31:44,2.1,1800,2895650
20240115,13:31:48,2.15,50,2895650
20240115,13:31:53,2.15,50,2895650
20240115,13:32:01,2.15,2200,2895650
20240115,13:32:22,2.15,50,2895650
20240115,13:32:26,2.15,50,2895650
20240115,13:32:30,2.15,1800,2895650
20240115,13:32:31,2.15,2250,2895650
20240115,13:32:33,2.15,2600,2895650
20240115,13:32:34,2.15,3300,2895650
20240115,13:32:35,2.15,3300,2895650
20240115,13:32:36,2.15,2100,2895650
20240115,13:32:37,2.15,4000,2895650
20240115,13:32:39,2.15,50,2895650
20240115,13:32:52,2.15,50,2895650
20240115,13:33:01,2.15,3200,2895650
20240115,13:33:06,2.15,1800,2895900
20240115,13:33:07,2.15,1800,2895900
20240115,13:33:08,2.15,3600,2895900
20240115,13:33:20,2.15,5400,2895900
20240115,13:33:31,2.2,2200,2895900
20240115,13:34:00,2.2,1200,2895900
20240115,13:34:01,2.2,2200,2895900
20240115,13:34:03,2.2,1250,2895900
20240115,13:34:04,2.2,750,2895900
20240115,13:34:11,2.15,100,2895900
20240115,13:34:31,2.2,2200,2895900
20240115,13:34:40,2.2,100,2895900
20240115,13:34:43,2.2,1800,2895900
20240115,13:34:48,2.2,50,2895900
20240115,13:34:51,2.2,50,2895900
20240115,13:35:00,2.15,250,2895900
20240115,13:35:02,2.2,200,2895900
20240115,13:35:10,2.2,300,2895900
20240115,13:35:12,2.15,50,2895900
20240115,13:35:13,2.15,1500,2895900
20240115,13:35:22,2.15,7500,2895900
20240115,13:35:24,2.15,950,2895900
20240115,13:35:28,2.15,350,2895900
20240115,13:35:44,2.1,1800,2895900
20240115,13:35:58,2.1,1000,2895900
20240115,13:36:00,2.1,550,2895900
20240115,13:36:12,2.15,250,2895900
20240115,13:36:13,2.15,250,2894100
20240115,13:36:17,2.15,350,2894100
20240115,13:37:01,2.15,600,2894100
20240115,13:37:04,2.15,2250,2894100
20240115,13:37:11,2.15,1800,2894100
20240115,13:37:27,2.15,50,2894100
20240115,13:37:35,2.15,2250,2894100
20240115,13:37:37,2.15,50,2894100
20240115,13:37:40,2.15,900,2894100
20240115,13:37:49,2.15,10800,2894100
20240115,13:37:50,2.15,5700,2894100
20240115,13:37:56,2.15,50,2894100
20240115,13:38:05,2.2,2250,2894100
20240115,13:38:05,2.15,250,2894100
20240115,13:38:30,2.15,250,2894100
20240115,13:38:35,2.2,2700,2894100
20240115,13:38:37,2.2,1000,2894100
20240115,13:38:39,2.15,300,2894100
20240115,13:38:43,2.15,50,2894100
20240115,13:38:44,2.15,50,2894100
20240115,13:38:49,2.15,500,2894100
20240115,13:38:52,2.15,350,2894100
20240115,13:38:57,2.15,300,2894100
20240115,13:39:05,2.2,2300,2895000
20240115,13:39:13,2.15,250,2895000
20240115,13:39:17,2.15,450,2895000
20240115,13:39:33,2.2,100,2895000
20240115,13:39:35,2.2,2250,2895000
20240115,13:39:40,2.15,400,2895000
20240115,13:39:48,2.2,250,2895000
20240115,13:39:50,2.15,1800,2895000
20240115,13:39:53,2.15,500,2895000
20240115,13:39:55,2.15,1800,2895000
20240115,13:39:55,2.15,1200,2895000
20240115,13:39:57,2.15,6600,2895000
20240115,13:39:58,2.15,1050,2895000
20240115,13:40:00,2.15,50,2895000
20240115,13:40:01,2.15,600,2895000
20240115,13:40:05,2.15,2300,2895000
20240115,13:40:07,2.15,100,2895000
20240115,13:40:30,2.15,50,2895000
20240115,13:40:31,2.15,50,2895000
20240115,13:40:32,2.1,50,2895000
20240115,13:40:35,2.15,2250,2895000
20240115,13:40:38,2.15,50,2895000
20240115,13:40:40,2.15,50,2895000
20240115,13:40:47,2.15,1350,2895000
20240115,13:40:49,2.15,50,2895000
20240115,13:41:05,2.15,2250,2895000
20240115,13:41:08,2.15,200,2895000
20240115,13:41:09,2.15,300,2895000
20240115,13:41:20,2.15,1500,2895000
20240115,13:41:23,2.1,500,2895000
20240115,13:41:26,2.15,1800,2895000
20240115,13:41:27,2.15,1200,2895000
20240115,13:41:36,2.15,2250,2895000
20240115,13:41:37,2.15,2300,2895000
20240115,13:41:38,2.15,1200,2895000
20240115,13:41:39,2.15,1800,2895000
20240115,13:41:44,2.2,1100,2895000
20240115,13:41:49,2.2,250,2895000
20240115,13:41:52,2.15,200,2895000
20240115,13:41:54,2.2,50,2895000
20240115,13:42:01,2.15,100,2895000
20240115,13:42:05,2.2,2250,2895000
20240115,13:42:27,2.15,100,2895650
20240115,13:42:35,2.2,2250,2895650
20240115,13:42:42,2.15,3000,2895650
20240115,13:42:48,2.2,100,2895650
20240115,13:43:03,2.15,950,2895650
20240115,13:43:05,2.2,2250,2895650
20240115,13:43:35,2.2,2250,2895650
20240115,13:44:05,2.2,2250,2895650
20240115,13:44:18,2.15,50,2895650
20240115,13:44:27,2.2,1800,2895650
20240115,13:44:35,2.2,2300,2895650
20240115,13:44:37,2.2,50,2895650
20240115,13:44:38,2.2,100,2895650
20240115,13:44:41,2.2,1800,2895650
20240115,13:45:05,2.2,2250,2897450
20240115,13:45:10,2.2,1800,2897450
20240115,13:45:18,2.2,50,2897450
20240115,13:45:23,2.15,50,2897450
20240115,13:45:35,2.2,2250,2897450
20240115,13:45:35,2.2,900,2897450
20240115,13:45:38,2.2,1800,2897450
20240115,13:45:49,2.15,50,2897450
20240115,13:46:05,2.2,2250,2897450
20240115,13:46:35,2.2,2250,2897450
20240115,13:46:50,2.15,700,2897450
20240115,13:47:05,2.2,2250,2897450
20240115,13:47:12,2.2,50,2897450
20240115,13:47:33,2.15,150,2897450
20240115,13:47:35,2.2,2250,2897450
20240115,13:47:40,2.2,600,2897450
20240115,13:47:43,2.2,100,2897450
20240115,13:47:46,2.15,100,2897450
20240115,13:48:05,2.2,2250,2895700
20240115,13:48:11,2.2,1500,2895700
20240115,13:48:16,2.2,4300,2895700
20240115,13:48:17,2.2,50,2895700
20240115,13:48:18,2.2,450,2895700
20240115,13:48:19,2.2,350,2895700
20240115,13:48:21,2.2,300,2895700
20240115,13:48:35,2.25,2250,2895700
20240115,13:49:01,2.25,8000,2895700
20240115,13:49:04,2.2,350,2895700
20240115,13:49:05,2.25,2250,2895700
20240115,13:49:08,2.2,550,2895700
20240115,13:49:10,2.2,400,2895700
20240115,13:49:13,2.2,350,2895700
20240115,13:49:19,2.2,500,2895700
20240115,13:49:20,2.25,100,2895700
20240115,13:49:27,2.2,500,2895700
20240115,13:49:29,2.2,300,2895700
20240115,13:49:30,2.2,450,2895700
20240115,13:49:32,2.2,250,2895700
20240115,13:49:35,2.25,2250,2895700
20240115,13:49:38,2.2,600,2895700
20240115,13:49:39,2.2,200,2895700
20240115,13:49:44,2.2,400,2895700
20240115,13:49:48,2.2,400,2895700
20240115,13:49:53,2.2,350,2895700
20240115,13:50:01,2.2,3200,2895700
20240115,13:50:05,2.25,2300,2895700
20240115,13:50:05,2.2,250,2895700
20240115,13:50:08,2.2,250,2895700
20240115,13:50:09,2.2,300,2895700
20240115,13:50:12,2.2,250,2895700
20240115,13:50:14,2.2,250,2895700
20240115,13:50:16,2.2,400,2895700
20240115,13:50:17,2.2,50,2895700
20240115,13:50:24,2.25,50,2895700
20240115,13:50:35,2.25,2250,2895700
20240115,13:50:54,2.2,10600,2895700
20240115,13:50:55,2.2,6800,2895700
20240115,13:50:56,2.15,4100,2895700
20240115,13:50:58,2.15,3900,2895700
20240115,13:51:05,2.2,2250,2909650
20240115,13:51:08,2.2,50,2909650
20240115,13:51:16,2.15,50,2909650
20240115,13:51:23,2.15,50,2909650
20240115,13:51:28,2.2,1000,2909650
20240115,13:51:30,2.2,50,2909650
20240115,13:51:35,2.2,2300,2909650
20240115,13:51:45,2.15,100,2909650
20240115,13:51:55,2.15,200,2909650
20240115,13:52:05,2.2,2250,2909650
20240115,13:52:08,2.2,1800,2909650
20240115,13:52:19,2.2,50,2909650
20240115,13:52:33,2.2,1800,2909650
20240115,13:52:35,2.2,2250,2909650
20240115,13:52:36,2.2,50,2909650
20240115,13:52:51,2.2,3000,2909650
20240115,13:52:52,2.2,350,2909650
20240115,13:53:01,2.15,600,2909650
20240115,13:53:04,2.2,1750,2909650
20240115,13:53:05,2.2,2250,2909650
20240115,13:53:06,2.2,1800,2909650
20240115,13:53:07,2.2,8800,2909650
20240115,13:53:08,2.2,250,2909650
20240115,13:53:13,2.2,200,2909650
20240115,13:53:34,2.25,950,2909650
20240115,13:53:35,2.25,2250,2909650
20240115,13:53:43,2.25,500,2909650
20240115,13:53:59,2.2,1300,2909650
20240115,13:54:00,2.2,50,2909650
20240115,13:54:05,2.25,2250,2908200
20240115,13:54:07,2.25,1000,2908200
20240115,13:54:10,2.2,50,2908200
20240115,13:54:25,2.25,50,2908200
20240115,13:54:32,2.2,1150,2908200
20240115,13:54:35,2.25,2250,2908200
20240115,13:54:40,2.2,50,2908200
20240115,13:54:41,2.2,50,2908200
20240115,13:55:00,2.2,50,2908200
20240115,13:55:05,2.25,2250,2908200
20240115,13:55:20,2.2,50,2908200
20240115,13:55:33,2.2,250,2908200
20240115,13:55:34,2.2,1250,2908200
20240115,13:55:35,2.25,2300,2908200
20240115,13:55:40,2.2,50,2908200
20240115,13:55:44,2.25,1000,2908200
20240115,13:55:48,2.2,50,2908200
20240115,13:55:55,2.25,500,2908200
20240115,13:55:58,2.2,50,2908200
20240115,13:56:04,2.25,100,2908200
20240115,13:56:05,2.25,2250,2908200
20240115,13:56:06,2.2,50,2908200
20240115,13:56:14,2.25,1100,2908200
20240115,13:56:21,2.2,50,2908200
20240115,13:56:35,2.25,2250,2908200
20240115,13:56:42,2.2,1800,2908200
20240115,13:56:44,2.2,1800,2908200
20240115,13:56:53,2.2,50,2908200
20240115,13:57:05,2.25,2250,2908200
20240115,13:57:07,2.2,1100,2908200
20240115,13:57:08,2.25,50,2912250
20240115,13:57:10,2.25,1500,2912250
20240115,13:57:11,2.25,1500,2912250
20240115,13:57:13,2.25,3400,2912250
20240115,13:57:18,2.2,100,2912250
20240115,13:57:20,2.25,1800,2912250
20240115,13:57:21,2.25,1800,2912250
20240115,13:57:22,2.2,50,2912250
20240115,13:57:23,2.25,3600,2912250
20240115,13:57:24,2.25,2700,2912250
20240115,13:57:26,2.25,7050,2912250
20240115,13:57:27,2.3,1050,2912250
20240115,13:57:28,2.3,50,2912250
20240115,13:57:29,2.25,50,2912250
20240115,13:57:30,2.25,2050,2912250
20240115,13:57:31,2.25,50,2912250
20240115,13:57:32,2.25,50,2912250
20240115,13:57:33,2.25,50,2912250
20240115,13:57:34,2.25,50,2912250
20240115,13:57:35,2.3,2250,2912250
20240115,13:57:36,2.3,500,2912250
20240115,13:57:44,2.3,50,2912250
20240115,13:57:52,2.25,200,2912250
20240115,13:57:59,2.25,450,2912250
20240115,13:58:01,2.25,100,2912250
20240115,13:58:02,2.25,550,2912250
20240115,13:58:05,2.3,2800,2912250
20240115,13:58:08,2.25,550,2912250
20240115,13:58:11,2.25,300,2912250
20240115,13:58:14,2.25,550,2912250
20240115,13:58:19,2.25,300,2912250
20240115,13:58:19,2.25,1800,2912250
20240115,13:58:21,2.25,50,2912250
20240115,13:58:23,2.25,550,2912250
20240115,13:58:24,2.25,100,2912250
20240115,13:58:28,2.25,300,2912250
20240115,13:58:31,2.25,5400,2912250
20240115,13:58:33,2.2,550,2912250
20240115,13:58:35,2.25,2250,2912250
20240115,13:58:56,2.2,300,2912250
20240115,13:59:05,2.25,2250,2912250
20240115,13:59:16,2.25,50,2912250
20240115,13:59:17,2.25,50,2912250
20240115,13:59:21,2.25,50,2912250
20240115,13:59:29,2.2,200,2912250
20240115,13:59:35,2.25,2250,2912250
20240115,13:59:36,2.25,50,2912250
20240115,14:00:01,2.25,1850,2912250
20240115,14:00:05,2.25,2250,2912250
20240115,14:00:08,2.25,12900,2922900
20240115,14:00:08,2.25,9300,2922900
20240115,14:00:09,2.25,4600,2922900
20240115,14:00:10,2.25,2200,2922900
20240115,14:00:11,2.25,1800,2922900
20240115,14:00:30,2.25,50,2922900
20240115,14:00:35,2.25,2250,2922900
20240115,14:00:36,2.25,100,2922900
20240115,14:00:46,2.25,1800,2922900
20240115,14:01:02,2.25,50,2922900
20240115,14:01:05,2.25,2300,2922900
20240115,14:01:07,2.25,3950,2922900
20240115,14:01:08,2.25,3300,2922900
20240115,14:01:09,2.25,3650,2922900
20240115,14:01:12,2.25,300,2922900
20240115,14:01:18,2.3,800,2922900
20240115,14:01:35,2.3,2250,2922900
20240115,14:01:36,2.25,50,2922900
20240115,14:01:39,2.3,100,2922900
20240115,14:02:05,2.3,2250,2922900
20240115,14:02:10,2.25,50,2922900
20240115,14:02:11,2.3,100,2922900
20240115,14:02:15,2.25,250,2922900
20240115,14:02:31,2.25,1800,2922900
20240115,14:02:31,2.25,1050,2922900
20240115,14:02:35,2.3,2250,2922900
20240115,14:02:40,2.25,50,2922900
20240115,14:03:06,2.3,2250,2922900
20240115,14:03:35,2.3,2250,2922900
20240115,14:03:37,2.3,900,2945750
20240115,14:03:51,2.25,50,2945750
20240115,14:03:55,2.25,300,2945750
20240115,14:04:05,2.3,2250,2945750
20240115,14:04:09,2.3,200,2945750
20240115,14:04:17,2.3,200,2945750
20240115,14:04:21,2.3,150,2945750
20240115,14:04:30,2.25,50,2945750
20240115,14:04:32,2.25,1300,2945750
20240115,14:04:33,2.25,2350,2945750
20240115,14:04:34,2.25,1000,2945750
20240115,14:04:35,2.3,2250,2945750
20240115,14:04:36,2.25,850,2945750
20240115,14:04:38,2.25,700,2945750
20240115,14:04:54,2.25,150,2945750
20240115,14:05:00,2.25,3600,2945750
20240115,14:05:01,2.3,800,2945750
20240115,14:05:04,2.3,10000,2945750
20240115,14:05:05,2.3,2250,2945750
20240115,14:05:07,2.3,1800,2945750
20240115,14:05:08,2.3,1500,2945750
20240115,14:05:28,2.35,20600,2945750
20240115,14:05:29,2.35,500,2945750
20240115,14:05:30,2.3,300,2945750
20240115,14:05:31,2.3,950,2945750
20240115,14:05:33,2.3,1250,2945750
20240115,14:05:34,2.3,2200,2945750
20240115,14:05:35,2.3,2650,2945750
20240115,14:05:37,2.3,700,2945750
20240115,14:05:39,2.3,200,2945750
20240115,14:05:45,2.3,50,2945750
20240115,14:05:49,2.35,250,2945750
20240115,14:05:54,2.3,50,2945750
20240115,14:05:55,2.3,1050,2945750
20240115,14:06:01,2.35,600,2945750
20240115,14:06:05,2.35,2350,2945750
20240115,14:06:07,2.35,1650,2945750
20240115,14:06:16,2.35,5800,2924850
20240115,14:06:21,2.35,100,2924850
20240115,14:06:23,2.35,950,2924850
20240115,14:06:30,2.35,1800,2924850
20240115,14:06:31,2.35,50,2924850
20240115,14:06:35,2.4,2300,2924850
20240115,14:06:37,2.4,50,2924850
20240115,14:06:47,2.35,500,2924850
20240115,14:06:49,2.4,250,2924850
20240115,14:06:54,2.35,1650,2924850
20240115,14:06:55,2.35,8050,2924850
20240115,14:06:58,2.3,3350,2924850
20240115,14:07:00,2.35,1000,2924850
20240115,14:07:01,2.4,600,2924850
20240115,14:07:05,2.4,2250,2924850
20240115,14:07:10,2.4,300,2924850
20240115,14:07:17,2.35,250,2924850
20240115,14:07:19,2.35,300,2924850
20240115,14:07:35,2.4,2250,2924850
20240115,14:07:48,2.4,250,2924850
20240115,14:07:49,2.35,400,2924850
20240115,14:07:54,2.35,3600,2924850
20240115,14:07:55,2.35,1800,2924850
20240115,14:07:58,2.35,300,2924850
20240115,14:07:59,2.35,450,2924850
20240115,14:08:01,2.35,2000,2924850
20240115,14:08:05,2.4,2250,2924850
20240115,14:08:07,2.4,250,2924850
20240115,14:08:13,2.35,1800,2924850
20240115,14:08:15,2.35,500,2924850
20240115,14:08:18,2.4,200,2924850
20240115,14:08:19,2.35,1800,2924850
20240115,14:08:20,2.35,5000,2924850
20240115,14:08:21,2.35,1950,2924850
20240115,14:08:22,2.35,1950,2924850
20240115,14:08:23,2.35,1400,2924850
20240115,14:08:24,2.35,1000,2924850
20240115,14:08:25,2.4,50,2924850
20240115,14:08:31,2.35,500,2924850
20240115,14:08:33,2.35,5000,2924850
20240115,14:08:35,2.4,2250,2924850
20240115,14:08:45,2.4,1800,2924850
20240115,14:08:46,2.4,1800,2924850
20240115,14:08:48,2.4,250,2924850
20240115,14:08:50,2.35,500,2924850
20240115,14:08:52,2.4,1250,2924850
20240115,14:09:01,2.4,600,2924850
20240115,14:09:05,2.4,2250,2924850
20240115,14:09:13,2.35,500,2937000
20240115,14:09:16,2.4,10000,2937000
20240115,14:09:27,2.35,800,2937000
20240115,14:09:29,2.35,2250,2937000
20240115,14:09:30,2.35,200,2937000
20240115,14:09:31,2.35,200,2937000
20240115,14:09:32,2.35,10200,2937000
20240115,14:09:33,2.35,1200,2937000
20240115,14:09:35,2.4,2250,2937000
20240115,14:09:36,2.4,2600,2937000
20240115,14:09:38,2.35,200,2937000
20240115,14:09:40,2.4,1500,2937000
20240115,14:09:41,2.4,1800,2937000
20240115,14:09:42,2.4,3000,2937000
20240115,14:09:43,2.35,5600,2937000
20240115,14:09:44,2.4,2000,2937000
20240115,14:09:45,2.4,1300,2937000
20240115,14:09:46,2.35,200,2937000
20240115,14:09:48,2.35,200,2937000
20240115,14:09:52,2.4,2000,2937000
20240115,14:09:53,2.35,1850,2937000
20240115,14:09:54,2.4,5200,2937000
20240115,14:09:55,2.4,2000,2937000
20240115,14:09:56,2.4,2500,2937000
20240115,14:09:57,2.4,3600,2937000
20240115,14:09:59,2.4,5400,2937000
20240115,14:10:00,2.4,5400,2937000
20240115,14:10:01,2.4,800,2937000
20240115,14:10:03,2.45,5450,2937000
20240115,14:10:05,2.45,9950,2937000
20240115,14:10:06,2.45,1700,2937000
20240115,14:10:07,2.45,4100,2937000
20240115,14:10:08,2.4,9000,2937000
20240115,14:10:09,2.4,5500,2937000
20240115,14:10:10,2.4,9450,2937000
20240115,14:10:11,2.35,18650,2937000
20240115,14:10:13,2.4,200,2937000
20240115,14:10:16,2.4,1800,2937000
20240115,14:10:18,2.4,8050,2937000
20240115,14:10:19,2.4,5400,2937000
20240115,14:10:20,2.4,1550,2937000
20240115,14:10:21,2.4,1800,2937000
20240115,14:10:23,2.4,1000,2937000
20240115,14:10:24,2.4,100,2937000
20240115,14:10:26,2.4,1000,2937000
20240115,14:10:32,2.4,700,2937000
20240115,14:10:35,2.4,2250,2937000
20240115,14:10:42,2.35,500,2937000
20240115,14:10:50,2.35,500,2937000
20240115,14:10:50,2.4,650,2937000
20240115,14:10:53,2.35,15000,2937000
20240115,14:11:01,2.35,1200,2937000
20240115,14:11:04,2.4,13000,2937000
20240115,14:11:05,2.4,2250,2937000
20240115,14:11:07,2.4,1000,2937000
20240115,14:11:35,2.4,2250,2937000
20240115,14:11:39,2.4,3000,2937000
20240115,14:11:40,2.4,1500,2937000
20240115,14:11:41,2.4,1500,2937000
20240115,14:11:45,2.4,1500,2937000
20240115,14:11:57,2.35,50,2937000
20240115,14:12:00,2.35,50,2937000
20240115,14:12:02,2.35,50,2937000
20240115,14:12:05,2.4,2300,2937000
20240115,14:12:11,2.4,400,2903100
20240115,14:12:16,2.4,1500,2903100
20240115,14:12:16,2.4,800,2903100
20240115,14:12:17,2.4,1500,2903100
20240115,14:12:18,2.4,300,2903100
20240115,14:12:20,2.4,3600,2903100
20240115,14:12:20,2.4,550,2903100
20240115,14:12:21,2.4,3800,2903100
20240115,14:12:22,2.4,5800,2903100
20240115,14:12:24,2.4,5150,2903100
20240115,14:12:24,2.4,6350,2903100
20240115,14:12:25,2.4,3000,2903100
20240115,14:12:28,2.4,1500,2903100
20240115,14:12:29,2.4,1800,2903100
20240115,14:12:30,2.4,4400,2903100
20240115,14:12:31,2.4,1500,2903100
20240115,14:12:32,2.4,11050,2903100
20240115,14:12:34,2.4,6750,2903100
20240115,14:12:35,2.45,2250,2903100
20240115,14:12:37,2.4,1800,2903100
20240115,14:12:40,2.4,1800,2903100
20240115,14:12:42,2.35,300,2903100
20240115,14:12:49,2.35,200,2903100
20240115,14:12:51,2.4,7000,2903100
20240115,14:12:54,2.35,100,2903100
20240115,14:13:04,2.4,10000,2903100
20240115,14:13:05,2.4,2250,2903100
20240115,14:13:08,2.4,800,2903100
20240115,14:13:12,2.4,1800,2903100
20240115,14:13:25,2.4,600,2903100
20240115,14:13:26,2.4,5000,2903100
20240115,14:13:34,2.4,3600,2903100
20240115,14:13:35,2.4,2250,2903100
20240115,14:13:37,2.4,1850,2903100
20240115,14:13:38,2.4,1800,2903100
20240115,14:13:39,2.4,7550,2903100
20240115,14:13:40,2.4,5100,2903100
20240115,14:13:42,2.35,8200,2903100
20240115,14:13:43,2.4,2100,2903100
20240115,14:13:44,2.4,5800,2903100
20240115,14:13:45,2.4,4550,2903100
20240115,14:13:50,2.4,350,2903100
20240115,14:13:52,2.4,10350,2903100
20240115,14:13:53,2.35,50,2903100
20240115,14:14:03,2.4,50,2903100
20240115,14:14:05,2.4,2250,2903100
20240115,14:14:06,2.4,8600,2903100
20240115,14:14:07,2.4,1050,2903100
20240115,14:14:08,2.4,6100,2903100
20240115,14:14:09,2.4,1800,2903100
20240115,14:14:11,2.4,2450,2903100
20240115,14:14:12,2.4,1800,2903100
20240115,14:14:13,2.4,50,2903100
20240115,14:14:14,2.4,1800,2903100
20240115,14:14:15,2.45,7050,2903100
20240115,14:14:16,2.4,8700,2903100
20240115,14:14:17,2.4,1800,2903100
20240115,14:14:19,2.4,5000,2903100
20240115,14:14:21,2.4,2700,2903100
20240115,14:14:23,2.4,1500,2903100
20240115,14:14:28,2.4,50,2903100
20240115,14:14:34,2.4,200,2903100
20240115,14:14:35,2.4,2250,2903100
20240115,14:14:40,2.4,1800,2903100
20240115,14:14:43,2.4,1900,2903100
20240115,14:14:44,2.4,2400,2903100
20240115,14:14:45,2.4,3850,2903100
20240115,14:14:50,2.4,1800,2903100
20240115,14:15:00,2.4,9700,2903100
20240115,14:15:05,2.45,2250,2903100
20240115,14:15:08,2.4,300,2903100
20240115,14:15:10,2.4,350,2838750
20240115,14:15:12,2.4,250,2838750
20240115,14:15:13,2.4,1900,2838750
20240115,14:15:21,2.4,100,2838750
20240115,14:15:22,2.4,100,2838750
20240115,14:15:23,2.4,1900,2838750
20240115,14:15:24,2.4,4350,2838750
20240115,14:15:25,2.4,3700,2838750
20240115,14:15:26,2.4,100,2838750
20240115,14:15:31,2.4,500,2838750
20240115,14:15:32,2.4,1000,2838750
20240115,14:15:33,2.4,1350,2838750
20240115,14:15:34,2.4,500,2838750
20240115,14:15:35,2.45,3650,2838750
20240115,14:15:36,2.4,1800,2838750
20240115,14:15:37,2.4,350,2838750
20240115,14:15:38,2.4,800,2838750
20240115,14:15:39,2.4,100,2838750
20240115,14:15:40,2.4,100,2838750
20240115,14:15:41,2.4,100,2838750
20240115,14:15:42,2.4,200,2838750
20240115,14:15:43,2.45,1200,2838750
20240115,14:15:44,2.4,650,2838750
20240115,14:15:46,2.4,150,2838750
20240115,14:15:48,2.4,1800,2838750
20240115,14:15:56,2.4,1800,2838750
20240115,14:15:57,2.4,1950,2838750
20240115,14:15:58,2.4,500,2838750
20240115,14:15:59,2.4,500,2838750
20240115,14:16:01,2.4,800,2838750
20240115,14:16:02,2.4,1850,2838750
20240115,14:16:03,2.4,1600,2838750
20240115,14:16:04,2.4,3500,2838750
20240115,14:16:06,2.4,4550,2838750
20240115,14:16:07,2.4,100,2838750
20240115,14:16:10,2.4,3600,2838750
20240115,14:16:13,2.4,250,2838750
20240115,14:16:14,2.4,500,2838750
20240115,14:16:15,2.4,500,2838750
20240115,14:16:23,2.45,50,2838750
20240115,14:16:25,2.45,100,2838750
20240115,14:16:26,2.4,200,2838750
20240115,14:16:27,2.45,50,2838750
20240115,14:16:30,2.45,50,2838750
20240115,14:16:31,2.4,1800,2838750
20240115,14:16:33,2.4,50,2838750
20240115,14:16:35,2.4,2300,2838750
20240115,14:16:38,2.4,550,2838750
20240115,14:16:40,2.4,700,2838750
20240115,14:16:41,2.4,300,2838750
20240115,14:16:44,2.35,1000,2838750
20240115,14:16:47,2.35,550,2838750
20240115,14:16:51,2.4,1000,2838750
20240115,14:16:52,2.4,1350,2838750
20240115,14:16:53,2.4,500,2838750
20240115,14:17:05,2.4,2250,2838750
20240115,14:17:23,2.35,800,2838750
20240115,14:17:30,2.35,900,2838750
20240115,14:17:31,2.35,50,2838750
20240115,14:17:32,2.35,100,2838750
20240115,14:17:33,2.35,50,2838750
20240115,14:17:34,2.35,100,2838750
20240115,14:17:35,2.4,2300,2838750
20240115,14:17:40,2.4,900,2838750
20240115,14:17:56,2.4,300,2838750
20240115,14:18:00,2.4,350,2838750
20240115,14:18:04,2.4,900,2838750
20240115,14:18:05,2.4,2250,2838750
20240115,14:18:12,2.4,11500,2864500
20240115,14:18:14,2.35,500,2864500
20240115,14:18:17,2.4,200,2864500
20240115,14:18:21,2.4,50,2864500
20240115,14:18:22,2.35,500,2864500
20240115,14:18:23,2.4,200,2864500
20240115,14:18:25,2.35,50,2864500
20240115,14:18:26,2.4,300,2864500
20240115,14:18:27,2.4,550,2864500
20240115,14:18:28,2.35,50,2864500
20240115,14:18:35,2.4,2250,2864500
20240115,14:18:38,2.35,50,2864500
20240115,14:18:39,2.4,100,2864500
20240115,14:18:42,2.35,200,2864500
20240115,14:18:48,2.4,1800,2864500
20240115,14:18:54,2.4,100,2864500
20240115,14:18:55,2.35,50,2864500
20240115,14:19:01,2.35,2500,2864500
20240115,14:19:05,2.4,2250,2864500
20240115,14:19:14,2.35,1000,2864500
20240115,14:19:35,2.4,2250,2864500
20240115,14:19:55,2.35,1800,2864500
20240115,14:20:05,2.4,2250,2864500
20240115,14:20:08,2.4,200,2864500
20240115,14:20:12,2.35,1000,2864500
20240115,14:20:12,2.35,50,2864500
20240115,14:20:23,2.35,50,2864500
20240115,14:20:32,2.4,50,2864500
20240115,14:20:35,2.4,2000,2864500
20240115,14:20:35,2.4,250,2864500
20240115,14:20:44,2.4,50,2864500
20240115,14:20:50,2.4,50,2864500
20240115,14:20:55,2.35,150,2864500
20240115,14:20:59,2.35,50,2864500
20240115,14:21:00,2.35,550,2864500
20240115,14:21:01,2.4,1650,2864500
20240115,14:21:05,2.4,2250,2864500
20240115,14:21:06,2.35,1800,2864500
20240115,14:21:06,2.35,700,2864500
20240115,14:21:21,2.4,150,2865650
20240115,14:21:25,2.35,1000,2865650
20240115,14:21:27,2.35,1000,2865650
20240115,14:21:28,2.35,500,2865650
20240115,14:21:29,2.35,500,2865650
20240115,14:21:30,2.35,3200,2865650
20240115,14:21:32,2.35,7900,2865650
20240115,14:21:33,2.35,5000,2865650
20240115,14:21:34,2.35,6600,2865650
20240115,14:21:35,2.35,4550,2865650
20240115,14:21:45,2.35,450,2865650
20240115,14:21:51,2.3,100,2865650
20240115,14:21:52,2.3,200,2865650
20240115,14:21:57,2.35,450,2865650
20240115,14:22:05,2.35,2250,2865650
20240115,14:22:22,2.35,3600,2865650
20240115,14:22:23,2.35,18000,2865650
20240115,14:22:34,2.35,200,2865650
20240115,14:22:35,2.35,2250,2865650
20240115,14:22:40,2.35,12850,2865650
20240115,14:22:41,2.4,100,2865650
20240115,14:22:51,2.35,1500,2865650
20240115,14:23:04,2.4,16600,2865650
20240115,14:23:05,2.4,2300,2865650
20240115,14:23:06,2.4,50,2865650
20240115,14:23:13,2.4,100,2865650
20240115,14:23:32,2.35,2900,2865650
20240115,14:23:36,2.4,2250,2865650
20240115,14:23:43,2.4,200,2865650
20240115,14:23:54,2.4,150,2865650
20240115,14:24:05,2.4,2250,2865650
20240115,14:24:07,2.35,2750,2865650
20240115,14:24:12,2.4,100,2865650
20240115,14:24:19,2.4,100,2853900
20240115,14:24:33,2.35,800,2853900
20240115,14:24:35,2.4,2250,2853900
20240115,14:24:37,2.35,350,2853900
20240115,14:24:41,2.35,1800,2853900
20240115,14:24:46,2.4,200,2853900
20240115,14:24:48,2.35,600,2853900
20240115,14:24:57,2.35,1500,2853900
20240115,14:25:00,2.35,2950,2853900
20240115,14:25:02,2.35,800,2853900
20240115,14:25:03,2.35,600,2853900
20240115,14:25:05,2.4,2250,2853900
20240115,14:25:19,2.35,2400,2853900
20240115,14:25:27,2.35,150,2853900
20240115,14:25:32,2.4,500,2853900
20240115,14:25:33,2.4,600,2853900
20240115,14:25:35,2.4,2250,2853900
20240115,14:25:36,2.35,50,2853900
20240115,14:25:37,2.35,3300,2853900
20240115,14:25:40,2.35,1800,2853900
20240115,14:25:41,2.35,1800,2853900
20240115,14:25:43,2.35,1800,2853900
20240115,14:25:44,2.35,3000,2853900
20240115,14:25:45,2.35,2200,2853900
20240115,14:25:46,2.35,2700,2853900
20240115,14:25:47,2.35,2200,2853900
20240115,14:26:04,2.35,900,2853900
20240115,14:26:05,2.4,2850,2853900
20240115,14:26:06,2.35,200,2853900
20240115,14:26:07,2.35,200,2853900
20240115,14:26:08,2.35,900,2853900
20240115,14:26:17,2.35,1000,2853900
20240115,14:26:18,2.35,200,2853900
20240115,14:26:30,2.4,50,2853900
20240115,14:26:35,2.4,2250,2853900
20240115,14:26:37,2.35,500,2853900
20240115,14:26:39,2.4,50,2853900
20240115,14:26:52,2.35,2850,2853900
20240115,14:27:05,2.4,2250,2853900
20240115,14:27:07,2.4,1800,2853900
20240115,14:27:08,2.4,1800,2853900
20240115,14:27:23,2.4,50,2853900
20240115,14:27:27,2.35,50,2863450
20240115,14:27:35,2.4,2250,2863450
20240115,14:28:05,2.4,2250,2863450
20240115,14:28:13,2.35,1000,2863450
20240115,14:28:24,2.4,2400,2863450
20240115,14:28:26,2.4,1800,2863450
20240115,14:28:32,2.4,1800,2863450
20240115,14:28:34,2.35,50,2863450
20240115,14:28:35,2.4,2300,2863450
20240115,14:28:36,2.4,5400,2863450
20240115,14:28:43,2.4,1800,2863450
20240115,14:28:45,2.4,1800,2863450
20240115,14:28:48,2.4,500,2863450
20240115,14:29:00,2.35,50,2863450
20240115,14:29:03,2.35,1750,2863450
20240115,14:29:05,2.4,2250,2863450
20240115,14:29:06,2.4,2600,2863450
20240115,14:29:07,2.4,1800,2863450
20240115,14:29:08,2.4,900,2863450
20240115,14:29:17,2.4,3600,2863450
20240115,14:29:21,2.4,1800,2863450
20240115,14:29:35,2.4,2250,2863450
20240115,14:29:39,2.4,50,2863450
20240115,14:29:52,2.35,50,2863450
20240115,14:29:58,2.4,1800,2863450
20240115,14:30:00,2.4,1800,2863450
20240115,14:30:01,2.35,1600,2863450
20240115,14:30:05,2.4,3350,2863450
20240115,14:30:14,2.4,50,2861050
20240115,14:30:31,2.35,50,2861050
20240115,14:30:35,2.4,2250,2861050
20240115,14:30:42,2.4,1800,2861050
20240115,14:30:49,2.4,50,2861050
20240115,14:31:02,2.4,1800,2861050
20240115,14:31:03,2.4,2100,2861050
20240115,14:31:05,2.4,2250,2861050
20240115,14:31:06,2.4,400,2861050
20240115,14:31:11,2.35,1800,2861050
20240115,14:31:19,2.35,1800,2861050
20240115,14:31:21,2.35,1800,2861050
20240115,14:31:24,2.35,1800,2861050
20240115,14:31:26,2.35,1800,2861050
20240115,14:31:28,2.35,1800,2861050
20240115,14:31:31,2.35,1800,2861050
20240115,14:31:33,2.35,1800,2861050
20240115,14:31:35,2.4,2250,2861050
20240115,14:31:35,2.35,7200,2861050
20240115,14:31:36,2.35,1800,2861050
20240115,14:31:39,2.35,2800,2861050
20240115,14:31:41,2.35,1800,2861050
20240115,14:31:54,2.4,50,2861050
20240115,14:32:05,2.4,2250,2861050
20240115,14:32:16,2.35,50,2861050
20240115,14:32:28,2.35,500,2861050
20240115,14:32:35,2.4,2300,2861050
20240115,14:32:42,2.35,7200,2861050
20240115,14:32:45,2.35,50,2861050
20240115,14:32:47,2.4,50,2861050
20240115,14:32:54,2.4,50,2861050
20240115,14:33:05,2.4,2250,2861050
20240115,14:33:16,2.35,1800,2891550
20240115,14:33:23,2.35,50,2891550
20240115,14:33:26,2.35,100,2891550
20240115,14:33:28,2.35,400,2891550
20240115,14:33:29,2.35,50,2891550
20240115,14:33:35,2.4,1800,2891550
20240115,14:33:35,2.4,2250,2891550
20240115,14:33:48,2.4,50,2891550
20240115,14:33:51,2.4,200,2891550
20240115,14:33:54,2.35,150,2891550
20240115,14:34:05,2.4,3150,2891550
20240115,14:34:05,2.4,50,2891550
20240115,14:34:11,2.4,100,2891550
20240115,14:34:29,2.4,1800,2891550
20240115,14:34:35,2.4,3150,2891550
20240115,14:34:40,2.35,1000,2891550
20240115,14:34:47,2.35,150,2891550
20240115,14:34:48,2.35,800,2891550
20240115,14:34:51,2.35,900,2891550
20240115,14:35:00,2.35,50,2891550
20240115,14:35:01,2.35,800,2891550
20240115,14:35:05,2.4,3200,2891550
20240115,14:35:11,2.35,100,2891550
20240115,14:35:11,2.4,1800,2891550
20240115,14:35:14,2.35,200,2891550
20240115,14:35:18,2.4,50,2891550
20240115,14:35:29,2.4,1800,2891550
20240115,14:35:31,2.35,450,2891550
20240115,14:35:34,2.4,2100,2891550
20240115,14:35:35,2.4,1350,2891550
20240115,14:35:41,2.4,1800,2891550
20240115,14:35:47,2.4,12600,2891550
20240115,14:35:53,2.35,450,2891550
20240115,14:35:55,2.4,1800,2891550
20240115,14:36:00,2.4,100,2891550
20240115,14:36:02,2.35,500,2891550
20240115,14:36:05,2.4,3150,2891550
20240115,14:36:13,2.4,50,2888250
20240115,14:36:22,2.4,300,2888250
20240115,14:36:24,2.35,50,2888250
20240115,14:36:25,2.35,500,2888250
20240115,14:36:27,2.4,200,2888250
20240115,14:36:31,2.35,1600,2888250
20240115,14:36:32,2.35,1000,2888250
20240115,14:36:33,2.35,1000,2888250
20240115,14:36:35,2.4,4150,2888250
20240115,14:36:37,2.35,300,2888250
20240115,14:36:41,2.35,200,2888250
20240115,14:36:54,2.4,300,2888250
20240115,14:36:55,2.35,1800,2888250
20240115,14:37:05,2.4,3150,2888250
20240115,14:37:11,2.4,1800,2888250
20240115,14:37:19,2.4,250,2888250
20240115,14:37:20,2.4,1800,2888250
20240115,14:37:22,2.4,3600,2888250
20240115,14:37:23,2.4,1800,2888250
20240115,14:37:29,2.35,1000,2888250
20240115,14:37:32,2.4,2250,2888250
20240115,14:37:33,2.35,400,2888250
20240115,14:37:35,2.4,3150,2888250
20240115,14:37:41,2.35,350,2888250
20240115,14:37:43,2.4,1800,2888250
20240115,14:37:44,2.4,1800,2888250
20240115,14:37:45,2.4,1800,2888250
20240115,14:37:47,2.4,1900,2888250
20240115,14:37:48,2.4,1800,2888250
20240115,14:37:49,2.4,1800,2888250
20240115,14:37:50,2.4,2050,2888250
20240115,14:37:59,2.35,1800,2888250
20240115,14:38:04,2.4,150,2888250
20240115,14:38:05,2.35,4950,2888250
20240115,14:38:08,2.35,1800,2888250
20240115,14:38:14,2.35,1800,2888250
20240115,14:38:17,2.35,1800,2888250
20240115,14:38:20,2.35,200,2888250
20240115,14:38:23,2.35,1800,2888250
20240115,14:38:24,2.35,1800,2888250
20240115,14:38:35,2.4,3150,2888250
20240115,14:38:43,2.4,2000,2888250
20240115,14:38:45,2.4,3600,2888250
20240115,14:38:48,2.35,50,2888250
20240115,14:39:05,2.4,3150,2888250
20240115,14:39:10,2.35,50,2888250
20240115,14:39:24,2.35,250,2894350
20240115,14:39:25,2.35,50,2894350
20240115,14:39:34,2.4,1800,2894350
20240115,14:39:35,2.4,5000,2894350
20240115,14:39:36,2.4,1800,2894350
20240115,14:39:38,2.4,300,2894350
20240115,14:39:42,2.35,1800,2894350
20240115,14:39:45,2.4,150,2894350
20240115,14:40:05,2.4,3150,2894350
20240115,14:40:07,2.4,600,2894350
20240115,14:40:15,2.4,150,2894350
20240115,14:40:15,2.4,50,2894350
20240115,14:40:16,2.4,450,2894350
20240115,14:40:17,2.4,350,2894350
20240115,14:40:18,2.4,300,2894350
20240115,14:40:22,2.4,100,2894350
20240115,14:40:22,2.4,150,2894350
20240115,14:40:23,2.4,200,2894350
20240115,14:40:25,2.4,600,2894350
20240115,14:40:27,2.4,1900,2894350
20240115,14:40:28,2.4,600,2894350
20240115,14:40:30,2.35,450,2894350
20240115,14:40:33,2.35,100,2894350
20240115,14:40:35,2.4,3150,2894350
20240115,14:40:36,2.4,400,2894350
20240115,14:40:46,2.4,300,2894350
20240115,14:40:49,2.35,1600,2894350
20240115,14:40:50,2.35,1850,2894350
20240115,14:40:53,2.4,300,2894350
20240115,14:40:54,2.4,300,2894350
20240115,14:40:55,2.4,100,2894350
20240115,14:40:56,2.4,50,2894350
20240115,14:40:58,2.4,50,2894350
20240115,14:40:59,2.4,50,2894350
20240115,14:41:00,2.4,1800,2894350
20240115,14:41:04,2.4,1500,2894350
20240115,14:41:05,2.4,2300,2894350
20240115,14:41:06,2.45,3000,2894350
20240115,14:41:08,2.4,100,2894350
20240115,14:41:11,2.4,100,2894350
20240115,14:41:13,2.4,50,2894350
20240115,14:41:16,2.4,100,2894350
20240115,14:41:22,2.45,50,2894350
20240115,14:41:25,2.45,50,2894350
20240115,14:41:33,2.45,100,2894350
20240115,14:41:35,2.45,3150,2894350
20240115,14:41:40,2.45,50,2894350
20240115,14:41:42,2.4,100,2894350
20240115,14:41:44,2.4,250,2894350
20240115,14:41:45,2.4,900,2894350
20240115,14:41:51,2.4,750,2894350
20240115,14:41:51,2.4,400,2894350
20240115,14:41:53,2.45,1800,2894350
20240115,14:41:54,2.4,1850,2894350
20240115,14:41:55,2.4,800,2894350
20240115,14:41:56,2.4,450,2894350
20240115,14:41:57,2.45,50,2894350
20240115,14:41:58,2.4,450,2894350
20240115,14:41:59,2.4,250,2894350
20240115,14:42:04,2.45,3150,2894350
20240115,14:42:10,2.4,2000,2894350
20240115,14:42:12,2.45,100,2894350
20240115,14:42:15,2.4,1800,2902600
20240115,14:42:18,2.4,50,2902600
20240115,14:42:26,2.45,250,2902600
20240115,14:42:35,2.45,3150,2902600
20240115,14:42:37,2.45,1800,2902600
20240115,14:42:38,2.4,3150,2902600
20240115,14:42:51,2.45,1800,2902600
20240115,14:42:52,2.45,1800,2902600
20240115,14:42:54,2.4,100,2902600
20240115,14:43:05,2.45,3150,2902600
20240115,14:43:06,2.4,1500,2902600
20240115,14:43:24,2.4,50,2902600
20240115,14:43:35,2.45,3150,2902600
20240115,14:44:04,2.4,50,2902600
20240115,14:44:05,2.45,3200,2902600
20240115,14:44:21,2.4,50,2902600
20240115,14:44:32,2.4,1800,2902600
20240115,14:44:35,2.45,3150,2902600
20240115,14:44:40,2.45,1500,2902600
20240115,14:44:41,2.45,3500,2902600
20240115,14:44:42,2.4,2800,2902600
20240115,14:44:45,2.4,650,2902600
20240115,14:44:49,2.4,100,2902600
20240115,14:45:01,2.4,800,2902600
20240115,14:45:05,2.45,3150,2902600
20240115,14:45:08,2.4,100,2902600
20240115,14:45:11,2.45,1800,2902600
20240115,14:45:13,2.45,50,2912400
20240115,14:45:29,2.45,1750,2912400
20240115,14:45:35,2.45,3150,2912400
20240115,14:45:36,2.45,50,2912400
20240115,14:45:38,2.45,200,2912400
20240115,14:45:45,2.4,400,2912400
20240115,14:45:48,2.45,50,2912400
20240115,14:45:59,2.4,150,2912400
20240115,14:46:05,2.45,3150,2912400
20240115,14:46:35,2.45,8300,2912400
20240115,14:46:37,2.4,1800,2912400
20240115,14:46:38,2.4,500,2912400
20240115,14:46:52,2.45,200,2912400
20240115,14:46:53,2.4,1850,2912400
20240115,14:46:59,2.45,3600,2912400
20240115,14:47:01,2.45,1100,2912400
20240115,14:47:04,2.45,1500,2912400
20240115,14:47:05,2.45,3150,2912400
20240115,14:47:06,2.45,2200,2912400
20240115,14:47:07,2.45,1500,2912400
20240115,14:47:08,2.45,1800,2912400
20240115,14:47:14,2.4,500,2912400
20240115,14:47:16,2.45,1800,2912400
20240115,14:47:19,2.45,2400,2912400
20240115,14:47:20,2.45,100,2912400
20240115,14:47:23,2.45,100,2912400
20240115,14:47:27,2.45,100,2912400
20240115,14:47:35,2.5,3150,2912400
20240115,14:47:36,2.5,1650,2912400
20240115,14:47:37,2.45,400,2912400
20240115,14:47:38,2.45,5400,2912400
20240115,14:47:44,2.4,1000,2912400
20240115,14:47:50,2.4,1800,2912400
20240115,14:48:03,2.45,50,2912400
20240115,14:48:05,2.45,3150,2912400
20240115,14:48:07,2.4,1850,2912400
20240115,14:48:08,2.45,100,2912400
20240115,14:48:11,2.45,50,2912400
20240115,14:48:15,2.45,50,2935650
20240115,14:48:17,2.45,500,2935650
20240115,14:48:18,2.45,50,2935650
20240115,14:48:20,2.45,1000,2935650
20240115,14:48:22,2.4,50,2935650
20240115,14:48:24,2.4,500,2935650
20240115,14:48:27,2.45,50,2935650
20240115,14:48:31,2.4,1350,2935650
20240115,14:48:34,2.45,50,2935650
20240115,14:48:35,2.45,3200,2935650
20240115,14:48:41,2.45,50,2935650
20240115,14:48:42,2.4,150,2935650
20240115,14:48:46,2.45,50,2935650
20240115,14:48:47,2.4,50,2935650
20240115,14:48:52,2.45,50,2935650
20240115,14:48:56,2.4,600,2935650
20240115,14:49:05,2.45,3150,2935650
20240115,14:49:10,2.45,100,2935650
20240115,14:49:30,2.4,600,2935650
20240115,14:49:33,2.4,1000,2935650
20240115,14:49:35,2.45,3150,2935650
20240115,14:49:41,2.45,50,2935650
20240115,14:49:44,2.45,50,2935650
20240115,14:49:49,2.45,1550,2935650
20240115,14:49:56,2.45,50,2935650
20240115,14:50:01,2.45,50,2935650
20240115,14:50:05,2.45,3150,2935650
20240115,14:50:06,2.45,50,2935650
20240115,14:50:11,2.45,50,2935650
20240115,14:50:24,2.45,50,2935650
20240115,14:50:28,2.45,50,2935650
20240115,14:50:33,2.45,50,2935650
20240115,14:50:34,2.45,50,2935650
20240115,14:50:35,2.45,50,2935650
20240115,14:50:36,2.45,100,2935650
20240115,14:50:37,2.45,50,2935650
20240115,14:50:38,2.45,250,2935650
20240115,14:50:39,2.4,1800,2935650
20240115,14:50:41,2.45,50,2935650
20240115,14:50:44,2.45,350,2935650
20240115,14:50:49,2.4,1800,2935650
20240115,14:50:53,2.45,650,2935650
20240115,14:50:55,2.45,250,2935650
20240115,14:50:57,2.4,100,2935650
20240115,14:50:58,2.4,1800,2935650
20240115,14:50:59,2.45,500,2935650
20240115,14:51:01,2.45,350,2935650
20240115,14:51:02,2.45,400,2935650
20240115,14:51:05,2.45,650,2935650
20240115,14:51:08,2.4,1800,2935650
20240115,14:51:17,2.4,1800,2946000
20240115,14:51:20,2.45,300,2946000
20240115,14:51:24,2.4,3200,2946000
20240115,14:51:25,2.4,1800,2946000
20240115,14:51:39,2.4,200,2946000
20240115,14:51:40,2.4,200,2946000
20240115,14:51:41,2.4,200,2946000
20240115,14:51:42,2.4,200,2946000
20240115,14:51:43,2.4,200,2946000
20240115,14:51:44,2.45,2000,2946000
20240115,14:51:45,2.4,200,2946000
20240115,14:51:58,2.4,1800,2946000
20240115,14:52:05,2.4,600,2946000
20240115,14:52:05,2.4,1800,2946000
20240115,14:52:06,2.4,6000,2946000
20240115,14:52:07,2.4,1800,2946000
20240115,14:52:09,2.4,1800,2946000
20240115,14:52:10,2.45,3800,2946000
20240115,14:52:11,2.45,1550,2946000
20240115,14:52:12,2.4,2200,2946000
20240115,14:52:13,2.45,2250,2946000
20240115,14:52:14,2.45,1000,2946000
20240115,14:52:15,2.45,1000,2946000
20240115,14:52:16,2.45,2100,2946000
20240115,14:52:17,2.45,1000,2946000
20240115,14:52:59,2.45,1000,2946000
20240115,14:53:00,2.45,100,2946000
20240115,14:53:01,2.4,4600,2946000
20240115,14:53:02,2.45,1000,2946000
20240115,14:53:03,2.45,3800,2946000
20240115,14:53:04,2.4,2950,2946000
20240115,14:53:05,2.45,1000,2946000
20240115,14:53:06,2.45,2000,2946000
20240115,14:53:07,2.45,1300,2946000
20240115,14:53:08,2.45,100,2946000
20240115,14:53:09,2.45,2000,2946000
20240115,14:53:10,2.45,250,2946000
20240115,14:53:11,2.45,800,2946000
20240115,14:53:14,2.45,1000,2946000
20240115,14:53:25,2.45,350,2946000
20240115,14:53:28,2.4,1800,2946000
20240115,14:53:29,2.4,1600,2946000
20240115,14:53:34,2.45,650,2946000
20240115,14:53:38,2.45,1800,2946000
20240115,14:53:41,2.4,100,2946000
20240115,14:53:41,2.4,350,2946000
20240115,14:53:43,2.4,1800,2946000
20240115,14:53:44,2.4,750,2946000
20240115,14:53:49,2.4,250,2946000
20240115,14:53:56,2.4,1800,2946000
20240115,14:53:56,2.4,1200,2946000
20240115,14:54:04,2.4,1800,2946000
20240115,14:54:05,2.4,1200,2946000
20240115,14:54:26,2.4,250,2946000
20240115,14:54:29,2.45,3400,2977850
20240115,14:54:46,2.4,250,2977850
20240115,14:54:51,2.4,1800,2977850
20240115,14:54:55,2.4,1800,2977850
20240115,14:55:00,2.45,2000,2977850
20240115,14:55:01,2.4,850,2977850
20240115,14:55:09,2.4,1800,2977850
20240115,14:55:12,2.45,50,2977850
20240115,14:55:13,2.45,1600,2977850
20240115,14:55:21,2.4,1800,2977850
20240115,14:55:26,2.45,1800,2977850
20240115,14:55:35,2.45,50,2977850
20240115,14:55:41,2.45,50,2977850
20240115,14:55:41,2.4,400,2977850
20240115,14:55:54,2.4,150,2977850
20240115,14:55:59,2.45,2000,2977850
20240115,14:56:01,2.45,50,2977850
20240115,14:56:20,2.45,100,2977850
20240115,14:56:23,2.4,3350,2977850
20240115,14:56:24,2.4,800,2977850
20240115,14:56:28,2.4,1800,2977850
20240115,14:56:29,2.4,3000,2977850
20240115,14:56:31,2.4,2150,2977850
20240115,14:56:31,2.4,1800,2977850
20240115,14:56:33,2.4,1800,2977850
20240115,14:56:35,2.4,1800,2977850
20240115,14:56:36,2.4,1800,2977850
20240115,14:56:37,2.4,2650,2977850
20240115,14:56:38,2.4,4050,2977850
20240115,14:56:39,2.4,1600,2977850
20240115,14:56:40,2.4,3800,2977850
20240115,14:56:41,2.4,1850,2977850
20240115,14:56:43,2.4,50,2977850
20240115,14:56:44,2.4,50,2977850
20240115,14:56:46,2.4,300,2977850
20240115,14:56:52,2.4,3700,2977850
20240115,14:56:56,2.4,1800,2977850
20240115,14:57:01,2.4,1550,2977850
20240115,14:57:06,2.35,50,2977850
20240115,14:57:11,2.4,1550,2977850
20240115,14:57:14,2.4,350,2977850
20240115,14:57:15,2.4,850,2977850
20240115,14:57:16,2.4,250,2994450
20240115,14:57:18,2.4,300,2994450
20240115,14:57:18,2.4,450,2994450
20240115,14:57:22,2.4,3750,2994450
20240115,14:57:27,2.4,1800,2994450
20240115,14:57:29,2.4,50,2994450
20240115,14:57:32,2.4,1500,2994450
20240115,14:57:50,2.35,1800,2994450
20240115,14:57:52,2.4,3700,2994450
20240115,14:57:53,2.4,5400,2994450
20240115,14:57:58,2.4,1800,2994450
20240115,14:57:59,2.4,2400,2994450
20240115,14:58:00,2.4,450,2994450
20240115,14:58:01,2.45,50,2994450
20240115,14:58:02,2.4,1800,2994450
20240115,14:58:09,2.4,50,2994450
20240115,14:58:12,2.4,1800,2994450
20240115,14:58:18,2.45,1800,2994450
20240115,14:58:21,2.4,800,2994450
20240115,14:58:22,2.45,3750,2994450
20240115,14:58:24,2.45,12600,2994450
20240115,14:58:25,2.45,3750,2994450
20240115,14:58:31,2.4,700,2994450
20240115,14:58:33,2.45,250,2994450
20240115,14:58:52,2.45,3700,2994450
20240115,14:59:13,2.45,200,2994450
20240115,14:59:16,2.45,100,2994450
20240115,14:59:22,2.45,3950,2994450
20240115,14:59:28,2.4,3600,2994450
20240115,14:59:29,2.4,1900,2994450
20240115,14:59:35,2.4,150,2994450
20240115,14:59:40,2.4,1500,2994450
20240115,14:59:48,2.45,50,2994450
20240115,14:59:50,2.4,1500,2994450
20240115,14:59:52,2.45,3700,2994450
20240115,14:59:56,2.4,3300,2994450
20240115,15:00:01,2.45,800,2994450
20240115,15:00:13,2.45,50,2994450
20240115,15:00:14,2.45,1800,2994450
20240115,15:00:16,2.45,1800,2998250
20240115,15:00:22,2.45,3750,2998250
20240115,15:00:24,2.45,1800,2998250
20240115,15:00:25,2.45,4000,2998250
20240115,15:00:28,2.45,2150,2998250
20240115,15:00:35,2.4,3600,2998250
20240115,15:00:36,2.4,3600,2998250
20240115,15:00:37,2.4,800,2998250
20240115,15:00:42,2.45,50,2998250
20240115,15:00:46,2.45,50,2998250
20240115,15:00:47,2.45,50,2998250
20240115,15:00:52,2.45,3700,2998250
20240115,15:00:55,2.4,3500,2998250
20240115,15:01:22,2.45,3750,2998250
20240115,15:01:23,2.45,1000,2998250
20240115,15:01:29,2.45,1800,2998250
20240115,15:01:31,2.45,1800,2998250
20240115,15:01:35,2.4,250,2998250
20240115,15:01:39,2.45,1800,2998250
20240115,15:01:44,2.4,50,2998250
20240115,15:01:47,2.4,50,2998250
20240115,15:01:52,2.45,3750,2998250
20240115,15:02:01,2.45,50,2998250
20240115,15:02:04,2.4,250,2998250
20240115,15:02:05,2.4,800,2998250
20240115,15:02:07,2.4,250,2998250
20240115,15:02:10,2.4,50,2998250
20240115,15:02:12,2.4,50,2998250
20240115,15:02:15,2.4,3600,2998250
20240115,15:02:16,2.4,5400,2998250
20240115,15:02:17,2.4,3600,2998250
20240115,15:02:18,2.4,3650,2998250
20240115,15:02:19,2.4,1300,2998250
20240115,15:02:21,2.4,300,2998250
20240115,15:02:22,2.45,3750,2998250
20240115,15:02:33,2.45,50,2998250
20240115,15:02:34,2.4,800,2998250
20240115,15:02:37,2.45,1800,2998250
20240115,15:02:41,2.4,1400,2998250
20240115,15:02:46,2.4,100,2998250
20240115,15:02:52,2.45,3700,2998250
20240115,15:02:54,2.45,300,2998250
20240115,15:03:01,2.45,50,2998250
20240115,15:03:07,2.4,15000,2998250
20240115,15:03:10,2.4,350,2998250
20240115,15:03:11,2.4,1100,2998250
20240115,15:03:19,2.45,100,2998250
20240115,15:03:21,2.4,50,3023700
20240115,15:03:22,2.45,3750,3023700
20240115,15:03:27,2.4,50,3023700
20240115,15:03:28,2.4,50,3023700
20240115,15:03:33,2.4,2200,3023700
20240115,15:03:34,2.4,5400,3023700
20240115,15:03:35,2.4,3600,3023700
20240115,15:03:36,2.4,3150,3023700
20240115,15:03:51,2.4,3700,3023700
20240115,15:03:52,2.3,55600,3023700
20240115,15:03:54,2.35,250,3023700
20240115,15:03:58,2.35,1000,3023700
20240115,15:04:01,2.3,50,3023700
20240115,15:04:02,2.3,2050,3023700
20240115,15:04:03,2.35,50,3023700
20240115,15:04:04,2.3,50,3023700
20240115,15:04:05,2.3,1800,3023700
20240115,15:04:09,2.3,1800,3023700
20240115,15:04:12,2.3,1800,3023700
20240115,15:04:14,2.35,500,3023700
20240115,15:04:15,2.3,2000,3023700
20240115,15:04:16,2.35,200,3023700
20240115,15:04:18,2.35,1400,3023700
20240115,15:04:20,2.3,1500,3023700
20240115,15:04:22,2.35,5850,3023700
20240115,15:04:30,2.35,10500,3023700
20240115,15:04:35,2.35,1800,3023700
20240115,15:04:36,2.3,1800,3023700
20240115,15:04:37,2.3,1800,3023700
20240115,15:04:38,2.3,100,3023700
20240115,15:04:41,2.3,1800,3023700
20240115,15:04:42,2.3,50,3023700
20240115,15:04:48,2.3,700,3023700
20240115,15:04:48,2.35,150,3023700
20240115,15:04:51,2.3,50,3023700
20240115,15:04:52,2.35,3700,3023700
20240115,15:04:52,2.3,50,3023700
20240115,15:04:53,2.35,50,3023700
20240115,15:04:55,2.3,1800,3023700
20240115,15:04:57,2.35,1800,3023700
20240115,15:05:01,2.3,850,3023700
20240115,15:05:01,2.3,1800,3023700
20240115,15:05:06,2.3,8950,3023700
20240115,15:05:07,2.3,50,3023700
20240115,15:05:08,2.25,1800,3023700
20240115,15:05:11,2.3,1850,3023700
20240115,15:05:13,2.3,1800,3023700
20240115,15:05:14,2.3,850,3023700
20240115,15:05:15,2.3,600,3023700
20240115,15:05:16,2.3,1600,3023700
20240115,15:05:17,2.3,1300,3023700
20240115,15:05:18,2.25,15750,3023700
20240115,15:05:22,2.25,3800,3023700
20240115,15:05:23,2.3,1000,3023700
20240115,15:05:24,2.25,50,3023700
20240115,15:05:29,2.25,1800,3023700
20240115,15:05:41,2.3,1800,3023700
20240115,15:05:46,2.25,1500,3023700
20240115,15:05:48,2.3,500,3023700
20240115,15:05:52,2.3,3700,3023700
20240115,15:05:53,2.3,5100,3023700
20240115,15:05:54,2.35,14100,3023700
20240115,15:05:56,2.35,500,3023700
20240115,15:06:01,2.35,50,3023700
20240115,15:06:03,2.35,1850,3023700
20240115,15:06:05,2.35,2400,3023700
20240115,15:06:07,2.35,1800,3023700
20240115,15:06:07,2.3,1800,3023700
20240115,15:06:15,2.35,500,3023700
20240115,15:06:16,2.35,200,3015250
20240115,15:06:20,2.35,100,3015250
20240115,15:06:22,2.35,3750,3015250
20240115,15:06:23,2.35,1800,3015250
20240115,15:06:26,2.35,1800,3015250
20240115,15:06:28,2.35,500,3015250
20240115,15:06:28,2.35,1800,3015250
20240115,15:06:29,2.35,3600,3015250
20240115,15:06:30,2.35,3600,3015250
20240115,15:06:32,2.35,11300,3015250
20240115,15:06:32,2.35,50,3015250
20240115,15:06:33,2.4,1000,3015250
20240115,15:06:34,2.35,100,3015250
20240115,15:06:36,2.4,1000,3015250
20240115,15:06:45,2.35,1800,3015250
20240115,15:06:48,2.35,3400,3015250
20240115,15:06:48,2.35,1800,3015250
20240115,15:06:50,2.35,750,3015250
20240115,15:06:51,2.35,1800,3015250
20240115,15:06:52,2.4,3700,3015250
20240115,15:06:53,2.35,2300,3015250
20240115,15:06:55,2.35,300,3015250
20240115,15:06:55,2.35,350,3015250
20240115,15:07:01,2.4,50,3015250
20240115,15:07:05,2.4,3600,3015250
20240115,15:07:06,2.4,18000,3015250
20240115,15:07:07,2.4,10350,3015250
20240115,15:07:17,2.35,200,3015250
20240115,15:07:22,2.4,3800,3015250
20240115,15:07:28,2.4,500,3015250
20240115,15:07:31,2.4,350,3015250
20240115,15:07:41,2.35,1600,3015250
20240115,15:07:43,2.35,400,3015250
20240115,15:07:43,2.35,250,3015250
20240115,15:07:44,2.35,500,3015250
20240115,15:07:48,2.35,1800,3015250
20240115,15:07:48,2.35,350,3015250
20240115,15:07:49,2.35,1800,3015250
20240115,15:07:52,2.4,3700,3015250
20240115,15:07:55,2.35,250,3015250
20240115,15:07:59,2.4,1850,3015250
20240115,15:08:07,2.35,1800,3015250
20240115,15:08:15,2.35,750,3015250
20240115,15:08:18,2.35,1800,3015250
20240115,15:08:21,2.4,3750,3015250
20240115,15:08:23,2.35,1800,3015250
20240115,15:08:25,2.35,1800,3015250
20240115,15:08:26,2.35,1800,3015250
20240115,15:08:28,2.35,2800,3015250
20240115,15:08:32,2.4,100,3015250
20240115,15:08:35,2.4,1000,3015250
20240115,15:08:42,2.35,1800,3015250
20240115,15:08:43,2.35,1800,3015250
20240115,15:08:52,2.4,3700,3015250
20240115,15:08:56,2.4,2500,3015250
20240115,15:08:58,2.35,1800,3015250
20240115,15:08:59,2.35,1800,3015250
20240115,15:09:00,2.35,1800,3015250
20240115,15:09:01,2.4,1850,3015250
20240115,15:09:05,2.35,1800,3015250
20240115,15:09:09,2.35,1800,3015250
20240115,15:09:10,2.35,300,3015250
20240115,15:09:12,2.35,1800,3015250
20240115,15:09:21,2.35,1800,2992400
20240115,15:09:22,2.35,5550,2992400
20240115,15:09:25,2.4,700,2992400
20240115,15:09:27,2.35,1200,2992400
20240115,15:09:31,2.4,50,2992400
20240115,15:09:33,2.35,300,2992400
20240115,15:09:45,2.35,500,2992400
20240115,15:09:52,2.4,3700,2992400
20240115,15:09:59,2.35,1800,2992400
20240115,15:10:01,2.35,800,2992400
20240115,15:10:10,2.4,6000,2992400
20240115,15:10:11,2.35,1800,2992400
20240115,15:10:15,2.35,1800,2992400
20240115,15:10:18,2.35,1800,2992400
20240115,15:10:22,2.4,5550,2992400
20240115,15:10:29,2.35,350,2992400
20240115,15:10:32,2.4,100,2992400
20240115,15:10:52,2.4,3700,2992400
20240115,15:10:56,2.4,1800,2992400
20240115,15:10:59,2.35,2000,2992400
20240115,15:11:01,2.4,50,2992400
20240115,15:11:02,2.4,50,2992400
20240115,15:11:03,2.4,50,2992400
20240115,15:11:06,2.4,2300,2992400
20240115,15:11:07,2.4,500,2992400
20240115,15:11:08,2.4,800,2992400
20240115,15:11:15,2.35,1800,2992400
20240115,15:11:19,2.4,400,2992400
20240115,15:11:20,2.35,1050,2992400
20240115,15:11:22,2.4,3750,2992400
20240115,15:11:23,2.35,1800,2992400
20240115,15:11:24,2.35,50,2992400
20240115,15:11:34,2.35,1800,2992400
20240115,15:11:42,2.4,1250,2992400
20240115,15:11:47,2.4,1800,2992400
20240115,15:11:49,2.35,600,2992400
20240115,15:11:52,2.4,3700,2992400
20240115,15:11:52,2.35,300,2992400
20240115,15:12:01,2.4,50,2992400
20240115,15:12:03,2.4,1200,2992400
20240115,15:12:14,2.4,1200,2992400
20240115,15:12:15,2.4,10500,2992400
20240115,15:12:19,2.4,600,2982400
20240115,15:12:20,2.35,100,2982400
20240115,15:12:24,2.4,1200,2982400
20240115,15:12:29,2.35,50,2982400
20240115,15:12:34,2.4,1200,2982400
20240115,15:12:35,2.35,50,2982400
20240115,15:12:39,2.4,350,2982400
20240115,15:12:40,2.35,400,2982400
20240115,15:12:44,2.4,1200,2982400
20240115,15:12:47,2.4,1800,2982400
20240115,15:12:48,2.4,1800,2982400
20240115,15:12:54,2.4,1250,2982400
20240115,15:12:55,2.4,10000,2982400
20240115,15:12:59,2.4,500,2982400
20240115,15:13:01,2.4,50,2982400
20240115,15:13:04,2.4,1200,2982400
20240115,15:13:08,2.4,250,2982400
20240115,15:13:14,2.4,1200,2982400
20240115,15:13:16,2.4,500,2982400
20240115,15:13:17,2.4,50,2982400
20240115,15:13:18,2.4,1400,2982400
20240115,15:13:19,2.35,1000,2982400
20240115,15:13:21,2.4,10300,2982400
20240115,15:13:24,2.4,1200,2982400
20240115,15:13:34,2.4,1200,2982400
20240115,15:13:40,2.35,1000,2982400
20240115,15:13:40,2.35,100,2982400
20240115,15:13:41,2.4,300,2982400
20240115,15:13:44,2.35,1700,2982400
20240115,15:13:46,2.4,1000,2982400
20240115,15:13:47,2.4,50,2982400
20240115,15:13:48,2.4,50,2982400
20240115,15:13:49,2.4,100,2982400
20240115,15:13:50,2.4,50,2982400
20240115,15:13:51,2.4,100,2982400
20240115,15:13:52,2.4,400,2982400
20240115,15:13:53,2.4,50,2982400
20240115,15:13:54,2.4,1300,2982400
20240115,15:13:59,2.35,1100,2982400
20240115,15:14:00,2.4,200,2982400
20240115,15:14:01,2.35,450,2982400
20240115,15:14:02,2.35,150,2982400
20240115,15:14:04,2.4,1200,2982400
20240115,15:14:05,2.35,700,2982400
20240115,15:14:06,2.35,1300,2982400
20240115,15:14:07,2.35,1800,2982400
20240115,15:14:09,2.35,200,2982400
20240115,15:14:09,2.4,100,2982400
20240115,15:14:10,2.4,150,2982400
20240115,15:14:11,2.35,3600,2982400
20240115,15:14:12,2.4,150,2982400
20240115,15:14:14,2.4,1200,2982400
20240115,15:14:14,2.4,250,2982400
20240115,15:14:15,2.4,100,2982400
20240115,15:14:16,2.35,500,2982400
20240115,15:14:17,2.4,50,2982400
20240115,15:14:18,2.4,100,2982400
20240115,15:14:21,2.35,300,2982400
20240115,15:14:24,2.4,1300,2982400
20240115,15:14:26,2.35,200,2982400
20240115,15:14:27,2.35,300,2982400
20240115,15:14:27,2.4,50,2982400
20240115,15:14:30,2.4,500,2982400
20240115,15:14:30,2.35,200,2982400
20240115,15:14:34,2.4,1200,2982400
20240115,15:14:35,2.4,200,2982400
20240115,15:14:36,2.35,1800,2982400
20240115,15:14:37,2.35,300,2982400
20240115,15:14:40,2.35,1800,2982400
20240115,15:14:41,2.4,1800,2982400
20240115,15:14:42,2.4,100,2982400
20240115,15:14:43,2.4,200,2982400
20240115,15:14:44,2.4,1500,2982400
20240115,15:14:46,2.35,1800,2982400
20240115,15:14:47,2.35,900,2982400
20240115,15:14:48,2.35,1500,2982400
20240115,15:14:51,2.35,650,2982400
20240115,15:14:52,2.35,1550,2982400
20240115,15:14:53,2.35,750,2982400
20240115,15:14:54,2.35,1950,2982400
20240115,15:14:55,2.4,700,2982400
20240115,15:14:57,2.35,2200,2982400
20240115,15:14:58,2.35,100,2982400
20240115,15:14:59,2.35,100,2982400
20240115,15:15:00,2.4,1350,2982400
20240115,15:15:01,2.35,1200,2982400
20240115,15:15:02,2.35,100,2982400
20240115,15:15:03,2.35,200,2982400
20240115,15:15:04,2.4,1700,2982400
20240115,15:15:05,2.4,2000,2982400
20240115,15:15:07,2.4,2000,2982400
20240115,15:15:10,2.4,50,2982400
20240115,15:15:14,2.4,1200,2982400
20240115,15:15:15,2.35,1800,2982400
20240115,15:15:16,2.35,100,2982400
20240115,15:15:21,2.4,1000,2973150
20240115,15:15:22,2.4,1800,2973150
20240115,15:15:24,2.4,2200,2973150
20240115,15:15:25,2.4,500,2973150
20240115,15:15:26,2.35,1800,2973150
20240115,15:15:32,2.4,100,2973150
20240115,15:15:34,2.4,1200,2973150
20240115,15:15:42,2.4,200,2973150
20240115,15:15:44,2.4,1200,2973150
20240115,15:15:46,2.35,1500,2973150
20240115,15:15:48,2.4,600,2973150
20240115,15:15:53,2.4,50,2973150
20240115,15:15:54,2.4,1400,2973150
20240115,15:15:58,2.35,1500,2973150
20240115,15:15:59,2.35,1500,2973150
20240115,15:16:00,2.35,1500,2973150
20240115,15:16:02,2.35,1500,2973150
20240115,15:16:04,2.4,2850,2973150
20240115,15:16:06,2.4,450,2973150
20240115,15:16:06,2.35,400,2973150
20240115,15:16:09,2.4,400,2973150
20240115,15:16:10,2.4,50,2973150
20240115,15:16:11,2.4,200,2973150
20240115,15:16:13,2.4,100,2973150
20240115,15:16:14,2.4,1200,2973150
20240115,15:16:15,2.4,500,2973150
20240115,15:16:16,2.4,250,2973150
20240115,15:16:20,2.4,300,2973150
20240115,15:16:24,2.4,1250,2973150
20240115,15:16:28,2.4,600,2973150
20240115,15:16:30,2.35,45250,2973150
20240115,15:16:31,2.35,50,2973150
20240115,15:16:33,2.35,50,2973150
20240115,15:16:34,2.35,2150,2973150
20240115,15:16:35,2.35,50,2973150
20240115,15:16:36,2.35,1800,2973150
20240115,15:16:38,2.35,50,2973150
20240115,15:16:39,2.35,1800,2973150
20240115,15:16:41,2.35,50,2973150
20240115,15:16:43,2.35,3500,2973150
20240115,15:16:44,2.35,1200,2973150
20240115,15:16:45,2.35,500,2973150
20240115,15:16:46,2.35,1500,2973150
20240115,15:16:49,2.35,1550,2973150
20240115,15:16:51,2.35,14850,2973150
20240115,15:16:53,2.35,1800,2973150
20240115,15:16:54,2.35,3500,2973150
20240115,15:16:56,2.35,2200,2973150
20240115,15:16:57,2.35,3500,2973150
20240115,15:16:59,2.35,750,2973150
20240115,15:17:00,2.35,2150,2973150
20240115,15:17:02,2.4,500,2973150
20240115,15:17:04,2.35,1350,2973150
20240115,15:17:05,2.4,1500,2973150
20240115,15:17:07,2.35,650,2973150
20240115,15:17:08,2.4,1000,2973150
20240115,15:17:10,2.35,2800,2973150
20240115,15:17:12,2.35,1300,2973150
20240115,15:17:14,2.4,1200,2973150
20240115,15:17:16,2.4,500,2973150
20240115,15:17:18,2.35,150,2973150
20240115,15:17:22,2.35,250,2973150
20240115,15:17:23,2.35,500,2973150
20240115,15:17:25,2.35,1600,2973150
20240115,15:17:26,2.35,500,2973150
20240115,15:17:27,2.35,1000,2973150
20240115,15:17:28,2.35,1400,2973150
20240115,15:17:29,2.35,250,2973150
20240115,15:17:30,2.35,1000,2973150
20240115,15:17:31,2.35,500,2973150
20240115,15:17:33,2.35,8900,2973150
20240115,15:17:33,2.35,100,2973150
20240115,15:17:35,2.35,1400,2973150
20240115,15:17:37,2.35,100,2973150
20240115,15:17:44,2.4,1200,2973150
20240115,15:17:48,2.35,200,2973150
20240115,15:17:49,2.35,800,2973150
20240115,15:17:54,2.4,1250,2973150
20240115,15:17:55,2.35,500,2973150
20240115,15:17:56,2.35,500,2973150
20240115,15:17:57,2.35,1000,2973150
20240115,15:17:58,2.35,1950,2973150
20240115,15:17:59,2.35,500,2973150
20240115,15:18:00,2.35,500,2973150
20240115,15:18:01,2.35,800,2973150
20240115,15:18:04,2.4,1200,2973150
20240115,15:18:06,2.35,100,2973150
20240115,15:18:08,2.35,100,2973150
20240115,15:18:09,2.35,50,2973150
20240115,15:18:11,2.35,150,2973150
20240115,15:18:12,2.35,1800,2973150
20240115,15:18:13,2.4,500,2973150
20240115,15:18:14,2.4,1250,2973150
20240115,15:18:15,2.35,3700,2973150
20240115,15:18:18,2.35,50,2973150
20240115,15:18:21,2.4,100,2999300
20240115,15:18:22,2.35,1800,2999300
20240115,15:18:24,2.4,1200,2999300
20240115,15:18:30,2.35,1800,2999300
20240115,15:18:34,2.4,1200,2999300
20240115,15:18:37,2.4,500,2999300
20240115,15:18:38,2.35,1800,2999300
20240115,15:18:38,2.4,500,2999300
20240115,15:18:41,2.4,100,2999300
20240115,15:18:43,2.4,2800,2999300
20240115,15:18:44,2.4,1200,2999300
20240115,15:18:47,2.35,1100,2999300
20240115,15:18:48,2.35,13300,2999300
20240115,15:18:49,2.35,1050,2999300
20240115,15:18:51,2.35,400,2999300
20240115,15:18:53,2.3,250,2999300
20240115,15:18:55,2.35,1250,2999300
20240115,15:19:02,2.35,50,2999300
20240115,15:19:04,2.35,1200,2999300
20240115,15:19:09,2.35,100,2999300
20240115,15:19:11,2.3,1000,2999300
20240115,15:19:13,2.3,1000,2999300
20240115,15:19:13,2.35,1200,2999300
20240115,15:19:17,2.3,600,2999300
20240115,15:19:19,2.35,100,2999300
20240115,15:19:20,2.3,1800,2999300
20240115,15:19:21,2.3,600,2999300
20240115,15:19:22,2.35,2450,2999300
20240115,15:19:23,2.3,3300,2999300
20240115,15:19:24,2.35,3050,2999300
20240115,15:19:25,2.3,1200,2999300
20240115,15:19:26,2.3,3050,2999300
20240115,15:19:27,2.3,1800,2999300
20240115,15:19:28,2.3,1800,2999300
20240115,15:19:32,2.3,1800,2999300
20240115,15:19:33,2.35,1000,2999300
20240115,15:19:34,2.35,1200,2999300
20240115,15:19:41,2.3,1800,2999300
20240115,15:19:42,2.35,300,2999300
20240115,15:19:43,2.3,50,2999300
20240115,15:19:44,2.35,1200,2999300
20240115,15:19:45,2.35,3600,2999300
20240115,15:19:46,2.35,1800,2999300
20240115,15:19:47,2.35,1800,2999300
20240115,15:19:48,2.35,1850,2999300
20240115,15:19:49,2.35,3800,2999300
20240115,15:19:50,2.35,3600,2999300
20240115,15:19:51,2.35,6200,2999300
20240115,15:19:52,2.35,3600,2999300
20240115,15:19:53,2.35,2000,2999300
20240115,15:19:54,2.35,3600,2999300
20240115,15:19:55,2.35,250,2999300
20240115,15:19:56,2.35,1800,2999300
20240115,15:19:57,2.35,2050,2999300
20240115,15:19:59,2.35,300,2999300
20240115,15:20:00,2.35,1000,2999300
20240115,15:20:01,2.3,1050,2999300
20240115,15:20:02,2.35,1000,2999300
20240115,15:20:03,2.35,1250,2999300
20240115,15:20:05,2.35,200,2999300
20240115,15:20:07,2.35,300,2999300
20240115,15:20:09,2.35,200,2999300
20240115,15:20:10,2.35,250,2999300
20240115,15:20:11,2.3,1000,2999300
20240115,15:20:13,2.35,200,2999300
20240115,15:20:15,2.35,300,2999300
20240115,15:20:16,2.35,15750,2999300
20240115,15:20:17,2.35,900,2999300
20240115,15:20:18,2.35,350,2999300
20240115,15:20:19,2.4,250,2999300
20240115,15:20:21,2.4,200,2999300
20240115,15:20:23,2.4,300,2999300
20240115,15:20:24,2.35,2350,2999300
20240115,15:20:25,2.4,200,2999300
20240115,15:20:26,2.35,50,2999300
20240115,15:20:27,2.4,300,2999300
20240115,15:20:28,2.4,600,2999300
20240115,15:20:29,2.4,200,2999300
20240115,15:20:30,2.35,1300,2999300
20240115,15:20:31,2.35,1300,2999300
20240115,15:20:32,2.4,1000,2999300
20240115,15:20:33,2.4,200,2999300
20240115,15:20:34,2.4,1000,2999300
20240115,15:20:35,2.35,2050,2999300
20240115,15:20:36,2.4,200,2999300
20240115,15:20:39,2.4,300,2999300
20240115,15:20:41,2.4,200,2999300
20240115,15:20:42,2.4,250,2999300
20240115,15:20:43,2.4,600,2999300
20240115,15:20:45,2.4,200,2999300
20240115,15:20:47,2.4,300,2999300
20240115,15:20:49,2.35,950,2999300
20240115,15:20:51,2.4,300,2999300
20240115,15:20:52,2.4,28200,2999300
20240115,15:20:53,2.4,750,2999300
20240115,15:20:54,2.4,1050,2999300
20240115,15:20:55,2.45,300,2999300
20240115,15:20:56,2.4,50,2999300
20240115,15:20:57,2.45,800,2999300
20240115,15:20:58,2.4,250,2999300
20240115,15:20:59,2.45,250,2999300
20240115,15:21:00,2.45,50,2999300
20240115,15:21:01,2.4,3800,2999300
20240115,15:21:02,2.4,1200,2999300
20240115,15:21:03,2.45,300,2999300
20240115,15:21:05,2.45,2600,2999300
20240115,15:21:06,2.45,1000,2999300
20240115,15:21:07,2.45,250,2999300
20240115,15:21:08,2.45,1000,2999300
20240115,15:21:09,2.45,200,2999300
20240115,15:21:10,2.45,1000,2999300
20240115,15:21:11,2.4,1450,2999300
20240115,15:21:12,2.45,1000,2999300
20240115,15:21:13,2.45,200,2999300
20240115,15:21:14,2.45,1000,2999300
20240115,15:21:15,2.4,2050,2999300
20240115,15:21:17,2.4,4900,2999300
20240115,15:21:18,2.45,50,2999300
20240115,15:21:19,2.4,2150,2963550
20240115,15:21:20,2.4,50,2963550
20240115,15:21:21,2.45,200,2963550
20240115,15:21:22,2.45,250,2963550
20240115,15:21:24,2.45,200,2963550
20240115,15:21:26,2.45,50,2963550
20240115,15:21:27,2.45,300,2963550
20240115,15:21:29,2.45,200,2963550
20240115,15:21:31,2.45,250,2963550
20240115,15:21:33,2.45,1200,2963550
20240115,15:21:34,2.45,1000,2963550
20240115,15:21:35,2.45,300,2963550
20240115,15:21:36,2.45,1000,2963550
20240115,15:21:37,2.45,1200,2963550
20240115,15:21:38,2.45,1100,2963550
20240115,15:21:39,2.4,300,2963550
20240115,15:21:41,2.45,200,2963550
20240115,15:21:43,2.4,400,2963550
20240115,15:21:44,2.45,250,2963550
20240115,15:21:45,2.4,700,2963550
20240115,15:21:46,2.45,250,2963550
20240115,15:21:48,2.45,500,2963550
20240115,15:21:49,2.45,1450,2963550
20240115,15:21:50,2.4,1800,2963550
20240115,15:21:51,2.45,300,2963550
20240115,15:21:52,2.4,1800,2963550
20240115,15:21:53,2.4,3800,2963550
20240115,15:21:54,2.45,4100,2963550
20240115,15:21:55,2.45,3450,2963550
20240115,15:21:56,2.45,5750,2963550
20240115,15:21:57,2.45,4500,2963550
20240115,15:21:58,2.4,4700,2963550
20240115,15:21:59,2.5,2100,2963550
20240115,15:22:01,2.4,2000,2963550
20240115,15:22:02,2.4,150,2963550
20240115,15:22:03,2.5,250,2963550
20240115,15:22:05,2.5,200,2963550
20240115,15:22:06,2.5,300,2963550
20240115,15:22:08,2.45,700,2963550
20240115,15:22:09,2.5,200,2963550
20240115,15:22:10,2.5,1100,2963550
20240115,15:22:12,2.5,200,2963550
20240115,15:22:14,2.5,300,2963550
20240115,15:22:16,2.5,200,2963550
20240115,15:22:17,2.5,450,2963550
20240115,15:22:18,2.5,250,2963550
20240115,15:22:20,2.45,250,2963550
20240115,15:22:21,2.5,200,2963550
20240115,15:22:22,2.5,1000,2963550
20240115,15:22:23,2.45,1600,2963550
20240115,15:22:24,2.5,800,2963550
20240115,15:22:25,2.5,300,2963550
20240115,15:22:26,2.5,650,2963550
20240115,15:22:27,2.45,2650,2963550
20240115,15:22:28,2.5,700,2963550
20240115,15:22:29,2.5,15500,2963550
20240115,15:22:32,2.5,900,2963550
20240115,15:22:33,2.5,2400,2963550
20240115,15:22:34,2.5,50,2963550
20240115,15:22:37,2.5,3800,2963550
20240115,15:22:39,2.5,250,2963550
20240115,15:22:40,2.55,2800,2963550
20240115,15:22:41,2.5,1800,2963550
20240115,15:22:45,2.5,1800,2963550
20240115,15:22:47,2.5,800,2963550
20240115,15:22:49,2.5,500,2963550
20240115,15:22:53,2.5,450,2963550
20240115,15:22:54,2.5,5550,2963550
20240115,15:22:55,2.55,550,2963550
20240115,15:22:56,2.55,1400,2963550
20240115,15:22:57,2.5,6050,2963550
20240115,15:22:58,2.55,1000,2963550
20240115,15:22:59,2.55,1000,2963550
20240115,15:23:01,2.5,1200,2963550
20240115,15:23:01,2.55,2800,2963550
20240115,15:23:02,2.55,3200,2963550
20240115,15:23:03,2.55,1800,2963550
20240115,15:23:04,2.55,1000,2963550
20240115,15:23:05,2.55,50,2963550
20240115,15:23:07,2.6,600,2963550
20240115,15:23:08,2.55,50,2963550
20240115,15:23:09,2.55,50,2963550
20240115,15:23:10,2.55,1850,2963550
20240115,15:23:11,2.55,1800,2963550
20240115,15:23:12,2.55,700,2963550
20240115,15:23:15,2.55,500,2963550
20240115,15:23:15,2.55,1000,2963550
20240115,15:23:20,2.55,1500,2963550
20240115,15:23:28,2.55,100,2963550
20240115,15:23:29,2.55,50,2963550
20240115,15:23:30,2.55,1250,2963550
20240115,15:23:31,2.55,3300,2963550
20240115,15:23:32,2.6,1200,2963550
20240115,15:23:36,2.55,1800,2963550
20240115,15:23:37,2.55,2550,2963550
20240115,15:23:38,2.55,250,2963550
20240115,15:23:39,2.55,500,2963550
20240115,15:23:40,2.55,500,2963550
20240115,15:23:42,2.5,50,2963550
20240115,15:23:44,2.5,300,2963550
20240115,15:23:45,2.55,1800,2963550
20240115,15:23:46,2.55,50,2963550
20240115,15:23:49,2.5,350,2963550
20240115,15:23:49,2.5,250,2963550
20240115,15:23:53,2.55,250,2963550
20240115,15:23:54,2.55,1000,2963550
20240115,15:23:57,2.55,1000,2963550
20240115,15:23:59,2.5,1800,2963550
20240115,15:24:00,2.55,800,2963550
20240115,15:24:01,2.5,4200,2963550
20240115,15:24:02,2.5,3800,2963550
20240115,15:24:04,2.5,3500,2963550
20240115,15:24:05,2.5,1300,2963550
20240115,15:24:06,2.45,500,2963550
20240115,15:24:07,2.5,300,2963550
20240115,15:24:08,2.5,5050,2963550
20240115,15:24:08,2.5,2000,2963550
20240115,15:24:09,2.5,300,2963550
20240115,15:24:10,2.55,3500,2963550
20240115,15:24:12,2.55,2800,2963550
20240115,15:24:13,2.5,1800,2963550
20240115,15:24:14,2.5,700,2963550
20240115,15:24:16,2.5,500,2963550
20240115,15:24:17,2.55,300,2963550
20240115,15:24:19,2.55,50,2977200
20240115,15:24:20,2.55,500,2977200
20240115,15:24:22,2.55,300,2977200
20240115,15:24:23,2.5,1800,2977200
20240115,15:24:27,2.5,100,2977200
20240115,15:24:28,2.55,1600,2977200
20240115,15:24:30,2.55,4600,2977200
20240115,15:24:32,2.55,500,2977200
20240115,15:24:33,2.5,50,2977200
20240115,15:24:34,2.5,100,2977200
20240115,15:24:36,2.55,50,2977200
20240115,15:24:39,2.5,1000,2977200
20240115,15:24:40,2.5,3700,2977200
20240115,15:24:41,2.5,200,2977200
20240115,15:24:42,2.5,500,2977200
20240115,15:24:43,2.5,50,2977200
20240115,15:24:44,2.5,550,2977200
20240115,15:24:45,2.5,3650,2977200
20240115,15:24:46,2.5,400,2977200
20240115,15:24:47,2.45,1050,2977200
20240115,15:24:48,2.5,2150,2977200
20240115,15:24:49,2.5,700,2977200
20240115,15:24:50,2.5,350,2977200
20240115,15:24:51,2.5,500,2977200
20240115,15:24:52,2.5,300,2977200
20240115,15:24:53,2.5,300,2977200
20240115,15:24:54,2.5,350,2977200
20240115,15:24:56,2.5,50,2977200
20240115,15:24:56,2.5,450,2977200
20240115,15:24:57,2.5,100,2977200
20240115,15:24:58,2.5,9100,2977200
20240115,15:24:59,2.55,50,2977200
20240115,15:25:00,2.55,600,2977200
20240115,15:25:01,2.5,1300,2977200
20240115,15:25:02,2.55,150,2977200
20240115,15:25:03,2.5,100,2977200
20240115,15:25:04,2.5,100,2977200
20240115,15:25:05,2.55,600,2977200
20240115,15:25:08,2.5,50,2977200
20240115,15:25:10,2.55,250,2977200
20240115,15:25:13,2.55,1650,2977200
20240115,15:25:14,2.55,350,2977200
20240115,15:25:15,2.55,1850,2977200
20240115,15:25:16,2.55,3600,2977200
20240115,15:25:17,2.5,2400,2977200
20240115,15:25:18,2.55,2700,2977200
20240115,15:25:19,2.55,2100,2977200
20240115,15:25:20,2.55,1800,2977200
20240115,15:25:21,2.5,2000,2977200
20240115,15:25:22,2.55,2100,2977200
20240115,15:25:23,2.55,18400,2977200
20240115,15:25:24,2.55,1000,2977200
20240115,15:25:25,2.55,350,2977200
20240115,15:25:26,2.5,2000,2977200
20240115,15:25:27,2.5,400,2977200
20240115,15:25:28,2.5,3000,2977200
20240115,15:25:29,2.55,2750,2977200
20240115,15:25:30,2.55,1800,2977200
20240115,15:25:32,2.55,3600,2977200
20240115,15:25:33,2.55,1000,2977200
20240115,15:25:36,2.55,6800,2977200
20240115,15:25:38,2.55,2150,2977200
20240115,15:25:42,2.6,2950,2977200
20240115,15:25:43,2.6,3300,2977200
20240115,15:25:44,2.65,1700,2977200
20240115,15:25:45,2.55,500,2977200
20240115,15:25:46,2.65,1800,2977200
20240115,15:25:48,2.6,4150,2977200
20240115,15:25:49,2.6,1750,2977200
20240115,15:25:50,2.6,50,2977200
20240115,15:25:51,2.6,1400,2977200
20240115,15:25:52,2.65,500,2977200
20240115,15:25:54,2.6,100,2977200
20240115,15:25:55,2.6,50,2977200
20240115,15:25:56,2.6,50,2977200
20240115,15:25:57,2.6,50,2977200
20240115,15:25:58,2.6,1000,2977200
20240115,15:26:00,2.6,400,2977200
20240115,15:26:02,2.6,250,2977200
20240115,15:26:03,2.6,3000,2977200
20240115,15:26:04,2.6,2500,2977200
20240115,15:26:05,2.6,400,2977200
20240115,15:26:06,2.6,200,2977200
20240115,15:26:07,2.6,1000,2977200
20240115,15:26:12,2.6,1800,2977200
20240115,15:26:14,2.6,1000,2977200
20240115,15:26:15,2.6,600,2977200
20240115,15:26:17,2.6,2150,2977200
20240115,15:26:19,2.65,500,2977200
20240115,15:26:21,2.6,100,2977200
20240115,15:26:22,2.65,500,2977200
20240115,15:26:25,2.6,5750,2977200
20240115,15:26:26,2.6,1150,2977200
20240115,15:26:27,2.65,400,2977200
20240115,15:26:30,2.6,3000,2977200
20240115,15:26:34,2.55,1900,2977200
20240115,15:26:35,2.6,7050,2977200
20240115,15:26:36,2.55,1800,2977200
20240115,15:26:37,2.55,3900,2977200
20240115,15:26:38,2.5,1800,2977200
20240115,15:26:39,2.55,1900,2977200
20240115,15:26:40,2.55,1200,2977200
20240115,15:26:41,2.55,800,2977200
20240115,15:26:44,2.6,2500,2977200
20240115,15:26:45,2.55,1800,2977200
20240115,15:26:49,2.55,1250,2977200
20240115,15:26:50,2.6,250,2977200
20240115,15:26:52,2.55,100,2977200
20240115,15:26:55,2.6,1800,2977200
20240115,15:26:56,2.6,3700,2977200
20240115,15:26:57,2.6,3200,2977200
20240115,15:26:58,2.6,400,2977200
20240115,15:26:59,2.6,1100,2977200
20240115,15:27:01,2.65,50,2977200
20240115,15:27:02,2.6,100,2977200
20240115,15:27:03,2.65,550,2977200
20240115,15:27:05,2.7,2900,2977200
20240115,15:27:07,2.7,3000,2977200
20240115,15:27:10,2.7,2100,2977200
20240115,15:27:12,2.65,3000,2977200
20240115,15:27:13,2.7,800,2977200
20240115,15:27:14,2.75,2700,2977200
20240115,15:27:15,2.75,1800,2977200
20240115,15:27:19,2.7,900,3005100
20240115,15:27:20,2.7,2450,3005100
20240115,15:27:21,2.65,500,3005100
20240115,15:27:22,2.65,1000,3005100
20240115,15:27:23,2.6,1800,3005100
20240115,15:27:27,2.65,250,3005100
20240115,15:27:28,2.6,2000,3005100
20240115,15:27:29,2.65,600,3005100
20240115,15:27:31,2.65,5250,3005100
20240115,15:27:33,2.65,1300,3005100
20240115,15:27:35,2.7,1350,3005100
20240115,15:27:36,2.7,900,3005100
20240115,15:27:39,2.7,900,3005100
20240115,15:27:40,2.65,2700,3005100
20240115,15:27:41,2.65,500,3005100
20240115,15:27:42,2.65,700,3005100
20240115,15:27:43,2.7,800,3005100
20240115,15:27:44,2.75,1450,3005100
20240115,15:27:45,2.7,100,3005100
20240115,15:27:46,2.7,300,3005100
20240115,15:27:47,2.7,150,3005100
20240115,15:27:48,2.7,1200,3005100
20240115,15:27:49,2.65,50,3005100
20240115,15:27:50,2.7,50,3005100
20240115,15:27:51,2.7,100,3005100
20240115,15:27:52,2.65,950,3005100
20240115,15:27:53,2.7,1300,3005100
20240115,15:27:54,2.7,900,3005100
20240115,15:27:56,2.65,4650,3005100
20240115,15:27:57,2.6,2800,3005100
20240115,15:28:00,2.65,1400,3005100
20240115,15:28:01,2.65,100,3005100
20240115,15:28:03,2.6,5000,3005100
20240115,15:28:03,2.6,1800,3005100
20240115,15:28:05,2.65,250,3005100
20240115,15:28:06,2.65,750,3005100
20240115,15:28:07,2.65,300,3005100
20240115,15:28:09,2.7,250,3005100
20240115,15:28:10,2.65,100,3005100
20240115,15:28:11,2.65,1550,3005100
20240115,15:28:13,2.65,5100,3005100
20240115,15:28:13,2.6,800,3005100
20240115,15:28:14,2.65,1150,3005100
20240115,15:28:16,2.6,50,3005100
20240115,15:28:18,2.65,50,3005100
20240115,15:28:19,2.65,1000,3005100
20240115,15:28:20,2.65,100,3005100
20240115,15:28:22,2.6,350,3005100
20240115,15:28:27,2.65,300,3005100
20240115,15:28:27,2.65,250,3005100
20240115,15:28:28,2.65,1000,3005100
20240115,15:28:29,2.65,250,3005100
20240115,15:28:30,2.65,900,3005100
20240115,15:28:32,2.6,6000,3005100
20240115,15:28:33,2.65,50,3005100
20240115,15:28:34,2.65,1500,3005100
20240115,15:28:36,2.6,1800,3005100
20240115,15:28:39,2.65,1100,3005100
20240115,15:28:41,2.65,50,3005100
20240115,15:28:42,2.65,100,3005100
20240115,15:28:44,2.65,2600,3005100
20240115,15:28:44,2.65,50,3005100
20240115,15:28:45,2.65,750,3005100
20240115,15:28:46,2.65,500,3005100
20240115,15:28:48,2.65,200,3005100
20240115,15:28:49,2.7,1500,3005100
20240115,15:28:53,2.7,600,3005100
20240115,15:28:54,2.7,50,3005100
20240115,15:28:55,2.7,500,3005100
20240115,15:28:56,2.7,650,3005100
20240115,15:28:57,2.7,300,3005100
20240115,15:28:58,2.7,50,3005100
20240115,15:29:00,2.7,1500,3005100
20240115,15:29:01,2.65,200,3005100
20240115,15:29:02,2.7,1000,3005100
20240115,15:29:03,2.65,400,3005100
20240115,15:29:04,2.7,1450,3005100
20240115,15:29:07,2.65,300,3005100
20240115,15:29:09,2.75,1000,3005100
20240115,15:29:09,2.75,1350,3005100
20240115,15:29:11,2.75,150,3005100
20240115,15:29:13,2.75,2100,3005100
20240115,15:29:15,2.7,300,3005100
20240115,15:29:17,2.65,50,3005100
20240115,15:29:17,2.7,400,3005100
20240115,15:29:18,2.75,1600,3005100
20240115,15:29:20,2.5,9700,3005100
20240115,15:29:20,2.65,3150,3005100
20240115,15:29:22,2.5,4050,3005100
20240115,15:29:22,2.65,18650,3005100
20240115,15:29:24,2.65,6000,3005100
20240115,15:29:25,2.5,7700,3005100
20240115,15:29:26,2.5,3000,3005100
20240115,15:29:28,2.5,2650,3005100
20240115,15:29:28,2.55,3050,3005100
20240115,15:29:29,2.55,700,3005100
20240115,15:29:30,2.5,100,3005100
20240115,15:29:31,2.6,2350,3005100
20240115,15:29:33,2.55,600,3005100
20240115,15:29:33,2.55,150,3005100
20240115,15:29:35,2.65,650,3005100
20240115,15:29:35,2.55,1100,3005100
20240115,15:29:36,2.55,3500,3005100
20240115,15:29:37,2.55,1250,3005100
20240115,15:29:38,2.55,2050,3005100
20240115,15:29:40,2.55,2850,3005100
20240115,15:29:42,2.55,2100,3005100
20240115,15:29:44,2.5,600,3005100
20240115,15:29:45,2.5,1600,3005100
20240115,15:29:47,2.55,550,3005100
20240115,15:29:47,2.5,600,3005100
20240115,15:29:49,2.5,1000,3005100
20240115,15:29:49,2.55,150,3005100
20240115,15:29:50,2.55,1800,3005100
20240115,15:29:51,2.55,700,3005100
20240115,15:29:54,2.7,600,3005100
20240115,15:29:57,2.7,700,3005100
20240115,15:29:57,2.55,450,3005100
20240116,09:15:00,1.8,1,3068000
20240116,09:15:00,1.8,50,3068000
20240116,09:15:01,1.9,2850,3068000
20240116,09:15:01,1.5,2850,3068000
20240116,09:15:02,1.55,1250,3068000
20240116,09:15:03,1.55,3400,3068000
20240116,09:15:04,1.5,2050,3068000
20240116,09:15:05,1.5,4900,3068000
20240116,09:15:06,1.85,4100,3068000
20240116,09:15:07,1.55,950,3068000
20240116,09:15:08,1.45,1250,3068000
20240116,09:15:09,1.45,2750,3068000
20240116,09:15:10,1.35,2100,3068000
20240116,09:15:11,1.4,2150,3068000
20240116,09:15:12,1.3,4550,3068000
20240116,09:15:13,1.3,1350,3068000
20240116,09:15:14,1.3,2400,3068000
20240116,09:15:15,1.65,2750,3068000
20240116,09:15:16,1.6,200,3068000
20240116,09:15:17,1.5,2750,3068000
20240116,09:15:18,1.6,750,3068000
20240116,09:15:19,1.65,3700,3068000
20240116,09:15:20,1.65,50,3068000
20240116,09:15:21,1.65,3200,3068000
20240116,09:15:22,1.7,2150,3068000
20240116,09:15:24,1.8,18050,3068000
20240116,09:15:25,1.8,1600,3068000
20240116,09:15:26,1.75,700,3068000
20240116,09:15:27,1.85,3300,3068000
20240116,09:15:28,1.8,1800,3068000
20240116,09:15:29,1.8,3200,3068000
20240116,09:15:30,1.85,3100,3068000
20240116,09:15:31,1.8,1550,3068000
20240116,09:15:32,1.8,500,3068000
20240116,09:15:33,1.85,2050,3068000
20240116,09:15:34,1.9,2000,3068000
20240116,09:15:35,1.85,1000,3068000
20240116,09:15:36,1.85,2050,3068000
20240116,09:15:37,1.85,7900,3068000
20240116,09:15:38,1.85,1550,3068000
20240116,09:15:39,1.85,3350,3068000
20240116,09:15:41,1.85,1450,3068000
20240116,09:15:42,1.85,50,3068000
20240116,09:15:43,1.85,2300,3068000
20240116,09:15:44,1.85,1050,3068000
20240116,09:15:45,1.85,50,3068000
20240116,09:15:46,1.85,7350,3068000
20240116,09:15:47,1.85,2850,3068000
20240116,09:15:48,1.85,5150,3068000
20240116,09:15:49,1.9,4800,3068000
20240116,09:15:50,1.8,250,3068000
20240116,09:15:51,1.8,3800,3068000
20240116,09:15:52,1.85,4800,3068000
20240116,09:15:53,1.7,500,3068000
20240116,09:15:54,1.8,1800,3068000
20240116,09:15:55,1.75,1000,3068000
20240116,09:15:56,1.8,50,3068000
20240116,09:15:58,1.85,600,3068000
20240116,09:15:59,1.8,50,3068000
20240116,09:16:00,1.8,3750,3068000
20240116,09:16:01,1.75,2250,3068000
20240116,09:16:02,1.8,1000,3068000
20240116,09:16:04,1.8,900,3068000
20240116,09:16:05,1.8,1000,3068000
20240116,09:16:07,1.8,2050,3068000
20240116,09:16:09,1.8,450,3068000
20240116,09:16:11,1.8,2150,3068000
20240116,09:16:12,1.8,550,3068000
20240116,09:16:15,1.85,500,3068000
20240116,09:16:17,1.85,250,3068000
20240116,09:16:18,1.8,300,3068000
20240116,09:16:19,1.8,4900,3068000
20240116,09:16:20,1.8,2300,3068000
20240116,09:16:21,1.8,3300,3068000
20240116,09:16:23,1.8,250,3068000
20240116,09:16:27,1.8,1800,3068000
20240116,09:16:28,1.8,3300,3068000
20240116,09:16:31,1.85,2800,3068000
20240116,09:16:34,1.85,2100,3068000
20240116,09:16:35,1.85,1600,3068000
20240116,09:16:36,1.8,500,3068000
20240116,09:16:38,1.85,1800,3068000
20240116,09:16:39,1.8,3900,3068000
20240116,09:16:41,1.8,1500,3068000
20240116,09:16:42,1.8,250,3068000
20240116,09:16:44,1.85,1500,3068000
20240116,09:16:46,1.85,3300,3068000
20240116,09:16:47,1.8,1500,3068000
20240116,09:16:51,1.85,300,3068000
20240116,09:16:52,1.8,250,3068000
20240116,09:16:54,1.8,50,3068000
20240116,09:16:56,1.8,250,3068000
20240116,09:16:57,1.85,1800,3068000
20240116,09:16:58,1.85,3000,3068000
20240116,09:16:59,1.85,3300,3068000
20240116,09:17:00,1.8,50,3068000
20240116,09:17:01,1.8,2000,3068000
20240116,09:17:02,1.85,350,3068000
20240116,09:17:03,1.85,950,3068000
20240116,09:17:05,1.8,3300,3068000
20240116,09:17:08,1.8,200,3068000
20240116,09:17:08,1.8,1500,3068000
20240116,09:17:10,1.85,1800,3068000
20240116,09:17:11,1.85,6600,3068000
20240116,09:17:12,1.8,6000,3068000
20240116,09:17:14,1.85,2050,3068000
20240116,09:17:15,1.85,100,3068000
20240116,09:17:16,1.8,500,3068000
20240116,09:17:17,1.85,600,3068000
20240116,09:17:19,1.85,1800,3068000
20240116,09:17:19,1.85,1250,3068000
20240116,09:17:21,1.85,1700,3068000
20240116,09:17:22,1.85,6350,3068000
20240116,09:17:25,1.85,3850,3068000
20240116,09:17:26,1.8,2000,3068000
20240116,09:17:29,1.85,750,3068000
20240116,09:17:29,1.8,2000,3068000
20240116,09:17:31,1.8,1400,3068000
20240116,09:17:33,1.8,50,3079850
20240116,09:17:35,1.85,100,3079850
20240116,09:17:35,1.85,1100,3079850
20240116,09:17:36,1.85,1800,3079850
20240116,09:17:37,1.8,500,3079850
20240116,09:17:44,1.85,7500,3079850
20240116,09:17:49,1.85,600,3079850
20240116,09:17:51,1.85,1850,3079850
20240116,09:17:52,1.85,2800,3079850
20240116,09:17:54,1.8,5600,3079850
20240116,09:17:57,1.8,1400,3079850
20240116,09:18:00,1.8,500,3079850
20240116,09:18:01,1.8,3050,3079850
20240116,09:18:03,1.8,2100,3079850
20240116,09:18:04,1.8,350,3079850
20240116,09:18:05,1.8,250,3079850
20240116,09:18:06,1.85,19000,3079850
20240116,09:18:08,1.85,5850,3079850
20240116,09:18:09,1.85,900,3079850
20240116,09:18:11,1.85,250,3079850
20240116,09:18:13,1.9,3150,3079850
20240116,09:18:15,1.85,600,3079850
20240116,09:18:17,1.85,700,3079850
20240116,09:18:18,1.85,1800,3079850
20240116,09:18:19,1.85,1500,3079850
20240116,09:18:21,1.85,500,3079850
20240116,09:18:24,1.9,26900,3079850
20240116,09:18:25,1.85,50,3079850
20240116,09:18:26,1.85,2150,3079850
20240116,09:18:27,1.9,300,3079850
20240116,09:18:28,1.85,50,3079850
20240116,09:18:29,1.9,4900,3079850
20240116,09:18:30,1.9,550,3079850
20240116,09:18:31,1.9,800,3079850
20240116,09:18:31,1.9,250,3079850
20240116,09:18:34,1.95,1800,3079850
20240116,09:18:36,1.95,250,3079850
20240116,09:18:39,1.9,1500,3079850
20240116,09:18:41,1.9,2800,3079850
20240116,09:18:42,1.9,2450,3079850
20240116,09:18:45,1.9,50,3079850
20240116,09:18:46,1.95,24100,3079850
20240116,09:18:47,1.95,250,3079850
20240116,09:18:51,1.95,2250,3079850
20240116,09:18:52,1.9,1000,3079850
20240116,09:18:54,1.9,1550,3079850
20240116,09:18:56,1.9,200,3079850
20240116,09:18:57,1.9,1600,3079850
20240116,09:18:59,1.95,950,3079850
20240116,09:19:01,1.9,300,3079850
20240116,09:19:02,1.95,3000,3079850
20240116,09:19:06,1.95,5150,3079850
20240116,09:19:10,1.95,800,3079850
20240116,09:19:11,1.95,1800,3079850
20240116,09:19:12,2.0,2850,3079850
20240116,09:19:14,2.0,2200,3079850
20240116,09:19:15,2.0,5200,3079850
20240116,09:19:16,2.0,950,3079850
20240116,09:19:17,2.0,2800,3079850
20240116,09:19:18,2.0,21250,3079850
20240116,09:19:19,2.05,3250,3079850
20240116,09:19:20,2.05,800,3079850
20240116,09:19:21,2.0,1950,3079850
20240116,09:19:24,2.0,1200,3079850
20240116,09:19:25,2.0,250,3079850
20240116,09:19:27,2.0,600,3079850
20240116,09:19:27,2.05,1000,3079850
20240116,09:19:28,2.0,650,3079850
20240116,09:19:31,2.05,850,3079850
20240116,09:19:34,2.0,1400,3079850
20240116,09:19:35,2.05,800,3079850
20240116,09:19:38,2.0,400,3079850
20240116,09:19:39,2.05,1350,3079850
20240116,09:19:41,2.05,50,3079850
20240116,09:19:43,2.05,750,3079850
20240116,09:19:44,2.0,1500,3079850
20240116,09:19:46,2.0,500,3079850
20240116,09:19:48,2.05,100,3079850
20240116,09:19:50,2.0,2300,3079850
20240116,09:19:53,2.05,3600,3079850
20240116,09:19:53,2.0,800,3079850
20240116,09:19:55,2.0,2500,3079850
20240116,09:19:56,2.0,600,3079850
20240116,09:19:57,2.05,750,3079850
20240116,09:19:58,2.0,500,3079850
20240116,09:20:00,2.05,2950,3079850
20240116,09:20:03,2.05,3600,3079850
20240116,09:20:05,2.0,250,3079850
20240116,09:20:08,2.05,250,3079850
20240116,09:20:11,2.05,500,3079850
20240116,09:20:16,2.0,1000,3079850
20240116,09:20:19,2.0,1000,3079850
20240116,09:20:20,2.05,1050,3079850
20240116,09:20:21,2.0,900,3079850
20240116,09:20:22,2.0,500,3079850
20240116,09:20:23,2.0,900,3079850
20240116,09:20:24,2.05,500,3079850
20240116,09:20:34,2.0,900,3009600
20240116,09:20:35,2.0,1500,3009600
20240116,09:20:39,2.0,3750,3009600
20240116,09:20:41,2.0,1000,3009600
20240116,09:20:46,2.0,300,3009600
20240116,09:20:47,2.05,300,3009600
20240116,09:20:50,2.0,900,3009600
20240116,09:20:51,2.05,7800,3009600
20240116,09:21:04,2.0,350,3009600
20240116,09:21:06,2.0,1500,3009600
20240116,09:21:07,2.0,700,3009600
20240116,09:21:08,2.0,600,3009600
20240116,09:21:10,2.0,350,3009600
20240116,09:21:11,2.0,1000,3009600
20240116,09:21:12,2.0,50,3009600
20240116,09:21:13,2.0,1100,3009600
20240116,09:21:14,2.05,400,3009600
20240116,09:21:15,2.05,300,3009600
20240116,09:21:18,2.0,200,3009600
20240116,09:21:23,2.05,100,3009600
20240116,09:21:30,2.05,1350,3009600
20240116,09:21:40,2.05,50,3009600
20240116,09:21:43,2.0,50,3009600
20240116,09:21:44,2.0,200,3009600
20240116,09:21:52,2.0,200,3009600
20240116,09:21:53,2.0,1200,3009600
20240116,09:21:54,2.0,1200,3009600
20240116,09:21:55,2.0,1200,3009600
20240116,09:21:56,2.0,1200,3009600
20240116,09:21:58,2.0,500,3009600
20240116,09:22:00,2.0,500,3009600
20240116,09:22:01,2.0,500,3009600
20240116,09:22:02,2.0,2250,3009600
20240116,09:22:03,2.05,1800,3009600
20240116,09:22:04,2.0,500,3009600
20240116,09:22:05,2.0,500,3009600
20240116,09:22:07,2.05,500,3009600
20240116,09:22:10,2.05,50,3009600
20240116,09:22:11,2.0,50,3009600
20240116,09:22:13,2.05,2400,3009600
20240116,09:22:15,2.0,2200,3009600
20240116,09:22:17,2.05,7500,3009600
20240116,09:22:18,2.05,6400,3009600
20240116,09:22:24,2.05,450,3009600
20240116,09:22:28,2.05,200,3009600
20240116,09:22:37,2.05,50,3009600
20240116,09:22:45,2.0,1300,3009600
20240116,09:22:54,2.0,600,3009600
20240116,09:22:54,2.0,100,3009600
20240116,09:22:56,2.0,100,3009600
20240116,09:22:56,2.0,900,3009600
20240116,09:22:57,2.0,100,3009600
20240116,09:22:59,2.0,450,3009600
20240116,09:23:00,2.0,100,3009600
20240116,09:23:01,2.0,50,3009600
20240116,09:23:02,2.05,1800,3009600
20240116,09:23:03,2.0,150,3009600
20240116,09:23:04,2.0,550,3009600
20240116,09:23:06,2.0,50,3009600
20240116,09:23:10,2.0,1800,3009600
20240116,09:23:16,2.0,450,3009600
20240116,09:23:18,2.0,950,3009600
20240116,09:23:19,2.0,50,3009600
20240116,09:23:20,2.0,50,3009600
20240116,09:23:21,2.0,100,3009600
20240116,09:23:22,2.0,50,3009600
20240116,09:23:28,2.0,6450,3009600
20240116,09:23:29,2.0,1350,3009600
20240116,09:23:30,2.0,6000,3009600
20240116,09:23:32,1.95,150,3022000
20240116,09:23:34,1.95,150,3022000
20240116,09:23:35,1.95,1500,3022000
20240116,09:23:37,1.95,250,3022000
20240116,09:23:44,2.0,50,3022000
20240116,09:23:48,1.95,300,3022000
20240116,09:23:53,2.0,50,3022000
20240116,09:23:54,1.95,250,3022000
20240116,09:23:55,1.95,250,3022000
20240116,09:24:05,1.95,600,3022000
20240116,09:24:06,1.95,1800,3022000
20240116,09:24:07,1.95,1500,3022000
20240116,09:24:12,2.0,200,3022000
20240116,09:24:18,2.0,900,3022000
20240116,09:24:18,1.95,400,3022000
20240116,09:24:24,1.95,200,3022000
20240116,09:24:28,2.0,150,3022000
20240116,09:24:30,1.95,100,3022000
20240116,09:24:32,2.0,600,3022000
20240116,09:24:34,1.95,1000,3022000
20240116,09:24:35,1.95,400,3022000
20240116,09:24:36,1.95,1000,3022000
20240116,09:24:37,1.95,1000,3022000
20240116,09:24:38,1.95,2000,3022000
20240116,09:24:39,1.95,1000,3022000
20240116,09:24:44,1.95,2950,3022000
20240116,09:24:44,1.95,1000,3022000
20240116,09:24:46,1.95,10550,3022000
20240116,09:24:46,1.95,4800,3022000
20240116,09:24:47,1.95,5200,3022000
20240116,09:24:49,1.95,1500,3022000
20240116,09:24:53,1.95,1950,3022000
20240116,09:24:55,2.0,1350,3022000
20240116,09:24:56,2.0,400,3022000
20240116,09:25:06,1.95,600,3022000
20240116,09:25:07,1.95,450,3022000
20240116,09:25:09,1.95,6000,3022000
20240116,09:25:17,2.0,900,3022000
20240116,09:25:18,1.95,1800,3022000
20240116,09:25:26,1.95,250,3022000
20240116,09:25:33,2.0,1400,3022000
20240116,09:25:35,2.0,5400,3022000
20240116,09:25:36,2.0,200,3022000
20240116,09:25:40,2.0,50,3022000
20240116,09:25:43,2.0,300,3022000
20240116,09:25:44,2.0,100,3022000
20240116,09:25:46,2.0,200,3022000
20240116,09:25:48,2.0,50,3022000
20240116,09:25:56,2.0,500,3022000
20240116,09:25:59,2.0,1800,3022000
20240116,09:26:01,2.0,100,3022000
20240116,09:26:03,2.0,1500,3022000
20240116,09:26:04,2.0,50,3022000
20240116,09:26:16,2.0,50,3022000
20240116,09:26:22,2.0,2500,3022000
20240116,09:26:37,1.95,900,3033750
20240116,09:26:40,1.95,400,3033750
20240116,09:26:41,1.95,2500,3033750
20240116,09:26:41,1.95,2000,3033750
20240116,09:27:04,2.0,600,3033750
20240116,09:27:09,2.0,50,3033750
20240116,09:27:18,2.0,8700,3033750
20240116,09:27:23,1.95,300,3033750
20240116,09:27:33,1.95,100,3033750
20240116,09:27:38,1.95,250,3033750
20240116,09:27:43,1.95,5000,3033750
20240116,09:27:45,1.95,1950,3033750
20240116,09:27:46,1.95,1800,3033750
20240116,09:27:47,1.95,3250,3033750
20240116,09:27:48,1.95,4700,3033750
20240116,09:27:56,1.95,1800,3033750
20240116,09:27:57,1.95,1800,3033750
20240116,09:28:02,1.95,50,3033750
20240116,09:28:06,1.9,500,3033750
20240116,09:28:09,1.95,50,3033750
20240116,09:28:20,1.9,350,3033750
20240116,09:28:23,1.9,850,3033750
20240116,09:28:26,1.9,1500,3033750
20240116,09:28:28,1.9,1500,3033750
20240116,09:28:29,1.9,300,3033750
20240116,09:28:32,1.9,1000,3033750
20240116,09:28:33,1.9,1000,3033750
20240116,09:28:34,1.9,1500,3033750
20240116,09:28:35,1.9,1000,3033750
20240116,09:28:37,1.9,2900,3033750
20240116,09:28:38,1.9,1000,3033750
20240116,09:28:39,1.9,100,3033750
20240116,09:28:40,1.9,1000,3033750
20240116,09:28:42,1.95,5000,3033750
20240116,09:28:44,1.9,1550,3033750
20240116,09:28:45,1.9,100,3033750
20240116,09:28:46,1.9,300,3033750
20240116,09:28:47,1.9,800,3033750
20240116,09:28:48,1.9,7400,3033750
20240116,09:28:49,1.9,350,3033750
20240116,09:28:52,1.9,150,3033750
20240116,09:28:55,1.85,5000,3033750
20240116,09:29:00,1.9,100,3033750
20240116,09:29:07,1.9,500,3033750
20240116,09:29:20,1.85,1800,3033750
20240116,09:29:21,1.85,1800,3033750
20240116,09:29:22,1.85,12650,3033750
20240116,09:29:23,1.85,1900,3033750
20240116,09:29:24,1.8,3600,3033750
20240116,09:29:25,1.8,5350,3033750
20240116,09:29:27,1.8,5000,3033750
20240116,09:29:28,1.8,4100,3033750
20240116,09:29:29,1.8,1800,3033750
20240116,09:29:36,1.8,400,3041300
20240116,09:29:38,1.85,800,3041300
20240116,09:29:43,1.85,5200,3041300
20240116,09:29:45,1.85,150,3041300
20240116,09:29:48,1.8,850,3041300
20240116,09:29:54,1.8,2000,3041300
20240116,09:29:55,1.8,3400,3041300
20240116,09:29:58,1.8,450,3041300
20240116,09:30:00,1.8,9000,3041300
20240116,09:30:03,1.8,4650,3041300
20240116,09:30:03,1.8,100,3041300
20240116,09:30:04,1.8,700,3041300
20240116,09:30:06,1.8,9650,3041300
20240116,09:30:07,1.8,1250,3041300
20240116,09:30:10,1.8,1450,3041300
20240116,09:30:11,1.8,1800,3041300
20240116,09:30:13,1.8,300,3041300
20240116,09:30:26,1.75,3600,3041300
20240116,09:30:29,1.8,100,3041300
20240116,09:30:30,1.75,2400,3041300
20240116,09:30:36,1.75,1500,3041300
20240116,09:30:42,1.8,3850,3041300
20240116,09:30:44,1.8,2000,3041300
20240116,09:30:45,1.8,200,3041300
20240116,09:30:47,1.75,1000,3041300
20240116,09:30:48,1.8,500,3041300
20240116,09:30:50,1.8,250,3041300
20240116,09:30:51,1.8,250,3041300
20240116,09:30:53,1.75,100,3041300
20240116,09:30:54,1.8,600,3041300
20240116,09:30:56,1.8,1500,3041300
20240116,09:30:57,1.8,2700,3041300
20240116,09:30:58,1.8,1800,3041300
20240116,09:30:59,1.8,11750,3041300
20240116,09:31:00,1.8,2300,3041300
20240116,09:31:10,1.85,500,3041300
20240116,09:31:19,1.85,2000,3041300
20240116,09:31:30,1.85,1800,3041300
20240116,09:31:33,1.85,1800,3041300
20240116,09:31:35,1.85,1800,3041300
20240116,09:31:42,1.8,300,3041300
20240116,09:31:46,1.85,50,3041300
20240116,09:31:48,1.85,1800,3041300
20240116,09:31:56,1.85,2400,3041300
20240116,09:31:57,1.85,1800,3041300
20240116,09:31:58,1.85,7200,3041300
20240116,09:31:59,1.85,1800,3041300
20240116,09:32:00,1.8,5350,3041300
20240116,09:32:01,1.85,5600,3041300
20240116,09:32:03,1.85,6650,3041300
20240116,09:32:07,1.85,4250,3041300
20240116,09:32:10,1.9,1000,3041300
20240116,09:32:15,1.9,1000,3041300
20240116,09:32:17,1.9,1400,3041300
20240116,09:32:23,1.85,100,3041300
20240116,09:32:30,1.9,3750,3041300
20240116,09:32:38,1.9,2050,3043200
20240116,09:32:40,1.9,100,3043200
20240116,09:32:47,1.9,1800,3043200
20240116,09:32:50,1.9,1800,3043200
20240116,09:33:01,1.85,500,3043200
20240116,09:33:16,1.9,1750,3043200
20240116,09:33:18,1.85,5000,3043200
20240116,09:33:19,1.9,100,3043200
20240116,09:33:24,1.9,300,3043200
20240116,09:33:26,1.85,6050,3043200
20240116,09:33:29,1.85,150,3043200
20240116,09:33:30,1.85,100,3043200
20240116,09:33:33,1.9,3600,3043200
20240116,09:33:34,1.9,34200,3043200
20240116,09:33:35,1.9,1200,3043200
20240116,09:33:36,1.9,6900,3043200
20240116,09:33:38,1.9,4950,3043200
20240116,09:33:38,1.9,5050,3043200
20240116,09:33:39,1.9,50,3043200
20240116,09:33:40,1.9,4900,3043200
20240116,09:33:44,1.9,500,3043200
20240116,09:33:53,1.85,300,3043200
20240116,09:34:09,1.9,50,3043200
20240116,09:34:12,1.85,1400,3043200
20240116,09:34:48,1.9,500,3043200
20240116,09:34:49,1.9,1000,3043200
20240116,09:34:50,1.9,500,3043200
20240116,09:34:57,1.9,250,3043200
20240116,09:35:03,1.9,500,3043200
20240116,09:35:04,1.9,500,3043200
20240116,09:35:05,1.85,2600,3043200
20240116,09:35:06,1.9,500,3043200
20240116,09:35:07,1.9,1550,3043200
20240116,09:35:08,1.9,500,3043200
20240116,09:35:09,1.9,1000,3043200
20240116,09:35:10,1.9,500,3043200
20240116,09:35:11,1.9,500,3043200
20240116,09:35:16,1.9,900,3043200
20240116,09:35:30,1.9,200,3043200
20240116,09:35:36,1.9,1800,3043200
20240116,09:35:44,1.9,1000,3028950
20240116,09:35:45,1.9,500,3028950
20240116,09:35:46,1.9,1000,3028950
20240116,09:35:47,1.9,500,3028950
20240116,09:36:03,1.9,450,3028950
20240116,09:36:12,1.9,100,3028950
20240116,09:36:22,1.85,1800,3028950
20240116,09:36:24,1.85,1800,3028950
20240116,09:36:49,1.9,150,3028950
20240116,09:37:33,1.85,1800,3028950
20240116,09:37:33,1.85,3600,3028950
20240116,09:37:34,1.8,26750,3028950
20240116,09:37:36,1.85,1800,3028950
20240116,09:37:37,1.85,650,3028950
20240116,09:37:38,1.85,150,3028950
20240116,09:37:39,1.9,1300,3028950
20240116,09:37:40,1.9,50,3028950
20240116,09:37:42,1.85,1500,3028950
20240116,09:37:44,1.85,7400,3028950
20240116,09:37:45,1.85,50,3028950
20240116,09:37:48,1.85,650,3028950
20240116,09:37:54,1.85,2250,3028950
20240116,09:37:59,1.85,3500,3028950
20240116,09:37:59,1.85,6700,3028950
20240116,09:38:00,1.85,7450,3028950
20240116,09:38:01,1.85,5500,3028950
20240116,09:38:11,1.85,50,3028950
20240116,09:38:46,1.85,50,3046800
20240116,09:38:54,1.85,50,3046800
20240116,09:38:58,1.85,1450,3046800
20240116,09:39:03,1.8,50,3046800
20240116,09:39:04,1.85,1000,3046800
20240116,09:39:06,1.85,1000,3046800
20240116,09:39:08,1.8,700,3046800
20240116,09:39:12,1.8,500,3046800
20240116,09:39:14,1.8,3500,3046800
20240116,09:39:21,1.8,50,3046800
20240116,09:39:33,1.85,50,3046800
20240116,09:39:38,1.85,2250,3046800
20240116,09:39:39,1.85,250,3046800
20240116,09:39:39,1.85,800,3046800
20240116,09:39:43,1.85,450,3046800
20240116,09:39:44,1.85,300,3046800
20240116,09:39:46,1.85,450,3046800
20240116,09:39:46,1.85,3650,3046800
20240116,09:39:54,1.85,300,3046800
20240116,09:40:02,1.85,2400,3046800
20240116,09:40:04,1.85,1800,3046800
20240116,09:40:04,1.85,50,3046800
20240116,09:40:05,1.85,1750,3046800
20240116,09:40:07,1.85,10100,3046800
20240116,09:40:13,1.85,21750,3046800
20240116,09:40:24,1.85,1800,3046800
20240116,09:40:25,1.85,11500,3046800
20240116,09:40:26,1.9,450,3046800
20240116,09:40:29,1.9,50,3046800
20240116,09:40:31,1.9,1800,3046800
20240116,09:40:39,1.9,50,3046800
20240116,09:40:52,1.9,600,3046800
20240116,09:41:06,1.85,3450,3046800
20240116,09:41:10,1.85,1500,3046800
20240116,09:41:11,1.85,1800,3046800
20240116,09:41:13,1.85,11500,3046800
20240116,09:41:14,1.85,700,3046800
20240116,09:41:24,1.85,700,3046800
20240116,09:41:29,1.85,1500,3046800
20240116,09:41:30,1.85,1550,3046800
20240116,09:41:34,1.85,6650,3065400
20240116,09:41:36,1.85,400,3065400
20240116,09:41:40,1.85,2500,3065400
20240116,09:41:41,1.85,6650,3065400
20240116,09:41:43,1.85,2000,3065400
20240116,09:41:44,1.85,2400,3065400
20240116,09:41:45,1.9,200,3065400
20240116,09:41:46,1.85,1450,3065400
20240116,09:42:14,1.8,50,3065400
20240116,09:42:30,1.85,1000,3065400
20240116,09:42:43,1.85,600,3065400
20240116,09:43:12,1.8,1800,3065400
20240116,09:43:19,1.8,900,3065400
20240116,09:43:24,1.8,1800,3065400
20240116,09:43:27,1.8,500,3065400
20240116,09:43:30,1.85,2100,3065400
20240116,09:43:31,1.85,10000,3065400
20240116,09:43:58,1.8,1800,3065400
20240116,09:44:10,1.8,1800,3065400
20240116,09:44:15,1.85,550,3065400
20240116,09:44:24,1.85,250,3065400
20240116,09:44:34,1.85,700,3065400
20240116,09:44:36,1.85,1300,3065400
20240116,09:44:40,1.85,600,3071650
20240116,09:44:46,1.85,250,3071650
20240116,09:44:47,1.85,400,3071650
20240116,09:44:52,1.85,50,3071650
20240116,09:45:05,1.8,400,3071650
20240116,09:45:08,1.85,250,3071650
20240116,09:45:10,1.85,250,3071650
20240116,09:45:12,1.85,2350,3071650
20240116,09:45:13,1.85,15750,3071650
20240116,09:45:15,1.85,50,3071650
20240116,09:45:16,1.9,1250,3071650
20240116,09:45:21,1.85,500,3071650
20240116,09:45:30,1.9,150,3071650
20240116,09:45:33,1.9,3300,3071650
20240116,09:45:34,1.9,200,3071650
20240116,09:46:01,1.9,50,3071650
20240116,09:46:32,1.9,1800,3071650
20240116,09:46:34,1.9,50,3071650
20240116,09:46:37,1.9,1800,3071650
20240116,09:46:41,1.9,1800,3071650
20240116,09:46:42,1.85,7200,3071650
20240116,09:46:43,1.85,4050,3071650
20240116,09:46:44,1.9,150,3071650
20240116,09:46:48,1.85,7200,3071650
20240116,09:46:49,1.85,1200,3071650
20240116,09:46:53,1.9,1500,3071650
20240116,09:46:54,1.85,6350,3071650
20240116,09:46:55,1.9,1600,3071650
20240116,09:46:57,1.85,350,3071650
20240116,09:47:00,1.85,4150,3071650
20240116,09:47:03,1.9,1500,3071650
20240116,09:47:06,1.85,7250,3071650
20240116,09:47:07,1.85,2650,3071650
20240116,09:47:09,1.9,1350,3071650
20240116,09:47:14,1.85,3900,3071650
20240116,09:47:22,1.85,3300,3071650
20240116,09:47:23,1.9,1500,3071650
20240116,09:47:28,1.9,1200,3071650
20240116,09:47:36,1.9,200,3112750
20240116,09:47:41,1.9,200,3112750
20240116,09:47:44,1.9,100,3112750
20240116,09:48:22,1.85,50,3112750
20240116,09:48:25,1.9,12600,3112750
20240116,09:48:26,1.9,9950,3112750
20240116,09:48:27,1.9,9000,3112750
20240116,09:48:28,1.9,6450,3112750
20240116,09:48:29,1.9,3700,3112750
20240116,09:48:35,1.95,400,3112750
20240116,09:48:40,1.9,1000,3112750
20240116,09:48:48,1.95,1800,3112750
20240116,09:48:49,1.95,1800,3112750
20240116,09:48:51,1.95,1800,3112750
20240116,09:48:52,1.95,1800,3112750
20240116,09:48:53,1.95,1500,3112750
20240116,09:48:54,1.95,3000,3112750
20240116,09:48:55,1.95,3000,3112750
20240116,09:48:56,1.95,3300,3112750
20240116,09:48:57,1.95,10500,3112750
20240116,09:48:58,1.95,6900,3112750
20240116,09:48:59,1.95,3700,3112750
20240116,09:49:00,1.95,4700,3112750
20240116,09:49:02,2.0,1800,3112750
20240116,09:49:03,1.95,250,3112750
20240116,09:49:06,1.95,1500,3112750
20240116,09:49:09,1.95,50,3112750
20240116,09:49:19,2.0,5400,3112750
20240116,09:49:19,1.95,7200,3112750
20240116,09:49:20,1.95,4650,3112750
20240116,09:49:21,1.95,1800,3112750
20240116,09:49:24,1.95,50,3112750
20240116,09:49:26,1.95,1200,3112750
20240116,09:49:29,1.95,150,3112750
20240116,09:49:33,1.9,1150,3112750
20240116,09:49:38,1.95,50,3112750
20240116,09:49:43,1.95,2050,3112750
20240116,09:49:46,1.95,1800,3112750
20240116,09:50:07,1.95,300,3112750
20240116,09:50:07,1.9,10000,3112750
20240116,09:50:10,1.9,1150,3112750
20240116,09:50:13,1.9,900,3112750
20240116,09:50:16,1.9,1800,3112750
20240116,09:50:22,1.95,250,3112750
20240116,09:50:23,1.95,750,3112750
20240116,09:50:24,1.95,450,3112750
20240116,09:50:26,1.95,50,3112750
20240116,09:50:26,1.95,250,3112750
20240116,09:50:32,1.95,500,3112750
20240116,09:50:32,1.95,250,3112750
20240116,09:50:35,1.95,1250,3112750
20240116,09:50:37,1.95,350,3112750
20240116,09:50:38,1.95,500,3116750
20240116,09:50:39,1.95,400,3116750
20240116,09:50:39,1.95,200,3116750
20240116,09:50:41,1.9,1100,3116750
20240116,09:50:58,1.9,1300,3116750
20240116,09:51:10,1.95,2200,3116750
20240116,09:51:12,1.95,550,3116750
20240116,09:51:13,1.95,1800,3116750
20240116,09:51:14,1.95,21900,3116750
20240116,09:51:16,1.95,650,3116750
20240116,09:51:17,1.95,4900,3116750
20240116,09:51:18,1.95,3400,3116750
20240116,09:51:20,2.0,300,3116750
20240116,09:51:22,1.95,450,3116750
20240116,09:51:28,2.0,1750,3116750
20240116,09:51:28,2.0,200,3116750
20240116,09:51:32,1.95,350,3116750
20240116,09:51:33,2.0,500,3116750
20240116,09:51:43,2.0,150,3116750
20240116,09:51:45,2.0,1500,3116750
20240116,09:51:46,2.0,600,3116750
20240116,09:51:51,2.0,300,3116750
20240116,09:52:00,2.0,1800,3116750
20240116,09:52:01,2.0,15700,3116750
20240116,09:52:03,2.0,8400,3116750
20240116,09:52:05,2.0,50,3116750
20240116,09:52:06,2.0,100,3116750
20240116,09:52:07,2.0,500,3116750
20240116,09:52:10,2.05,250,3116750
20240116,09:52:30,2.05,50,3116750
20240116,09:52:38,2.0,1100,3116750
20240116,09:52:45,2.05,150,3116750
20240116,09:52:56,2.0,50,3116750
20240116,09:52:59,2.0,300,3116750
20240116,09:53:02,2.0,50,3116750
20240116,09:53:16,2.05,150,3116750
20240116,09:53:27,2.05,50,3116750
20240116,09:53:28,2.0,250,3116750
20240116,09:53:32,2.05,1800,3116750
20240116,09:53:33,2.05,1800,3116750
20240116,09:53:34,2.05,16850,3116750
20240116,09:53:35,2.05,3600,3116750
20240116,09:53:36,2.05,10800,3135450
20240116,09:53:37,2.05,15600,3135450
20240116,09:53:38,2.05,1800,3135450
20240116,09:53:40,2.05,2100,3135450
20240116,09:53:41,2.05,50,3135450
20240116,09:53:42,2.05,300,3135450
20240116,09:53:45,2.05,10400,3135450
20240116,09:54:01,2.05,6500,3135450
20240116,09:54:05,2.05,50,3135450
20240116,09:54:08,2.05,1800,3135450
20240116,09:54:11,2.05,9700,3135450
20240116,09:54:12,2.05,9050,3135450
20240116,09:54:14,2.05,150,3135450
20240116,09:54:15,2.05,250,3135450
20240116,09:54:16,2.1,50,3135450
20240116,09:54:29,2.1,600,3135450
20240116,09:54:33,2.1,1800,3135450
20240116,09:54:39,2.05,400,3135450
20240116,09:54:54,2.1,500,3135450
20240116,09:55:03,2.05,200,3135450
20240116,09:55:05,2.05,1800,3135450
20240116,09:55:06,2.05,2450,3135450
20240116,09:55:18,2.05,1200,3135450
20240116,09:55:24,2.05,50,3135450
20240116,09:55:29,2.05,200,3135450
20240116,09:55:35,2.05,900,3135450
20240116,09:55:40,2.05,1800,3135450
20240116,09:55:43,2.05,1800,3135450
20240116,09:55:44,2.05,7300,3135450
20240116,09:55:45,2.05,1800,3135450
20240116,09:55:46,2.05,1800,3135450
20240116,09:55:48,2.05,1800,3135450
20240116,09:55:53,2.05,50,3135450
20240116,09:55:54,2.05,50,3135450
20240116,09:56:05,2.1,1800,3135450
20240116,09:56:07,2.1,1800,3135450
20240116,09:56:09,2.05,400,3135450
20240116,09:56:10,2.05,1800,3135450
20240116,09:56:11,2.05,400,3135450
20240116,09:56:13,2.05,5900,3135450
20240116,09:56:13,2.05,250,3135450
20240116,09:56:14,2.05,500,3135450
20240116,09:56:16,2.0,50,3135450
20240116,09:56:17,2.05,1700,3135450
20240116,09:56:18,2.0,1850,3135450
20240116,09:56:20,2.0,600,3135450
20240116,09:56:22,2.0,1800,3135450
20240116,09:56:24,2.0,10250,3135450
20240116,09:56:25,2.0,250,3135450
20240116,09:56:26,2.0,900,3135450
20240116,09:56:27,2.0,50,3135450
20240116,09:56:29,2.0,350,3135450
20240116,09:56:30,2.0,200,3135450
20240116,09:56:31,2.0,50,3135450
20240116,09:56:35,1.95,1800,3135450
20240116,09:56:39,1.95,1850,3139500
20240116,09:56:40,1.95,1800,3139500
20240116,09:56:41,1.95,9000,3139500
20240116,09:56:42,1.95,30700,3139500
20240116,09:56:46,1.95,1950,3139500
20240116,09:56:47,1.95,250,3139500
20240116,09:56:48,1.95,300,3139500
20240116,09:56:51,1.95,100,3139500
20240116,09:56:54,1.95,1200,3139500
20240116,09:56:55,1.95,400,3139500
20240116,09:57:09,1.95,150,3139500
20240116,09:57:13,1.95,1800,3139500
20240116,09:57:17,1.95,1000,3139500
20240116,09:57:18,1.95,1500,3139500
20240116,09:57:32,1.95,50,3139500
20240116,09:57:35,1.95,18650,3139500
20240116,09:57:35,1.95,1100,3139500
20240116,09:57:47,1.95,50,3139500
20240116,09:57:52,1.95,100,3139500
20240116,09:58:03,1.95,900,3139500
20240116,09:58:07,1.95,2550,3139500
20240116,09:58:08,1.95,2300,3139500
20240116,09:58:09,1.95,10000,3139500
20240116,09:58:10,1.95,4650,3139500
20240116,09:58:17,1.95,50,3139500
20240116,09:58:30,1.95,1800,3139500
20240116,09:58:43,2.0,50,3139500
20240116,09:58:54,2.0,100,3139500
20240116,09:59:05,1.95,350,3139500
20240116,09:59:08,1.95,700,3139500
20240116,09:59:15,2.0,50,3139500
20240116,09:59:22,1.95,50,3139500
20240116,09:59:36,1.95,250,3139500
20240116,09:59:40,1.95,1000,3127950
20240116,09:59:42,1.95,750,3127950
20240116,09:59:43,1.95,350,3127950
20240116,09:59:44,2.0,50,3127950
20240116,09:59:46,2.0,850,3127950
20240116,09:59:47,1.95,500,3127950
20240116,09:59:48,1.95,350,3127950
20240116,09:59:52,1.95,250,3127950
20240116,09:59:53,1.95,50,3127950
20240116,09:59:56,1.95,800,3127950
20240116,09:59:58,1.95,250,3127950
20240116,10:00:03,1.95,50,3127950
20240116,10:00:07,2.0,50,3127950
20240116,10:00:38,2.0,250,3127950
20240116,10:00:39,1.95,450,3127950
20240116,10:00:55,2.0,50,3127950
20240116,10:01:10,1.95,1200,3127950
20240116,10:01:23,1.95,250,3127950
20240116,10:01:24,1.95,250,3127950
20240116,10:01:25,2.0,250,3127950
20240116,10:01:27,1.95,700,3127950
20240116,10:01:28,2.0,700,3127950
20240116,10:01:31,1.95,250,3127950
20240116,10:01:32,1.95,250,3127950
20240116,10:01:32,1.95,950,3127950
20240116,10:01:33,1.95,250,3127950
20240116,10:01:35,2.0,50,3127950
20240116,10:01:35,2.0,1800,3127950
20240116,10:01:36,1.95,50,3127950
20240116,10:01:42,1.95,300,3127950
20240116,10:01:42,1.95,250,3127950
20240116,10:01:49,1.95,300,3127950
20240116,10:01:51,1.95,250,3127950
20240116,10:01:54,1.95,1900,3127950
20240116,10:02:01,1.95,250,3127950
20240116,10:02:04,1.95,550,3127950
20240116,10:02:07,1.95,2900,3127950
20240116,10:02:08,1.95,50,3127950
20240116,10:02:09,1.95,900,3127950
20240116,10:02:10,1.95,2050,3127950
20240116,10:02:11,1.95,900,3127950
20240116,10:02:13,1.95,3650,3127950
20240116,10:02:14,1.95,1500,3127950
20240116,10:02:26,2.0,1850,3127950
20240116,10:02:29,1.95,50,3127950
20240116,10:02:40,1.95,600,3129450
20240116,10:02:45,1.95,1450,3129450
20240116,10:02:46,1.95,1000,3129450
20240116,10:02:47,1.95,1000,3129450
20240116,10:02:53,1.95,500,3129450
20240116,10:02:54,1.95,500,3129450
20240116,10:02:59,1.95,1500,3129450
20240116,10:02:59,1.95,50,3129450
20240116,10:03:03,1.95,50,3129450
20240116,10:03:05,1.9,100,3129450
20240116,10:03:10,1.9,250,3129450
20240116,10:03:25,1.95,300,3129450
20240116,10:03:28,1.9,150,3129450
20240116,10:03:30,1.9,50,3129450
20240116,10:03:31,1.95,150,3129450
20240116,10:03:32,1.9,50,3129450
20240116,10:03:41,1.95,50,3129450
20240116,10:03:42,1.95,50,3129450
20240116,10:03:43,1.95,50,3129450
20240116,10:03:44,1.9,250,3129450
20240116,10:03:46,1.9,50,3129450
20240116,10:03:48,1.95,100,3129450
20240116,10:03:58,1.95,500,3129450
20240116,10:04:00,1.95,950,3129450
20240116,10:04:01,1.95,1800,3129450
20240116,10:04:03,1.95,17550,3129450
20240116,10:04:06,2.0,1500,3129450
20240116,10:04:08,2.0,50,3129450
20240116,10:04:09,2.0,50,3129450
20240116,10:04:10,2.0,850,3129450
20240116,10:04:11,2.0,1600,3129450
20240116,10:04:12,2.0,100,3129450
20240116,10:04:13,2.0,50,3129450
20240116,10:04:14,2.0,50,3129450
20240116,10:04:15,2.0,50,3129450
20240116,10:04:18,2.0,500,3129450
20240116,10:04:19,2.0,500,3129450
20240116,10:04:30,2.0,250,3129450
20240116,10:04:35,2.0,100,3129450
20240116,10:04:39,2.0,50,3129450
20240116,10:04:42,1.95,50,3129450
20240116,10:04:43,2.0,50,3129450
20240116,10:04:47,2.0,1950,3129450
20240116,10:05:03,2.0,100,3129450
20240116,10:05:12,2.0,150,3129450
20240116,10:05:14,2.0,100,3129450
20240116,10:05:16,2.0,50,3129450
20240116,10:05:19,1.95,1500,3129450
20240116,10:05:20,1.95,1500,3129450
20240116,10:05:21,1.95,1500,3129450
20240116,10:05:22,1.95,1500,3129450
20240116,10:05:23,1.95,1500,3129450
20240116,10:05:25,2.0,250,3129450
20240116,10:05:31,1.95,1750,3129450
20240116,10:05:32,2.0,50,3129450
20240116,10:05:51,1.95,800,3128800
20240116,10:05:53,1.95,400,3128800
20240116,10:06:02,1.95,50,3128800
20240116,10:06:04,1.95,1000,3128800
20240116,10:06:05,1.95,500,3128800
20240116,10:06:07,1.95,500,3128800
20240116,10:06:24,1.95,500,3128800
20240116,10:06:25,2.0,200,3128800
20240116,10:06:35,1.95,150,3128800
20240116,10:06:45,1.95,50,3128800
20240116,10:06:47,2.0,200,3128800
20240116,10:06:59,2.0,50,3128800
20240116,10:07:02,1.95,50,3128800
20240116,10:07:24,2.0,200,3128800
20240116,10:07:43,2.0,50,3128800
20240116,10:08:24,1.95,200,3128800
20240116,10:08:25,1.95,200,3128800
20240116,10:08:28,1.95,100,3128800
20240116,10:08:33,1.95,50,3128800
20240116,10:08:57,1.95,500,3127850
20240116,10:09:02,2.0,100,3127850
20240116,10:09:12,1.95,28050,3127850
20240116,10:09:18,1.9,1000,3127850
20240116,10:09:22,1.95,50,3127850
20240116,10:09:33,1.95,50,3127850
20240116,10:09:35,1.95,200,3127850
20240116,10:09:37,1.95,1000,3127850
20240116,10:10:00,1.95,3850,3127850
20240116,10:10:01,1.95,400,3127850
20240116,10:10:08,1.95,250,3127850
20240116,10:10:14,1.95,1000,3127850
20240116,10:10:16,1.9,1800,3127850
20240116,10:10:20,1.95,300,3127850
20240116,10:10:23,1.95,250,3127850
20240116,10:10:27,1.95,350,3127850
20240116,10:10:34,1.95,50,3127850
20240116,10:10:39,1.95,1150,3127850
20240116,10:10:40,1.95,250,3127850
20240116,10:10:44,1.9,1800,3127850
20240116,10:10:45,1.95,250,3127850
20240116,10:10:46,1.95,400,3127850
20240116,10:10:50,1.95,950,3127850
20240116,10:10:55,1.95,500,3127850
20240116,10:10:56,1.95,1850,3127850
20240116,10:10:56,1.95,400,3127850
20240116,10:10:57,1.95,250,3127850
20240116,10:10:59,1.95,2800,3127850
20240116,10:11:03,1.95,100,3127850
20240116,10:11:09,1.95,1500,3127850
20240116,10:11:10,1.95,1500,3127850
20240116,10:11:12,1.95,1500,3127850
20240116,10:11:14,1.95,1800,3127850
20240116,10:11:15,1.95,2650,3127850
20240116,10:11:22,1.95,250,3127850
20240116,10:11:24,1.95,400,3127850
20240116,10:11:25,1.95,500,3127850
20240116,10:11:28,1.95,250,3127850
20240116,10:11:29,1.95,250,3127850
20240116,10:11:31,1.95,3300,3127850
20240116,10:11:32,1.95,1850,3127850
20240116,10:11:35,1.95,400,3127850
20240116,10:11:36,1.95,3600,3127850
20240116,10:11:37,1.95,50,3127850
20240116,10:11:38,1.95,2450,3127850
20240116,10:11:39,1.95,1600,3175150
20240116,10:11:40,1.95,450,3175150
20240116,10:11:41,1.95,9600,3175150
20240116,10:11:42,1.95,100,3175150
20240116,10:11:44,1.95,100,3175150
20240116,10:11:46,1.95,50,3175150
20240116,10:11:47,2.0,50,3175150
20240116,10:12:12,1.95,300,3175150
20240116,10:12:17,2.0,1000,3175150
20240116,10:12:23,2.0,1000,3175150
20240116,10:12:27,2.0,1000,3175150
20240116,10:12:31,2.0,900,3175150
20240116,10:12:43,1.95,1800,3175150
20240116,10:13:16,2.0,1350,3175150
20240116,10:13:19,2.0,3150,3175150
20240116,10:13:21,2.0,1800,3175150
20240116,10:13:22,2.0,450,3175150
20240116,10:13:24,2.0,2700,3175150
20240116,10:13:25,2.0,1500,3175150
20240116,10:13:26,2.0,450,3175150
20240116,10:13:26,2.0,1800,3175150
20240116,10:13:28,2.0,500,3175150
20240116,10:13:29,2.0,1500,3175150
20240116,10:13:31,2.0,1500,3175150
20240116,10:13:32,2.0,350,3175150
20240116,10:13:34,2.0,5400,3175150
20240116,10:13:35,2.0,5400,3175150
20240116,10:13:36,2.0,14600,3175150
20240116,10:13:37,2.0,5950,3175150
20240116,10:13:46,2.05,350,3175150
20240116,10:13:49,2.0,250,3175150
20240116,10:13:51,2.0,100,3175150
20240116,10:13:52,2.0,550,3175150
20240116,10:13:54,2.0,250,3175150
20240116,10:13:57,2.05,100,3175150
20240116,10:14:18,2.0,1000,3175150
20240116,10:15:00,2.05,1800,3147400
20240116,10:15:01,2.05,900,3147400
20240116,10:15:03,2.05,3600,3147400
20240116,10:15:05,2.05,1500,3147400
20240116,10:15:07,2.05,7250,3147400
20240116,10:15:08,2.05,2450,3147400
20240116,10:15:11,2.1,50,3147400
20240116,10:15:13,2.1,50,3147400
20240116,10:15:15,2.1,50,3147400
20240116,10:15:23,2.05,1350,3147400
20240116,10:15:24,2.05,1800,3147400
20240116,10:15:35,2.05,150,3147400
20240116,10:15:36,2.05,1800,3147400
20240116,10:15:38,2.05,900,3147400
20240116,10:15:40,2.0,200,3147400
20240116,10:15:48,2.05,1050,3147400
20240116,10:16:09,2.0,1000,3147400
20240116,10:16:12,2.0,500,3147400
20240116,10:16:28,2.0,150,3147400
20240116,10:16:39,2.05,50,3147400
20240116,10:16:40,2.05,600,3147400
20240116,10:16:53,2.05,1000,3147400
20240116,10:16:59,2.0,900,3147400
20240116,10:17:16,2.05,500,3147400
20240116,10:17:24,2.0,4200,3147400
20240116,10:17:25,2.05,500,3147400
20240116,10:17:27,2.0,50,3147400
20240116,10:17:28,2.05,1800,3147400
20240116,10:17:41,2.05,50,3144250
20240116,10:17:46,2.05,750,3144250
20240116,10:17:49,2.0,300,3144250
20240116,10:17:50,2.05,500,3144250
20240116,10:17:52,2.05,1800,3144250
20240116,10:18:00,2.05,1000,3144250
20240116,10:18:01,2.05,50,3144250
20240116,10:18:07,2.05,2450,3144250
20240116,10:18:08,2.05,5400,3144250
20240116,10:18:09,2.05,4900,3144250
20240116,10:18:10,2.05,1800,3144250
20240116,10:18:12,2.05,1950,3144250
20240116,10:18:13,2.05,450,3144250
20240116,10:18:15,2.05,600,3144250
20240116,10:18:19,2.05,500,3144250
20240116,10:18:20,2.05,50,3144250
20240116,10:18:22,2.05,250,3144250
20240116,10:18:23,2.05,500,3144250
20240116,10:18:25,2.05,250,3144250
20240116,10:18:28,2.05,500,3144250
20240116,10:18:30,2.05,500,3144250
20240116,10:18:33,2.05,500,3144250
20240116,10:18:41,2.05,1800,3144250
20240116,10:18:48,2.05,200,3144250
20240116,10:18:50,2.05,200,3144250
20240116,10:18:56,2.05,500,3144250
20240116,10:18:57,2.05,500,3144250
20240116,10:19:00,2.05,500,3144250
20240116,10:19:04,2.05,500,3144250
20240116,10:19:05,2.05,500,3144250
20240116,10:19:13,2.1,500,3144250
20240116,10:19:25,2.05,500,3144250
20240116,10:19:26,2.05,500,3144250
20240116,10:19:33,2.1,250,3144250
20240116,10:19:45,2.05,3500,3144250
20240116,10:19:55,2.05,50,3144250
20240116,10:20:01,2.1,650,3144250
20240116,10:20:15,2.1,3500,3144250
20240116,10:20:34,2.1,1000,3144250
20240116,10:20:50,2.05,200,3144250
20240116,10:20:55,2.1,2250,3129350
20240116,10:20:59,2.1,500,3129350
20240116,10:21:02,2.1,350,3129350
20240116,10:21:03,2.1,50,3129350
20240116,10:21:04,2.1,200,3129350
20240116,10:21:09,2.05,100,3129350
20240116,10:21:09,2.1,2250,3129350
20240116,10:21:17,2.05,50,3129350
20240116,10:21:21,2.05,800,3129350
20240116,10:21:22,2.1,50,3129350
20240116,10:21:23,2.05,1200,3129350
20240116,10:21:25,2.05,50,3129350
20240116,10:21:26,2.05,1250,3129350
20240116,10:21:27,2.05,500,3129350
20240116,10:21:28,2.1,1000,3129350
20240116,10:21:29,2.1,2100,3129350
20240116,10:21:32,2.1,1000,3129350
20240116,10:21:36,2.1,1800,3129350
20240116,10:21:37,2.1,11450,3129350
20240116,10:21:38,2.1,7450,3129350
20240116,10:21:39,2.1,2600,3129350
20240116,10:21:51,2.1,1100,3129350
20240116,10:21:57,2.15,1000,3129350
20240116,10:22:04,2.15,100,3129350
20240116,10:22:06,2.1,100,3129350
20240116,10:22:07,2.1,100,3129350
20240116,10:22:08,2.1,100,3129350
20240116,10:22:09,2.1,350,3129350
20240116,10:22:11,2.15,3600,3129350
20240116,10:22:11,2.15,1800,3129350
20240116,10:22:12,2.1,50,3129350
20240116,10:22:18,2.15,50,3129350
20240116,10:22:21,2.15,750,3129350
20240116,10:22:31,2.15,100,3129350
20240116,10:22:34,2.15,900,3129350
20240116,10:22:42,2.15,50,3129350
20240116,10:22:47,2.1,1000,3129350
20240116,10:22:53,2.15,500,3129350
20240116,10:23:09,2.15,450,3129350
20240116,10:23:55,2.1,4600,3123250
20240116,10:23:55,2.1,1000,3123250
20240116,10:23:56,2.1,400,3123250
20240116,10:24:07,2.15,50,3123250
20240116,10:24:20,2.15,50,3123250
20240116,10:24:24,2.15,50,3123250
20240116,10:24:33,2.15,1500,3123250
20240116,10:24:34,2.15,3000,3123250
20240116,10:24:58,2.15,3000,3123250
20240116,10:24:59,2.15,4600,3123250
20240116,10:25:00,2.15,50,3123250
20240116,10:25:04,2.15,50,3123250
20240116,10:25:05,2.15,50,3123250
20240116,10:25:06,2.15,150,3123250
20240116,10:25:17,2.15,1500,3123250
20240116,10:25:18,2.15,1550,3123250
20240116,10:25:28,2.15,200,3123250
20240116,10:25:44,2.1,1800,3123250
20240116,10:25:46,2.15,200,3123250
20240116,10:25:46,2.15,500,3123250
20240116,10:26:00,2.1,400,3123250
20240116,10:26:14,2.15,50,3123250
20240116,10:26:24,2.15,50,3123250
20240116,10:26:38,2.15,50,3123250
20240116,10:26:45,2.15,200,3123250
20240116,10:26:49,2.1,100,3104050
20240116,10:26:53,2.1,250,3104050
20240116,10:26:54,2.1,1800,3104050
20240116,10:26:55,2.1,1800,3104050
20240116,10:27:01,2.1,3600,3104050
20240116,10:27:02,2.1,1800,3104050
20240116,10:27:09,2.15,500,3104050
20240116,10:27:18,2.1,500,3104050
20240116,10:27:39,2.15,50,3104050
20240116,10:27:52,2.1,300,3104050
20240116,10:27:57,2.1,150,3104050
20240116,10:28:02,2.1,1800,3104050
20240116,10:28:04,2.1,700,3104050
20240116,10:28:06,2.1,11800,3104050
20240116,10:28:07,2.1,900,3104050
20240116,10:28:08,2.1,300,3104050
20240116,10:28:10,2.1,300,3104050
20240116,10:28:11,2.1,2600,3104050
20240116,10:28:12,2.1,300,3104050
20240116,10:28:15,2.1,500,3104050
20240116,10:28:16,2.1,2400,3104050
20240116,10:28:18,2.1,300,3104050
20240116,10:28:19,2.05,50,3104050
20240116,10:28:21,2.1,250,3104050
20240116,10:28:21,2.1,50,3104050
20240116,10:28:23,2.1,50,3104050
20240116,10:28:25,2.1,250,3104050
20240116,10:28:40,2.05,300,3104050
20240116,10:28:41,2.05,1500,3104050
20240116,10:28:55,2.05,1000,3104050
20240116,10:29:01,2.1,200,3104050
20240116,10:29:02,2.1,5000,3104050
20240116,10:29:05,2.1,250,3104050
20240116,10:29:07,2.1,1000,3104050
20240116,10:29:12,2.1,50,3104050
20240116,10:29:21,2.1,50,3104050
20240116,10:29:26,2.1,50,3104050
20240116,10:29:35,2.1,3000,3104050
20240116,10:29:39,2.1,1800,3104050
20240116,10:29:46,2.1,50,3089950
20240116,10:29:49,2.1,3600,3089950
20240116,10:29:50,2.1,5550,3089950
20240116,10:29:51,2.1,2050,3089950
20240116,10:29:52,2.1,1300,3089950
20240116,10:30:00,2.15,100,3089950
20240116,10:30:01,2.15,150,3089950
20240116,10:30:03,2.15,100,3089950
20240116,10:30:07,2.1,100,3089950
20240116,10:30:09,2.15,50,3089950
20240116,10:30:12,2.15,50,3089950
20240116,10:30:15,2.15,50,3089950
20240116,10:30:16,2.15,250,3089950
20240116,10:30:17,2.15,200,3089950
20240116,10:30:22,2.1,250,3089950
20240116,10:30:29,2.1,50,3089950
20240116,10:30:31,2.1,1000,3089950
20240116,10:30:39,2.1,300,3089950
20240116,10:30:41,2.15,200,3089950
20240116,10:30:45,2.15,1000,3089950
20240116,10:30:48,2.1,50,3089950
20240116,10:30:53,2.1,600,3089950
20240116,10:31:02,2.15,50,3089950
20240116,10:31:07,2.15,1800,3089950
20240116,10:31:11,2.15,250,3089950
20240116,10:31:15,2.15,1800,3089950
20240116,10:31:16,2.15,3600,3089950
20240116,10:31:17,2.15,1800,3089950
20240116,10:31:18,2.15,3600,3089950
20240116,10:31:19,2.15,3600,3089950
20240116,10:31:20,2.15,4100,3089950
20240116,10:31:21,2.15,1800,3089950
20240116,10:31:23,2.15,3600,3089950
20240116,10:31:23,2.15,1800,3089950
20240116,10:31:24,2.15,3650,3089950
20240116,10:31:25,2.15,3650,3089950
20240116,10:31:26,2.15,1800,3089950
20240116,10:31:27,2.15,2500,3089950
20240116,10:31:32,2.1,200,3089950
20240116,10:31:35,2.15,50,3089950
20240116,10:31:39,2.1,50,3089950
20240116,10:31:39,2.15,500,3089950
20240116,10:31:46,2.1,350,3089950
20240116,10:31:50,2.1,200,3089950
20240116,10:32:22,2.15,1800,3089950
20240116,10:32:23,2.15,5400,3089950
20240116,10:32:25,2.2,13200,3089950
20240116,10:32:26,2.15,5300,3089950
20240116,10:32:27,2.15,550,3089950
20240116,10:32:28,2.15,300,3089950
20240116,10:32:30,2.15,50,3089950
20240116,10:32:32,2.15,50,3089950
20240116,10:32:33,2.15,250,3089950
20240116,10:32:33,2.15,350,3089950
20240116,10:32:36,2.15,50,3089950
20240116,10:32:36,2.15,1800,3089950
20240116,10:32:37,2.15,50,3089950
20240116,10:32:42,2.2,50,3046700
20240116,10:32:53,2.2,25000,3046700
20240116,10:32:56,2.15,250,3046700
20240116,10:32:57,2.15,750,3046700
20240116,10:32:58,2.2,100,3046700
20240116,10:33:11,2.15,50,3046700
20240116,10:33:17,2.15,5400,3046700
20240116,10:33:18,2.15,6050,3046700
20240116,10:33:27,2.15,50,3046700
20240116,10:33:32,2.15,450,3046700
20240116,10:33:33,2.15,50,3046700
20240116,10:33:36,2.15,450,3046700
20240116,10:33:39,2.15,550,3046700
20240116,10:33:48,2.15,550,3046700
20240116,10:33:49,2.1,1800,3046700
20240116,10:33:55,2.15,50,3046700
20240116,10:33:55,2.1,50,3046700
20240116,10:33:58,2.15,450,3046700
20240116,10:34:20,2.15,1500,3046700
20240116,10:34:21,2.1,50,3046700
20240116,10:34:22,2.15,1500,3046700
20240116,10:34:24,2.15,1000,3046700
20240116,10:34:27,2.15,1500,3046700
20240116,10:34:42,2.15,450,3046700
20240116,10:34:43,2.1,550,3046700
20240116,10:34:47,2.15,450,3046700
20240116,10:34:49,2.15,1000,3046700
20240116,10:34:50,2.15,1450,3046700
20240116,10:34:51,2.15,3600,3046700
20240116,10:34:52,2.15,3600,3046700
20240116,10:34:54,2.15,15050,3046700
20240116,10:34:57,2.15,250,3046700
20240116,10:34:59,2.15,2850,3046700
20240116,10:35:00,2.15,450,3046700
20240116,10:35:09,2.15,1800,3046700
20240116,10:35:13,2.15,450,3046700
20240116,10:35:20,2.1,1000,3046700
20240116,10:35:22,2.15,450,3046700
20240116,10:35:28,2.15,450,3046700
20240116,10:35:29,2.15,1800,3046700
20240116,10:35:30,2.15,4300,3046700
20240116,10:35:41,2.1,1800,3046700
20240116,10:35:45,2.15,150,3046700
20240116,10:35:49,2.1,250,3026500
20240116,10:35:50,2.15,50,3026500
20240116,10:35:53,2.15,100,3026500
20240116,10:35:54,2.1,500,3026500
20240116,10:36:02,2.1,100,3026500
20240116,10:36:03,2.15,50,3026500
20240116,10:36:12,2.15,50,3026500
20240116,10:36:36,2.1,500,3026500
20240116,10:36:59,2.15,1500,3026500
20240116,10:37:01,2.15,1000,3026500
20240116,10:37:06,2.15,250,3026500
20240116,10:37:09,2.15,450,3026500
20240116,10:37:49,2.15,50,3026500
20240116,10:37:56,2.15,800,3026500
20240116,10:38:02,2.15,50,3026500
20240116,10:38:06,2.15,50,3026500
20240116,10:38:11,2.1,100,3026500
20240116,10:38:20,2.15,1800,3026500
20240116,10:38:32,2.15,3300,3026500
20240116,10:38:51,2.1,450,3026350
20240116,10:39:00,2.15,200,3026350
20240116,10:39:06,2.1,200,3026350
20240116,10:39:10,2.15,50,3026350
20240116,10:39:16,2.15,3600,3026350
20240116,10:39:17,2.15,20750,3026350
20240116,10:39:20,2.15,1800,3026350
20240116,10:39:23,2.15,550,3026350
20240116,10:39:35,2.2,20600,3026350
20240116,10:39:38,2.2,2500,3026350
20240116,10:39:40,2.2,550,3026350
20240116,10:39:41,2.2,1500,3026350
20240116,10:39:43,2.2,5100,3026350
20240116,10:39:44,2.2,5650,3026350
20240116,10:39:45,2.2,5450,3026350
20240116,10:39:46,2.2,1800,3026350
20240116,10:39:47,2.2,400,3026350
20240116,10:39:53,2.2,1000,3026350
20240116,10:39:55,2.2,400,3026350
20240116,10:39:59,2.2,200,3026350
20240116,10:40:05,2.25,1500,3026350
20240116,10:40:07,2.25,3300,3026350
20240116,10:40:08,2.25,400,3026350
20240116,10:40:09,2.2,1800,3026350
20240116,10:40:10,2.25,500,3026350
20240116,10:40:11,2.25,450,3026350
20240116,10:40:12,2.2,1400,3026350
20240116,10:40:18,2.25,7200,3026350
20240116,10:40:20,2.25,1800,3026350
20240116,10:40:21,2.25,9050,3026350
20240116,10:40:23,2.25,2800,3026350
20240116,10:40:25,2.25,1200,3026350
20240116,10:40:26,2.25,700,3026350
20240116,10:40:32,2.25,250,3026350
20240116,10:40:34,2.25,2850,3026350
20240116,10:40:35,2.25,1400,3026350
20240116,10:40:36,2.25,2750,3026350
20240116,10:40:37,2.25,650,3026350
20240116,10:40:38,2.3,650,3026350
20240116,10:40:39,2.25,300,3026350
20240116,10:40:43,2.25,350,3026350
20240116,10:40:46,2.25,1800,3026350
20240116,10:40:48,2.25,1800,3026350
20240116,10:40:49,2.25,9200,3026350
20240116,10:40:53,2.25,2400,3026350
20240116,10:40:55,2.25,250,3026350
20240116,10:40:56,2.25,150,3026350
20240116,10:40:57,2.25,300,3026350
20240116,10:40:58,2.25,2250,3026350
20240116,10:40:59,2.25,9000,3026350
20240116,10:41:01,2.3,1750,3026350
20240116,10:41:17,2.2,21850,3026350
20240116,10:41:18,2.25,5400,3026350
20240116,10:41:21,2.25,450,3026350
20240116,10:41:28,2.3,50,3026350
20240116,10:41:34,2.3,34800,3026350
20240116,10:41:34,2.3,7800,3026350
20240116,10:41:35,2.3,700,3026350
20240116,10:41:36,2.3,650,3026350
20240116,10:41:38,2.3,50,3026350
20240116,10:41:39,2.3,50,3026350
20240116,10:41:40,2.3,700,3026350
20240116,10:41:41,2.3,100,3026350
20240116,10:41:43,2.3,1800,2982850
20240116,10:41:45,2.3,1800,2982850
20240116,10:41:46,2.35,800,2982850
20240116,10:41:48,2.35,2600,2982850
20240116,10:41:54,2.3,1000,2982850
20240116,10:41:58,2.25,1800,2982850
20240116,10:41:59,2.3,6400,2982850
20240116,10:42:00,2.3,900,2982850
20240116,10:42:01,2.3,400,2982850
20240116,10:42:02,2.25,100,2982850
20240116,10:42:04,2.3,1800,2982850
20240116,10:42:09,2.3,50,2982850
20240116,10:42:18,2.25,450,2982850
20240116,10:42:24,2.3,150,2982850
20240116,10:42:33,2.25,50,2982850
20240116,10:42:34,2.3,50,2982850
20240116,10:42:36,2.3,500,2982850
20240116,10:42:39,2.25,800,2982850
20240116,10:42:40,2.25,50,2982850
20240116,10:42:44,2.25,1800,2982850
20240116,10:42:46,2.25,300,2982850
20240116,10:42:48,2.25,600,2982850
20240116,10:42:52,2.25,1450,2982850
20240116,10:42:54,2.25,3600,2982850
20240116,10:42:56,2.25,3200,2982850
20240116,10:42:57,2.25,1850,2982850
20240116,10:42:58,2.2,150,2982850
20240116,10:42:59,2.25,50,2982850
20240116,10:43:02,2.25,50,2982850
20240116,10:43:03,2.25,1600,2982850
20240116,10:43:04,2.25,550,2982850
20240116,10:43:06,2.25,50,2982850
20240116,10:43:08,2.2,50,2982850
20240116,10:43:09,2.25,50,2982850
20240116,10:43:14,2.25,50,2982850
20240116,10:43:21,2.25,250,2982850
20240116,10:43:23,2.25,1450,2982850
20240116,10:43:23,2.25,500,2982850
20240116,10:43:26,2.25,700,2982850
20240116,10:43:27,2.25,350,2982850
20240116,10:43:28,2.25,300,2982850
20240116,10:43:29,2.25,350,2982850
20240116,10:43:30,2.25,250,2982850
20240116,10:43:31,2.25,250,2982850
20240116,10:43:36,2.25,13900,2982850
20240116,10:43:39,2.25,2500,2982850
20240116,10:43:40,2.3,600,2982850
20240116,10:43:40,2.25,450,2982850
20240116,10:43:57,2.25,100,2982850
20240116,10:43:58,2.2,50,2982850
20240116,10:44:03,2.2,50,2982850
20240116,10:44:04,2.2,50,2982850
20240116,10:44:06,2.2,100,2982850
20240116,10:44:08,2.2,50,2982850
20240116,10:44:09,2.2,100,2982850
20240116,10:44:10,2.2,50,2982850
20240116,10:44:11,2.2,50,2982850
20240116,10:44:14,2.2,100,2982850
20240116,10:44:24,2.25,1150,2982850
20240116,10:44:38,2.2,50,2982850
20240116,10:44:40,2.2,50,2982850
20240116,10:44:41,2.2,50,2982850
20240116,10:44:42,2.2,100,2982850
20240116,10:44:43,2.2,100,2955650
20240116,10:44:44,2.2,150,2955650
20240116,10:44:45,2.2,100,2955650
20240116,10:44:46,2.2,100,2955650
20240116,10:44:47,2.2,100,2955650
20240116,10:44:48,2.2,50,2955650
20240116,10:45:03,2.25,100,2955650
20240116,10:45:06,2.25,1400,2955650
20240116,10:45:18,2.25,1400,2955650
20240116,10:45:29,2.25,1800,2955650
20240116,10:45:33,2.25,50,2955650
20240116,10:45:44,2.25,1000,2955650
20240116,10:45:53,2.2,300,2955650
20240116,10:45:55,2.2,600,2955650
20240116,10:45:58,2.25,600,2955650
20240116,10:46:00,2.25,600,2955650
20240116,10:46:03,2.25,150,2955650
20240116,10:46:04,2.2,1800,2955650
20240116,10:46:08,2.25,1400,2955650
20240116,10:46:11,2.25,1250,2955650
20240116,10:46:12,2.25,700,2955650
20240116,10:46:16,2.25,800,2955650
20240116,10:46:22,2.25,250,2955650
20240116,10:46:28,2.25,400,2955650
20240116,10:46:30,2.25,11200,2955650
20240116,10:46:31,2.25,3250,2955650
20240116,10:46:34,2.25,50,2955650
20240116,10:46:35,2.3,50,2955650
20240116,10:46:43,2.25,300,2955650
20240116,10:46:45,2.3,1800,2955650
20240116,10:46:46,2.3,1800,2955650
20240116,10:46:47,2.3,1800,2955650
20240116,10:46:48,2.25,1900,2955650
20240116,10:46:49,2.3,5150,2955650
20240116,10:46:49,2.3,1750,2955650
20240116,10:46:51,2.3,4500,2955650
20240116,10:47:02,2.25,250,2955650
20240116,10:47:04,2.25,1000,2955650
20240116,10:47:06,2.25,1800,2955650
20240116,10:47:08,2.25,1550,2955650
20240116,10:47:10,2.25,1800,2955650
20240116,10:47:11,2.25,1800,2955650
20240116,10:47:26,2.3,350,2955650
20240116,10:47:34,2.25,450,2955650
20240116,10:47:37,2.25,1000,2955650
20240116,10:47:58,2.3,500,2962450
20240116,10:47:59,2.3,1750,2962450
20240116,10:48:00,2.3,900,2962450
20240116,10:48:01,2.3,5600,2962450
20240116,10:48:02,2.3,3800,2962450
20240116,10:48:03,2.3,750,2962450
20240116,10:48:24,2.35,18000,2962450
20240116,10:48:25,2.3,1700,2962450
20240116,10:48:26,2.35,2000,2962450
20240116,10:48:28,2.3,300,2962450
20240116,10:48:37,2.3,50,2962450
20240116,10:48:38,2.3,1000,2962450
20240116,10:48:40,2.3,800,2962450
20240116,10:48:41,2.3,100,2962450
20240116,10:48:46,2.35,1800,2962450
20240116,10:48:51,2.3,1750,2962450
20240116,10:48:57,2.3,1800,2962450
20240116,10:49:00,2.35,1800,2962450
20240116,10:49:01,2.35,1800,2962450
20240116,10:49:05,2.3,50,2962450
20240116,10:49:34,2.35,500,2962450
20240116,10:49:38,2.3,250,2962450
20240116,10:50:00,2.3,550,2962450
20240116,10:50:07,2.3,50,2962450
20240116,10:50:12,2.3,1050,2962450
20240116,10:50:38,2.3,200,2962450
20240116,10:50:39,2.3,350,2962450
20240116,10:50:51,2.35,150,2950500
20240116,10:50:54,2.35,1000,2950500
20240116,10:51:01,2.35,1500,2950500
20240116,10:51:02,2.35,1500,2950500
20240116,10:51:12,2.3,1100,2950500
20240116,10:51:15,2.3,50,2950500
20240116,10:51:16,2.35,150,2950500
20240116,10:51:17,2.35,50,2950500
20240116,10:51:18,2.35,100,2950500
20240116,10:51:28,2.3,1500,2950500
20240116,10:51:31,2.35,2550,2950500
20240116,10:51:34,2.3,1000,2950500
20240116,10:51:36,2.3,10000,2950500
20240116,10:51:37,2.35,500,2950500
20240116,10:51:38,2.35,6200,2950500
20240116,10:51:39,2.35,400,2950500
20240116,10:51:42,2.4,150,2950500
20240116,10:51:46,2.4,400,2950500
20240116,10:51:47,2.35,600,2950500
20240116,10:51:52,2.4,550,2950500
20240116,10:51:53,2.4,3800,2950500
20240116,10:51:54,2.4,7050,2950500
20240116,10:51:56,2.4,2150,2950500
20240116,10:51:58,2.4,2700,2950500
20240116,10:51:59,2.4,2850,2950500
20240116,10:52:01,2.45,1600,2950500
20240116,10:52:01,2.45,50,2950500
20240116,10:52:02,2.4,600,2950500
20240116,10:52:03,2.45,9000,2950500
20240116,10:52:04,2.4,8400,2950500
20240116,10:52:06,2.4,2100,2950500
20240116,10:52:14,2.4,250,2950500
20240116,10:52:23,2.35,150,2950500
20240116,10:52:24,2.35,50,2950500
20240116,10:52:27,2.35,1800,2950500
20240116,10:52:28,2.35,200,2950500
20240116,10:52:30,2.4,150,2950500
20240116,10:52:34,2.4,1800,2950500
20240116,10:52:34,2.4,5400,2950500
20240116,10:52:35,2.4,1800,2950500
20240116,10:52:36,2.4,1100,2950500
20240116,10:52:39,2.4,250,2950500
20240116,10:52:41,2.4,250,2950500
20240116,10:52:41,2.4,750,2950500
20240116,10:52:43,2.4,250,2950500
20240116,10:52:47,2.4,1100,2950500
20240116,10:52:49,2.4,1000,2950500
20240116,10:52:55,2.4,50,2950500
20240116,10:52:56,2.4,1600,2950500
20240116,10:52:58,2.4,400,2950500
20240116,10:52:59,2.4,1800,2950500
20240116,10:53:01,2.4,7150,2950500
20240116,10:53:02,2.4,700,2950500
20240116,10:53:04,2.4,7500,2950500
20240116,10:53:06,2.4,1800,2950500
20240116,10:53:08,2.4,1200,2950500
20240116,10:53:12,2.4,1750,2950500
20240116,10:53:15,2.4,1800,2950500
20240116,10:53:18,2.4,50,2950500
20240116,10:53:21,2.4,50,2950500
20240116,10:53:23,2.4,1200,2950500
20240116,10:53:24,2.4,4600,2950500
20240116,10:53:26,2.4,2700,2950500
20240116,10:53:27,2.4,300,2950500
20240116,10:53:29,2.4,2000,2950500
20240116,10:53:31,2.4,50,2950500
20240116,10:53:33,2.4,1500,2950500
20240116,10:53:34,2.4,1500,2950500
20240116,10:53:35,2.4,1200,2950500
20240116,10:53:36,2.4,900,2950500
20240116,10:53:40,2.4,250,2950500
20240116,10:53:44,2.4,2000,2893450
20240116,10:53:46,2.4,1700,2893450
20240116,10:53:48,2.4,1500,2893450
20240116,10:53:50,2.4,7650,2893450
20240116,10:53:50,2.4,5600,2893450
20240116,10:53:51,2.4,1000,2893450
20240116,10:53:55,2.35,50,2893450
20240116,10:54:09,2.35,450,2893450
20240116,10:54:11,2.35,50,2893450
20240116,10:54:18,2.35,250,2893450
20240116,10:54:21,2.35,150,2893450
20240116,10:54:25,2.35,100,2893450
20240116,10:54:32,2.4,1250,2893450
20240116,10:54:34,2.4,700,2893450
20240116,10:54:59,2.4,50,2893450
20240116,10:55:02,2.35,100,2893450
20240116,10:55:05,2.4,7150,2893450
20240116,10:55:07,2.4,300,2893450
20240116,10:55:21,2.4,2000,2893450
20240116,10:55:23,2.35,50,2893450
20240116,10:55:26,2.35,300,2893450
20240116,10:55:27,2.4,400,2893450
20240116,10:55:28,2.35,500,2893450
20240116,10:55:28,2.35,150,2893450
20240116,10:55:32,2.35,500,2893450
20240116,10:55:42,2.35,1850,2893450
20240116,10:55:51,2.35,650,2893450
20240116,10:55:52,2.4,2050,2893450
20240116,10:55:58,2.35,3600,2893450
20240116,10:56:00,2.4,2900,2893450
20240116,10:56:01,2.4,750,2893450
20240116,10:56:02,2.4,50,2893450
20240116,10:56:06,2.4,700,2893450
20240116,10:56:08,2.35,1800,2893450
20240116,10:56:09,2.35,1200,2893450
20240116,10:56:10,2.35,3600,2893450
20240116,10:56:11,2.4,2050,2893450
20240116,10:56:12,2.35,5700,2893450
20240116,10:56:15,2.35,200,2893450
20240116,10:56:15,2.35,250,2893450
20240116,10:56:20,2.3,2400,2893450
20240116,10:56:30,2.3,250,2893450
20240116,10:56:35,2.35,50,2893450
20240116,10:56:38,2.35,5850,2893450
20240116,10:56:50,2.35,1800,2893450
20240116,10:56:51,2.35,8900,2872150
20240116,10:56:52,2.35,3600,2872150
20240116,10:56:53,2.35,200,2872150
20240116,10:56:58,2.35,1250,2872150
20240116,10:57:08,2.35,1500,2872150
20240116,10:57:11,2.3,600,2872150
20240116,10:57:12,2.35,650,2872150
20240116,10:57:31,2.3,200,2872150
20240116,10:57:47,2.35,3000,2872150
20240116,10:58:03,2.3,100,2872150
20240116,10:58:04,2.3,550,2872150
20240116,10:58:04,2.3,1900,2872150
20240116,10:58:20,2.3,750,2872150
20240116,10:58:22,2.3,500,2872150
20240116,10:58:23,2.3,1800,2872150
20240116,10:58:25,2.3,1500,2872150
20240116,10:58:29,2.3,1500,2872150
20240116,10:58:42,2.3,1800,2872150
20240116,10:58:43,2.3,1100,2872150
20240116,10:58:47,2.35,100,2872150
20240116,10:58:47,2.3,300,2872150
20240116,10:58:51,2.3,300,2872150
20240116,10:58:52,2.3,1800,2872150
20240116,10:58:53,2.3,1800,2872150
20240116,10:58:54,2.3,50,2872150
20240116,10:58:56,2.3,50,2872150
20240116,10:58:57,2.3,1800,2872150
20240116,10:58:58,2.3,1400,2872150
20240116,10:58:59,2.3,12300,2872150
20240116,10:59:01,2.3,2100,2872150
20240116,10:59:03,2.35,150,2872150
20240116,10:59:04,2.3,5200,2872150
20240116,10:59:06,2.3,50,2872150
20240116,10:59:15,2.3,1000,2872150
20240116,10:59:16,2.3,2400,2872150
20240116,10:59:17,2.3,500,2872150
20240116,10:59:18,2.3,2200,2872150
20240116,10:59:20,2.3,5950,2872150
20240116,10:59:21,2.3,3600,2872150
20240116,10:59:22,2.3,2300,2872150
20240116,10:59:25,2.3,550,2872150
20240116,10:59:26,2.3,50,2872150
20240116,10:59:30,2.3,3900,2872150
20240116,10:59:31,2.3,400,2872150
20240116,10:59:34,2.3,350,2872150
20240116,10:59:45,2.25,300,2862950
20240116,10:59:50,2.3,900,2862950
20240116,10:59:51,2.3,2900,2862950
20240116,11:00:01,2.3,1150,2862950
20240116,11:00:02,2.3,1850,2862950
20240116,11:00:07,2.3,50,2862950
20240116,11:00:10,2.25,1250,2862950
20240116,11:00:22,2.3,500,2862950
20240116,11:00:27,2.3,1450,2862950
20240116,11:00:28,2.3,1150,2862950
20240116,11:00:30,2.3,250,2862950
20240116,11:00:32,2.3,50,2862950
20240116,11:00:34,2.3,50,2862950
20240116,11:00:36,2.3,1800,2862950
20240116,11:00:49,2.3,500,2862950
20240116,11:00:56,2.3,100,2862950
20240116,11:00:58,2.3,1850,2862950
20240116,11:01:00,2.3,1000,2862950
20240116,11:01:01,2.3,50,2862950
20240116,11:01:02,2.3,1500,2862950
20240116,11:01:03,2.3,1800,2862950
20240116,11:01:04,2.3,5450,2862950
20240116,11:01:06,2.3,250,2862950
20240116,11:01:12,2.3,3800,2862950
20240116,11:01:20,2.25,50,2862950
20240116,11:01:22,2.25,100,2862950
20240116,11:01:23,2.3,2000,2862950
20240116,11:01:24,2.25,100,2862950
20240116,11:01:27,2.25,100,2862950
20240116,11:01:28,2.3,1800,2862950
20240116,11:01:29,2.3,4700,2862950
20240116,11:01:30,2.25,50,2862950
20240116,11:01:34,2.25,100,2862950
20240116,11:01:37,2.25,200,2862950
20240116,11:01:38,2.25,200,2862950
20240116,11:01:40,2.25,200,2862950
20240116,11:01:41,2.3,600,2862950
20240116,11:01:42,2.25,200,2862950
20240116,11:01:47,2.25,100,2862950
20240116,11:01:51,2.25,100,2862950
20240116,11:02:08,2.25,50,2862950
20240116,11:02:09,2.3,1800,2862950
20240116,11:02:11,2.3,2000,2862950
20240116,11:02:16,2.25,50,2862950
20240116,11:02:19,2.25,100,2862950
20240116,11:02:21,2.3,1000,2862950
20240116,11:02:22,2.3,1050,2862950
20240116,11:02:23,2.3,1150,2862950
20240116,11:02:24,2.3,2800,2862950
20240116,11:02:25,2.3,1600,2862950
20240116,11:02:26,2.3,4050,2862950
20240116,11:02:29,2.3,1500,2862950
20240116,11:02:30,2.3,1000,2862950
20240116,11:02:31,2.3,2050,2862950
20240116,11:02:32,2.3,6400,2862950
20240116,11:02:42,2.3,50,2862950
20240116,11:02:43,2.3,50,2862950
20240116,11:02:50,2.35,1800,2849350
20240116,11:02:51,2.35,1800,2849350
20240116,11:02:52,2.3,1000,2849350
20240116,11:02:59,2.3,1050,2849350
20240116,11:03:00,2.35,2000,2849350
20240116,11:03:01,2.3,50,2849350
20240116,11:03:03,2.3,100,2849350
20240116,11:03:06,2.35,2700,2849350
20240116,11:03:14,2.3,500,2849350
20240116,11:03:15,2.3,500,2849350
20240116,11:03:21,2.35,2000,2849350
20240116,11:03:24,2.3,100,2849350
20240116,11:03:25,2.3,50,2849350
20240116,11:03:27,2.3,1800,2849350
20240116,11:03:29,2.3,50,2849350
20240116,11:03:45,2.3,1800,2849350
20240116,11:03:47,2.3,200,2849350
20240116,11:04:04,2.3,500,2849350
20240116,11:04:11,2.3,6500,2849350
20240116,11:04:37,2.3,350,2849350
20240116,11:04:37,2.3,500,2849350
20240116,11:04:38,2.3,4100,2849350
20240116,11:04:39,2.3,4200,2849350
20240116,11:04:40,2.3,3250,2849350
20240116,11:04:44,2.3,2000,2849350
20240116,11:04:48,2.3,100,2849350
20240116,11:04:53,2.3,300,2849350
20240116,11:05:03,2.3,100,2849350
20240116,11:05:13,2.35,1800,2849350
20240116,11:05:14,2.3,1600,2849350
20240116,11:05:19,2.3,4800,2849350
20240116,11:05:24,2.3,1800,2849350
20240116,11:05:30,2.3,1800,2849350
20240116,11:05:33,2.3,450,2849350
20240116,11:05:54,2.3,6000,2838300
20240116,11:06:18,2.3,900,2838300
20240116,11:06:22,2.3,300,2838300
20240116,11:06:26,2.35,3600,2838300
20240116,11:06:26,2.35,7200,2838300
20240116,11:06:27,2.35,3200,2838300
20240116,11:06:28,2.3,200,2838300
20240116,11:06:53,2.3,1500,2838300
20240116,11:06:53,2.3,3000,2838300
20240116,11:06:59,2.3,100,2838300
20240116,11:07:00,2.3,150,2838300
20240116,11:07:04,2.3,250,2838300
20240116,11:07:09,2.3,1800,2838300
20240116,11:07:28,2.35,100,2838300
20240116,11:07:33,2.3,350,2838300
20240116,11:07:37,2.3,300,2838300
20240116,11:07:39,2.35,300,2838300
20240116,11:07:47,2.3,400,2838300
20240116,11:07:51,2.3,650,2838300
20240116,11:07:57,2.3,3300,2838300
20240116,11:07:59,2.3,3000,2838300
20240116,11:08:01,2.3,600,2838300
20240116,11:08:01,2.3,1800,2838300
20240116,11:08:02,2.3,1800,2838300
20240116,11:08:03,2.3,150,2838300
20240116,11:08:04,2.3,4000,2838300
20240116,11:08:05,2.3,3200,2838300
20240116,11:08:08,2.3,3250,2838300
20240116,11:08:09,2.3,600,2838300
20240116,11:08:11,2.35,1150,2838300
20240116,11:08:29,2.3,1000,2838300
20240116,11:08:41,2.3,1700,2838300
20240116,11:08:46,2.35,5000,2838300
20240116,11:08:47,2.3,1700,2825300
20240116,11:08:54,2.3,500,2825300
20240116,11:08:58,2.3,50,2825300
20240116,11:08:59,2.3,50,2825300
20240116,11:09:00,2.3,50,2825300
20240116,11:09:01,2.3,50,2825300
20240116,11:09:02,2.3,50,2825300
20240116,11:09:03,2.3,100,2825300
20240116,11:09:04,2.3,100,2825300
20240116,11:09:05,2.35,3350,2825300
20240116,11:09:31,2.35,1500,2825300
20240116,11:09:32,2.35,2000,2825300
20240116,11:09:33,2.3,2700,2825300
20240116,11:09:34,2.35,1500,2825300
20240116,11:09:35,2.3,50,2825300
20240116,11:09:40,2.3,1500,2825300
20240116,11:09:41,2.3,1500,2825300
20240116,11:09:46,2.35,1800,2825300
20240116,11:09:47,2.35,2000,2825300
20240116,11:09:48,2.35,1800,2825300
20240116,11:09:49,2.35,1850,2825300
20240116,11:09:50,2.3,1850,2825300
20240116,11:09:51,2.35,200,2825300
20240116,11:09:52,2.3,50,2825300
20240116,11:09:54,2.35,200,2825300
20240116,11:09:55,2.35,1500,2825300
20240116,11:09:57,2.35,1800,2825300
20240116,11:09:59,2.35,5250,2825300
20240116,11:10:01,2.3,50,2825300
20240116,11:10:26,2.3,1500,2825300
20240116,11:10:32,2.3,1000,2825300
20240116,11:10:51,2.35,50,2825300
20240116,11:10:59,2.35,50,2825300
20240116,11:11:24,2.35,1500,2825300
20240116,11:11:25,2.35,200,2825300
20240116,11:11:38,2.35,200,2825300
20240116,11:11:47,2.3,450,2825300
20240116,11:11:48,2.3,50,2829750
20240116,11:11:50,2.3,200,2829750
20240116,11:11:57,2.35,50,2829750
20240116,11:12:01,2.35,100,2829750
20240116,11:12:03,2.3,650,2829750
20240116,11:12:08,2.3,500,2829750
20240116,11:12:09,2.3,350,2829750
20240116,11:12:10,2.3,300,2829750
20240116,11:12:12,2.3,200,2829750
20240116,11:12:20,2.3,50,2829750
20240116,11:12:21,2.3,150,2829750
20240116,11:12:22,2.3,100,2829750
20240116,11:12:23,2.3,1500,2829750
20240116,11:12:27,2.3,4600,2829750
20240116,11:12:28,2.3,1500,2829750
20240116,11:12:29,2.3,1500,2829750
20240116,11:12:30,2.3,1500,2829750
20240116,11:12:32,2.3,100,2829750
20240116,11:12:35,2.35,150,2829750
20240116,11:12:55,2.3,1800,2829750
20240116,11:12:57,2.3,500,2829750
20240116,11:12:59,2.3,500,2829750
20240116,11:13:00,2.3,500,2829750
20240116,11:13:02,2.3,1800,2829750
20240116,11:13:03,2.3,1900,2829750
20240116,11:13:04,2.3,500,2829750
20240116,11:13:05,2.3,500,2829750
20240116,11:13:08,2.3,300,2829750
20240116,11:13:12,2.3,1950,2829750
20240116,11:13:22,2.3,1000,2829750
20240116,11:13:24,2.35,50,2829750
20240116,11:13:26,2.35,50,2829750
20240116,11:13:28,2.3,3200,2829750
20240116,11:13:30,2.3,1500,2829750
20240116,11:13:31,2.3,1800,2829750
20240116,11:13:32,2.3,1800,2829750
20240116,11:13:34,2.3,1800,2829750
20240116,11:13:35,2.3,50,2829750
20240116,11:13:36,2.3,1550,2829750
20240116,11:13:37,2.3,550,2829750
20240116,11:13:38,2.3,100,2829750
20240116,11:13:39,2.3,3350,2829750
20240116,11:13:40,2.3,100,2829750
20240116,11:13:41,2.3,500,2829750
20240116,11:13:43,2.3,750,2829750
20240116,11:13:45,2.3,700,2829750
20240116,11:13:47,2.3,650,2829750
20240116,11:13:48,2.3,650,2829750
20240116,11:13:49,2.3,600,2829750
20240116,11:13:50,2.3,650,2829750
20240116,11:13:51,2.3,550,2829750
20240116,11:13:52,2.3,3800,2829750
20240116,11:13:53,2.3,450,2829750
20240116,11:13:54,2.3,450,2829750
20240116,11:13:55,2.3,650,2829750
20240116,11:13:56,2.3,400,2829750
20240116,11:13:57,2.3,900,2829750
20240116,11:13:58,2.3,350,2829750
20240116,11:13:59,2.3,350,2829750
20240116,11:14:00,2.3,2100,2829750
20240116,11:14:01,2.3,300,2829750
20240116,11:14:02,2.3,2050,2829750
20240116,11:14:03,2.25,2100,2829750
20240116,11:14:04,2.25,1100,2829750
20240116,11:14:05,2.25,250,2829750
20240116,11:14:06,2.3,300,2829750
20240116,11:14:07,2.25,200,2829750
20240116,11:14:08,2.25,200,2829750
20240116,11:14:09,2.25,200,2829750
20240116,11:14:10,2.25,200,2829750
20240116,11:14:11,2.3,200,2829750
20240116,11:14:12,2.25,150,2829750
20240116,11:14:13,2.3,600,2829750
20240116,11:14:15,2.3,500,2829750
20240116,11:14:16,2.3,150,2829750
20240116,11:14:16,2.3,200,2829750
20240116,11:14:18,2.25,500,2829750
20240116,11:14:19,2.25,300,2829750
20240116,11:14:20,2.25,300,2829750
20240116,11:14:21,2.25,1200,2829750
20240116,11:14:25,2.3,50,2829750
20240116,11:14:27,2.3,150,2829750
20240116,11:14:27,2.25,800,2829750
20240116,11:14:29,2.25,200,2829750
20240116,11:14:36,2.25,1800,2829750
20240116,11:14:37,2.25,100,2829750
20240116,11:14:38,2.25,1700,2829750
20240116,11:14:42,2.25,1200,2829750
20240116,11:14:43,2.25,50,2829750
20240116,11:14:44,2.25,200,2829750
20240116,11:14:45,2.3,250,2829750
20240116,11:14:47,2.25,300,2829000
20240116,11:14:50,2.25,950,2829000
20240116,11:14:51,2.25,1200,2829000
20240116,11:14:52,2.25,300,2829000
20240116,11:14:56,2.25,300,2829000
20240116,11:14:58,2.25,300,2829000
20240116,11:14:59,2.3,1200,2829000
20240116,11:15:02,2.25,1200,2829000
20240116,11:15:02,2.25,50,2829000
20240116,11:15:03,2.25,4850,2829000
20240116,11:15:04,2.25,9100,2829000
20240116,11:15:06,2.25,4450,2829000
20240116,11:15:08,2.25,2000,2829000
20240116,11:15:09,2.25,1150,2829000
20240116,11:15:11,2.3,450,2829000
20240116,11:15:13,2.25,2450,2829000
20240116,11:15:14,2.25,900,2829000
20240116,11:15:14,2.25,1800,2829000
20240116,11:15:15,2.25,3300,2829000
20240116,11:15:16,2.25,400,2829000
20240116,11:15:17,2.25,4450,2829000
20240116,11:15:18,2.25,3350,2829000
20240116,11:15:19,2.25,2050,2829000
20240116,11:15:20,2.25,1950,2829000
20240116,11:15:21,2.2,300,2829000
20240116,11:15:24,2.25,50,2829000
20240116,11:15:27,2.25,50,2829000
20240116,11:15:27,2.25,400,2829000
20240116,11:15:28,2.2,300,2829000
20240116,11:15:29,2.2,200,2829000
20240116,11:15:30,2.2,300,2829000
20240116,11:15:31,2.2,300,2829000
20240116,11:15:33,2.2,300,2829000
20240116,11:15:34,2.2,900,2829000
20240116,11:15:35,2.25,4350,2829000
20240116,11:15:39,2.25,50,2829000
20240116,11:15:40,2.25,100,2829000
20240116,11:15:41,2.2,900,2829000
20240116,11:15:42,2.2,400,2829000
20240116,11:15:43,2.2,900,2829000
20240116,11:15:45,2.2,50,2829000
20240116,11:15:46,2.2,950,2829000
20240116,11:15:47,2.2,350,2829000
20240116,11:15:48,2.25,50,2829000
20240116,11:15:51,2.25,900,2829000
20240116,11:15:52,2.2,150,2829000
20240116,11:15:55,2.2,900,2829000
20240116,11:15:56,2.2,300,2829000
20240116,11:15:57,2.2,1950,2829000
20240116,11:15:58,2.2,300,2829000
20240116,11:15:59,2.2,1200,2829000
20240116,11:16:00,2.2,1800,2829000
20240116,11:16:08,2.25,1250,2829000
20240116,11:16:09,2.2,1100,2829000
20240116,11:16:12,2.2,900,2829000
20240116,11:16:13,2.2,900,2829000
20240116,11:16:16,2.2,300,2829000
20240116,11:16:18,2.2,6050,2829000
20240116,11:16:19,2.2,3650,2829000
20240116,11:16:20,2.2,1800,2829000
20240116,11:16:23,2.2,4850,2829000
20240116,11:16:33,2.25,400,2829000
20240116,11:16:34,2.2,350,2829000
20240116,11:16:51,2.25,5100,2829000
20240116,11:16:52,2.25,10000,2829000
20240116,11:16:54,2.25,750,2829000
20240116,11:17:01,2.25,4700,2829000
20240116,11:17:04,2.25,250,2829000
20240116,11:17:07,2.25,3400,2829000
20240116,11:17:10,2.25,5600,2829000
20240116,11:17:16,2.25,1000,2829000
20240116,11:17:19,2.25,1000,2829000
20240116,11:17:21,2.25,1150,2829000
20240116,11:17:35,2.2,1800,2829000
20240116,11:17:36,2.2,2250,2829000
20240116,11:17:37,2.2,8100,2829000
20240116,11:17:38,2.2,3400,2829000
20240116,11:17:39,2.2,3500,2829000
20240116,11:17:40,2.2,300,2829000
20240116,11:17:42,2.2,300,2829000
20240116,11:17:44,2.25,50,2829000
20240116,11:17:50,2.2,200,2863950
20240116,11:17:55,2.2,1800,2863950
20240116,11:17:56,2.2,1550,2863950
20240116,11:17:56,2.2,500,2863950
20240116,11:18:01,2.15,100,2863950
20240116,11:18:02,2.15,1750,2863950
20240116,11:18:05,2.15,1250,2863950
20240116,11:18:09,2.15,300,2863950
20240116,11:18:09,2.15,50,2863950
20240116,11:18:13,2.15,3250,2863950
20240116,11:18:14,2.15,100,2863950
20240116,11:18:18,2.15,50,2863950
20240116,11:18:19,2.15,50,2863950
20240116,11:18:20,2.15,50,2863950
20240116,11:18:21,2.15,50,2863950
20240116,11:18:23,2.15,950,2863950
20240116,11:18:24,2.15,150,2863950
20240116,11:18:26,2.15,250,2863950
20240116,11:18:26,2.15,200,2863950
20240116,11:18:28,2.15,250,2863950
20240116,11:18:29,2.15,150,2863950
20240116,11:18:30,2.15,250,2863950
20240116,11:18:31,2.15,1850,2863950
20240116,11:18:32,2.15,150,2863950
20240116,11:18:33,2.15,1850,2863950
20240116,11:18:34,2.15,150,2863950
20240116,11:18:34,2.1,3800,2863950
20240116,11:18:35,2.1,50,2863950
20240116,11:18:36,2.1,50,2863950
20240116,11:18:37,2.1,50,2863950
20240116,11:18:38,2.1,1550,2863950
20240116,11:18:40,2.1,150,2863950
20240116,11:18:46,2.15,200,2863950
20240116,11:18:52,2.15,600,2863950
20240116,11:18:53,2.1,850,2863950
20240116,11:19:06,2.1,1200,2863950
20240116,11:19:14,2.1,250,2863950
20240116,11:19:16,2.1,1550,2863950
20240116,11:19:25,2.1,50,2863950
20240116,11:19:26,2.1,50,2863950
20240116,11:19:31,2.15,50,2863950
20240116,11:19:37,2.15,50,2863950
20240116,11:19:44,2.15,31850,2863950
20240116,11:19:45,2.15,12600,2863950
20240116,11:19:46,2.15,20150,2863950
20240116,11:19:48,2.15,900,2863950
20240116,11:19:49,2.15,500,2863950
20240116,11:19:50,2.15,500,2863950
20240116,11:19:51,2.15,150,2863950
20240116,11:19:54,2.15,750,2863950
20240116,11:20:02,2.1,150,2863950
20240116,11:20:04,2.15,200,2863950
20240116,11:20:05,2.1,50,2863950
20240116,11:20:06,2.15,50,2863950
20240116,11:20:06,2.15,150,2863950
20240116,11:20:09,2.15,3600,2863950
20240116,11:20:25,2.15,4900,2863950
20240116,11:20:34,2.1,1000,2863950
20240116,11:21:04,2.15,1900,2814400
20240116,11:21:10,2.15,1000,2814400
20240116,11:21:13,2.1,500,2814400
20240116,11:21:14,2.15,900,2814400
20240116,11:21:19,2.1,100,2814400
20240116,11:21:21,2.15,900,2814400
20240116,11:21:22,2.15,1500,2814400
20240116,11:21:23,2.15,9150,2814400
20240116,11:21:25,2.2,1950,2814400
20240116,11:21:28,2.2,900,2814400
20240116,11:21:29,2.15,50,2814400
20240116,11:21:33,2.15,550,2814400
20240116,11:21:37,2.15,1000,2814400
20240116,11:21:38,2.2,900,2814400
20240116,11:21:39,2.15,1000,2814400
20240116,11:21:40,2.2,21100,2814400
20240116,11:21:41,2.2,7500,2814400
20240116,11:21:42,2.2,7400,2814400
20240116,11:21:43,2.2,1800,2814400
20240116,11:21:44,2.2,9300,2814400
20240116,11:21:45,2.2,900,2814400
20240116,11:21:46,2.2,22700,2814400
20240116,11:21:52,2.2,1450,2814400
20240116,11:21:53,2.15,900,2814400
20240116,11:21:54,2.2,300,2814400
20240116,11:21:59,2.15,900,2814400
20240116,11:22:03,2.2,50,2814400
20240116,11:22:06,2.15,900,2814400
20240116,11:22:10,2.15,8200,2814400
20240116,11:22:12,2.15,200,2814400
20240116,11:22:16,2.15,100,2814400
20240116,11:22:17,2.2,1800,2814400
20240116,11:22:18,2.15,250,2814400
20240116,11:22:23,2.15,200,2814400
20240116,11:22:25,2.15,2850,2814400
20240116,11:22:26,2.15,50,2814400
20240116,11:22:27,2.2,5400,2814400
20240116,11:22:28,2.15,14400,2814400
20240116,11:22:29,2.2,2800,2814400
20240116,11:22:30,2.2,3700,2814400
20240116,11:22:31,2.2,2700,2814400
20240116,11:22:32,2.2,1850,2814400
20240116,11:22:33,2.2,2450,2814400
20240116,11:22:34,2.2,3850,2814400
20240116,11:22:35,2.2,2300,2814400
20240116,11:22:36,2.2,3200,2814400
20240116,11:22:37,2.2,2200,2814400
20240116,11:22:40,2.2,1300,2814400
20240116,11:22:41,2.2,950,2814400
20240116,11:22:42,2.2,2050,2814400
20240116,11:22:43,2.2,6200,2814400
20240116,11:22:45,2.2,3450,2814400
20240116,11:23:00,2.2,300,2814400
20240116,11:23:01,2.2,500,2814400
20240116,11:23:03,2.2,50,2814400
20240116,11:23:04,2.2,150,2814400
20240116,11:23:05,2.2,150,2814400
20240116,11:23:06,2.2,1000,2814400
20240116,11:23:07,2.2,500,2814400
20240116,11:23:08,2.2,500,2814400
20240116,11:23:09,2.2,1000,2814400
20240116,11:23:10,2.2,550,2814400
20240116,11:23:11,2.2,8050,2814400
20240116,11:23:13,2.2,2350,2814400
20240116,11:23:14,2.25,4550,2814400
20240116,11:23:15,2.25,1950,2814400
20240116,11:23:16,2.25,2700,2814400
20240116,11:23:17,2.25,17000,2814400
20240116,11:23:18,2.25,2850,2814400
20240116,11:23:19,2.25,1950,2814400
20240116,11:23:21,2.25,100,2814400
20240116,11:23:22,2.25,500,2814400
20240116,11:23:27,2.3,1000,2814400
20240116,11:23:33,2.25,1500,2814400
20240116,11:23:36,2.25,1500,2814400
20240116,11:23:40,2.25,800,2814400
20240116,11:23:41,2.25,250,2814400
20240116,11:23:42,2.25,2250,2814400
20240116,11:23:43,2.25,500,2814400
20240116,11:23:44,2.25,5350,2814400
20240116,11:23:45,2.25,5200,2814400
20240116,11:23:46,2.25,100,2814400
20240116,11:23:49,2.25,900,2814400
20240116,11:23:53,2.25,150,2734850
20240116,11:23:55,2.25,150,2734850
20240116,11:23:55,2.25,50,2734850
20240116,11:23:56,2.25,50,2734850
20240116,11:23:57,2.25,400,2734850
20240116,11:23:58,2.25,1550,2734850
20240116,11:24:00,2.3,2700,2734850
20240116,11:24:01,2.25,9150,2734850
20240116,11:24:02,2.3,3600,2734850
20240116,11:24:03,2.3,4200,2734850
20240116,11:24:04,2.3,1800,2734850
20240116,11:24:05,2.3,6600,2734850
20240116,11:24:06,2.3,5350,2734850
20240116,11:24:07,2.3,5700,2734850
20240116,11:24:08,2.3,5000,2734850
20240116,11:24:09,2.25,4650,2734850
20240116,11:24:10,2.25,550,2734850
20240116,11:24:12,2.3,7700,2734850
20240116,11:24:14,2.3,5950,2734850
20240116,11:24:15,2.3,12600,2734850
20240116,11:24:16,2.25,150,2734850
20240116,11:24:21,2.3,2800,2734850
20240116,11:24:22,2.3,1800,2734850
20240116,11:24:23,2.3,10600,2734850
20240116,11:24:24,2.3,2700,2734850
20240116,11:24:25,2.3,3500,2734850
20240116,11:24:26,2.3,50,2734850
20240116,11:24:27,2.3,1500,2734850
20240116,11:24:29,2.3,900,2734850
20240116,11:24:31,2.3,900,2734850
20240116,11:24:35,2.3,11100,2734850
20240116,11:24:36,2.3,3350,2734850
20240116,11:24:37,2.3,3050,2734850
20240116,11:24:38,2.3,8100,2734850
20240116,11:24:39,2.3,800,2734850
20240116,11:24:40,2.3,2350,2734850
20240116,11:24:41,2.3,1800,2734850
20240116,11:24:42,2.3,50,2734850
20240116,11:24:43,2.3,2250,2734850
20240116,11:24:48,2.25,350,2734850
20240116,11:24:52,2.25,3250,2734850
20240116,11:24:56,2.25,500,2734850
20240116,11:24:57,2.3,200,2734850
20240116,11:24:59,2.25,200,2734850
20240116,11:25:09,2.25,100,2734850
20240116,11:25:14,2.25,150,2734850
20240116,11:25:20,2.25,1500,2734850
20240116,11:25:21,2.25,1500,2734850
20240116,11:25:25,2.25,500,2734850
20240116,11:25:26,2.25,50,2734850
20240116,11:25:27,2.25,150,2734850
20240116,11:25:28,2.25,200,2734850
20240116,11:25:30,2.25,50,2734850
20240116,11:25:31,2.25,50,2734850
20240116,11:25:33,2.25,50,2734850
20240116,11:25:41,2.25,1000,2734850
20240116,11:25:50,2.3,500,2734850
20240116,11:26:00,2.25,1900,2734850
20240116,11:26:01,2.25,1800,2734850
20240116,11:26:02,2.25,100,2734850
20240116,11:26:03,2.25,1800,2734850
20240116,11:26:04,2.3,2050,2734850
20240116,11:26:05,2.3,250,2734850
20240116,11:26:06,2.3,2050,2734850
20240116,11:26:07,2.25,1800,2734850
20240116,11:26:08,2.25,1800,2734850
20240116,11:26:10,2.25,1800,2734850
20240116,11:26:11,2.3,250,2734850
20240116,11:26:11,2.25,3000,2734850
20240116,11:26:13,2.3,250,2734850
20240116,11:26:14,2.25,1800,2734850
20240116,11:26:15,2.25,2450,2734850
20240116,11:26:16,2.25,9650,2734850
20240116,11:26:17,2.25,1800,2734850
20240116,11:26:18,2.25,3050,2734850
20240116,11:26:21,2.25,2300,2734850
20240116,11:26:25,2.25,100,2734850
20240116,11:26:26,2.25,2700,2734850
20240116,11:26:27,2.25,1800,2734850
20240116,11:26:28,2.25,1150,2734850
20240116,11:26:29,2.25,7700,2734850
20240116,11:26:30,2.25,3000,2734850
20240116,11:26:31,2.25,5400,2734850
20240116,11:26:32,2.2,1800,2734850
20240116,11:26:33,2.2,1850,2734850
20240116,11:26:34,2.25,4300,2734850
20240116,11:26:35,2.2,2300,2734850
20240116,11:26:37,2.2,1800,2734850
20240116,11:26:39,2.2,1800,2734850
20240116,11:26:40,2.2,1800,2734850
20240116,11:26:41,2.2,2550,2734850
20240116,11:26:42,2.2,1850,2734850
20240116,11:26:45,2.2,1800,2734850
20240116,11:26:46,2.2,1800,2734850
20240116,11:26:48,2.2,2000,2734850
20240116,11:26:54,2.2,300,2726200
20240116,11:26:56,2.2,1800,2726200
20240116,11:27:00,2.2,8550,2726200
20240116,11:27:06,2.2,2150,2726200
20240116,11:27:07,2.2,3200,2726200
20240116,11:27:07,2.2,900,2726200
20240116,11:27:09,2.15,150,2726200
20240116,11:27:14,2.15,7500,2726200
20240116,11:27:15,2.15,4100,2726200
20240116,11:27:25,2.15,50,2726200
20240116,11:27:32,2.15,250,2726200
20240116,11:27:33,2.15,500,2726200
20240116,11:27:35,2.15,250,2726200
20240116,11:27:39,2.15,250,2726200
20240116,11:27:41,2.15,1800,2726200
20240116,11:27:43,2.15,1800,2726200
20240116,11:27:44,2.15,1800,2726200
20240116,11:27:46,2.15,1800,2726200
20240116,11:27:46,2.15,6100,2726200
20240116,11:27:47,2.15,350,2726200
20240116,11:27:50,2.15,3300,2726200
20240116,11:27:51,2.1,1800,2726200
20240116,11:27:52,2.1,1800,2726200
20240116,11:27:53,2.1,1800,2726200
20240116,11:27:54,2.1,1800,2726200
20240116,11:27:55,2.1,1800,2726200
20240116,11:27:57,2.1,1800,2726200
20240116,11:28:00,2.1,1800,2726200
20240116,11:28:02,2.1,100,2726200
20240116,11:28:04,2.1,2700,2726200
20240116,11:28:05,2.1,1800,2726200
20240116,11:28:12,2.1,600,2726200
20240116,11:28:13,2.1,2700,2726200
20240116,11:28:21,2.1,150,2726200
20240116,11:28:22,2.1,300,2726200
20240116,11:28:25,2.1,100,2726200
20240116,11:28:28,2.1,1000,2726200
20240116,11:28:30,2.1,300,2726200
20240116,11:28:36,2.15,100,2726200
20240116,11:28:39,2.1,100,2726200
20240116,11:28:42,2.1,500,2726200
20240116,11:28:43,2.1,50,2726200
20240116,11:28:55,2.1,500,2726200
20240116,11:29:12,2.15,50,2726200
20240116,11:29:13,2.1,18100,2726200
20240116,11:29:14,2.1,350,2726200
20240116,11:29:18,2.1,1800,2726200
20240116,11:29:19,2.1,1950,2726200
20240116,11:29:20,2.1,1800,2726200
20240116,11:29:22,2.1,4150,2726200
20240116,11:29:23,2.1,2300,2726200
20240116,11:29:24,2.1,1800,2726200
20240116,11:29:25,2.1,3300,2726200
20240116,11:29:26,2.1,5150,2726200
20240116,11:29:29,2.1,3600,2726200
20240116,11:29:30,2.1,1800,2726200
20240116,11:29:31,2.1,100,2726200
20240116,11:29:31,2.1,2700,2726200
20240116,11:29:33,2.1,200,2726200
20240116,11:29:39,2.1,3700,2726200
20240116,11:29:42,2.1,100,2726200
20240116,11:29:49,2.1,4100,2777100
20240116,11:29:53,2.1,2500,2777100
20240116,11:30:07,2.05,250,2777100
20240116,11:30:09,2.15,250,2777100
20240116,11:30:10,2.15,250,2777100
20240116,11:30:12,2.1,4200,2777100
20240116,11:30:13,2.05,100,2777100
20240116,11:30:15,2.1,100,2777100
20240116,11:30:16,2.15,10800,2777100
20240116,11:30:19,2.15,950,2777100
20240116,11:30:20,2.15,900,2777100
20240116,11:30:20,2.15,9900,2777100
20240116,11:30:22,2.15,8150,2777100
20240116,11:30:23,2.15,8100,2777100
20240116,11:30:24,2.15,6400,2777100
20240116,11:30:25,2.1,2800,2777100
20240116,11:30:25,2.15,3150,2777100
20240116,11:30:39,2.15,1600,2777100
20240116,11:30:45,2.15,9000,2777100
20240116,11:30:48,2.15,250,2777100
20240116,11:30:50,2.1,500,2777100
20240116,11:30:51,2.15,250,2777100
20240116,11:30:52,2.1,250,2777100
20240116,11:30:53,2.1,500,2777100
20240116,11:30:54,2.15,250,2777100
20240116,11:30:55,2.1,750,2777100
20240116,11:30:56,2.15,750,2777100
20240116,11:30:56,2.15,500,2777100
20240116,11:31:24,2.1,500,2777100
20240116,11:31:28,2.1,350,2777100
20240116,11:31:47,2.1,400,2777100
20240116,11:32:13,2.15,500,2777100
20240116,11:32:14,2.15,1800,2777100
20240116,11:32:17,2.15,600,2777100
20240116,11:32:18,2.1,1000,2777100
20240116,11:32:19,2.1,650,2777100
20240116,11:32:20,2.1,50,2777100
20240116,11:32:23,2.15,1500,2777100
20240116,11:32:25,2.1,400,2777100
20240116,11:32:27,2.15,1800,2777100
20240116,11:32:47,2.15,6200,2777100
20240116,11:32:48,2.1,700,2777100
20240116,11:32:50,2.1,400,2728300
20240116,11:33:08,2.15,500,2728300
20240116,11:33:35,2.1,50,2728300
20240116,11:33:54,2.15,1500,2728300
20240116,11:34:05,2.15,500,2728300
20240116,11:34:14,2.15,50,2728300
20240116,11:34:19,2.1,2000,2728300
20240116,11:34:26,2.1,50,2728300
20240116,11:34:41,2.1,50,2728300
20240116,11:34:54,2.1,200,2728300
20240116,11:34:59,2.1,100,2728300
20240116,11:35:17,2.15,250,2728300
20240116,11:35:20,2.15,450,2728300
20240116,11:35:29,2.1,250,2728300
20240116,11:35:40,2.1,100,2728300
20240116,11:36:11,2.1,200,2728300
20240116,11:36:30,2.1,1250,2727450
20240116,11:36:39,2.15,1200,2727450
20240116,11:36:45,2.15,1000,2727450
20240116,11:37:08,2.15,950,2727450
20240116,11:37:08,2.15,400,2727450
20240116,11:37:09,2.15,1750,2727450
20240116,11:37:10,2.15,2900,2727450
20240116,11:37:12,2.15,1500,2727450
20240116,11:37:17,2.15,250,2727450
20240116,11:37:18,2.15,400,2727450
20240116,11:37:20,2.15,7800,2727450
20240116,11:37:22,2.15,2000,2727450
20240116,11:37:22,2.15,1750,2727450
20240116,11:37:29,2.15,500,2727450
20240116,11:37:30,2.15,50,2727450
20240116,11:37:41,2.15,500,2727450
20240116,11:37:58,2.15,500,2727450
20240116,11:38:03,2.15,250,2727450
20240116,11:38:04,2.15,100,2727450
20240116,11:38:10,2.15,50,2727450
20240116,11:38:17,2.15,100,2727450
20240116,11:38:22,2.15,350,2727450
20240116,11:38:32,2.2,1500,2727450
20240116,11:38:33,2.2,600,2727450
20240116,11:38:54,2.15,800,2725400
20240116,11:38:55,2.15,600,2725400
20240116,11:39:15,2.15,450,2725400
20240116,11:39:16,2.15,350,2725400
20240116,11:39:19,2.15,250,2725400
20240116,11:39:22,2.2,3400,2725400
20240116,11:39:23,2.2,2550,2725400
20240116,11:39:24,2.15,150,2725400
20240116,11:39:29,2.2,1000,2725400
20240116,11:39:33,2.15,200,2725400
20240116,11:39:35,2.15,50,2725400
20240116,11:39:41,2.15,100,2725400
20240116,11:39:42,2.15,50,2725400
20240116,11:39:53,2.15,5000,2725400
20240116,11:39:54,2.15,100,2725400
20240116,11:40:08,2.15,50,2725400
20240116,11:40:34,2.2,500,2725400
20240116,11:41:14,2.2,50,2725400
20240116,11:41:24,2.2,1600,2725400
20240116,11:41:41,2.15,150,2725400
20240116,11:42:00,2.15,750,2725400
20240116,11:42:02,2.15,1000,2713100
20240116,11:42:03,2.15,1700,2713100
20240116,11:42:04,2.15,2200,2713100
20240116,11:42:09,2.15,6300,2713100
20240116,11:42:14,2.15,100,2713100
20240116,11:42:16,2.15,1150,2713100
20240116,11:42:24,2.2,250,2713100
20240116,11:42:34,2.15,150,2713100
20240116,11:43:00,2.15,150,2713100
20240116,11:43:08,2.15,100,2713100
20240116,11:43:25,2.2,50,2713100
20240116,11:43:29,2.15,5000,2713100
20240116,11:43:30,2.15,1000,2713100
20240116,11:43:36,2.15,1050,2713100
20240116,11:43:49,2.15,450,2713100
20240116,11:43:53,2.15,500,2713100
20240116,11:43:56,2.2,1800,2713100
20240116,11:44:01,2.15,700,2713100
20240116,11:44:02,2.15,300,2713100
20240116,11:44:04,2.15,50,2713100
20240116,11:44:07,2.15,1000,2713100
20240116,11:44:18,2.15,200,2713100
20240116,11:44:21,2.15,1000,2713100
20240116,11:44:22,2.15,2800,2713100
20240116,11:44:36,2.15,350,2713100
20240116,11:44:48,2.2,1000,2713100
20240116,11:44:53,2.15,1000,2694750
20240116,11:44:59,2.2,300,2694750
20240116,11:45:04,2.2,50,2694750
20240116,11:45:05,2.2,1000,2694750
20240116,11:45:09,2.15,100,2694750
20240116,11:45:12,2.2,1000,2694750
20240116,11:45:19,2.2,1000,2694750
20240116,11:45:22,2.2,50,2694750
20240116,11:45:37,2.15,1000,2694750
20240116,11:45:39,2.15,300,2694750
20240116,11:45:43,2.15,1000,2694750
20240116,11:45:48,2.15,1000,2694750
20240116,11:46:00,2.15,1900,2694750
20240116,11:46:01,2.15,900,2694750
20240116,11:46:02,2.2,1000,2694750
20240116,11:46:07,2.15,1800,2694750
20240116,11:46:08,2.15,3000,2694750
20240116,11:46:09,2.15,2800,2694750
20240116,11:46:12,2.15,5400,2694750
20240116,11:46:14,2.15,550,2694750
20240116,11:46:15,2.15,50,2694750
20240116,11:46:16,2.15,1000,2694750
20240116,11:46:19,2.15,50,2694750
20240116,11:46:20,2.1,50,2694750
20240116,11:46:21,2.1,100,2694750
20240116,11:46:22,2.1,900,2694750
20240116,11:46:28,2.1,1200,2694750
20240116,11:46:34,2.15,500,2694750
20240116,11:46:36,2.1,250,2694750
20240116,11:46:37,2.1,1000,2694750
20240116,11:46:41,2.1,1250,2694750
20240116,11:46:51,2.15,600,2694750
20240116,11:47:07,2.1,100,2694750
20240116,11:47:08,2.15,3200,2694750
20240116,11:47:13,2.15,600,2694750
20240116,11:47:20,2.15,50,2694750
20240116,11:47:24,2.1,500,2694750
20240116,11:47:25,2.15,1000,2694750
20240116,11:47:27,2.1,600,2694750
20240116,11:47:31,2.15,1000,2694750
20240116,11:47:35,2.1,50,2694750
20240116,11:47:38,2.15,1000,2694750
20240116,11:47:45,2.1,1000,2694750
20240116,11:47:52,2.1,1000,2704700
20240116,11:47:52,2.1,9550,2704700
20240116,11:47:55,2.1,2300,2704700
20240116,11:48:00,2.05,1000,2704700
20240116,11:48:10,2.1,250,2704700
20240116,11:48:22,2.15,1000,2704700
20240116,11:48:25,2.15,1000,2704700
20240116,11:48:29,2.1,1000,2704700
20240116,11:48:31,2.1,100,2704700
20240116,11:48:33,2.1,100,2704700
20240116,11:48:37,2.15,500,2704700
20240116,11:48:58,2.15,1000,2704700
20240116,11:49:05,2.15,1000,2704700
20240116,11:49:14,2.15,1000,2704700
20240116,11:49:21,2.1,1000,2704700
20240116,11:49:28,2.1,1000,2704700
20240116,11:49:33,2.1,1000,2704700
20240116,11:49:59,2.1,350,2704700
20240116,11:50:03,2.1,9000,2704700
20240116,11:50:05,2.15,1000,2704700
20240116,11:50:07,2.15,500,2704700
20240116,11:50:08,2.15,500,2704700
20240116,11:50:25,2.1,500,2704700
20240116,11:51:50,2.15,100,2708800
20240116,11:51:57,2.15,1800,2708800
20240116,11:52:25,2.1,1000,2708800
20240116,11:52:27,2.1,1000,2708800
20240116,11:52:28,2.1,1000,2708800
20240116,11:52:30,2.1,1000,2708800
20240116,11:52:32,2.1,1000,2708800
20240116,11:52:46,2.1,50,2708800
20240116,11:52:48,2.1,50,2708800
20240116,11:53:03,2.15,500,2708800
20240116,11:53:16,2.15,50,2708800
20240116,11:53:52,2.15,3600,2708800
20240116,11:53:53,2.15,650,2708650
20240116,11:54:11,2.1,1800,2708650
20240116,11:54:49,2.1,50,2708650
20240116,11:55:04,2.15,1800,2708650
20240116,11:55:40,2.1,200,2708650
20240116,11:56:01,2.1,50,2708650
20240116,11:56:46,2.1,1100,2708650
20240116,11:57:09,2.1,50,2703250
20240116,11:57:38,2.15,1800,2703250
20240116,11:57:39,2.15,1800,2703250
20240116,11:57:40,2.15,1800,2703250
20240116,11:57:41,2.15,1800,2703250
20240116,11:57:46,2.15,50,2703250
20240116,11:58:29,2.15,50,2703250
20240116,11:58:41,2.1,900,2703250
20240116,11:58:48,2.1,400,2703250
20240116,11:59:20,2.15,150,2703250
20240116,12:00:10,2.1,50,2703250
20240116,12:00:27,2.15,2000,2705650
20240116,12:00:46,2.15,50,2705650
20240116,12:01:32,2.15,1800,2705650
20240116,12:01:43,2.15,100,2705650
20240116,12:01:49,2.1,100,2705650
20240116,12:02:22,2.1,100,2705650
20240116,12:02:31,2.15,50,2705650
20240116,12:03:08,2.15,1800,2703050
20240116,12:03:44,2.1,400,2703050
20240116,12:04:08,2.1,1800,2703050
20240116,12:04:11,2.1,400,2703050
20240116,12:04:20,2.1,1200,2703050
20240116,12:04:36,2.1,1800,2703050
20240116,12:04:37,2.1,1800,2703050
20240116,12:04:38,2.1,1200,2703050
20240116,12:04:40,2.1,500,2703050
20240116,12:04:50,2.15,900,2703050
20240116,12:04:55,2.1,1800,2703050
20240116,12:04:56,2.1,1600,2703050
20240116,12:05:01,2.1,1700,2703050
20240116,12:05:03,2.1,500,2703050
20240116,12:05:04,2.1,200,2703050
20240116,12:05:05,2.1,150,2703050
20240116,12:05:06,2.1,150,2703050
20240116,12:05:07,2.1,150,2703050
20240116,12:05:08,2.1,200,2703050
20240116,12:05:09,2.1,100,2703050
20240116,12:05:10,2.1,50,2703050
20240116,12:05:11,2.1,1500,2703050
20240116,12:05:13,2.1,1500,2703050
20240116,12:05:27,2.1,15150,2703050
20240116,12:05:31,2.1,3500,2703050
20240116,12:06:26,2.1,1000,2703050
20240116,12:06:26,2.1,1000,2696950
20240116,12:06:29,2.1,1000,2696950
20240116,12:06:30,2.05,2600,2696950
20240116,12:06:36,2.05,600,2696950
20240116,12:06:43,2.05,1600,2696950
20240116,12:06:47,2.05,250,2696950
20240116,12:06:49,2.05,1800,2696950
20240116,12:06:51,2.05,1800,2696950
20240116,12:06:53,2.05,1800,2696950
20240116,12:06:56,2.05,1200,2696950
20240116,12:06:57,2.05,500,2696950
20240116,12:07:03,2.05,1550,2696950
20240116,12:07:04,2.05,50,2696950
20240116,12:07:05,2.05,1500,2696950
20240116,12:07:06,2.05,50,2696950
20240116,12:07:07,2.05,350,2696950
20240116,12:07:21,2.05,1500,2696950
20240116,12:07:23,2.05,100,2696950
20240116,12:07:25,2.05,50,2696950
20240116,12:07:27,2.05,50,2696950
20240116,12:07:28,2.05,50,2696950
20240116,12:07:31,2.05,1600,2696950
20240116,12:07:35,2.05,1800,2696950
20240116,12:07:37,2.05,200,2696950
20240116,12:07:39,2.05,50,2696950
20240116,12:07:47,2.05,250,2696950
20240116,12:07:49,2.05,200,2696950
20240116,12:07:51,2.05,100,2696950
20240116,12:07:52,2.1,900,2696950
20240116,12:08:05,2.05,50,2696950
20240116,12:08:13,2.1,1000,2696950
20240116,12:08:14,2.05,400,2696950
20240116,12:08:16,2.05,1000,2696950
20240116,12:08:17,2.05,1600,2696950
20240116,12:08:18,2.1,50,2696950
20240116,12:08:19,2.05,600,2696950
20240116,12:08:20,2.05,50,2696950
20240116,12:08:21,2.05,50,2696950
20240116,12:08:22,2.05,150,2696950
20240116,12:08:23,2.05,1750,2696950
20240116,12:08:24,2.05,100,2696950
20240116,12:08:26,2.05,100,2696950
20240116,12:08:31,2.05,1600,2696950
20240116,12:08:32,2.05,200,2696950
20240116,12:08:34,2.05,1800,2696950
20240116,12:08:36,2.05,200,2696950
20240116,12:08:38,2.05,1800,2696950
20240116,12:08:53,2.05,50,2696950
20240116,12:09:00,2.05,1500,2711600
20240116,12:09:02,2.05,150,2711600
20240116,12:09:05,2.1,150,2711600
20240116,12:09:06,2.05,1000,2711600
20240116,12:09:08,2.05,200,2711600
20240116,12:09:09,2.05,450,2711600
20240116,12:09:11,2.05,950,2711600
20240116,12:09:11,2.05,250,2711600
20240116,12:09:12,2.05,2750,2711600
20240116,12:09:13,2.05,2100,2711600
20240116,12:09:14,2.05,1900,2711600
20240116,12:09:18,2.05,200,2711600
20240116,12:09:20,2.05,300,2711600
20240116,12:09:22,2.05,150,2711600
20240116,12:09:23,2.05,150,2711600
20240116,12:09:43,2.05,1500,2711600
20240116,12:09:56,2.05,250,2711600
20240116,12:09:57,2.1,300,2711600
20240116,12:10:05,2.05,350,2711600
20240116,12:10:06,2.1,3700,2711600
20240116,12:10:07,2.05,700,2711600
20240116,12:10:08,2.05,750,2711600
20240116,12:10:09,2.05,3950,2711600
20240116,12:10:11,2.05,1800,2711600
20240116,12:10:17,2.05,400,2711600
20240116,12:10:18,2.05,300,2711600
20240116,12:10:20,2.0,400,2711600
20240116,12:10:25,2.0,1100,2711600
20240116,12:10:28,2.0,200,2711600
20240116,12:10:29,2.0,300,2711600
20240116,12:10:30,2.05,200,2711600
20240116,12:10:34,2.05,50,2711600
20240116,12:10:41,2.0,150,2711600
20240116,12:10:45,2.0,50,2711600
20240116,12:10:52,2.05,50,2711600
20240116,12:11:08,2.0,400,2711600
20240116,12:11:14,2.0,150,2711600
20240116,12:11:19,2.0,800,2711600
20240116,12:11:21,2.05,50,2711600
20240116,12:11:22,2.0,100,2711600
20240116,12:11:23,1.95,4100,2711600
20240116,12:11:25,1.95,500,2711600
20240116,12:11:25,1.95,50,2711600
20240116,12:11:28,2.0,100,2711600
20240116,12:11:29,2.0,200,2711600
20240116,12:11:30,2.0,50,2711600
20240116,12:11:33,2.0,50,2711600
20240116,12:11:40,2.0,250,2711600
20240116,12:11:42,2.0,400,2711600
20240116,12:11:43,1.95,100,2711600
20240116,12:11:48,1.95,700,2711600
20240116,12:11:49,1.95,50,2711600
20240116,12:11:50,1.95,300,2711600
20240116,12:11:53,1.95,50,2711600
20240116,12:11:54,2.0,50,2711600
20240116,12:11:56,1.95,1000,2711600
20240116,12:12:02,1.95,2000,2704950
20240116,12:12:04,1.95,100,2704950
20240116,12:12:05,1.95,150,2704950
20240116,12:12:07,1.95,14900,2704950
20240116,12:12:08,1.9,100,2704950
20240116,12:12:10,1.95,300,2704950
20240116,12:12:11,1.95,1500,2704950
20240116,12:12:15,1.95,500,2704950
20240116,12:12:21,1.95,250,2704950
20240116,12:12:23,1.95,250,2704950
20240116,12:12:26,1.9,1800,2704950
20240116,12:12:27,1.9,1800,2704950
20240116,12:12:28,1.95,1600,2704950
20240116,12:12:39,1.9,150,2704950
20240116,12:12:40,1.9,1800,2704950
20240116,12:12:40,1.95,100,2704950
20240116,12:12:42,1.9,1800,2704950
20240116,12:12:43,1.9,50,2704950
20240116,12:12:44,1.95,100,2704950
20240116,12:13:10,1.9,100,2704950
20240116,12:13:26,1.95,500,2704950
20240116,12:13:40,1.95,1800,2704950
20240116,12:14:02,1.9,100,2704950
20240116,12:14:11,1.95,18200,2704950
20240116,12:14:30,1.95,1800,2704950
20240116,12:14:44,1.9,1800,2704950
20240116,12:15:10,1.95,1000,2700100
20240116,12:15:12,1.95,50,2700100
20240116,12:15:18,1.95,200,2700100
20240116,12:15:24,1.95,12150,2700100
20240116,12:15:25,1.95,100,2700100
20240116,12:15:29,1.95,800,2700100
20240116,12:15:33,1.95,1050,2700100
20240116,12:15:37,1.95,100,2700100
20240116,12:15:47,1.95,150,2700100
20240116,12:15:53,1.95,1800,2700100
20240116,12:15:54,1.95,200,2700100
20240116,12:16:24,1.95,6300,2700100
20240116,12:16:46,1.95,1800,2700100
20240116,12:16:49,1.95,3600,2700100
20240116,12:16:58,1.95,1800,2700100
20240116,12:17:01,1.95,1800,2700100
20240116,12:17:04,1.95,200,2700100
20240116,12:17:19,1.95,20500,2700100
20240116,12:17:23,1.95,2200,2700100
20240116,12:17:29,1.95,1800,2700100
20240116,12:17:30,1.95,1800,2700100
20240116,12:17:32,1.95,1800,2700100
20240116,12:17:33,1.95,600,2700100
20240116,12:17:43,1.95,2950,2700100
20240116,12:17:49,1.9,50,2700100
20240116,12:17:50,1.9,200,2700100
20240116,12:17:53,1.9,200,2700100
20240116,12:18:14,1.95,3600,2700100
20240116,12:18:15,1.95,200,2693650
20240116,12:18:22,1.9,150,2693650
20240116,12:18:29,1.9,1200,2693650
20240116,12:18:31,1.9,150,2693650
20240116,12:18:36,1.9,150,2693650
20240116,12:18:38,1.95,300,2693650
20240116,12:18:49,1.95,600,2693650
20240116,12:18:51,1.95,1000,2693650
20240116,12:19:07,1.95,250,2693650
20240116,12:19:15,1.95,300,2693650
20240116,12:19:37,1.95,250,2693650
20240116,12:19:40,1.95,50,2693650
20240116,12:19:51,1.95,100,2693650
20240116,12:19:57,1.9,450,2693650
20240116,12:20:00,1.9,1000,2693650
20240116,12:20:04,1.9,50,2693650
20240116,12:20:09,1.9,1000,2693650
20240116,12:20:11,1.9,1500,2693650
20240116,12:20:22,1.95,50,2693650
20240116,12:20:30,1.95,200,2693650
20240116,12:20:34,1.95,50,2693650
20240116,12:20:35,1.9,1200,2693650
20240116,12:20:46,1.9,1450,2693650
20240116,12:20:48,1.9,150,2693650
20240116,12:20:54,1.9,1500,2693650
20240116,12:20:56,1.9,250,2693650
20240116,12:20:57,1.9,400,2684850
20240116,12:20:58,1.9,1500,2684850
20240116,12:20:59,1.9,250,2684850
20240116,12:21:01,1.9,1500,2684850
20240116,12:21:08,1.9,1000,2684850
20240116,12:21:11,1.9,800,2684850
20240116,12:21:13,1.9,1800,2684850
20240116,12:21:27,1.9,1800,2684850
20240116,12:21:28,1.9,3600,2684850
20240116,12:21:29,1.9,1800,2684850
20240116,12:21:30,1.9,4300,2684850
20240116,12:21:31,1.9,1800,2684850
20240116,12:21:32,1.9,3600,2684850
20240116,12:21:33,1.9,1800,2684850
20240116,12:21:37,1.95,50,2684850
20240116,12:21:38,1.9,1800,2684850
20240116,12:21:39,1.9,700,2684850
20240116,12:21:40,1.9,250,2684850
20240116,12:21:41,1.9,250,2684850
20240116,12:21:48,1.9,700,2684850
20240116,12:21:50,1.9,1800,2684850
20240116,12:21:51,1.9,3600,2684850
20240116,12:21:52,1.9,1800,2684850
20240116,12:21:53,1.9,6650,2684850
20240116,12:22:03,1.85,1800,2684850
20240116,12:22:05,1.85,1800,2684850
20240116,12:22:23,1.85,900,2684850
20240116,12:22:29,1.9,50,2684850
20240116,12:22:34,1.9,50,2684850
20240116,12:22:44,1.85,100,2684850
20240116,12:22:45,1.9,400,2684850
20240116,12:22:46,1.9,1800,2684850
20240116,12:22:47,1.9,300,2684850
20240116,12:22:53,1.85,500,2684850
20240116,12:22:56,1.9,600,2684850
20240116,12:23:11,1.85,50,2684850
20240116,12:23:16,1.9,200,2684850
20240116,12:23:23,1.9,1800,2684850
20240116,12:23:24,1.9,3600,2684850
20240116,12:23:26,1.9,2500,2684850
20240116,12:23:27,1.9,2750,2684850
20240116,12:23:31,1.95,1800,2684850
20240116,12:23:38,1.95,100,2684850
20240116,12:23:45,1.9,900,2684850
20240116,12:23:46,1.9,100,2684850
20240116,12:23:51,1.9,50,2684850
20240116,12:23:53,1.95,50,2684850
20240116,12:24:17,1.95,250,2684850
20240116,12:24:40,1.9,1200,2712350
20240116,12:24:47,1.9,50,2712350
20240116,12:24:49,1.9,300,2712350
20240116,12:24:50,1.9,50,2712350
20240116,12:24:51,1.9,50,2712350
20240116,12:24:52,1.9,50,2712350
20240116,12:24:53,1.9,50,2712350
20240116,12:24:59,1.9,50,2712350
20240116,12:25:00,1.9,50,2712350
20240116,12:25:23,1.9,50,2712350
20240116,12:25:29,1.9,1800,2712350
20240116,12:25:30,1.9,1800,2712350
20240116,12:25:32,1.9,50,2712350
20240116,12:25:34,1.9,900,2712350
20240116,12:25:37,1.9,600,2712350
20240116,12:25:39,1.9,600,2712350
20240116,12:25:53,1.9,100,2712350
20240116,12:25:59,1.95,50,2712350
20240116,12:26:12,1.9,400,2712350
20240116,12:26:19,1.9,250,2712350
20240116,12:26:33,1.9,50,2712350
20240116,12:26:34,1.9,4600,2712350
20240116,12:26:36,1.9,950,2712350
20240116,12:26:37,1.9,950,2712350
20240116,12:26:38,1.85,300,2712350
20240116,12:26:59,1.9,1950,2716650
20240116,12:27:00,1.9,50,2716650
20240116,12:27:37,1.85,650,2716650
20240116,12:27:39,1.9,50,2716650
20240116,12:27:45,1.9,100,2716650
20240116,12:27:48,1.9,250,2716650
20240116,12:27:49,1.9,100,2716650
20240116,12:27:50,1.85,100,2716650
20240116,12:27:56,1.85,100,2716650
20240116,12:27:57,1.85,700,2716650
20240116,12:28:02,1.85,4000,2716650
20240116,12:28:06,1.9,600,2716650
20240116,12:28:09,1.85,600,2716650
20240116,12:28:20,1.9,1600,2716650
20240116,12:29:34,1.9,900,2716650
20240116,12:29:54,1.85,50,2716650
20240116,12:30:10,1.85,100,2713750
20240116,12:30:22,1.9,900,2713750
20240116,12:30:33,1.9,1550,2713750
20240116,12:30:36,1.9,900,2713750
20240116,12:30:41,1.85,100,2713750
20240116,12:30:53,1.9,250,2713750
20240116,12:30:59,1.9,1300,2713750
20240116,12:31:02,1.85,100,2713750
20240116,12:31:05,1.85,50,2713750
20240116,12:31:06,1.85,50,2713750
20240116,12:31:09,1.85,100,2713750
20240116,12:31:11,1.9,50,2713750
20240116,12:31:12,1.85,350,2713750
20240116,12:31:13,1.85,50,2713750
20240116,12:31:20,1.9,800,2713750
20240116,12:31:22,1.85,50,2713750
20240116,12:31:41,1.85,50,2713750
20240116,12:32:08,1.9,1800,2713750
20240116,12:32:36,1.85,150,2713750
20240116,12:32:37,1.85,1500,2713750
20240116,12:33:03,1.9,600,2708200
20240116,12:33:31,1.85,250,2708200
20240116,12:34:17,1.85,350,2708200
20240116,12:34:19,1.85,400,2708200
20240116,12:35:12,1.9,500,2708200
20240116,12:35:53,1.9,16250,2708200
20240116,12:35:53,1.9,9000,2708200
20240116,12:35:54,1.9,4650,2708200
20240116,12:35:56,1.9,4200,2708200
20240116,12:36:01,1.9,2500,2708200
20240116,12:36:28,1.85,150,2691550
20240116,12:36:35,1.9,1000,2691550
20240116,12:36:43,1.9,1800,2691550
20240116,12:36:44,1.9,3600,2691550
20240116,12:36:45,1.9,1200,2691550
20240116,12:36:46,1.9,1800,2691550
20240116,12:36:50,1.9,600,2691550
20240116,12:36:59,1.9,400,2691550
20240116,12:37:00,1.9,50,2691550
20240116,12:37:01,1.9,150,2691550
20240116,12:37:06,1.9,650,2691550
20240116,12:37:07,1.9,400,2691550
20240116,12:37:11,1.9,350,2691550
20240116,12:37:12,1.9,50,2691550
20240116,12:37:13,1.9,50,2691550
20240116,12:37:14,1.9,500,2691550
20240116,12:37:16,1.9,50,2691550
20240116,12:37:23,1.9,1000,2691550
20240116,12:37:24,1.9,250,2691550
20240116,12:37:40,1.9,500,2691550
20240116,12:38:09,1.9,1800,2691550
20240116,12:38:12,1.9,1800,2691550
20240116,12:38:22,1.9,1500,2691550
20240116,12:38:23,1.9,50,2691550
20240116,12:38:25,1.9,50,2691550
20240116,12:38:27,1.9,1250,2691550
20240116,12:38:28,1.9,50,2691550
20240116,12:38:44,1.9,500,2691550
20240116,12:38:45,1.9,800,2691550
20240116,12:39:01,1.9,200,2679300
20240116,12:39:17,1.9,50,2679300
20240116,12:39:20,1.9,100,2679300
20240116,12:39:25,1.95,100,2679300
20240116,12:40:00,1.9,50,2679300
20240116,12:40:35,1.95,300,2679300
20240116,12:41:38,1.95,1000,2679300
20240116,12:41:51,1.95,50,2679300
20240116,12:42:51,1.9,50,2678400
20240116,12:44:16,1.9,1800,2678400
20240116,12:44:44,1.9,1000,2678400
20240116,12:44:52,1.9,500,2678400
20240116,12:44:55,1.95,1750,2678400
20240116,12:45:53,1.9,400,2679200
20240116,12:45:55,1.9,800,2679200
20240116,12:46:11,1.9,1500,2679200
20240116,12:46:12,1.9,1550,2679200
20240116,12:46:15,1.95,50,2679200
20240116,12:46:16,1.9,1500,2679200
20240116,12:46:17,1.9,950,2679200
20240116,12:46:18,1.9,3250,2679200
20240116,12:46:19,1.9,2050,2679200
20240116,12:46:20,1.9,3500,2679200
20240116,12:47:17,1.85,150,2679200
20240116,12:47:21,1.85,1800,2679200
20240116,12:47:26,1.85,600,2679200
20240116,12:47:36,1.85,1500,2679200
20240116,12:47:38,1.85,5100,2679200
20240116,12:47:41,1.85,1800,2679200
20240116,12:47:43,1.85,1600,2679200
20240116,12:47:48,1.85,1800,2679200
20240116,12:47:50,1.85,1200,2679200
20240116,12:47:52,1.85,1200,2679200
20240116,12:47:56,1.85,1750,2679200
20240116,12:47:57,1.85,2600,2679200
20240116,12:48:28,1.8,50,2679200
20240116,12:48:49,1.8,400,2683150
20240116,12:48:52,1.8,50,2683150
20240116,12:49:04,1.8,1550,2683150
20240116,12:49:05,1.8,100,2683150
20240116,12:49:30,1.75,1800,2683150
20240116,12:49:33,1.75,3500,2683150
20240116,12:49:35,1.75,1800,2683150
20240116,12:49:37,1.75,50,2683150
20240116,12:49:41,1.7,1800,2683150
20240116,12:49:42,1.7,550,2683150
20240116,12:49:45,1.7,1800,2683150
20240116,12:49:46,1.75,450,2683150
20240116,12:49:48,1.7,1800,2683150
20240116,12:49:56,1.7,1800,2683150
20240116,12:49:59,1.7,1800,2683150
20240116,12:50:01,1.75,300,2683150
20240116,12:50:02,1.75,250,2683150
20240116,12:50:04,1.75,2050,2683150
20240116,12:50:05,1.75,1200,2683150
20240116,12:50:05,1.75,250,2683150
20240116,12:50:06,1.7,1700,2683150
20240116,12:50:07,1.75,250,2683150
20240116,12:50:10,1.7,50,2683150
20240116,12:50:10,1.75,250,2683150
20240116,12:50:28,1.75,850,2683150
20240116,12:50:34,1.75,200,2683150
20240116,12:50:43,1.75,300,2683150
20240116,12:50:49,1.75,2600,2683150
20240116,12:51:03,1.75,50,2683150
20240116,12:51:04,1.7,50,2676950
20240116,12:51:05,1.7,50,2676950
20240116,12:51:50,1.75,1000,2676950
20240116,12:51:51,1.75,1000,2676950
20240116,12:51:52,1.75,1500,2676950
20240116,12:52:14,1.7,1800,2676950
20240116,12:52:22,1.7,400,2676950
20240116,12:52:31,1.7,200,2676950
20240116,12:52:40,1.75,150,2676950
20240116,12:52:44,1.7,900,2676950
20240116,12:52:49,1.75,50,2676950
20240116,12:52:56,1.7,50,2676950
20240116,12:52:56,1.7,1800,2676950
20240116,12:53:01,1.7,50,2676950
20240116,12:53:20,1.7,1000,2676950
20240116,12:53:21,1.7,750,2676950
20240116,12:53:53,1.7,1800,2676950
20240116,12:54:19,1.7,1000,2676450
20240116,12:54:25,1.7,500,2676450
20240116,12:54:26,1.65,50,2676450
20240116,12:55:04,1.7,200,2676450
20240116,12:55:11,1.7,20350,2676450
20240116,12:55:13,1.7,250,2676450
20240116,12:55:15,1.7,250,2676450
20240116,12:55:17,1.7,500,2676450
20240116,12:55:18,1.7,250,2676450
20240116,12:55:20,1.75,650,2676450
20240116,12:55:36,1.7,650,2676450
20240116,12:55:41,1.7,1800,2676450
20240116,12:55:44,1.75,500,2676450
20240116,12:55:56,1.75,100,2676450
20240116,12:56:06,1.75,25750,2676450
20240116,12:56:23,1.7,400,2676450
20240116,12:56:24,1.7,1500,2676450
20240116,12:56:28,1.7,300,2676450
20240116,12:56:28,1.7,250,2676450
20240116,12:56:35,1.7,50,2676450
20240116,12:56:36,1.7,250,2676450
20240116,12:56:39,1.7,3050,2676450
20240116,12:56:42,1.7,7700,2676450
20240116,12:56:52,1.7,1800,2676450
20240116,12:56:53,1.7,1800,2676450
20240116,12:57:13,1.7,1550,2643350
20240116,12:57:36,1.7,300,2643350
20240116,12:57:46,1.7,200,2643350
20240116,12:57:53,1.7,150,2643350
20240116,12:58:22,1.65,7750,2643350
20240116,12:58:38,1.7,50,2643350
20240116,12:59:11,1.7,150,2643350
20240116,12:59:25,1.7,150,2643350
20240116,12:59:32,1.7,500,2643350
20240116,12:59:33,1.7,100,2643350
20240116,12:59:51,1.65,500,2643350
20240116,12:59:57,1.7,50,2643350
20240116,13:00:26,1.65,1800,2643350
20240116,13:00:33,1.7,200,2639250
20240116,13:00:34,1.7,50,2639250
20240116,13:00:39,1.7,100,2639250
20240116,13:00:47,1.65,400,2639250
20240116,13:00:48,1.65,500,2639250
20240116,13:00:49,1.65,200,2639250
20240116,13:00:50,1.65,400,2639250
20240116,13:00:51,1.65,1200,2639250
20240116,13:00:52,1.65,500,2639250
20240116,13:00:54,1.65,1800,2639250
20240116,13:00:57,1.65,250,2639250
20240116,13:00:58,1.65,250,2639250
20240116,13:01:05,1.65,100,2639250
20240116,13:01:18,1.65,50,2639250
20240116,13:01:19,1.6,50,2639250
20240116,13:01:32,1.6,950,2639250
20240116,13:01:35,1.6,1800,2639250
20240116,13:01:36,1.6,1800,2639250
20240116,13:02:05,1.6,650,2639250
20240116,13:02:44,1.65,900,2639250
20240116,13:03:11,1.6,100,2640600
20240116,13:03:27,1.6,1400,2640600
20240116,13:03:38,1.65,200,2640600
20240116,13:03:43,1.6,1600,2640600
20240116,13:04:11,1.65,3000,2640600
20240116,13:04:13,1.65,50,2640600
20240116,13:04:41,1.65,1800,2640600
20240116,13:04:42,1.65,1800,2640600
20240116,13:04:44,1.6,500,2640600
20240116,13:04:54,1.65,100,2640600
20240116,13:04:56,1.6,1800,2640600
20240116,13:04:56,1.65,1800,2640600
20240116,13:04:59,1.65,200,2640600
20240116,13:05:05,1.65,200,2640600
20240116,13:05:19,1.6,200,2640600
20240116,13:05:23,1.6,250,2640600
20240116,13:05:26,1.65,800,2640600
20240116,13:05:27,1.6,50,2640600
20240116,13:05:31,1.6,450,2640600
20240116,13:05:33,1.6,200,2640600
20240116,13:05:36,1.6,150,2640600
20240116,13:05:43,1.6,250,2640600
20240116,13:05:44,1.65,500,2640600
20240116,13:05:46,1.6,3250,2640600
20240116,13:05:55,1.6,1950,2640600
20240116,13:06:03,1.65,500,2635700
20240116,13:06:17,1.6,400,2635700
20240116,13:07:11,1.65,200,2635700
20240116,13:07:18,1.6,100,2635700
20240116,13:07:22,1.65,200,2635700
20240116,13:07:32,1.65,200,2635700
20240116,13:07:56,1.6,1800,2635700
20240116,13:07:57,1.6,150,2635700
20240116,13:07:58,1.6,50,2635700
20240116,13:08:02,1.65,100,2635700
20240116,13:08:08,1.6,1150,2635700
20240116,13:08:12,1.6,50,2635700
20240116,13:08:19,1.6,100,2635700
20240116,13:08:26,1.65,2100,2635700
20240116,13:08:33,1.6,1000,2635700
20240116,13:08:35,1.6,50,2635700
20240116,13:08:38,1.6,100,2635700
20240116,13:08:39,1.65,100,2635700
20240116,13:08:40,1.65,150,2635700
20240116,13:08:41,1.6,50,2635700
20240116,13:08:55,1.65,2100,2635700
20240116,13:09:06,1.65,150,2635700
20240116,13:09:07,1.65,300,2635250
20240116,13:09:09,1.65,1000,2635250
20240116,13:09:21,1.65,700,2635250
20240116,13:10:33,1.65,200,2635250
20240116,13:10:50,1.65,150,2635250
20240116,13:10:55,1.6,400,2635250
20240116,13:11:00,1.6,150,2635250
20240116,13:11:08,1.6,350,2635250
20240116,13:11:23,1.65,1950,2635250
20240116,13:11:36,1.65,150,2635250
20240116,13:11:38,1.6,700,2635250
20240116,13:11:52,1.6,200,2635250
20240116,13:12:12,1.65,50,2633700
20240116,13:12:45,1.65,150,2633700
20240116,13:12:55,1.65,1800,2633700
20240116,13:12:56,1.65,150,2633700
20240116,13:13:08,1.65,150,2633700
20240116,13:13:09,1.6,1800,2633700
20240116,13:13:17,1.65,1050,2633700
20240116,13:13:18,1.65,50,2633700
20240116,13:13:23,1.65,200,2633700
20240116,13:13:31,1.65,3000,2633700
20240116,13:13:44,1.65,150,2633700
20240116,13:13:49,1.6,400,2633700
20240116,13:13:53,1.65,50,2633700
20240116,13:14:01,1.6,1800,2633700
20240116,13:14:02,1.6,200,2633700
20240116,13:14:09,1.6,200,2633700
20240116,13:14:23,1.6,50,2633700
20240116,13:14:29,1.6,100,2633700
20240116,13:14:37,1.65,400,2633700
20240116,13:14:55,1.6,1800,2633700
20240116,13:14:58,1.6,100,2633700
20240116,13:15:00,1.65,100,2633700
20240116,13:15:08,1.6,400,2629100
20240116,13:15:33,1.6,200,2629100
20240116,13:15:39,1.65,450,2629100
20240116,13:15:42,1.65,50,2629100
20240116,13:16:05,1.65,50,2629100
20240116,13:16:14,1.6,1250,2629100
20240116,13:16:17,1.6,550,2629100
20240116,13:16:22,1.65,3000,2629100
20240116,13:16:26,1.65,3000,2629100
20240116,13:16:45,1.65,850,2629100
20240116,13:16:48,1.65,1800,2629100
20240116,13:16:54,1.65,3500,2629100
20240116,13:16:57,1.65,50,2629100
20240116,13:17:00,1.6,450,2629100
20240116,13:17:03,1.65,250,2629100
20240116,13:17:05,1.65,1850,2629100
20240116,13:17:06,1.65,2050,2629100
20240116,13:17:08,1.65,500,2629100
20240116,13:17:11,1.6,50,2629100
20240116,13:17:18,1.65,50,2629100
20240116,13:17:22,1.65,3600,2629100
20240116,13:17:27,1.65,50,2629100
20240116,13:17:28,1.65,50,2629100
20240116,13:17:31,1.65,50,2629100
20240116,13:18:26,1.65,50,2629100
20240116,13:18:29,1.65,500,2628000
20240116,13:18:30,1.65,500,2628000
20240116,13:18:31,1.6,100,2628000
20240116,13:18:50,1.65,400,2628000
20240116,13:18:54,1.65,250,2628000
20240116,13:18:55,1.65,2250,2628000
20240116,13:18:56,1.65,250,2628000
20240116,13:18:58,1.65,300,2628000
20240116,13:19:00,1.6,50,2628000
20240116,13:19:01,1.65,250,2628000
20240116,13:19:02,1.65,250,2628000
20240116,13:19:05,1.65,300,2628000
20240116,13:20:02,1.65,50,2628000
20240116,13:20:22,1.6,3600,2628000
20240116,13:20:23,1.6,5250,2628000
20240116,13:20:23,1.6,1500,2628000
20240116,13:20:24,1.6,2050,2628000
20240116,13:20:25,1.6,300,2628000
20240116,13:20:29,1.6,200,2628000
20240116,13:20:30,1.65,600,2628000
20240116,13:20:33,1.6,50,2628000
20240116,13:20:46,1.65,50,2628000
20240116,13:21:10,1.6,50,2626500
20240116,13:21:54,1.6,500,2626500
20240116,13:21:58,1.6,2600,2626500
20240116,13:21:59,1.6,1200,2626500
20240116,13:22:02,1.65,1500,2626500
20240116,13:22:06,1.6,50,2626500
20240116,13:23:16,1.6,300,2626500
20240116,13:23:20,1.6,600,2626500
20240116,13:23:43,1.65,250,2626500
20240116,13:23:48,1.6,500,2626500
20240116,13:24:04,1.65,15000,2630700
20240116,13:24:08,1.65,900,2630700
20240116,13:24:18,1.65,50,2630700
20240116,13:24:25,1.65,100,2630700
20240116,13:24:36,1.65,5000,2630700
20240116,13:24:37,1.65,250,2630700
20240116,13:24:38,1.65,250,2630700
20240116,13:24:41,1.7,50,2630700
20240116,13:24:54,1.65,800,2630700
20240116,13:24:59,1.7,500,2630700
20240116,13:25:01,1.65,100,2630700
20240116,13:25:05,1.65,200,2630700
20240116,13:25:06,1.65,750,2630700
20240116,13:25:09,1.7,7000,2630700
20240116,13:25:10,1.7,500,2630700
20240116,13:25:16,1.7,1800,2630700
20240116,13:25:18,1.7,1800,2630700
20240116,13:25:20,1.7,1800,2630700
20240116,13:25:22,1.65,1000,2630700
20240116,13:25:24,1.65,1000,2630700
20240116,13:25:28,1.7,200,2630700
20240116,13:25:46,1.65,600,2630700
20240116,13:26:29,1.7,500,2630700
20240116,13:26:45,1.7,1800,2630700
20240116,13:27:56,1.65,1800,2631550
20240116,13:27:58,1.7,1800,2631550
20240116,13:28:01,1.7,5300,2631550
20240116,13:28:02,1.7,250,2631550
20240116,13:28:14,1.7,350,2631550
20240116,13:28:16,1.7,1200,2631550
20240116,13:28:17,1.7,750,2631550
20240116,13:28:19,1.7,250,2631550
20240116,13:28:22,1.7,1800,2631550
20240116,13:28:23,1.7,550,2631550
20240116,13:28:26,1.7,250,2631550
20240116,13:28:28,1.7,250,2631550
20240116,13:28:30,1.7,250,2631550
20240116,13:28:35,1.75,1500,2631550
20240116,13:28:40,1.7,250,2631550
20240116,13:28:43,1.7,300,2631550
20240116,13:28:44,1.7,250,2631550
20240116,13:29:04,1.7,500,2631550
20240116,13:29:05,1.7,1800,2631550
20240116,13:29:06,1.7,100,2631550
20240116,13:29:07,1.7,1200,2631550
20240116,13:29:09,1.75,900,2631550
20240116,13:29:11,1.7,1800,2631550
20240116,13:29:16,1.7,1800,2631550
20240116,13:29:22,1.7,1850,2631550
20240116,13:29:23,1.75,50,2631550
20240116,13:29:24,1.75,1600,2631550
20240116,13:29:28,1.7,1800,2631550
20240116,13:29:33,1.7,500,2631550
20240116,13:29:36,1.7,1800,2631550
20240116,13:29:38,1.7,250,2631550
20240116,13:29:42,1.7,1800,2631550
20240116,13:29:45,1.7,250,2631550
20240116,13:29:50,1.7,1400,2631550
20240116,13:29:55,1.7,1000,2631550
20240116,13:30:00,1.75,300,2631550
20240116,13:30:30,1.75,1000,2631550
20240116,13:30:40,1.75,200,2649000
20240116,13:31:02,1.7,450,2649000
20240116,13:31:03,1.7,350,2649000
20240116,13:31:07,1.7,900,2649000
20240116,13:31:33,1.7,1000,2649000
20240116,13:31:39,1.7,1000,2649000
20240116,13:31:41,1.75,1800,2649000
20240116,13:31:52,1.7,450,2649000
20240116,13:31:54,1.75,1800,2649000
20240116,13:32:02,1.75,300,2649000
20240116,13:32:03,1.75,1800,2649000
20240116,13:32:04,1.75,1450,2649000
20240116,13:32:05,1.75,1800,2649000
20240116,13:32:06,1.75,350,2649000
20240116,13:32:07,1.75,5000,2649000
20240116,13:32:08,1.75,1800,2649000
20240116,13:32:09,1.7,50,2649000
20240116,13:32:10,1.75,1800,2649000
20240116,13:32:11,1.75,2800,2649000
20240116,13:32:12,1.7,50,2649000
20240116,13:32:13,1.7,2150,2649000
20240116,13:32:14,1.7,50,2649000
20240116,13:32:15,1.7,50,2649000
20240116,13:32:40,1.75,500,2649000
20240116,13:33:00,1.7,1550,2649000
20240116,13:33:02,1.75,250,2649000
20240116,13:33:03,1.7,250,2649000
20240116,13:33:04,1.7,450,2649000
20240116,13:33:26,1.75,1000,2650900
20240116,13:33:27,1.7,50,2650900
20240116,13:33:29,1.75,50,2650900
20240116,13:33:30,1.75,1500,2650900
20240116,13:33:41,1.75,5000,2650900
20240116,13:33:47,1.75,50,2650900
20240116,13:33:53,1.7,150,2650900
20240116,13:33:54,1.7,200,2650900
20240116,13:34:10,1.7,2100,2650900
20240116,13:34:11,1.75,500,2650900
20240116,13:34:17,1.7,1800,2650900
20240116,13:34:18,1.7,1800,2650900
20240116,13:34:24,1.7,1800,2650900
20240116,13:34:26,1.7,1750,2650900
20240116,13:34:34,1.75,500,2650900
20240116,13:34:39,1.75,1300,2650900
20240116,13:34:46,1.7,600,2650900
20240116,13:34:48,1.7,850,2650900
20240116,13:34:54,1.7,1000,2650900
20240116,13:34:55,1.7,1250,2650900
20240116,13:34:56,1.7,1600,2650900
20240116,13:34:57,1.7,1000,2650900
20240116,13:34:58,1.7,1000,2650900
20240116,13:35:01,1.7,1000,2650900
20240116,13:35:02,1.7,1000,2650900
20240116,13:35:03,1.7,1000,2650900
20240116,13:35:04,1.75,5000,2650900
20240116,13:35:05,1.7,1000,2650900
20240116,13:35:07,1.7,1000,2650900
20240116,13:35:17,1.7,200,2650900
20240116,13:35:28,1.75,1800,2650900
20240116,13:35:29,1.75,1800,2650900
20240116,13:35:30,1.7,2050,2650900
20240116,13:35:36,1.7,1200,2650900
20240116,13:35:37,1.7,400,2650900
20240116,13:35:38,1.75,1400,2650900
20240116,13:35:39,1.75,1800,2650900
20240116,13:35:40,1.75,1800,2650900
20240116,13:35:42,1.7,600,2650900
20240116,13:35:43,1.7,1050,2650900
20240116,13:35:45,1.7,2300,2650900
20240116,13:35:46,1.75,50,2650900
20240116,13:35:51,1.75,100,2650900
20240116,13:35:52,1.7,1850,2650900
20240116,13:35:53,1.7,8900,2650900
20240116,13:35:54,1.7,11650,2650900
20240116,13:35:55,1.7,5150,2650900
20240116,13:35:56,1.7,1800,2650900
20240116,13:35:57,1.7,500,2650900
20240116,13:35:58,1.7,3400,2650900
20240116,13:35:59,1.7,1500,2650900
20240116,13:36:09,1.7,1800,2660450
20240116,13:36:17,1.7,100,2660450
20240116,13:36:20,1.75,100,2660450
20240116,13:36:27,1.7,250,2660450
20240116,13:36:34,1.7,50,2660450
20240116,13:36:49,1.75,900,2660450
20240116,13:36:50,1.7,100,2660450
20240116,13:36:51,1.75,500,2660450
20240116,13:36:53,1.7,300,2660450
20240116,13:36:57,1.7,1600,2660450
20240116,13:37:14,1.75,550,2660450
20240116,13:37:15,1.75,150,2660450
20240116,13:37:18,1.75,1800,2660450
20240116,13:37:29,1.75,150,2660450
20240116,13:37:33,1.75,900,2660450
20240116,13:37:34,1.7,50,2660450
20240116,13:37:44,1.7,500,2660450
20240116,13:38:05,1.7,400,2660450
20240116,13:38:12,1.7,100,2660450
20240116,13:38:14,1.7,150,2660450
20240116,13:38:22,1.75,100,2660450
20240116,13:38:34,1.75,50,2660450
20240116,13:38:36,1.7,1800,2660450
20240116,13:38:37,1.7,1800,2660450
20240116,13:38:47,1.7,1800,2660450
20240116,13:38:47,1.7,200,2660450
20240116,13:38:48,1.75,1800,2660450
20240116,13:38:52,1.75,500,2660450
20240116,13:38:57,1.75,2550,2660450
20240116,13:38:58,1.7,4300,2660450
20240116,13:39:00,1.7,2350,2660450
20240116,13:39:01,1.7,800,2660450
20240116,13:39:03,1.7,650,2660450
20240116,13:39:05,1.7,300,2660450
20240116,13:39:08,1.7,2900,2660450
20240116,13:39:09,1.7,2150,2662100
20240116,13:39:13,1.7,50,2662100
20240116,13:39:14,1.7,50,2662100
20240116,13:39:16,1.7,3000,2662100
20240116,13:39:19,1.7,500,2662100
20240116,13:39:20,1.7,450,2662100
20240116,13:39:21,1.75,1300,2662100
20240116,13:39:22,1.7,250,2662100
20240116,13:39:30,1.7,50,2662100
20240116,13:39:31,1.7,50,2662100
20240116,13:39:34,1.7,1800,2662100
20240116,13:39:35,1.7,1800,2662100
20240116,13:39:37,1.7,5450,2662100
20240116,13:39:37,1.7,1800,2662100
20240116,13:39:38,1.7,600,2662100
20240116,13:39:39,1.7,1800,2662100
20240116,13:39:41,1.7,2200,2662100
20240116,13:39:43,1.7,500,2662100
20240116,13:39:44,1.7,500,2662100
20240116,13:39:47,1.7,400,2662100
20240116,13:39:49,1.65,50,2662100
20240116,13:39:51,1.65,100,2662100
20240116,13:39:55,1.7,100,2662100
20240116,13:39:56,1.65,150,2662100
20240116,13:40:03,1.65,300,2662100
20240116,13:40:05,1.65,7200,2662100
20240116,13:40:06,1.65,3400,2662100
20240116,13:40:08,1.65,2350,2662100
20240116,13:40:11,1.65,1800,2662100
20240116,13:40:19,1.65,850,2662100
20240116,13:40:20,1.65,1500,2662100
20240116,13:40:31,1.65,1500,2662100
20240116,13:40:35,1.65,1000,2662100
20240116,13:40:36,1.65,1000,2662100
20240116,13:40:49,1.65,1500,2662100
20240116,13:40:58,1.65,300,2662100
20240116,13:40:59,1.65,500,2662100
20240116,13:41:01,1.65,50,2662100
20240116,13:41:03,1.6,5900,2662100
20240116,13:41:03,1.6,3150,2662100
20240116,13:41:11,1.55,150,2662100
20240116,13:41:25,1.6,150,2662100
20240116,13:41:28,1.55,650,2662100
20240116,13:41:31,1.55,50,2662100
20240116,13:41:37,1.55,1000,2662100
20240116,13:41:46,1.55,1800,2662100
20240116,13:41:47,1.55,50,2662100
20240116,13:41:56,1.6,1400,2662100
20240116,13:42:06,1.6,150,2647000
20240116,13:42:13,1.55,350,2647000
20240116,13:42:17,1.6,150,2647000
20240116,13:42:20,1.6,100,2647000
20240116,13:42:33,1.6,150,2647000
20240116,13:42:40,1.6,150,2647000
20240116,13:42:51,1.55,50,2647000
20240116,13:42:55,1.55,1500,2647000
20240116,13:42:56,1.55,50,2647000
20240116,13:43:01,1.6,100,2647000
20240116,13:43:07,1.55,500,2647000
20240116,13:43:17,1.55,200,2647000
20240116,13:43:22,1.55,150,2647000
20240116,13:43:23,1.55,4200,2647000
20240116,13:43:25,1.55,1600,2647000
20240116,13:43:26,1.55,250,2647000
20240116,13:43:29,1.55,50,2647000
20240116,13:43:34,1.55,300,2647000
20240116,13:43:35,1.55,1000,2647000
20240116,13:43:36,1.55,450,2647000
20240116,13:43:37,1.55,1100,2647000
20240116,13:43:41,1.5,2600,2647000
20240116,13:43:43,1.5,850,2647000
20240116,13:43:46,1.5,1000,2647000
20240116,13:43:49,1.5,500,2647000
20240116,13:43:52,1.5,3000,2647000
20240116,13:44:00,1.5,150,2647000
20240116,13:44:04,1.5,1500,2647000
20240116,13:44:06,1.5,1150,2647000
20240116,13:44:07,1.5,50,2647000
20240116,13:44:08,1.5,150,2647000
20240116,13:44:10,1.5,100,2647000
20240116,13:44:15,1.5,150,2647000
20240116,13:44:17,1.5,150,2647000
20240116,13:44:19,1.5,3750,2647000
20240116,13:44:20,1.55,350,2647000
20240116,13:44:21,1.55,1000,2647000
20240116,13:44:22,1.5,50,2647000
20240116,13:44:31,1.55,500,2647000
20240116,13:44:42,1.55,1800,2647000
20240116,13:44:53,1.55,150,2647000
20240116,13:45:04,1.5,50,2647000
20240116,13:45:15,1.5,50,2642950
20240116,13:45:17,1.55,1950,2642950
20240116,13:45:26,1.55,150,2642950
20240116,13:45:31,1.55,3700,2642950
20240116,13:45:32,1.55,300,2642950
20240116,13:45:33,1.55,400,2642950
20240116,13:45:35,1.5,1650,2642950
20240116,13:45:37,1.55,800,2642950
20240116,13:45:40,1.5,500,2642950
20240116,13:45:43,1.5,150,2642950
20240116,13:45:44,1.5,500,2642950
20240116,13:45:50,1.5,500,2642950
20240116,13:45:51,1.5,3600,2642950
20240116,13:45:52,1.5,4850,2642950
20240116,13:45:53,1.5,300,2642950
20240116,13:45:58,1.5,50,2642950
20240116,13:46:15,1.45,150,2642950
20240116,13:46:23,1.5,50,2642950
20240116,13:46:43,1.45,50,2642950
20240116,13:46:51,1.55,16550,2642950
20240116,13:46:53,1.5,700,2642950
20240116,13:46:56,1.45,750,2642950
20240116,13:47:03,1.45,150,2642950
20240116,13:47:09,1.45,3100,2642950
20240116,13:47:28,1.45,1500,2642950
20240116,13:47:29,1.45,1500,2642950
20240116,13:47:33,1.5,200,2642950
20240116,13:47:38,1.45,1500,2642950
20240116,13:47:40,1.45,24550,2642950
20240116,13:47:41,1.45,300,2642950
20240116,13:47:42,1.45,1550,2642950
20240116,13:47:47,1.45,50,2642950
20240116,13:48:25,1.45,1000,2631550
20240116,13:48:30,1.45,200,2631550
20240116,13:48:41,1.5,2700,2631550
20240116,13:48:42,1.5,100,2631550
20240116,13:49:21,1.45,50,2631550
20240116,13:49:26,1.5,1800,2631550
20240116,13:49:44,1.45,500,2631550
20240116,13:50:02,1.5,250,2631550
20240116,13:50:04,1.5,50,2631550
20240116,13:50:05,1.5,550,2631550
20240116,13:50:06,1.5,950,2631550
20240116,13:50:08,1.5,250,2631550
20240116,13:50:11,1.5,1500,2631550
20240116,13:50:15,1.5,850,2631550
20240116,13:50:25,1.5,250,2631550
20240116,13:50:28,1.45,100,2631550
20240116,13:50:28,1.5,250,2631550
20240116,13:50:35,1.5,600,2631550
20240116,13:51:23,1.5,950,2631550
20240116,13:51:24,1.5,50,2632600
20240116,13:51:27,1.5,300,2632600
20240116,13:51:29,1.5,300,2632600
20240116,13:51:31,1.5,100,2632600
20240116,13:51:33,1.5,300,2632600
20240116,13:51:34,1.5,250,2632600
20240116,13:51:45,1.45,1000,2632600
20240116,13:51:47,1.45,50,2632600
20240116,13:51:49,1.5,900,2632600
20240116,13:51:49,1.5,650,2632600
20240116,13:51:50,1.5,700,2632600
20240116,13:52:03,1.5,300,2632600
20240116,13:52:05,1.5,300,2632600
20240116,13:52:37,1.5,550,2632600
20240116,13:52:45,1.45,50,2632600
20240116,13:52:50,1.45,50,2632600
20240116,13:52:53,1.5,1300,2632600
20240116,13:53:02,1.5,250,2632600
20240116,13:53:04,1.45,100,2632600
20240116,13:53:05,1.5,350,2632600
20240116,13:53:22,1.45,50,2632600
20240116,13:53:29,1.5,50,2632600
20240116,13:53:37,1.45,50,2632600
20240116,13:54:21,1.45,100,2632600
20240116,13:54:26,1.45,50,2629350
20240116,13:54:27,1.45,950,2629350
20240116,13:55:49,1.5,200,2629350
20240116,13:55:52,1.5,3000,2629350
20240116,13:56:01,1.5,500,2629350
20240116,13:56:07,1.5,700,2629350
20240116,13:56:47,1.5,50,2629350
20240116,13:56:52,1.5,1650,2629350
20240116,13:56:53,1.5,1800,2629350
20240116,13:56:54,1.5,150,2629350
20240116,13:56:55,1.5,900,2629350
20240116,13:56:56,1.5,100,2629350
20240116,13:56:57,1.45,900,2629350
20240116,13:56:59,1.45,3000,2629350
20240116,13:57:11,1.45,50,2627850
20240116,13:58:14,1.45,1000,2627850
20240116,13:59:10,1.45,750,2627850
20240116,13:59:11,1.45,750,2627850
20240116,13:59:12,1.45,1200,2627850
20240116,13:59:15,1.45,1200,2627850
20240116,13:59:16,1.45,600,2627850
20240116,13:59:17,1.5,100,2627850
20240116,13:59:18,1.45,1200,2627850
20240116,13:59:20,1.45,950,2627850
20240116,13:59:45,1.45,50,2627850
20240116,14:00:03,1.4,22000,2627850
20240116,14:00:05,1.45,2900,2627850
20240116,14:00:06,1.4,1800,2627850
20240116,14:00:07,1.45,2600,2627850
20240116,14:00:08,1.45,3050,2627850
20240116,14:00:10,1.45,1800,2627850
20240116,14:00:15,1.45,1700,2628250
20240116,14:00:17,1.45,350,2628250
20240116,14:00:36,1.45,250,2628250
20240116,14:00:37,1.45,50,2628250
20240116,14:00:47,1.45,150,2628250
20240116,14:00:53,1.45,50,2628250
20240116,14:00:57,1.45,350,2628250
20240116,14:00:58,1.45,200,2628250
20240116,14:00:59,1.45,150,2628250
20240116,14:01:01,1.45,450,2628250
20240116,14:01:10,1.45,150,2628250
20240116,14:01:15,1.4,50,2628250
20240116,14:02:04,1.4,50,2628250
20240116,14:02:47,1.4,50,2628250
20240116,14:02:52,1.4,1800,2628250
20240116,14:02:55,1.45,200,2628250
20240116,14:03:02,1.4,50,2628250
20240116,14:03:16,1.45,150,2634750
20240116,14:03:49,1.3,70700,2634750
20240116,14:03:49,1.4,750,2634750
20240116,14:03:50,1.45,1600,2634750
20240116,14:03:51,1.4,1800,2634750
20240116,14:03:57,1.4,50,2634750
20240116,14:04:01,1.4,8200,2634750
20240116,14:04:04,1.4,1200,2634750
20240116,14:04:11,1.4,1500,2634750
20240116,14:04:23,1.4,50,2634750
20240116,14:04:24,1.4,1600,2634750
20240116,14:04:32,1.35,1800,2634750
20240116,14:04:46,1.35,1800,2634750
20240116,14:04:58,1.4,1800,2634750
20240116,14:05:03,1.35,50,2634750
20240116,14:05:08,1.35,200,2634750
20240116,14:05:14,1.4,1800,2634750
20240116,14:05:15,1.4,10700,2634750
20240116,14:05:16,1.35,2450,2634750
20240116,14:05:21,1.35,1250,2634750
20240116,14:05:28,1.4,200,2634750
20240116,14:05:45,1.35,50,2634750
20240116,14:05:53,1.35,300,2634750
20240116,14:05:54,1.35,350,2634750
20240116,14:05:55,1.35,150,2634750
20240116,14:05:56,1.35,150,2634750
20240116,14:05:57,1.35,50,2634750
20240116,14:05:59,1.35,250,2634750
20240116,14:06:00,1.35,1800,2634750
20240116,14:06:12,1.35,6000,2602900
20240116,14:06:20,1.35,300,2602900
20240116,14:06:22,1.35,300,2602900
20240116,14:06:30,1.35,150,2602900
20240116,14:06:36,1.35,1500,2602900
20240116,14:06:38,1.35,400,2602900
20240116,14:06:46,1.35,1800,2602900
20240116,14:06:47,1.35,250,2602900
20240116,14:06:48,1.35,1800,2602900
20240116,14:06:49,1.35,1800,2602900
20240116,14:06:51,1.35,2050,2602900
20240116,14:06:53,1.35,2350,2602900
20240116,14:06:54,1.35,950,2602900
20240116,14:06:55,1.35,2350,2602900
20240116,14:06:56,1.35,250,2602900
20240116,14:06:57,1.35,2150,2602900
20240116,14:06:58,1.35,2050,2602900
20240116,14:06:59,1.35,1800,2602900
20240116,14:07:00,1.35,1800,2602900
20240116,14:07:02,1.35,1300,2602900
20240116,14:07:08,1.35,250,2602900
20240116,14:07:19,1.35,1500,2602900
20240116,14:07:26,1.35,450,2602900
20240116,14:07:28,1.35,250,2602900
20240116,14:08:09,1.3,150,2602900
20240116,14:08:10,1.3,50,2602900
20240116,14:08:12,1.35,50,2602900
20240116,14:08:13,1.3,50,2602900
20240116,14:08:19,1.35,1800,2602900
20240116,14:08:23,1.3,300,2602900
20240116,14:08:24,1.35,1800,2602900
20240116,14:08:41,1.35,50,2602900
20240116,14:08:45,1.35,300,2602900
20240116,14:08:58,1.3,100,2602900
20240116,14:09:42,1.3,100,2588250
20240116,14:09:51,1.35,1550,2588250
20240116,14:09:52,1.35,850,2588250
20240116,14:09:57,1.35,300,2588250
20240116,14:09:57,1.35,2000,2588250
20240116,14:10:00,1.35,250,2588250
20240116,14:10:18,1.35,250,2588250
20240116,14:10:25,1.35,250,2588250
20240116,14:10:29,1.35,200,2588250
20240116,14:10:30,1.35,1800,2588250
20240116,14:10:31,1.35,1800,2588250
20240116,14:10:33,1.35,1250,2588250
20240116,14:10:37,1.35,450,2588250
20240116,14:10:39,1.35,100,2588250
20240116,14:10:44,1.35,500,2588250
20240116,14:10:48,1.35,1800,2588250
20240116,14:10:51,1.35,2700,2588250
20240116,14:10:52,1.35,3400,2588250
20240116,14:11:03,1.4,1800,2588250
20240116,14:11:04,1.35,50,2588250
20240116,14:11:05,1.35,50,2588250
20240116,14:11:17,1.35,500,2588250
20240116,14:11:19,1.4,1800,2588250
20240116,14:11:21,1.35,500,2588250
20240116,14:11:23,1.4,1800,2588250
20240116,14:11:27,1.4,1800,2588250
20240116,14:11:40,1.35,1800,2588250
20240116,14:11:42,1.35,1850,2588250
20240116,14:11:44,1.35,200,2588250
20240116,14:11:46,1.4,1800,2588250
20240116,14:11:56,1.35,200,2588250
20240116,14:11:59,1.35,200,2588250
20240116,14:12:03,1.35,200,2588250
20240116,14:12:05,1.35,200,2588250
20240116,14:12:07,1.35,700,2588250
20240116,14:12:09,1.35,200,2588250
20240116,14:12:12,1.35,200,2585750
20240116,14:12:13,1.4,1000,2585750
20240116,14:12:14,1.35,200,2585750
20240116,14:12:17,1.35,200,2585750
20240116,14:12:20,1.35,200,2585750
20240116,14:12:24,1.35,200,2585750
20240116,14:12:26,1.35,200,2585750
20240116,14:12:29,1.35,200,2585750
20240116,14:12:32,1.35,50,2585750
20240116,14:12:33,1.35,200,2585750
20240116,14:12:35,1.35,200,2585750
20240116,14:12:38,1.35,200,2585750
20240116,14:12:41,1.35,200,2585750
20240116,14:12:45,1.35,200,2585750
20240116,14:12:48,1.35,200,2585750
20240116,14:12:50,1.35,200,2585750
20240116,14:12:53,1.35,200,2585750
20240116,14:12:56,1.35,200,2585750
20240116,14:12:59,1.35,200,2585750
20240116,14:13:03,1.35,200,2585750
20240116,14:13:05,1.35,200,2585750
20240116,14:13:08,1.35,200,2585750
20240116,14:13:11,1.35,200,2585750
20240116,14:13:14,1.35,200,2585750
20240116,14:13:18,1.35,200,2585750
20240116,14:13:21,1.35,200,2585750
20240116,14:13:22,1.35,2550,2585750
20240116,14:13:23,1.35,200,2585750
20240116,14:13:27,1.35,200,2585750
20240116,14:13:29,1.35,200,2585750
20240116,14:13:32,1.35,200,2585750
20240116,14:13:35,1.35,200,2585750
20240116,14:13:36,1.35,3750,2585750
20240116,14:13:39,1.35,200,2585750
20240116,14:13:42,1.35,200,2585750
20240116,14:13:44,1.35,200,2585750
20240116,14:13:47,1.35,200,2585750
20240116,14:13:50,1.35,200,2585750
20240116,14:13:51,1.4,2000,2585750
20240116,14:13:53,1.35,200,2585750
20240116,14:13:56,1.35,200,2585750
20240116,14:13:57,1.35,1000,2585750
20240116,14:13:59,1.35,200,2585750
20240116,14:14:00,1.35,500,2585750
20240116,14:14:02,1.35,200,2585750
20240116,14:14:03,1.35,3000,2585750
20240116,14:14:05,1.35,200,2585750
20240116,14:14:08,1.35,200,2585750
20240116,14:14:11,1.35,200,2585750
20240116,14:14:12,1.35,50,2585750
20240116,14:14:14,1.35,200,2585750
20240116,14:14:17,1.35,200,2585750
20240116,14:14:20,1.35,200,2585750
20240116,14:14:23,1.35,200,2585750
20240116,14:14:27,1.35,200,2585750
20240116,14:14:29,1.35,200,2585750
20240116,14:14:32,1.35,200,2585750
20240116,14:14:34,1.35,500,2585750
20240116,14:14:35,1.35,200,2585750
20240116,14:14:38,1.35,200,2585750
20240116,14:14:41,1.35,200,2585750
20240116,14:14:44,1.35,200,2585750
20240116,14:14:47,1.35,200,2585750
20240116,14:14:50,1.35,200,2585750
20240116,14:14:53,1.35,200,2585750
20240116,14:14:56,1.35,200,2585750
20240116,14:14:59,1.35,200,2585750
20240116,14:15:00,1.35,100,2585750
20240116,14:15:01,1.35,50,2585750
20240116,14:15:02,1.35,200,2585750
20240116,14:15:05,1.35,200,2585750
20240116,14:15:05,1.4,50,2585750
20240116,14:15:08,1.35,200,2585750
20240116,14:15:11,1.35,200,2572400
20240116,14:15:14,1.35,200,2572400
20240116,14:15:17,1.35,200,2572400
20240116,14:15:20,1.35,200,2572400
20240116,14:15:23,1.35,200,2572400
20240116,14:15:26,1.35,200,2572400
20240116,14:15:29,1.35,200,2572400
20240116,14:15:32,1.35,200,2572400
20240116,14:15:34,1.35,1200,2572400
20240116,14:15:36,1.35,3050,2572400
20240116,14:15:38,1.35,200,2572400
20240116,14:15:39,1.35,1200,2572400
20240116,14:15:41,1.35,200,2572400
20240116,14:15:43,1.35,50,2572400
20240116,14:15:44,1.35,200,2572400
20240116,14:15:47,1.35,200,2572400
20240116,14:15:50,1.35,200,2572400
20240116,14:15:53,1.35,200,2572400
20240116,14:15:56,1.35,200,2572400
20240116,14:15:59,1.35,200,2572400
20240116,14:16:02,1.35,200,2572400
20240116,14:16:05,1.35,200,2572400
20240116,14:16:08,1.35,200,2572400
20240116,14:16:11,1.35,200,2572400
20240116,14:16:14,1.35,200,2572400
20240116,14:16:17,1.35,200,2572400
20240116,14:16:20,1.35,200,2572400
20240116,14:16:23,1.35,200,2572400
20240116,14:16:26,1.35,200,2572400
20240116,14:16:30,1.35,200,2572400
20240116,14:16:33,1.4,6200,2572400
20240116,14:16:35,1.35,200,2572400
20240116,14:16:38,1.35,200,2572400
20240116,14:16:41,1.35,200,2572400
20240116,14:16:45,1.35,200,2572400
20240116,14:16:47,1.35,350,2572400
20240116,14:16:48,1.35,250,2572400
20240116,14:16:50,1.35,200,2572400
20240116,14:16:52,1.35,150,2572400
20240116,14:16:54,1.35,250,2572400
20240116,14:16:55,1.35,300,2572400
20240116,14:16:56,1.35,200,2572400
20240116,14:16:58,1.35,150,2572400
20240116,14:16:59,1.35,200,2572400
20240116,14:17:01,1.35,150,2572400
20240116,14:17:02,1.35,200,2572400
20240116,14:17:05,1.35,200,2572400
20240116,14:17:08,1.35,200,2572400
20240116,14:17:11,1.35,1050,2572400
20240116,14:17:14,1.35,200,2572400
20240116,14:17:17,1.35,200,2572400
20240116,14:17:18,1.35,6100,2572400
20240116,14:17:20,1.35,200,2572400
20240116,14:17:23,1.35,200,2572400
20240116,14:17:26,1.35,200,2572400
20240116,14:17:29,1.35,200,2572400
20240116,14:17:32,1.35,200,2572400
20240116,14:17:35,1.35,200,2572400
20240116,14:17:38,1.35,200,2572400
20240116,14:17:41,1.35,200,2572400
20240116,14:17:44,1.35,200,2572400
20240116,14:17:47,1.35,200,2572400
20240116,14:17:50,1.35,200,2572400
20240116,14:17:53,1.35,200,2572400
20240116,14:17:56,1.35,200,2572400
20240116,14:17:59,1.35,200,2572400
20240116,14:18:03,1.35,200,2572400
20240116,14:18:05,1.35,200,2572400
20240116,14:18:08,1.35,200,2572400
20240116,14:18:11,1.35,700,2570850
20240116,14:18:14,1.35,200,2570850
20240116,14:18:17,1.35,200,2570850
20240116,14:18:20,1.35,200,2570850
20240116,14:18:23,1.35,200,2570850
20240116,14:18:26,1.35,200,2570850
20240116,14:18:29,1.35,200,2570850
20240116,14:18:32,1.35,200,2570850
20240116,14:18:35,1.35,200,2570850
20240116,14:18:38,1.35,200,2570850
20240116,14:18:41,1.35,200,2570850
20240116,14:18:44,1.35,200,2570850
20240116,14:18:47,1.35,200,2570850
20240116,14:18:50,1.35,200,2570850
20240116,14:18:53,1.35,2000,2570850
20240116,14:18:56,1.35,200,2570850
20240116,14:18:59,1.35,200,2570850
20240116,14:19:02,1.3,200,2570850
20240116,14:19:04,1.35,400,2570850
20240116,14:19:05,1.35,650,2570850
20240116,14:19:09,1.3,200,2570850
20240116,14:19:11,1.3,200,2570850
20240116,14:19:14,1.3,200,2570850
20240116,14:19:18,1.3,200,2570850
20240116,14:19:19,1.35,500,2570850
20240116,14:19:20,1.35,500,2570850
20240116,14:19:21,1.3,200,2570850
20240116,14:19:23,1.3,200,2570850
20240116,14:19:26,1.3,200,2570850
20240116,14:19:29,1.3,200,2570850
20240116,14:19:32,1.3,200,2570850
20240116,14:19:35,1.3,200,2570850
20240116,14:19:38,1.3,200,2570850
20240116,14:19:41,1.3,200,2570850
20240116,14:19:44,1.3,200,2570850
20240116,14:19:46,1.35,750,2570850
20240116,14:19:47,1.3,200,2570850
20240116,14:19:50,1.3,200,2570850
20240116,14:19:53,1.3,200,2570850
20240116,14:19:56,1.3,200,2570850
20240116,14:19:59,1.3,600,2570850
20240116,14:20:02,1.3,200,2570850
20240116,14:20:05,1.3,200,2570850
20240116,14:20:09,1.3,200,2570850
20240116,14:20:11,1.3,200,2570850
20240116,14:20:14,1.3,200,2570850
20240116,14:20:18,1.3,200,2570850
20240116,14:20:20,1.3,200,2570850
20240116,14:20:23,1.35,300,2570850
20240116,14:20:24,1.3,200,2570850
20240116,14:20:26,1.3,200,2570850
20240116,14:20:30,1.3,200,2570850
20240116,14:20:32,1.3,200,2570850
20240116,14:20:35,1.3,200,2570850
20240116,14:20:38,1.3,200,2570850
20240116,14:20:42,1.3,200,2570850
20240116,14:20:44,1.3,200,2570850
20240116,14:20:46,1.35,1800,2570850
20240116,14:20:47,1.3,2000,2570850
20240116,14:20:48,1.35,1800,2570850
20240116,14:20:49,1.35,3550,2570850
20240116,14:20:51,1.35,1600,2570850
20240116,14:20:52,1.35,2500,2570850
20240116,14:20:53,1.35,2500,2570850
20240116,14:20:53,1.3,200,2570850
20240116,14:20:54,1.35,1800,2570850
20240116,14:20:56,1.35,2000,2570850
20240116,14:20:58,1.35,2650,2570850
20240116,14:20:59,1.3,200,2570850
20240116,14:21:00,1.35,1800,2570850
20240116,14:21:03,1.35,2000,2570850
20240116,14:21:05,1.3,2000,2570850
20240116,14:21:07,1.35,1800,2570850
20240116,14:21:08,1.35,800,2570850
20240116,14:21:12,1.3,200,2570850
20240116,14:21:14,1.3,200,2543950
20240116,14:21:17,1.3,200,2543950
20240116,14:21:20,1.3,200,2543950
20240116,14:21:23,1.3,200,2543950
20240116,14:21:26,1.3,200,2543950
20240116,14:21:29,1.3,200,2543950
20240116,14:21:32,1.3,200,2543950
20240116,14:21:35,1.3,200,2543950
20240116,14:21:38,1.3,200,2543950
20240116,14:21:41,1.3,200,2543950
20240116,14:21:44,1.3,200,2543950
20240116,14:21:47,1.3,200,2543950
20240116,14:21:50,1.3,200,2543950
20240116,14:21:53,1.3,200,2543950
20240116,14:21:56,1.3,200,2543950
20240116,14:21:59,1.3,200,2543950
20240116,14:21:59,1.35,500,2543950
20240116,14:22:00,1.35,500,2543950
20240116,14:22:01,1.35,250,2543950
20240116,14:22:02,1.3,700,2543950
20240116,14:22:03,1.35,250,2543950
20240116,14:22:04,1.35,250,2543950
20240116,14:22:05,1.35,1000,2543950
20240116,14:22:06,1.35,350,2543950
20240116,14:22:07,1.3,100,2543950
20240116,14:22:08,1.3,650,2543950
20240116,14:22:11,1.3,200,2543950
20240116,14:22:12,1.35,250,2543950
20240116,14:22:14,1.3,200,2543950
20240116,14:22:17,1.3,200,2543950
20240116,14:22:20,1.3,200,2543950
20240116,14:22:23,1.35,1800,2543950
20240116,14:22:26,1.3,200,2543950
20240116,14:22:29,1.3,200,2543950
20240116,14:22:32,1.3,200,2543950
20240116,14:22:35,1.3,200,2543950
20240116,14:22:38,1.3,200,2543950
20240116,14:22:41,1.3,200,2543950
20240116,14:22:44,1.3,200,2543950
20240116,14:22:47,1.3,200,2543950
20240116,14:22:50,1.3,200,2543950
20240116,14:22:53,1.3,200,2543950
20240116,14:22:56,1.3,200,2543950
20240116,14:22:59,1.3,200,2543950
20240116,14:23:02,1.3,200,2543950
20240116,14:23:02,1.35,500,2543950
20240116,14:23:05,1.3,200,2543950
20240116,14:23:08,1.3,200,2543950
20240116,14:23:12,1.3,200,2543950
20240116,14:23:14,1.3,200,2543950
20240116,14:23:17,1.3,200,2543950
20240116,14:23:20,1.3,200,2543950
20240116,14:23:24,1.3,200,2543950
20240116,14:23:26,1.3,200,2543950
20240116,14:23:29,1.3,200,2543950
20240116,14:23:32,1.3,200,2543950
20240116,14:23:35,1.3,200,2543950
20240116,14:23:38,1.3,200,2543950
20240116,14:23:41,1.3,200,2543950
20240116,14:23:44,1.3,200,2543950
20240116,14:23:47,1.3,200,2543950
20240116,14:23:50,1.3,200,2543950
20240116,14:23:53,1.3,200,2543950
20240116,14:23:54,1.3,100,2543950
20240116,14:23:56,1.3,600,2543950
20240116,14:23:59,1.3,200,2543950
20240116,14:24:02,1.3,200,2543950
20240116,14:24:05,1.3,200,2543950
20240116,14:24:08,1.3,200,2543950
20240116,14:24:11,1.3,200,2543950
20240116,14:24:14,1.3,200,2536500
20240116,14:24:14,1.3,50,2536500
20240116,14:24:17,1.3,200,2536500
20240116,14:24:20,1.3,200,2536500
20240116,14:24:23,1.3,200,2536500
20240116,14:24:26,1.3,200,2536500
20240116,14:24:29,1.3,200,2536500
20240116,14:24:30,1.3,50,2536500
20240116,14:24:32,1.3,50,2536500
20240116,14:24:32,1.3,200,2536500
20240116,14:24:35,1.3,200,2536500
20240116,14:24:38,1.3,200,2536500
20240116,14:24:41,1.3,200,2536500
20240116,14:24:44,1.3,200,2536500
20240116,14:24:47,1.3,200,2536500
20240116,14:24:50,1.3,200,2536500
20240116,14:24:53,1.3,200,2536500
20240116,14:24:56,1.3,200,2536500
20240116,14:24:59,1.3,200,2536500
20240116,14:25:02,1.3,50,2536500
20240116,14:25:02,1.3,200,2536500
20240116,14:25:05,1.3,200,2536500
20240116,14:25:08,1.3,200,2536500
20240116,14:25:11,1.3,200,2536500
20240116,14:25:14,1.3,200,2536500
20240116,14:25:15,1.3,50,2536500
20240116,14:25:17,1.3,200,2536500
20240116,14:25:20,1.3,200,2536500
20240116,14:25:22,1.35,350,2536500
20240116,14:25:23,1.3,850,2536500
20240116,14:25:24,1.35,250,2536500
20240116,14:25:26,1.3,200,2536500
20240116,14:25:29,1.3,200,2536500
20240116,14:25:31,1.35,200,2536500
20240116,14:25:32,1.3,200,2536500
20240116,14:25:35,1.3,200,2536500
20240116,14:25:38,1.3,200,2536500
20240116,14:25:41,1.3,200,2536500
20240116,14:25:42,1.3,400,2536500
20240116,14:25:44,1.3,200,2536500
20240116,14:25:47,1.3,200,2536500
20240116,14:25:50,1.3,250,2536500
20240116,14:25:53,1.35,250,2536500
20240116,14:25:53,1.3,200,2536500
20240116,14:25:56,1.3,200,2536500
20240116,14:25:59,1.3,200,2536500
20240116,14:26:02,1.3,200,2536500
20240116,14:26:05,1.3,200,2536500
20240116,14:26:08,1.3,200,2536500
20240116,14:26:11,1.3,200,2536500
20240116,14:26:14,1.3,200,2536500
20240116,14:26:17,1.3,200,2536500
20240116,14:26:20,1.3,200,2536500
20240116,14:26:23,1.3,200,2536500
20240116,14:26:26,1.3,200,2536500
20240116,14:26:29,1.3,200,2536500
20240116,14:26:32,1.3,200,2536500
20240116,14:26:35,1.3,200,2536500
20240116,14:26:38,1.3,200,2536500
20240116,14:26:41,1.35,50,2536500
20240116,14:26:42,1.3,200,2536500
20240116,14:26:44,1.3,200,2536500
20240116,14:26:47,1.3,200,2536500
20240116,14:26:51,1.3,200,2536500
20240116,14:26:53,1.3,700,2536500
20240116,14:26:56,1.3,200,2536500
20240116,14:26:59,1.3,100,2536500
20240116,14:27:00,1.3,200,2536500
20240116,14:27:02,1.3,200,2536500
20240116,14:27:05,1.3,200,2536500
20240116,14:27:08,1.3,200,2536500
20240116,14:27:12,1.3,200,2536500
20240116,14:27:15,1.3,200,2532150
20240116,14:27:17,1.3,200,2532150
20240116,14:27:20,1.3,200,2532150
20240116,14:27:23,1.3,200,2532150
20240116,14:27:26,1.3,200,2532150
20240116,14:27:28,1.35,1800,2532150
20240116,14:27:29,1.3,200,2532150
20240116,14:27:30,1.35,1800,2532150
20240116,14:27:32,1.35,1800,2532150
20240116,14:27:33,1.3,200,2532150
20240116,14:27:34,1.35,1800,2532150
20240116,14:27:36,1.3,200,2532150
20240116,14:27:37,1.35,1800,2532150
20240116,14:27:39,1.3,2000,2532150
20240116,14:27:41,1.35,1950,2532150
20240116,14:27:42,1.3,200,2532150
20240116,14:27:43,1.35,1800,2532150
20240116,14:27:44,1.35,1800,2532150
20240116,14:27:45,1.3,200,2532150
20240116,14:27:46,1.35,2500,2532150
20240116,14:27:47,1.3,200,2532150
20240116,14:27:48,1.35,1800,2532150
20240116,14:27:50,1.35,400,2532150
20240116,14:27:53,1.3,200,2532150
20240116,14:27:56,1.3,200,2532150
20240116,14:27:59,1.3,200,2532150
20240116,14:28:02,1.3,200,2532150
20240116,14:28:03,1.35,1850,2532150
20240116,14:28:04,1.35,1800,2532150
20240116,14:28:05,1.3,200,2532150
20240116,14:28:06,1.35,1800,2532150
20240116,14:28:08,1.3,200,2532150
20240116,14:28:10,1.35,1800,2532150
20240116,14:28:11,1.3,50,2532150
20240116,14:28:12,1.35,2000,2532150
20240116,14:28:14,1.3,2000,2532150
20240116,14:28:15,1.35,150,2532150
20240116,14:28:16,1.35,1800,2532150
20240116,14:28:17,1.35,2000,2532150
20240116,14:28:19,1.35,1800,2532150
20240116,14:28:20,1.3,200,2532150
20240116,14:28:21,1.35,2750,2532150
20240116,14:28:22,1.35,300,2532150
20240116,14:28:24,1.35,2800,2532150
20240116,14:28:26,1.35,1200,2532150
20240116,14:28:29,1.35,200,2532150
20240116,14:28:32,1.35,200,2532150
20240116,14:28:33,1.35,1050,2532150
20240116,14:28:35,1.35,400,2532150
20240116,14:28:39,1.35,800,2532150
20240116,14:28:41,1.35,200,2532150
20240116,14:28:44,1.35,200,2532150
20240116,14:28:47,1.35,200,2532150
20240116,14:28:50,1.35,200,2532150
20240116,14:28:53,1.35,200,2532150
20240116,14:28:56,1.35,200,2532150
20240116,14:28:58,1.35,600,2532150
20240116,14:28:59,1.35,200,2532150
20240116,14:29:02,1.4,3350,2532150
20240116,14:29:05,1.35,200,2532150
20240116,14:29:06,1.35,600,2532150
20240116,14:29:07,1.4,150,2532150
20240116,14:29:08,1.35,200,2532150
20240116,14:29:11,1.35,200,2532150
20240116,14:29:12,1.4,2750,2532150
20240116,14:29:14,1.35,200,2532150
20240116,14:29:17,1.35,500,2532150
20240116,14:29:18,1.4,150,2532150
20240116,14:29:20,1.35,200,2532150
20240116,14:29:23,1.35,200,2532150
20240116,14:29:26,1.35,200,2532150
20240116,14:29:29,1.35,200,2532150
20240116,14:29:32,1.4,450,2532150
20240116,14:29:32,1.35,1250,2532150
20240116,14:29:33,1.4,150,2532150
20240116,14:29:34,1.4,150,2532150
20240116,14:29:35,1.35,200,2532150
20240116,14:29:38,1.35,200,2532150
20240116,14:29:41,1.35,200,2532150
20240116,14:29:42,1.4,150,2532150
20240116,14:29:44,1.35,200,2532150
20240116,14:29:47,1.35,200,2532150
20240116,14:29:50,1.35,200,2532150
20240116,14:29:53,1.35,200,2532150
20240116,14:29:56,1.35,200,2532150
20240116,14:29:59,1.35,200,2532150
20240116,14:30:02,1.35,200,2532150
20240116,14:30:04,1.35,50,2532150
20240116,14:30:05,1.35,200,2532150
20240116,14:30:06,1.35,1000,2532150
20240116,14:30:07,1.4,2800,2532150
20240116,14:30:08,1.35,200,2532150
20240116,14:30:11,1.35,200,2532150
20240116,14:30:15,1.35,200,2499000
20240116,14:30:16,1.4,150,2499000
20240116,14:30:17,1.35,200,2499000
20240116,14:30:20,1.35,200,2499000
20240116,14:30:22,1.4,1350,2499000
20240116,14:30:23,1.35,200,2499000
20240116,14:30:26,1.35,200,2499000
20240116,14:30:29,1.35,200,2499000
20240116,14:30:32,1.35,200,2499000
20240116,14:30:33,1.35,100,2499000
20240116,14:30:35,1.35,200,2499000
20240116,14:30:38,1.35,200,2499000
20240116,14:30:41,1.35,200,2499000
20240116,14:30:44,1.35,200,2499000
20240116,14:30:47,1.35,200,2499000
20240116,14:30:50,1.35,200,2499000
20240116,14:30:51,1.4,1800,2499000
20240116,14:30:53,1.35,200,2499000
20240116,14:30:55,1.4,2850,2499000
20240116,14:30:56,1.35,200,2499000
20240116,14:30:59,1.35,200,2499000
20240116,14:31:02,1.35,200,2499000
20240116,14:31:05,1.35,200,2499000
20240116,14:31:09,1.35,200,2499000
20240116,14:31:11,1.35,200,2499000
20240116,14:31:14,1.35,200,2499000
20240116,14:31:17,1.35,200,2499000
20240116,14:31:20,1.35,200,2499000
20240116,14:31:21,1.35,50,2499000
20240116,14:31:24,1.35,200,2499000
20240116,14:31:26,1.35,200,2499000
20240116,14:31:29,1.35,200,2499000
20240116,14:31:32,1.35,700,2499000
20240116,14:31:35,1.35,200,2499000
20240116,14:31:38,1.4,3500,2499000
20240116,14:31:41,1.35,200,2499000
20240116,14:31:44,1.35,200,2499000
20240116,14:31:47,1.35,200,2499000
20240116,14:31:50,1.4,2900,2499000
20240116,14:31:50,1.35,200,2499000
20240116,14:31:53,1.35,200,2499000
20240116,14:31:56,1.35,200,2499000
20240116,14:31:59,1.35,200,2499000
20240116,14:32:02,1.35,200,2499000
20240116,14:32:05,1.35,200,2499000
20240116,14:32:08,1.35,200,2499000
20240116,14:32:10,1.4,100,2499000
20240116,14:32:11,1.35,200,2499000
20240116,14:32:14,1.35,200,2499000
20240116,14:32:17,1.35,200,2499000
20240116,14:32:18,1.35,1000,2499000
20240116,14:32:20,1.35,3200,2499000
20240116,14:32:22,1.35,1000,2499000
20240116,14:32:23,1.35,200,2499000
20240116,14:32:25,1.35,1000,2499000
20240116,14:32:26,1.35,200,2499000
20240116,14:32:29,1.35,200,2499000
20240116,14:32:33,1.35,200,2499000
20240116,14:32:35,1.35,200,2499000
20240116,14:32:37,1.35,1000,2499000
20240116,14:32:38,1.35,200,2499000
20240116,14:32:39,1.35,50,2499000
20240116,14:32:42,1.35,200,2499000
20240116,14:32:44,1.35,200,2499000
20240116,14:32:47,1.35,200,2499000
20240116,14:32:50,1.35,200,2499000
20240116,14:32:53,1.35,200,2499000
20240116,14:32:56,1.35,200,2499000
20240116,14:32:59,1.35,200,2499000
20240116,14:32:59,1.4,2900,2499000
20240116,14:33:02,1.35,200,2499000
20240116,14:33:05,1.35,200,2499000
20240116,14:33:08,1.35,200,2499000
20240116,14:33:09,1.35,500,2499000
20240116,14:33:11,1.35,200,2499000
20240116,14:33:14,1.35,200,2501550
20240116,14:33:17,1.35,200,2501550
20240116,14:33:20,1.35,50,2501550
20240116,14:33:20,1.35,200,2501550
20240116,14:33:23,1.35,200,2501550
20240116,14:33:26,1.35,600,2501550
20240116,14:33:27,1.35,200,2501550
20240116,14:33:29,1.35,200,2501550
20240116,14:33:31,1.35,350,2501550
20240116,14:33:33,1.35,200,2501550
20240116,14:33:35,1.35,200,2501550
20240116,14:33:38,1.35,200,2501550
20240116,14:33:41,1.4,300,2501550
20240116,14:33:44,1.35,200,2501550
20240116,14:33:47,1.35,200,2501550
20240116,14:33:49,1.4,1800,2501550
20240116,14:33:50,1.4,1800,2501550
20240116,14:33:51,1.35,200,2501550
20240116,14:33:53,1.35,200,2501550
20240116,14:33:53,1.4,1800,2501550
20240116,14:33:54,1.4,1800,2501550
20240116,14:33:55,1.4,1800,2501550
20240116,14:33:57,1.4,2900,2501550
20240116,14:34:00,1.35,200,2501550
20240116,14:34:02,1.35,200,2501550
20240116,14:34:05,1.35,200,2501550
20240116,14:34:08,1.35,200,2501550
20240116,14:34:11,1.35,200,2501550
20240116,14:34:15,1.35,200,2501550
20240116,14:34:17,1.35,200,2501550
20240116,14:34:20,1.35,200,2501550
20240116,14:34:23,1.35,200,2501550
20240116,14:34:26,1.35,200,2501550
20240116,14:34:29,1.35,200,2501550
20240116,14:34:32,1.35,200,2501550
20240116,14:34:35,1.35,200,2501550
20240116,14:34:38,1.35,200,2501550
20240116,14:34:41,1.4,2000,2501550
20240116,14:34:42,1.4,3600,2501550
20240116,14:34:43,1.4,4050,2501550
20240116,14:34:45,1.4,8800,2501550
20240116,14:34:47,1.4,200,2501550
20240116,14:34:49,1.4,50,2501550
20240116,14:34:50,1.4,750,2501550
20240116,14:34:53,1.4,200,2501550
20240116,14:34:53,1.4,1000,2501550
20240116,14:34:56,1.4,50,2501550
20240116,14:34:57,1.4,200,2501550
20240116,14:34:58,1.4,250,2501550
20240116,14:34:58,1.4,800,2501550
20240116,14:35:00,1.4,900,2501550
20240116,14:35:02,1.4,200,2501550
20240116,14:35:05,1.4,900,2501550
20240116,14:35:06,1.4,700,2501550
20240116,14:35:07,1.4,500,2501550
20240116,14:35:07,1.4,50,2501550
20240116,14:35:08,1.4,400,2501550
20240116,14:35:10,1.4,250,2501550
20240116,14:35:11,1.4,50,2501550
20240116,14:35:12,1.4,500,2501550
20240116,14:35:14,1.4,200,2501550
20240116,14:35:14,1.4,350,2501550
20240116,14:35:17,1.4,50,2501550
20240116,14:35:17,1.4,200,2501550
20240116,14:35:19,1.4,50,2501550
20240116,14:35:20,1.4,200,2501550
20240116,14:35:21,1.4,50,2501550
20240116,14:35:22,1.4,50,2501550
20240116,14:35:23,1.4,200,2501550
20240116,14:35:26,1.4,200,2501550
20240116,14:35:27,1.45,200,2501550
20240116,14:35:28,1.4,250,2501550
20240116,14:35:29,1.4,750,2501550
20240116,14:35:30,1.4,450,2501550
20240116,14:35:31,1.4,600,2501550
20240116,14:35:32,1.4,200,2501550
20240116,14:35:33,1.4,50,2501550
20240116,14:35:35,1.4,200,2501550
20240116,14:35:36,1.4,100,2501550
20240116,14:35:37,1.4,50,2501550
20240116,14:35:39,1.4,200,2501550
20240116,14:35:40,1.4,3050,2501550
20240116,14:35:41,1.4,5850,2501550
20240116,14:35:42,1.4,300,2501550
20240116,14:35:45,1.4,250,2501550
20240116,14:35:45,1.4,350,2501550
20240116,14:35:47,1.4,200,2501550
20240116,14:35:49,1.4,1000,2501550
20240116,14:35:50,1.4,250,2501550
20240116,14:35:51,1.4,700,2501550
20240116,14:35:53,1.4,200,2501550
20240116,14:35:54,1.4,50,2501550
20240116,14:35:55,1.4,750,2501550
20240116,14:35:56,1.4,200,2501550
20240116,14:35:57,1.4,2900,2501550
20240116,14:35:59,1.35,200,2501550
20240116,14:36:00,1.4,1750,2501550
20240116,14:36:02,1.35,550,2501550
20240116,14:36:05,1.35,200,2501550
20240116,14:36:08,1.35,200,2501550
20240116,14:36:12,1.4,200,2501550
20240116,14:36:15,1.4,200,2493600
20240116,14:36:18,1.4,200,2493600
20240116,14:36:20,1.4,200,2493600
20240116,14:36:23,1.4,200,2493600
20240116,14:36:25,1.4,100,2493600
20240116,14:36:26,1.4,200,2493600
20240116,14:36:30,1.4,200,2493600
20240116,14:36:32,1.4,200,2493600
20240116,14:36:36,1.4,200,2493600
20240116,14:36:38,1.4,200,2493600
20240116,14:36:41,1.4,200,2493600
20240116,14:36:45,1.45,350,2493600
20240116,14:36:48,1.4,200,2493600
20240116,14:36:51,1.4,950,2493600
20240116,14:36:52,1.4,400,2493600
20240116,14:36:53,1.4,200,2493600
20240116,14:36:55,1.4,300,2493600
20240116,14:36:56,1.4,200,2493600
20240116,14:36:58,1.4,350,2493600
20240116,14:36:58,1.4,250,2493600
20240116,14:36:59,1.4,450,2493600
20240116,14:37:01,1.4,150,2493600
20240116,14:37:01,1.4,400,2493600
20240116,14:37:02,1.4,450,2493600
20240116,14:37:03,1.4,300,2493600
20240116,14:37:06,1.4,700,2493600
20240116,14:37:09,1.4,200,2493600
20240116,14:37:11,1.4,200,2493600
20240116,14:37:12,1.4,300,2493600
20240116,14:37:13,1.4,700,2493600
20240116,14:37:14,1.4,500,2493600
20240116,14:37:17,1.4,200,2493600
20240116,14:37:17,1.4,300,2493600
20240116,14:37:19,1.4,50,2493600
20240116,14:37:20,1.4,450,2493600
20240116,14:37:21,1.4,500,2493600
20240116,14:37:22,1.4,500,2493600
20240116,14:37:24,1.4,450,2493600
20240116,14:37:24,1.4,50,2493600
20240116,14:37:26,1.4,200,2493600
20240116,14:37:28,1.4,1750,2493600
20240116,14:37:29,1.4,200,2493600
20240116,14:37:32,1.4,200,2493600
20240116,14:37:35,1.4,200,2493600
20240116,14:37:37,1.4,50,2493600
20240116,14:37:38,1.4,50,2493600
20240116,14:37:39,1.4,250,2493600
20240116,14:37:40,1.4,50,2493600
20240116,14:37:41,1.4,50,2493600
20240116,14:37:42,1.4,1500,2493600
20240116,14:37:44,1.4,200,2493600
20240116,14:37:45,1.45,100,2493600
20240116,14:37:47,1.45,3600,2493600
20240116,14:37:48,1.45,3800,2493600
20240116,14:37:49,1.45,3650,2493600
20240116,14:37:50,1.45,3600,2493600
20240116,14:37:51,1.45,2050,2493600
20240116,14:37:52,1.45,3650,2493600
20240116,14:37:53,1.45,3900,2493600
20240116,14:37:54,1.45,3800,2493600
20240116,14:37:55,1.45,1800,2493600
20240116,14:37:57,1.4,950,2493600
20240116,14:38:00,1.4,200,2493600
20240116,14:38:03,1.4,200,2493600
20240116,14:38:06,1.45,500,2493600
20240116,14:38:08,1.4,200,2493600
20240116,14:38:11,1.4,200,2493600
20240116,14:38:14,1.4,200,2493600
20240116,14:38:17,1.4,200,2493600
20240116,14:38:20,1.4,200,2493600
20240116,14:38:21,1.4,500,2493600
20240116,14:38:23,1.4,200,2493600
20240116,14:38:26,1.4,200,2493600
20240116,14:38:29,1.4,200,2493600
20240116,14:38:33,1.4,200,2493600
20240116,14:38:35,1.4,200,2493600
20240116,14:38:38,1.4,200,2493600
20240116,14:38:41,1.4,200,2493600
20240116,14:38:43,1.45,500,2493600
20240116,14:38:44,1.4,200,2493600
20240116,14:38:47,1.4,200,2493600
20240116,14:38:49,1.4,350,2493600
20240116,14:38:51,1.4,200,2493600
20240116,14:38:53,1.45,1800,2493600
20240116,14:38:54,1.4,1400,2493600
20240116,14:38:57,1.4,200,2493600
20240116,14:38:58,1.4,1200,2493600
20240116,14:39:00,1.4,200,2493600
20240116,14:39:03,1.4,200,2493600
20240116,14:39:04,1.4,200,2493600
20240116,14:39:06,1.4,200,2493600
20240116,14:39:08,1.4,1200,2493600
20240116,14:39:11,1.4,200,2493600
20240116,14:39:14,1.4,200,2493600
20240116,14:39:17,1.4,200,2484100
20240116,14:39:20,1.4,200,2484100
20240116,14:39:24,1.4,200,2484100
20240116,14:39:26,1.4,200,2484100
20240116,14:39:30,1.4,200,2484100
20240116,14:39:33,1.4,200,2484100
20240116,14:39:34,1.4,1800,2484100
20240116,14:39:35,1.4,200,2484100
20240116,14:39:38,1.4,200,2484100
20240116,14:39:41,1.4,200,2484100
20240116,14:39:44,1.4,200,2484100
20240116,14:39:47,1.4,200,2484100
20240116,14:39:50,1.4,200,2484100
20240116,14:39:51,1.45,100,2484100
20240116,14:39:53,1.4,200,2484100
20240116,14:39:57,1.4,200,2484100
20240116,14:39:59,1.4,200,2484100
20240116,14:40:03,1.4,200,2484100
20240116,14:40:06,1.4,200,2484100
20240116,14:40:08,1.4,200,2484100
20240116,14:40:11,1.4,200,2484100
20240116,14:40:14,1.4,200,2484100
20240116,14:40:15,1.4,50,2484100
20240116,14:40:16,1.4,50,2484100
20240116,14:40:17,1.4,200,2484100
20240116,14:40:20,1.4,200,2484100
20240116,14:40:21,1.4,150,2484100
20240116,14:40:22,1.45,250,2484100
20240116,14:40:23,1.45,500,2484100
20240116,14:40:24,1.4,200,2484100
20240116,14:40:26,1.4,200,2484100
20240116,14:40:27,1.45,200,2484100
20240116,14:40:30,1.4,200,2484100
20240116,14:40:32,1.4,200,2484100
20240116,14:40:35,1.4,200,2484100
20240116,14:40:36,1.4,4100,2484100
20240116,14:40:37,1.4,3700,2484100
20240116,14:40:38,1.4,6300,2484100
20240116,14:40:39,1.4,800,2484100
20240116,14:40:40,1.4,1800,2484100
20240116,14:40:42,1.35,200,2484100
20240116,14:40:44,1.35,200,2484100
20240116,14:40:48,1.4,2000,2484100
20240116,14:40:49,1.4,3600,2484100
20240116,14:40:50,1.4,3600,2484100
20240116,14:40:51,1.4,3800,2484100
20240116,14:40:52,1.4,5400,2484100
20240116,14:40:53,1.4,2350,2484100
20240116,14:40:54,1.4,1550,2484100
20240116,14:40:55,1.4,1000,2484100
20240116,14:40:56,1.4,200,2484100
20240116,14:40:59,1.4,200,2484100
20240116,14:41:00,1.4,250,2484100
20240116,14:41:02,1.4,200,2484100
20240116,14:41:03,1.4,300,2484100
20240116,14:41:05,1.4,200,2484100
20240116,14:41:08,1.4,200,2484100
20240116,14:41:12,1.4,1100,2484100
20240116,14:41:12,1.4,250,2484100
20240116,14:41:13,1.4,250,2484100
20240116,14:41:14,1.4,200,2484100
20240116,14:41:15,1.4,350,2484100
20240116,14:41:17,1.4,750,2484100
20240116,14:41:20,1.4,200,2484100
20240116,14:41:21,1.4,300,2484100
20240116,14:41:22,1.4,350,2484100
20240116,14:41:23,1.4,700,2484100
20240116,14:41:26,1.4,200,2484100
20240116,14:41:28,1.4,1250,2484100
20240116,14:41:29,1.4,1050,2484100
20240116,14:41:30,1.4,2200,2484100
20240116,14:41:32,1.4,1350,2484100
20240116,14:41:34,1.4,3250,2484100
20240116,14:41:34,1.4,2300,2484100
20240116,14:41:35,1.4,200,2484100
20240116,14:41:36,1.4,900,2484100
20240116,14:41:38,1.4,200,2484100
20240116,14:41:40,1.4,250,2484100
20240116,14:41:41,1.4,450,2484100
20240116,14:41:44,1.4,200,2484100
20240116,14:41:45,1.4,450,2484100
20240116,14:41:47,1.4,500,2484100
20240116,14:41:50,1.4,200,2484100
20240116,14:41:51,1.4,650,2484100
20240116,14:41:52,1.4,50,2484100
20240116,14:41:53,1.4,250,2484100
20240116,14:41:55,1.4,50,2484100
20240116,14:41:56,1.4,250,2484100
20240116,14:41:58,1.4,50,2484100
20240116,14:41:59,1.4,200,2484100
20240116,14:42:00,1.4,1000,2484100
20240116,14:42:02,1.4,200,2484100
20240116,14:42:04,1.4,1000,2484100
20240116,14:42:05,1.4,200,2484100
20240116,14:42:09,1.4,200,2484100
20240116,14:42:11,1.4,200,2484100
20240116,14:42:12,1.45,900,2484100
20240116,14:42:15,1.45,1100,2468950
20240116,14:42:17,1.45,1800,2468950
20240116,14:42:18,1.4,200,2468950
20240116,14:42:20,1.4,2000,2468950
20240116,14:42:21,1.45,900,2468950
20240116,14:42:23,1.4,200,2468950
20240116,14:42:24,1.4,1800,2468950
20240116,14:42:26,1.35,200,2468950
20240116,14:42:28,1.35,2000,2468950
20240116,14:42:29,1.35,200,2468950
20240116,14:42:31,1.4,3600,2468950
20240116,14:42:33,1.4,3000,2468950
20240116,14:42:35,1.4,200,2468950
20240116,14:42:39,1.4,200,2468950
20240116,14:42:41,1.4,200,2468950
20240116,14:42:42,1.4,1800,2468950
20240116,14:42:44,1.4,1000,2468950
20240116,14:42:44,1.4,200,2468950
20240116,14:42:47,1.4,200,2468950
20240116,14:42:50,1.4,200,2468950
20240116,14:42:52,1.4,1800,2468950
20240116,14:42:53,1.4,200,2468950
20240116,14:42:55,1.4,1800,2468950
20240116,14:42:57,1.4,200,2468950
20240116,14:42:58,1.4,1800,2468950
20240116,14:43:00,1.4,200,2468950
20240116,14:43:02,1.4,200,2468950
20240116,14:43:05,1.4,200,2468950
20240116,14:43:08,1.4,200,2468950
20240116,14:43:12,1.4,200,2468950
20240116,14:43:12,1.4,150,2468950
20240116,14:43:13,1.4,50,2468950
20240116,14:43:14,1.4,250,2468950
20240116,14:43:15,1.4,50,2468950
20240116,14:43:16,1.4,100,2468950
20240116,14:43:17,1.4,200,2468950
20240116,14:43:20,1.4,200,2468950
20240116,14:43:24,1.4,200,2468950
20240116,14:43:26,1.4,200,2468950
20240116,14:43:27,1.4,50,2468950
20240116,14:43:29,1.4,200,2468950
20240116,14:43:32,1.4,200,2468950
20240116,14:43:35,1.4,200,2468950
20240116,14:43:35,1.4,1800,2468950
20240116,14:43:37,1.4,150,2468950
20240116,14:43:38,1.4,2050,2468950
20240116,14:43:39,1.4,50,2468950
20240116,14:43:40,1.4,200,2468950
20240116,14:43:41,1.4,200,2468950
20240116,14:43:42,1.4,1800,2468950
20240116,14:43:44,1.4,200,2468950
20240116,14:43:45,1.4,1800,2468950
20240116,14:43:45,1.4,250,2468950
20240116,14:43:47,1.4,200,2468950
20240116,14:43:48,1.4,1800,2468950
20240116,14:43:49,1.4,100,2468950
20240116,14:43:49,1.4,50,2468950
20240116,14:43:50,1.4,200,2468950
20240116,14:43:54,1.4,200,2468950
20240116,14:43:56,1.4,200,2468950
20240116,14:43:58,1.4,50,2468950
20240116,14:43:59,1.4,200,2468950
20240116,14:44:00,1.45,150,2468950
20240116,14:44:02,1.4,200,2468950
20240116,14:44:05,1.4,50,2468950
20240116,14:44:05,1.4,200,2468950
20240116,14:44:08,1.4,200,2468950
20240116,14:44:12,1.4,700,2468950
20240116,14:44:14,1.4,200,2468950
20240116,14:44:17,1.4,200,2468950
20240116,14:44:18,1.4,1800,2468950
20240116,14:44:20,1.4,200,2468950
20240116,14:44:21,1.4,1800,2468950
20240116,14:44:23,1.4,200,2468950
20240116,14:44:26,1.4,200,2468950
20240116,14:44:28,1.4,1000,2468950
20240116,14:44:28,1.4,1800,2468950
20240116,14:44:29,1.4,200,2468950
20240116,14:44:32,1.4,200,2468950
20240116,14:44:34,1.45,400,2468950
20240116,14:44:35,1.4,200,2468950
20240116,14:44:38,1.4,200,2468950
20240116,14:44:41,1.4,1800,2468950
20240116,14:44:41,1.4,200,2468950
20240116,14:44:44,1.4,50,2468950
20240116,14:44:44,1.4,200,2468950
20240116,14:44:47,1.4,200,2468950
20240116,14:44:48,1.4,150,2468950
20240116,14:44:50,1.4,200,2468950
20240116,14:44:52,1.4,100,2468950
20240116,14:44:53,1.4,200,2468950
20240116,14:44:56,1.4,200,2468950
20240116,14:44:59,1.4,200,2468950
20240116,14:45:02,1.4,200,2468950
20240116,14:45:05,1.4,200,2468950
20240116,14:45:08,1.4,200,2468950
20240116,14:45:11,1.4,200,2468950
20240116,14:45:14,1.4,200,2468950
20240116,14:45:17,1.4,200,2462900
20240116,14:45:21,1.4,200,2462900
20240116,14:45:22,1.45,1800,2462900
20240116,14:45:23,1.4,2000,2462900
20240116,14:45:26,1.4,200,2462900
20240116,14:45:29,1.4,200,2462900
20240116,14:45:30,1.4,50,2462900
20240116,14:45:32,1.4,100,2462900
20240116,14:45:33,1.4,200,2462900
20240116,14:45:35,1.4,1200,2462900
20240116,14:45:38,1.4,150,2462900
20240116,14:45:39,1.4,200,2462900
20240116,14:45:40,1.4,1000,2462900
20240116,14:45:41,1.4,200,2462900
20240116,14:45:43,1.45,200,2462900
20240116,14:45:44,1.4,400,2462900
20240116,14:45:45,1.4,350,2462900
20240116,14:45:47,1.4,1700,2462900
20240116,14:45:51,1.4,200,2462900
20240116,14:45:53,1.4,200,2462900
20240116,14:45:56,1.4,200,2462900
20240116,14:45:59,1.4,200,2462900
20240116,14:46:02,1.4,200,2462900
20240116,14:46:05,1.4,200,2462900
20240116,14:46:08,1.4,200,2462900
20240116,14:46:10,1.45,50,2462900
20240116,14:46:11,1.4,200,2462900
20240116,14:46:14,1.4,200,2462900
20240116,14:46:17,1.4,200,2462900
20240116,14:46:20,1.4,200,2462900
20240116,14:46:24,1.4,200,2462900
20240116,14:46:26,1.4,7450,2462900
20240116,14:46:29,1.35,3200,2462900
20240116,14:46:32,1.35,200,2462900
20240116,14:46:34,1.4,3000,2462900
20240116,14:46:36,1.35,200,2462900
20240116,14:46:38,1.35,200,2462900
20240116,14:46:41,1.35,200,2462900
20240116,14:46:44,1.4,350,2462900
20240116,14:46:47,1.4,1400,2462900
20240116,14:46:51,1.4,200,2462900
20240116,14:46:53,1.4,200,2462900
20240116,14:46:57,1.4,200,2462900
20240116,14:47:00,1.4,200,2462900
20240116,14:47:03,1.4,200,2462900
20240116,14:47:05,1.45,400,2462900
20240116,14:47:06,1.4,200,2462900
20240116,14:47:08,1.4,200,2462900
20240116,14:47:11,1.4,200,2462900
20240116,14:47:15,1.4,200,2462900
20240116,14:47:17,1.4,200,2462900
20240116,14:47:19,1.45,800,2462900
20240116,14:47:20,1.4,200,2462900
20240116,14:47:24,1.4,200,2462900
20240116,14:47:26,1.4,200,2462900
20240116,14:47:30,1.4,200,2462900
20240116,14:47:33,1.45,1300,2462900
20240116,14:47:34,1.45,250,2462900
20240116,14:47:36,1.4,200,2462900
20240116,14:47:38,1.4,200,2462900
20240116,14:47:41,1.4,200,2462900
20240116,14:47:44,1.4,200,2462900
20240116,14:47:48,1.45,850,2462900
20240116,14:47:50,1.4,200,2462900
20240116,14:47:52,1.4,1000,2462900
20240116,14:47:53,1.4,200,2462900
20240116,14:47:56,1.4,200,2462900
20240116,14:47:59,1.4,200,2462900
20240116,14:48:02,1.4,200,2462900
20240116,14:48:05,1.4,200,2462900
20240116,14:48:09,1.4,200,2462900
20240116,14:48:11,1.4,200,2462900
20240116,14:48:14,1.4,200,2462900
20240116,14:48:17,1.4,250,2453300
20240116,14:48:20,1.4,200,2453300
20240116,14:48:23,1.4,200,2453300
20240116,14:48:26,1.4,200,2453300
20240116,14:48:29,1.4,200,2453300
20240116,14:48:33,1.4,200,2453300
20240116,14:48:36,1.4,200,2453300
20240116,14:48:37,1.4,500,2453300
20240116,14:48:38,1.4,200,2453300
20240116,14:48:41,1.4,200,2453300
20240116,14:48:44,1.4,200,2453300
20240116,14:48:47,1.4,200,2453300
20240116,14:48:48,1.4,50,2453300
20240116,14:48:50,1.4,200,2453300
20240116,14:48:53,1.4,200,2453300
20240116,14:48:56,1.4,200,2453300
20240116,14:48:57,1.45,1350,2453300
20240116,14:48:59,1.4,200,2453300
20240116,14:49:02,1.4,200,2453300
20240116,14:49:05,1.4,200,2453300
20240116,14:49:08,1.4,200,2453300
20240116,14:49:11,1.4,200,2453300
20240116,14:49:14,1.4,200,2453300
20240116,14:49:18,1.45,1250,2453300
20240116,14:49:19,1.45,250,2453300
20240116,14:49:20,1.4,200,2453300
20240116,14:49:23,1.4,200,2453300
20240116,14:49:24,1.45,250,2453300
20240116,14:49:25,1.45,300,2453300
20240116,14:49:26,1.4,200,2453300
20240116,14:49:29,1.4,200,2453300
20240116,14:49:30,1.45,250,2453300
20240116,14:49:32,1.4,450,2453300
20240116,14:49:35,1.4,200,2453300
20240116,14:49:38,1.4,200,2453300
20240116,14:49:41,1.4,200,2453300
20240116,14:49:42,1.45,400,2453300
20240116,14:49:44,1.4,200,2453300
20240116,14:49:47,1.4,200,2453300
20240116,14:49:51,1.4,200,2453300
20240116,14:49:53,1.4,200,2453300
20240116,14:49:56,1.4,200,2453300
20240116,14:49:59,1.4,200,2453300
20240116,14:50:02,1.4,200,2453300
20240116,14:50:05,1.4,200,2453300
20240116,14:50:08,1.4,200,2453300
20240116,14:50:12,1.4,200,2453300
20240116,14:50:14,1.4,200,2453300
20240116,14:50:17,1.4,200,2453300
20240116,14:50:20,1.4,200,2453300
20240116,14:50:23,1.4,200,2453300
20240116,14:50:26,1.4,200,2453300
20240116,14:50:29,1.4,200,2453300
20240116,14:50:30,1.45,1100,2453300
20240116,14:50:32,1.4,200,2453300
20240116,14:50:35,1.4,200,2453300
20240116,14:50:38,1.4,200,2453300
20240116,14:50:41,1.4,200,2453300
20240116,14:50:44,1.4,200,2453300
20240116,14:50:47,1.4,200,2453300
20240116,14:50:51,1.4,200,2453300
20240116,14:50:53,1.4,200,2453300
20240116,14:50:56,1.4,200,2453300
20240116,14:50:59,1.4,200,2453300
20240116,14:51:02,1.4,200,2453300
20240116,14:51:05,1.4,200,2453300
20240116,14:51:08,1.4,200,2453300
20240116,14:51:09,1.4,50,2453300
20240116,14:51:11,1.4,200,2453300
20240116,14:51:14,1.4,200,2453300
20240116,14:51:17,1.4,200,2449850
20240116,14:51:21,1.4,200,2449850
20240116,14:51:23,1.4,200,2449850
20240116,14:51:26,1.4,200,2449850
20240116,14:51:30,1.4,200,2449850
20240116,14:51:31,1.4,250,2449850
20240116,14:51:32,1.4,200,2449850
20240116,14:51:33,1.45,1800,2449850
20240116,14:51:34,1.45,5400,2449850
20240116,14:51:35,1.45,5400,2449850
20240116,14:51:36,1.45,5600,2449850
20240116,14:51:37,1.45,1750,2449850
20240116,14:51:38,1.4,200,2449850
20240116,14:51:41,1.45,1000,2449850
20240116,14:51:42,1.4,200,2449850
20240116,14:51:45,1.4,1450,2449850
20240116,14:51:47,1.4,200,2449850
20240116,14:51:51,1.4,200,2449850
20240116,14:51:53,1.4,200,2449850
20240116,14:51:56,1.4,200,2449850
20240116,14:51:59,1.4,200,2449850
20240116,14:52:01,1.45,50,2449850
20240116,14:52:02,1.4,200,2449850
20240116,14:52:05,1.4,200,2449850
20240116,14:52:06,1.45,1800,2449850
20240116,14:52:07,1.45,1800,2449850
20240116,14:52:08,1.4,200,2449850
20240116,14:52:09,1.45,1800,2449850
20240116,14:52:11,1.4,200,2449850
20240116,14:52:14,1.4,200,2449850
20240116,14:52:16,1.45,1150,2449850
20240116,14:52:17,1.4,200,2449850
20240116,14:52:18,1.4,50,2449850
20240116,14:52:19,1.45,50,2449850
20240116,14:52:20,1.4,200,2449850
20240116,14:52:23,1.4,200,2449850
20240116,14:52:26,1.4,200,2449850
20240116,14:52:29,1.4,200,2449850
20240116,14:52:32,1.4,200,2449850
20240116,14:52:35,1.4,200,2449850
20240116,14:52:38,1.4,200,2449850
20240116,14:52:41,1.4,200,2449850
20240116,14:52:44,1.4,200,2449850
20240116,14:52:47,1.4,200,2449850
20240116,14:52:48,1.4,1000,2449850
20240116,14:52:50,1.4,200,2449850
20240116,14:52:53,1.4,200,2449850
20240116,14:52:55,1.45,500,2449850
20240116,14:52:56,1.4,200,2449850
20240116,14:52:57,1.45,3350,2449850
20240116,14:52:59,1.4,200,2449850
20240116,14:53:02,1.4,200,2449850
20240116,14:53:05,1.4,50,2449850
20240116,14:53:05,1.4,200,2449850
20240116,14:53:09,1.4,200,2449850
20240116,14:53:11,1.4,200,2449850
20240116,14:53:14,1.4,200,2449850
20240116,14:53:17,1.4,200,2449850
20240116,14:53:20,1.4,200,2449850
20240116,14:53:23,1.4,200,2449850
20240116,14:53:27,1.4,200,2449850
20240116,14:53:29,1.4,200,2449850
20240116,14:53:33,1.4,200,2449850
20240116,14:53:35,1.4,200,2449850
20240116,14:53:38,1.4,200,2449850
20240116,14:53:42,1.4,200,2449850
20240116,14:53:43,1.45,50,2449850
20240116,14:53:43,1.4,50,2449850
20240116,14:53:44,1.4,200,2449850
20240116,14:53:48,1.4,200,2449850
20240116,14:53:50,1.4,200,2449850
20240116,14:53:53,1.4,200,2449850
20240116,14:53:57,1.4,200,2449850
20240116,14:53:59,1.4,200,2449850
20240116,14:54:01,1.4,150,2449850
20240116,14:54:02,1.4,200,2449850
20240116,14:54:05,1.4,200,2449850
20240116,14:54:08,1.4,200,2449850
20240116,14:54:10,1.45,50,2449850
20240116,14:54:11,1.4,200,2449850
20240116,14:54:14,1.4,200,2449850
20240116,14:54:17,1.4,200,2453800
20240116,14:54:20,1.4,200,2453800
20240116,14:54:21,1.4,600,2453800
20240116,14:54:23,1.4,200,2453800
20240116,14:54:26,1.4,200,2453800
20240116,14:54:29,1.4,200,2453800
20240116,14:54:30,1.4,1150,2453800
20240116,14:54:33,1.4,1150,2453800
20240116,14:54:36,1.4,1150,2453800
20240116,14:54:40,1.4,1150,2453800
20240116,14:54:42,1.4,1150,2453800
20240116,14:54:46,1.4,1150,2453800
20240116,14:54:49,1.4,1150,2453800
20240116,14:54:51,1.4,1150,2453800
20240116,14:54:52,1.4,500,2453800
20240116,14:54:54,1.4,1150,2453800
20240116,14:54:56,1.4,1500,2453800
20240116,14:54:57,1.4,500,2453800
20240116,14:54:58,1.4,2650,2453800
20240116,14:54:59,1.4,1800,2453800
20240116,14:55:00,1.4,4850,2453800
20240116,14:55:01,1.4,1200,2453800
20240116,14:55:04,1.35,1150,2453800
20240116,14:55:06,1.35,1200,2453800
20240116,14:55:08,1.35,50,2453800
20240116,14:55:09,1.4,2350,2453800
20240116,14:55:10,1.35,1150,2453800
20240116,14:55:13,1.35,1150,2453800
20240116,14:55:16,1.35,1150,2453800
20240116,14:55:19,1.35,1150,2453800
20240116,14:55:20,1.35,300,2453800
20240116,14:55:22,1.35,1150,2453800
20240116,14:55:25,1.35,1150,2453800
20240116,14:55:28,1.35,1150,2453800
20240116,14:55:30,1.35,1150,2453800
20240116,14:55:34,1.35,1150,2453800
20240116,14:55:35,1.35,750,2453800
20240116,14:55:37,1.35,1150,2453800
20240116,14:55:39,1.35,1150,2453800
20240116,14:55:41,1.35,1200,2453800
20240116,14:55:42,1.35,1250,2453800
20240116,14:55:44,1.35,1200,2453800
20240116,14:55:45,1.35,3900,2453800
20240116,14:55:46,1.35,1750,2453800
20240116,14:55:48,1.35,1150,2453800
20240116,14:55:50,1.35,900,2453800
20240116,14:55:51,1.3,1150,2453800
20240116,14:55:55,1.3,1150,2453800
20240116,14:55:56,1.35,350,2453800
20240116,14:55:57,1.3,1150,2453800
20240116,14:56:01,1.35,3000,2453800
20240116,14:56:02,1.3,1800,2453800
20240116,14:56:03,1.3,2950,2453800
20240116,14:56:06,1.3,1800,2453800
20240116,14:56:07,1.3,1150,2453800
20240116,14:56:08,1.3,2100,2453800
20240116,14:56:10,1.3,2950,2453800
20240116,14:56:11,1.3,1700,2453800
20240116,14:56:12,1.3,4400,2453800
20240116,14:56:16,1.3,1150,2453800
20240116,14:56:19,1.3,1150,2453800
20240116,14:56:21,1.3,1150,2453800
20240116,14:56:25,1.3,1150,2453800
20240116,14:56:28,1.3,1150,2453800
20240116,14:56:31,1.3,1150,2453800
20240116,14:56:32,1.35,500,2453800
20240116,14:56:34,1.3,1150,2453800
20240116,14:56:37,1.3,1150,2453800
20240116,14:56:39,1.3,1150,2453800
20240116,14:56:43,1.3,1150,2453800
20240116,14:56:46,1.3,1150,2453800
20240116,14:56:49,1.3,1150,2453800
20240116,14:56:51,1.3,1150,2453800
20240116,14:56:55,1.3,1150,2453800
20240116,14:56:55,1.3,500,2453800
20240116,14:56:57,1.3,1150,2453800
20240116,14:57:01,1.3,1650,2453800
20240116,14:57:03,1.3,1150,2453800
20240116,14:57:05,1.3,1750,2453800
20240116,14:57:07,1.3,1150,2453800
20240116,14:57:10,1.3,1850,2453800
20240116,14:57:13,1.3,1150,2453800
20240116,14:57:16,1.3,1150,2453800
20240116,14:57:19,1.3,1150,2438600
20240116,14:57:20,1.3,250,2438600
20240116,14:57:22,1.3,1150,2438600
20240116,14:57:25,1.3,4650,2438600
20240116,14:57:25,1.3,4550,2438600
20240116,14:57:27,1.35,2200,2438600
20240116,14:57:28,1.3,1350,2438600
20240116,14:57:28,1.3,450,2438600
20240116,14:57:31,1.25,4150,2438600
20240116,14:57:32,1.25,150,2438600
20240116,14:57:34,1.25,1150,2438600
20240116,14:57:37,1.3,1150,2438600
20240116,14:57:39,1.3,1100,2438600
20240116,14:57:40,1.3,400,2438600
20240116,14:57:42,1.3,50,2438600
20240116,14:57:43,1.25,1150,2438600
20240116,14:57:46,1.25,1800,2438600
20240116,14:57:48,1.3,250,2438600
20240116,14:57:49,1.25,1150,2438600
20240116,14:57:52,1.25,1400,2438600
20240116,14:57:53,1.3,50,2438600
20240116,14:57:55,1.25,1150,2438600
20240116,14:57:58,1.25,1150,2438600
20240116,14:58:01,1.3,1200,2438600
20240116,14:58:03,1.25,1150,2438600
20240116,14:58:07,1.25,1150,2438600
20240116,14:58:10,1.25,1150,2438600
20240116,14:58:13,1.25,1150,2438600
20240116,14:58:15,1.25,1150,2438600
20240116,14:58:19,1.25,1200,2438600
20240116,14:58:20,1.3,6100,2438600
20240116,14:58:22,1.25,1200,2438600
20240116,14:58:25,1.25,1150,2438600
20240116,14:58:28,1.25,1150,2438600
20240116,14:58:31,1.25,1150,2438600
20240116,14:58:34,1.25,1150,2438600
20240116,14:58:36,1.25,1150,2438600
20240116,14:58:40,1.25,1150,2438600
20240116,14:58:42,1.25,11750,2438600
20240116,14:58:43,1.2,6200,2438600
20240116,14:58:46,1.2,5900,2438600
20240116,14:58:48,1.2,1150,2438600
20240116,14:58:50,1.2,50,2438600
20240116,14:58:52,1.2,1150,2438600
20240116,14:58:55,1.2,2950,2438600
20240116,14:58:58,1.2,3450,2438600
20240116,14:58:59,1.2,1800,2438600
20240116,14:59:01,1.2,1850,2438600
20240116,14:59:04,1.2,1150,2438600
20240116,14:59:06,1.2,3200,2438600
20240116,14:59:07,1.2,1150,2438600
20240116,14:59:10,1.2,1150,2438600
20240116,14:59:13,1.2,1150,2438600
20240116,14:59:15,1.2,1150,2438600
20240116,14:59:18,1.2,1150,2438600
20240116,14:59:21,1.2,2850,2438600
20240116,14:59:25,1.2,1750,2438600
20240116,14:59:28,1.2,1150,2438600
20240116,14:59:30,1.2,1150,2438600
20240116,14:59:31,1.2,800,2438600
20240116,14:59:34,1.15,1150,2438600
20240116,14:59:35,1.15,50,2438600
20240116,14:59:37,1.2,1150,2438600
20240116,14:59:40,1.2,1150,2438600
20240116,14:59:42,1.25,6650,2438600
20240116,14:59:43,1.15,1150,2438600
20240116,14:59:46,1.2,2950,2438600
20240116,14:59:49,1.2,4750,2438600
20240116,14:59:50,1.2,400,2438600
20240116,14:59:52,1.15,1150,2438600
20240116,14:59:55,1.2,1150,2438600
20240116,14:59:58,1.15,4250,2438600
20240116,14:59:59,1.2,5400,2438600
20240116,15:00:03,1.15,250,2438600
20240116,15:00:06,1.25,2100,2438600
20240116,15:00:08,1.2,1800,2438600
20240116,15:00:10,1.2,750,2438600
20240116,15:00:17,1.2,650,2410100
20240116,15:00:21,1.2,500,2410100
20240116,15:00:22,1.2,400,2410100
20240116,15:00:23,1.2,250,2410100
20240116,15:00:26,1.2,1200,2410100
20240116,15:00:27,1.2,650,2410100
20240116,15:00:28,1.2,300,2410100
20240116,15:00:29,1.2,1300,2410100
20240116,15:00:36,1.2,50,2410100
20240116,15:00:39,1.25,50,2410100
20240116,15:00:42,1.25,1800,2410100
20240116,15:00:43,1.25,200,2410100
20240116,15:01:02,1.25,400,2410100
20240116,15:01:05,1.25,950,2410100
20240116,15:01:13,1.2,50,2410100
20240116,15:01:17,1.25,3600,2410100
20240116,15:01:25,1.2,950,2410100
20240116,15:01:40,1.25,1100,2410100
20240116,15:01:46,1.25,50,2410100
20240116,15:01:47,1.2,750,2410100
20240116,15:01:49,1.2,1850,2410100
20240116,15:01:50,1.25,600,2410100
20240116,15:01:52,1.2,400,2410100
20240116,15:01:54,1.25,350,2410100
20240116,15:01:55,1.2,400,2410100
20240116,15:01:58,1.25,50,2410100
20240116,15:02:02,1.2,150,2410100
20240116,15:02:04,1.2,250,2410100
20240116,15:02:09,1.25,53600,2410100
20240116,15:02:11,1.25,3600,2410100
20240116,15:02:18,1.25,2650,2410100
20240116,15:02:25,1.2,1600,2410100
20240116,15:02:27,1.25,550,2410100
20240116,15:02:31,1.2,1800,2410100
20240116,15:02:32,1.2,1800,2410100
20240116,15:02:33,1.2,1800,2410100
20240116,15:02:35,1.2,1800,2410100
20240116,15:02:55,1.2,500,2410100
20240116,15:03:07,1.25,500,2410100
20240116,15:03:18,1.25,3000,2410100
20240116,15:03:23,1.2,50,2360200
20240116,15:03:25,1.2,1000,2360200
20240116,15:03:41,1.25,10800,2360200
20240116,15:03:42,1.25,12600,2360200
20240116,15:03:43,1.25,7550,2360200
20240116,15:03:45,1.3,400,2360200
20240116,15:03:47,1.3,400,2360200
20240116,15:03:48,1.25,1800,2360200
20240116,15:03:50,1.3,50,2360200
20240116,15:03:57,1.25,300,2360200
20240116,15:04:02,1.3,1800,2360200
20240116,15:04:10,1.25,50,2360200
20240116,15:04:16,1.25,450,2360200
20240116,15:04:20,1.25,50,2360200
20240116,15:04:22,1.25,300,2360200
20240116,15:04:24,1.25,1500,2360200
20240116,15:04:25,1.3,750,2360200
20240116,15:04:26,1.25,250,2360200
20240116,15:04:28,1.25,1200,2360200
20240116,15:04:30,1.25,300,2360200
20240116,15:04:31,1.25,250,2360200
20240116,15:04:45,1.25,1500,2360200
20240116,15:04:46,1.25,1000,2360200
20240116,15:04:51,1.3,28600,2360200
20240116,15:04:53,1.3,3600,2360200
20240116,15:04:58,1.3,1800,2360200
20240116,15:04:59,1.3,300,2360200
20240116,15:05:01,1.3,50,2360200
20240116,15:05:30,1.3,12950,2360200
20240116,15:05:31,1.3,1800,2360200
20240116,15:05:34,1.3,50,2360200
20240116,15:05:37,1.3,350,2360200
20240116,15:05:38,1.35,1750,2360200
20240116,15:05:39,1.3,50,2360200
20240116,15:05:51,1.3,500,2360200
20240116,15:05:54,1.3,500,2360200
20240116,15:05:55,1.3,300,2360200
20240116,15:06:00,1.3,15300,2360200
20240116,15:06:01,1.3,3600,2360200
20240116,15:06:03,1.3,1800,2360200
20240116,15:06:04,1.3,5900,2360200
20240116,15:06:12,1.3,2200,2360200
20240116,15:06:19,1.25,50,2408700
20240116,15:06:22,1.25,1800,2408700
20240116,15:06:23,1.25,1800,2408700
20240116,15:06:24,1.25,1800,2408700
20240116,15:06:26,1.25,1800,2408700
20240116,15:06:34,1.3,2150,2408700
20240116,15:06:49,1.3,2150,2408700
20240116,15:06:55,1.3,50,2408700
20240116,15:07:04,1.3,2150,2408700
20240116,15:07:19,1.3,2150,2408700
20240116,15:07:34,1.3,2150,2408700
20240116,15:07:35,1.25,1800,2408700
20240116,15:07:37,1.3,1650,2408700
20240116,15:07:38,1.25,1800,2408700
20240116,15:07:42,1.25,4000,2408700
20240116,15:07:43,1.25,4100,2408700
20240116,15:07:45,1.25,2000,2408700
20240116,15:07:50,1.3,2150,2408700
20240116,15:07:55,1.25,1800,2408700
20240116,15:07:58,1.25,50,2408700
20240116,15:08:00,1.25,500,2408700
20240116,15:08:01,1.3,50,2408700
20240116,15:08:04,1.3,2750,2408700
20240116,15:08:19,1.3,2150,2408700
20240116,15:08:21,1.25,300,2408700
20240116,15:08:26,1.25,2250,2408700
20240116,15:08:34,1.3,2150,2408700
20240116,15:08:41,1.25,500,2408700
20240116,15:08:42,1.3,50,2408700
20240116,15:08:49,1.3,2150,2408700
20240116,15:08:50,1.25,300,2408700
20240116,15:08:52,1.25,750,2408700
20240116,15:09:01,1.3,50,2408700
20240116,15:09:01,1.25,1800,2408700
20240116,15:09:04,1.3,2150,2408700
20240116,15:09:06,1.25,700,2408700
20240116,15:09:18,1.3,1800,2434750
20240116,15:09:20,1.3,6850,2434750
20240116,15:09:20,1.3,1800,2434750
20240116,15:09:24,1.25,250,2434750
20240116,15:09:24,1.25,1800,2434750
20240116,15:09:28,1.25,450,2434750
20240116,15:09:34,1.3,2150,2434750
20240116,15:09:41,1.25,250,2434750
20240116,15:09:45,1.25,450,2434750
20240116,15:09:49,1.3,2150,2434750
20240116,15:09:52,1.25,200,2434750
20240116,15:09:54,1.25,900,2434750
20240116,15:09:55,1.25,750,2434750
20240116,15:09:57,1.25,100,2434750
20240116,15:10:01,1.3,50,2434750
20240116,15:10:03,1.3,50,2434750
20240116,15:10:04,1.3,5750,2434750
20240116,15:10:05,1.3,1800,2434750
20240116,15:10:19,1.3,2150,2434750
20240116,15:10:20,1.25,50,2434750
20240116,15:10:35,1.3,2150,2434750
20240116,15:10:39,1.25,50,2434750
20240116,15:10:42,1.25,1600,2434750
20240116,15:10:45,1.25,1000,2434750
20240116,15:10:46,1.25,100,2434750
20240116,15:10:48,1.25,100,2434750
20240116,15:10:50,1.3,2150,2434750
20240116,15:10:51,1.25,1200,2434750
20240116,15:10:52,1.25,1000,2434750
20240116,15:10:53,1.25,200,2434750
20240116,15:10:56,1.25,300,2434750
20240116,15:11:01,1.25,850,2434750
20240116,15:11:02,1.25,550,2434750
20240116,15:11:03,1.25,850,2434750
20240116,15:11:05,1.25,2200,2434750
20240116,15:11:06,1.25,1000,2434750
20240116,15:11:10,1.3,1500,2434750
20240116,15:11:16,1.3,500,2434750
20240116,15:11:19,1.3,1800,2434750
20240116,15:11:20,1.3,3950,2434750
20240116,15:11:21,1.25,200,2434750
20240116,15:11:22,1.3,200,2434750
20240116,15:11:26,1.25,1050,2434750
20240116,15:11:33,1.25,100,2434750
20240116,15:11:34,1.3,2150,2434750
20240116,15:11:35,1.25,50,2434750
20240116,15:11:39,1.25,400,2434750
20240116,15:11:45,1.25,1800,2434750
20240116,15:11:46,1.3,500,2434750
20240116,15:11:47,1.25,1800,2434750
20240116,15:11:48,1.25,1950,2434750
20240116,15:11:50,1.3,2150,2434750
20240116,15:11:52,1.25,1650,2434750
20240116,15:11:53,1.25,1200,2434750
20240116,15:11:55,1.25,200,2434750
20240116,15:11:56,1.25,500,2434750
20240116,15:12:00,1.3,1000,2434750
20240116,15:12:04,1.3,2150,2434750
20240116,15:12:05,1.25,500,2434750
20240116,15:12:09,1.3,50,2434750
20240116,15:12:11,1.3,50,2434750
20240116,15:12:18,1.3,400,2434750
20240116,15:12:19,1.3,2150,2463200
20240116,15:12:25,1.3,500,2463200
20240116,15:12:26,1.3,500,2463200
20240116,15:12:31,1.3,2350,2463200
20240116,15:12:34,1.3,2350,2463200
20240116,15:12:38,1.3,500,2463200
20240116,15:12:41,1.25,50,2463200
20240116,15:12:49,1.3,2150,2463200
20240116,15:12:50,1.25,600,2463200
20240116,15:12:52,1.25,1800,2463200
20240116,15:12:55,1.25,1800,2463200
20240116,15:12:57,1.25,1800,2463200
20240116,15:12:58,1.25,27650,2463200
20240116,15:13:00,1.3,4000,2463200
20240116,15:13:01,1.25,1800,2463200
20240116,15:13:02,1.25,2850,2463200
20240116,15:13:03,1.3,5000,2463200
20240116,15:13:04,1.3,2150,2463200
20240116,15:13:08,1.25,100,2463200
20240116,15:13:09,1.25,2800,2463200
20240116,15:13:11,1.25,1800,2463200
20240116,15:13:19,1.3,8150,2463200
20240116,15:13:23,1.25,400,2463200
20240116,15:13:27,1.25,500,2463200
20240116,15:13:32,1.25,1800,2463200
20240116,15:13:35,1.25,3550,2463200
20240116,15:13:35,1.25,1800,2463200
20240116,15:13:36,1.25,2050,2463200
20240116,15:13:37,1.25,250,2463200
20240116,15:13:38,1.25,1000,2463200
20240116,15:13:41,1.2,50,2463200
20240116,15:13:45,1.2,1800,2463200
20240116,15:13:46,1.2,1800,2463200
20240116,15:13:48,1.2,1700,2463200
20240116,15:13:49,1.25,2150,2463200
20240116,15:13:52,1.25,900,2463200
20240116,15:14:01,1.25,150,2463200
20240116,15:14:04,1.25,2300,2463200
20240116,15:14:05,1.25,50,2463200
20240116,15:14:09,1.25,1000,2463200
20240116,15:14:19,1.25,2150,2463200
20240116,15:14:29,1.25,1000,2463200
20240116,15:14:34,1.25,2150,2463200
20240116,15:14:48,1.2,1500,2463200
20240116,15:14:48,1.2,3150,2463200
20240116,15:14:49,1.25,5150,2463200
20240116,15:14:51,1.2,600,2463200
20240116,15:14:52,1.25,15200,2463200
20240116,15:14:53,1.25,800,2463200
20240116,15:14:55,1.25,1400,2463200
20240116,15:14:58,1.25,200,2463200
20240116,15:15:00,1.2,1450,2463200
20240116,15:15:00,1.2,650,2463200
20240116,15:15:02,1.2,600,2463200
20240116,15:15:04,1.25,6600,2463200
20240116,15:15:10,1.2,50,2463200
20240116,15:15:19,1.25,2150,2463200
20240116,15:15:24,1.2,300,2471300
20240116,15:15:25,1.2,50,2471300
20240116,15:15:28,1.2,200,2471300
20240116,15:15:29,1.2,3300,2471300
20240116,15:15:32,1.2,500,2471300
20240116,15:15:34,1.25,2150,2471300
20240116,15:15:35,1.2,1800,2471300
20240116,15:15:36,1.25,1000,2471300
20240116,15:15:37,1.2,3600,2471300
20240116,15:15:41,1.2,500,2471300
20240116,15:15:41,1.2,300,2471300
20240116,15:15:42,1.2,2700,2471300
20240116,15:15:43,1.2,1000,2471300
20240116,15:15:44,1.2,8000,2471300
20240116,15:15:45,1.2,2550,2471300
20240116,15:15:48,1.2,1000,2471300
20240116,15:15:49,1.25,3500,2471300
20240116,15:15:54,1.2,700,2471300
20240116,15:15:55,1.2,1800,2471300
20240116,15:15:56,1.2,1400,2471300
20240116,15:15:58,1.2,1800,2471300
20240116,15:16:02,1.2,550,2471300
20240116,15:16:04,1.2,1800,2471300
20240116,15:16:04,1.25,2150,2471300
20240116,15:16:05,1.2,1800,2471300
20240116,15:16:08,1.2,3050,2471300
20240116,15:16:11,1.2,350,2471300
20240116,15:16:13,1.2,2600,2471300
20240116,15:16:14,1.25,4650,2471300
20240116,15:16:15,1.25,1000,2471300
20240116,15:16:17,1.25,1000,2471300
20240116,15:16:18,1.25,1000,2471300
20240116,15:16:18,1.2,1000,2471300
20240116,15:16:20,1.25,2950,2471300
20240116,15:16:21,1.2,500,2471300
20240116,15:16:23,1.2,1100,2471300
20240116,15:16:23,1.2,1800,2471300
20240116,15:16:27,1.2,6000,2471300
20240116,15:16:28,1.2,1500,2471300
20240116,15:16:31,1.2,2500,2471300
20240116,15:16:34,1.25,2150,2471300
20240116,15:16:34,1.2,1800,2471300
20240116,15:16:37,1.2,500,2471300
20240116,15:16:44,1.25,550,2471300
20240116,15:16:45,1.2,1850,2471300
20240116,15:16:49,1.25,2150,2471300
20240116,15:16:53,1.25,50,2471300
20240116,15:16:55,1.2,400,2471300
20240116,15:16:55,1.25,250,2471300
20240116,15:16:57,1.25,50,2471300
20240116,15:17:00,1.25,1000,2471300
20240116,15:17:02,1.25,1000,2471300
20240116,15:17:03,1.2,3600,2471300
20240116,15:17:04,1.25,7650,2471300
20240116,15:17:10,1.15,1500,2471300
20240116,15:17:15,1.15,50,2471300
20240116,15:17:19,1.2,2200,2471300
20240116,15:17:22,1.2,50,2471300
20240116,15:17:23,1.15,1450,2471300
20240116,15:17:30,1.2,1000,2471300
20240116,15:17:32,1.15,1900,2471300
20240116,15:17:33,1.2,1000,2471300
20240116,15:17:34,1.2,2150,2471300
20240116,15:17:35,1.2,1000,2471300
20240116,15:17:37,1.2,400,2471300
20240116,15:17:39,1.2,550,2471300
20240116,15:17:40,1.2,1000,2471300
20240116,15:17:49,1.2,2150,2471300
20240116,15:17:54,1.2,1000,2471300
20240116,15:17:55,1.2,1000,2471300
20240116,15:17:56,1.2,1500,2471300
20240116,15:18:03,1.15,4600,2471300
20240116,15:18:04,1.2,1000,2471300
20240116,15:18:05,1.15,4050,2471300
20240116,15:18:14,1.2,100,2471300
20240116,15:18:19,1.2,1150,2471300
20240116,15:18:19,1.2,2150,2483600
20240116,15:18:22,1.2,500,2483600
20240116,15:18:25,1.2,2500,2483600
20240116,15:18:26,1.2,1000,2483600
20240116,15:18:27,1.2,2500,2483600
20240116,15:18:29,1.2,2500,2483600
20240116,15:18:30,1.2,2500,2483600
20240116,15:18:31,1.2,2500,2483600
20240116,15:18:31,1.2,1500,2483600
20240116,15:18:32,1.2,2500,2483600
20240116,15:18:33,1.2,1600,2483600
20240116,15:18:34,1.2,7450,2483600
20240116,15:18:36,1.15,9200,2483600
20240116,15:18:37,1.2,2800,2483600
20240116,15:18:42,1.2,1500,2483600
20240116,15:18:44,1.2,1500,2483600
20240116,15:18:46,1.2,1750,2483600
20240116,15:18:49,1.2,2150,2483600
20240116,15:18:55,1.2,14850,2483600
20240116,15:18:56,1.15,1500,2483600
20240116,15:18:57,1.15,300,2483600
20240116,15:19:01,1.15,1800,2483600
20240116,15:19:02,1.15,1800,2483600
20240116,15:19:03,1.15,1800,2483600
20240116,15:19:04,1.2,2150,2483600
20240116,15:19:12,1.15,50,2483600
20240116,15:19:19,1.2,2150,2483600
20240116,15:19:25,1.15,500,2483600
20240116,15:19:31,1.15,6000,2483600
20240116,15:19:33,1.15,2850,2483600
20240116,15:19:34,1.2,2150,2483600
20240116,15:19:36,1.2,500,2483600
20240116,15:19:37,1.15,3600,2483600
20240116,15:19:37,1.15,17950,2483600
20240116,15:19:40,1.15,50,2483600
20240116,15:19:41,1.15,100,2483600
20240116,15:19:46,1.1,50,2483600
20240116,15:19:49,1.1,2150,2483600
20240116,15:19:52,1.15,1800,2483600
20240116,15:19:53,1.15,3200,2483600
20240116,15:19:53,1.1,1200,2483600
20240116,15:19:59,1.15,250,2483600
20240116,15:20:01,1.1,100,2483600
20240116,15:20:02,1.15,100,2483600
20240116,15:20:04,1.15,2150,2483600
20240116,15:20:15,1.15,650,2483600
20240116,15:20:19,1.15,2150,2483600
20240116,15:20:21,1.1,300,2483600
20240116,15:20:22,1.15,7350,2483600
20240116,15:20:29,1.15,900,2483600
20240116,15:20:33,1.15,500,2483600
20240116,15:20:34,1.15,3500,2483600
20240116,15:20:35,1.1,1500,2483600
20240116,15:20:37,1.15,13000,2483600
20240116,15:20:38,1.15,2100,2483600
20240116,15:20:46,1.15,100,2483600
20240116,15:20:53,1.15,7900,2483600
20240116,15:20:53,1.15,2550,2483600
20240116,15:20:54,1.15,300,2483600
20240116,15:20:56,1.2,1800,2483600
20240116,15:20:58,1.2,100,2483600
20240116,15:21:03,1.15,150,2483600
20240116,15:21:04,1.15,1800,2483600
20240116,15:21:05,1.15,1500,2483600
20240116,15:21:06,1.15,1800,2483600
20240116,15:21:07,1.2,9150,2483600
20240116,15:21:15,1.2,500,2483600
20240116,15:21:19,1.2,500,2483600
20240116,15:21:20,1.15,150,2531450
20240116,15:21:22,1.2,7350,2531450
20240116,15:21:24,1.2,2000,2531450
20240116,15:21:27,1.2,1800,2531450
20240116,15:21:30,1.15,50,2531450
20240116,15:21:31,1.2,300,2531450
20240116,15:21:35,1.15,100,2531450
20240116,15:21:36,1.15,1500,2531450
20240116,15:21:37,1.15,2500,2531450
20240116,15:21:38,1.2,8750,2531450
20240116,15:21:39,1.2,150,2531450
20240116,15:21:40,1.2,1800,2531450
20240116,15:21:42,1.2,100,2531450
20240116,15:21:46,1.2,1200,2531450
20240116,15:21:50,1.2,6000,2531450
20240116,15:21:53,1.2,18150,2531450
20240116,15:21:54,1.2,1700,2531450
20240116,15:22:01,1.2,1800,2531450
20240116,15:22:07,1.25,7350,2531450
20240116,15:22:08,1.2,1800,2531450
20240116,15:22:10,1.2,50,2531450
20240116,15:22:13,1.25,1000,2531450
20240116,15:22:16,1.2,200,2531450
20240116,15:22:19,1.2,100,2531450
20240116,15:22:22,1.25,7400,2531450
20240116,15:22:23,1.25,1250,2531450
20240116,15:22:25,1.25,1050,2531450
20240116,15:22:27,1.2,1100,2531450
20240116,15:22:28,1.25,11700,2531450
20240116,15:22:29,1.25,6600,2531450
20240116,15:22:36,1.2,1800,2531450
20240116,15:22:37,1.25,9200,2531450
20240116,15:22:38,1.2,5400,2531450
20240116,15:22:39,1.25,2800,2531450
20240116,15:22:40,1.25,4600,2531450
20240116,15:22:41,1.2,1800,2531450
20240116,15:22:42,1.25,2300,2531450
20240116,15:22:44,1.25,1250,2531450
20240116,15:22:48,1.25,1000,2531450
20240116,15:22:49,1.25,1500,2531450
20240116,15:22:50,1.25,2500,2531450
20240116,15:22:51,1.25,14250,2531450
20240116,15:22:52,1.3,12000,2531450
20240116,15:22:53,1.3,19850,2531450
20240116,15:22:54,1.3,11750,2531450
20240116,15:22:55,1.3,16600,2531450
20240116,15:22:56,1.3,2450,2531450
20240116,15:22:58,1.25,1850,2531450
20240116,15:22:59,1.3,1800,2531450
20240116,15:23:00,1.3,850,2531450
20240116,15:23:01,1.25,4800,2531450
20240116,15:23:03,1.3,4700,2531450
20240116,15:23:04,1.35,12500,2531450
20240116,15:23:05,1.35,10800,2531450
20240116,15:23:06,1.25,34900,2531450
20240116,15:23:07,1.35,23450,2531450
20240116,15:23:08,1.35,4100,2531450
20240116,15:23:09,1.3,2750,2531450
20240116,15:23:10,1.35,1000,2531450
20240116,15:23:11,1.3,850,2531450
20240116,15:23:12,1.35,3350,2531450
20240116,15:23:13,1.35,6500,2531450
20240116,15:23:14,1.35,6800,2531450
20240116,15:23:15,1.35,4850,2531450
20240116,15:23:16,1.35,500,2531450
20240116,15:23:17,1.35,4100,2531450
20240116,15:23:18,1.35,1000,2531450
20240116,15:23:20,1.4,1850,2531450
20240116,15:23:21,1.35,4400,2531450
20240116,15:23:22,1.4,9150,2531450
20240116,15:23:23,1.35,1400,2531450
20240116,15:23:24,1.35,500,2531450
20240116,15:23:25,1.35,1800,2531450
20240116,15:23:26,1.35,950,2531450
20240116,15:23:28,1.4,3600,2531450
20240116,15:23:29,1.35,1000,2531450
20240116,15:23:30,1.35,1600,2531450
20240116,15:23:31,1.35,2300,2531450
20240116,15:23:32,1.35,4300,2531450
20240116,15:23:33,1.35,2800,2531450
20240116,15:23:37,1.4,14250,2531450
20240116,15:23:38,1.4,19600,2531450
20240116,15:23:39,1.4,9000,2531450
20240116,15:23:40,1.4,18900,2531450
20240116,15:23:41,1.4,19550,2531450
20240116,15:23:42,1.4,2500,2531450
20240116,15:23:43,1.35,7450,2531450
20240116,15:23:44,1.4,3900,2531450
20240116,15:23:45,1.35,1800,2531450
20240116,15:23:46,1.4,3050,2531450
20240116,15:23:47,1.4,2800,2531450
20240116,15:23:48,1.4,1500,2531450
20240116,15:23:49,1.4,500,2531450
20240116,15:23:50,1.4,1800,2531450
20240116,15:23:51,1.4,600,2531450
20240116,15:23:52,1.45,13200,2531450
20240116,15:23:57,1.35,1000,2531450
20240116,15:23:58,1.35,500,2531450
20240116,15:24:00,1.35,150,2531450
20240116,15:24:01,1.4,1450,2531450
20240116,15:24:02,1.35,1300,2531450
20240116,15:24:03,1.35,50,2531450
20240116,15:24:07,1.35,2500,2531450
20240116,15:24:07,1.4,7350,2531450
20240116,15:24:09,1.35,6350,2531450
20240116,15:24:10,1.35,8500,2531450
20240116,15:24:11,1.4,4100,2531450
20240116,15:24:12,1.4,500,2531450
20240116,15:24:13,1.35,550,2531450
20240116,15:24:15,1.35,3650,2531450
20240116,15:24:16,1.35,5400,2531450
20240116,15:24:17,1.35,5350,2531450
20240116,15:24:18,1.35,50,2531450
20240116,15:24:19,1.35,500,2531450
20240116,15:24:22,1.35,7400,2780850
20240116,15:24:28,1.35,50,2780850
20240116,15:24:30,1.35,200,2780850
20240116,15:24:31,1.35,50,2780850
20240116,15:24:33,1.3,3650,2780850
20240116,15:24:34,1.3,12500,2780850
20240116,15:24:35,1.3,4000,2780850
20240116,15:24:36,1.3,1800,2780850
20240116,15:24:37,1.35,7350,2780850
20240116,15:24:42,1.3,50,2780850
20240116,15:24:43,1.3,800,2780850
20240116,15:24:48,1.35,1800,2780850
20240116,15:24:48,1.35,700,2780850
20240116,15:24:50,1.3,3500,2780850
20240116,15:24:52,1.35,7350,2780850
20240116,15:24:54,1.3,1800,2780850
20240116,15:24:58,1.3,50,2780850
20240116,15:25:00,1.3,100,2780850
20240116,15:25:01,1.3,600,2780850
20240116,15:25:02,1.3,1800,2780850
20240116,15:25:03,1.3,2150,2780850
20240116,15:25:04,1.3,100,2780850
20240116,15:25:07,1.35,7400,2780850
20240116,15:25:10,1.4,6000,2780850
20240116,15:25:10,1.4,2500,2780850
20240116,15:25:11,1.4,12900,2780850
20240116,15:25:12,1.35,13900,2780850
20240116,15:25:13,1.35,11600,2780850
20240116,15:25:15,1.4,2850,2780850
20240116,15:25:17,1.4,1500,2780850
20240116,15:25:17,1.4,500,2780850
20240116,15:25:18,1.4,1900,2780850
20240116,15:25:20,1.4,2000,2780850
20240116,15:25:22,1.45,10000,2780850
20240116,15:25:23,1.4,400,2780850
20240116,15:25:24,1.45,500,2780850
20240116,15:25:26,1.45,4500,2780850
20240116,15:25:27,1.45,16100,2780850
20240116,15:25:28,1.5,10800,2780850
20240116,15:25:29,1.5,11850,2780850
20240116,15:25:31,1.5,14600,2780850
20240116,15:25:31,1.4,1650,2780850
20240116,15:25:32,1.45,13300,2780850
20240116,15:25:34,1.45,1700,2780850
20240116,15:25:35,1.45,2350,2780850
20240116,15:25:36,1.45,550,2780850
20240116,15:25:37,1.5,7350,2780850
20240116,15:25:41,1.4,3600,2780850
20240116,15:25:42,1.4,3600,2780850
20240116,15:25:44,1.4,1800,2780850
20240116,15:25:45,1.4,5000,2780850
20240116,15:25:46,1.45,100,2780850
20240116,15:25:47,1.45,5300,2780850
20240116,15:25:48,1.45,15100,2780850
20240116,15:25:49,1.45,8200,2780850
20240116,15:25:50,1.5,8400,2780850
20240116,15:25:51,1.5,9100,2780850
20240116,15:25:52,1.5,14550,2780850
20240116,15:25:53,1.5,7200,2780850
20240116,15:25:54,1.45,10950,2780850
20240116,15:25:56,1.4,12700,2780850
20240116,15:25:57,1.5,9050,2780850
20240116,15:25:58,1.5,8400,2780850
20240116,15:25:59,1.45,10600,2780850
20240116,15:26:00,1.5,4600,2780850
20240116,15:26:02,1.45,15950,2780850
20240116,15:26:03,1.45,4250,2780850
20240116,15:26:05,1.45,1600,2780850
20240116,15:26:06,1.45,1000,2780850
20240116,15:26:08,1.45,7400,2780850
20240116,15:26:10,1.45,1800,2780850
20240116,15:26:11,1.4,4000,2780850
20240116,15:26:13,1.45,6450,2780850
20240116,15:26:14,1.5,2500,2780850
20240116,15:26:15,1.4,2400,2780850
20240116,15:26:15,1.4,1600,2780850
20240116,15:26:16,1.4,1000,2780850
20240116,15:26:17,1.45,50,2780850
20240116,15:26:19,1.4,1400,2780850
20240116,15:26:22,1.4,8850,2780850
20240116,15:26:23,1.4,500,2780850
20240116,15:26:24,1.4,1000,2780850
20240116,15:26:25,1.4,11300,2780850
20240116,15:26:27,1.4,4600,2780850
20240116,15:26:30,1.45,3650,2780850
20240116,15:26:31,1.45,5400,2780850
20240116,15:26:31,1.35,500,2780850
20240116,15:26:32,1.45,11300,2780850
20240116,15:26:33,1.5,8700,2780850
20240116,15:26:35,1.4,11400,2780850
20240116,15:26:36,1.5,5900,2780850
20240116,15:26:36,1.5,6350,2780850
20240116,15:26:38,1.5,13700,2780850
20240116,15:26:39,1.45,19700,2780850
20240116,15:26:40,1.45,11300,2780850
20240116,15:26:41,1.5,10000,2780850
20240116,15:26:42,1.45,6400,2780850
20240116,15:26:43,1.5,9050,2780850
20240116,15:26:44,1.4,11950,2780850
20240116,15:26:45,1.45,7250,2780850
20240116,15:26:46,1.45,2050,2780850
20240116,15:26:47,1.45,500,2780850
20240116,15:26:49,1.4,2000,2780850
20240116,15:26:50,1.4,1500,2780850
20240116,15:26:51,1.4,4300,2780850
20240116,15:26:53,1.4,7850,2780850
20240116,15:26:53,1.4,400,2780850
20240116,15:26:54,1.4,1600,2780850
20240116,15:26:55,1.4,250,2780850
20240116,15:26:56,1.4,1450,2780850
20240116,15:26:58,1.4,250,2780850
20240116,15:26:58,1.4,1450,2780850
20240116,15:27:01,1.4,2950,2780850
20240116,15:27:02,1.4,2800,2780850
20240116,15:27:04,1.4,2000,2780850
20240116,15:27:07,1.4,14900,2780850
20240116,15:27:09,1.4,1000,2780850
20240116,15:27:15,1.4,350,2780850
20240116,15:27:16,1.4,1250,2780850
20240116,15:27:18,1.4,600,2780850
20240116,15:27:19,1.4,2750,2780850
20240116,15:27:21,1.4,2500,3068150
20240116,15:27:22,1.4,7350,3068150
20240116,15:27:24,1.4,17300,3068150
20240116,15:27:25,1.35,1750,3068150
20240116,15:27:27,1.4,100,3068150
20240116,15:27:29,1.4,300,3068150
20240116,15:27:31,1.4,450,3068150
20240116,15:27:31,1.4,600,3068150
20240116,15:27:32,1.4,500,3068150
20240116,15:27:35,1.4,250,3068150
20240116,15:27:36,1.4,300,3068150
20240116,15:27:38,1.4,450,3068150
20240116,15:27:39,1.45,17850,3068150
20240116,15:27:42,1.4,300,3068150
20240116,15:27:43,1.4,11800,3068150
20240116,15:27:45,1.4,1000,3068150
20240116,15:27:46,1.4,300,3068150
20240116,15:27:47,1.4,3600,3068150
20240116,15:27:48,1.4,4300,3068150
20240116,15:27:48,1.4,1000,3068150
20240116,15:27:49,1.45,850,3068150
20240116,15:27:50,1.4,100,3068150
20240116,15:27:52,1.4,500,3068150
20240116,15:27:53,1.45,16600,3068150
20240116,15:27:54,1.4,2300,3068150
20240116,15:27:56,1.35,1000,3068150
20240116,15:27:57,1.4,1800,3068150
20240116,15:27:58,1.4,150,3068150
20240116,15:28:00,1.35,1800,3068150
20240116,15:28:02,1.35,1000,3068150
20240116,15:28:03,1.4,400,3068150
20240116,15:28:03,1.35,1000,3068150
20240116,15:28:04,1.35,1250,3068150
20240116,15:28:06,1.4,1500,3068150
20240116,15:28:07,1.4,250,3068150
20240116,15:28:08,1.45,19650,3068150
20240116,15:28:10,1.45,1050,3068150
20240116,15:28:12,1.4,200,3068150
20240116,15:28:13,1.4,100,3068150
20240116,15:28:14,1.4,1100,3068150
20240116,15:28:15,1.4,500,3068150
20240116,15:28:15,1.4,800,3068150
20240116,15:28:18,1.4,1100,3068150
20240116,15:28:19,1.35,1800,3068150
20240116,15:28:22,1.4,100,3068150
20240116,15:28:23,1.4,16600,3068150
20240116,15:28:25,1.45,5400,3068150
20240116,15:28:26,1.45,5400,3068150
20240116,15:28:26,1.45,2050,3068150
20240116,15:28:28,1.45,12400,3068150
20240116,15:28:30,1.4,6900,3068150
20240116,15:28:31,1.4,2050,3068150
20240116,15:28:33,1.35,2000,3068150
20240116,15:28:34,1.35,200,3068150
20240116,15:28:36,1.4,600,3068150
20240116,15:28:37,1.4,100,3068150
20240116,15:28:38,1.35,4050,3068150
20240116,15:28:39,1.35,19600,3068150
20240116,15:28:39,1.35,50,3068150
20240116,15:28:40,1.4,500,3068150
20240116,15:28:44,1.4,1800,3068150
20240116,15:28:46,1.35,50,3068150
20240116,15:28:48,1.4,1800,3068150
20240116,15:28:49,1.4,1800,3068150
20240116,15:28:50,1.4,800,3068150
20240116,15:28:52,1.35,1000,3068150
20240116,15:28:53,1.35,2800,3068150
20240116,15:28:54,1.45,16600,3068150
20240116,15:28:54,1.4,550,3068150
20240116,15:28:56,1.4,4050,3068150
20240116,15:28:59,1.45,9750,3068150
20240116,15:29:00,1.45,5400,3068150
20240116,15:29:00,1.45,600,3068150
20240116,15:29:01,1.4,750,3068150
20240116,15:29:02,1.4,2050,3068150
20240116,15:29:04,1.4,2050,3068150
20240116,15:29:05,1.4,5400,3068150
20240116,15:29:07,1.4,7400,3068150
20240116,15:29:08,1.35,5450,3068150
20240116,15:29:08,1.45,16650,3068150
20240116,15:29:09,1.35,1900,3068150
20240116,15:29:10,1.35,750,3068150
20240116,15:29:12,1.4,100,3068150
20240116,15:29:17,1.35,1000,3068150
20240116,15:29:19,1.4,650,3068150
20240116,15:29:19,1.4,500,3068150
20240116,15:29:21,1.4,2650,3068150
20240116,15:29:22,1.4,500,3068150
20240116,15:29:24,1.4,23300,3068150
20240116,15:29:25,1.4,300,3068150
20240116,15:29:26,1.3,4150,3068150
20240116,15:29:29,1.4,600,3068150
20240116,15:29:31,1.3,1200,3068150
20240116,15:29:32,1.4,600,3068150
20240116,15:29:32,1.4,50,3068150
20240116,15:29:33,1.4,2200,3068150
20240116,15:29:35,1.35,1800,3068150
20240116,15:29:36,1.4,1800,3068150
20240116,15:29:37,1.35,1850,3068150
20240116,15:29:39,1.4,17150,3068150
20240116,15:29:40,1.4,750,3068150
20240116,15:29:42,1.45,1000,3068150
20240116,15:29:43,1.4,1250,3068150
20240116,15:29:46,1.45,850,3068150
20240116,15:29:47,1.45,300,3068150
20240116,15:29:48,1.4,3400,3068150
20240116,15:29:49,1.4,450,3068150
20240116,15:29:50,1.4,2300,3068150
20240116,15:29:50,1.4,100,3068150
20240116,15:29:51,1.4,1300,3068150
20240116,15:29:54,1.4,800,3068150
20240116,15:29:55,1.4,1200,3068150
20240116,15:29:56,1.35,1100,3068150
20240116,15:29:58,1.35,1800,3068150
20240117,09:15:02,1.35,1,3274100
20240117,09:15:02,1.35,50,3274100
20240117,09:15:03,1.4,700,3274100
20240117,09:15:04,4.85,6650,3274100
20240117,09:15:06,1.3,2000,3274100
20240117,09:15:08,1.5,600,3274100
20240117,09:15:10,1.6,1800,3274100
20240117,09:15:11,4.9,1450,3274100
20240117,09:15:15,4.9,1150,3274100
20240117,09:15:16,3.0,300,3274100
20240117,09:15:17,2.9,500,3274100
20240117,09:15:18,3.0,3200,3274100
20240117,09:15:20,2.9,5800,3274100
20240117,09:15:21,2.9,150,3274100
20240117,09:15:22,1.8,1400,3274100
20240117,09:15:24,2.85,400,3274100
20240117,09:15:25,2.0,2000,3274100
20240117,09:15:26,1.7,1250,3274100
20240117,09:15:27,2.45,1100,3274100
20240117,09:15:28,1.55,1000,3274100
20240117,09:15:29,2.45,50,3274100
20240117,09:15:30,1.6,500,3274100
20240117,09:15:32,1.6,2900,3274100
20240117,09:15:32,1.55,250,3274100
20240117,09:15:34,1.55,2300,3274100
20240117,09:15:37,1.6,350,3274100
20240117,09:15:38,1.6,100,3274100
20240117,09:15:39,1.6,1350,3274100
20240117,09:15:40,1.6,550,3274100
20240117,09:15:41,1.6,250,3274100
20240117,09:15:42,1.75,600,3274100
20240117,09:15:44,1.75,1500,3274100
20240117,09:15:45,1.6,1250,3274100
20240117,09:15:46,1.6,2600,3274100
20240117,09:15:48,1.6,1150,3274100
20240117,09:15:49,1.7,3200,3274100
20240117,09:15:50,1.55,1950,3274100
20240117,09:15:51,1.55,1000,3274100
20240117,09:15:52,1.7,50,3274100
20240117,09:15:53,1.7,150,3274100
20240117,09:15:56,1.55,300,3274100
20240117,09:15:57,1.65,1950,3274100
20240117,09:15:58,1.65,550,3274100
20240117,09:15:59,1.65,100,3274100
20240117,09:16:00,1.65,400,3274100
20240117,09:16:01,1.5,11300,3274100
20240117,09:16:01,1.45,5400,3274100
20240117,09:16:03,1.65,8300,3274100
20240117,09:16:04,1.55,2850,3274100
20240117,09:16:06,1.6,1350,3274100
20240117,09:16:08,1.65,4750,3274100
20240117,09:16:09,1.6,1350,3274100
20240117,09:16:10,1.6,600,3274100
20240117,09:16:11,1.5,2100,3274100
20240117,09:16:12,1.6,4600,3274100
20240117,09:16:13,1.5,2350,3274100
20240117,09:16:14,1.5,50,3274100
20240117,09:16:15,1.6,6650,3274100
20240117,09:16:15,1.6,150,3274100
20240117,09:16:16,1.6,2050,3274100
20240117,09:16:19,1.6,50,3274100
20240117,09:16:20,1.55,1750,3274100
20240117,09:16:21,1.5,3000,3274100
20240117,09:16:22,1.55,2000,3274100
20240117,09:16:24,1.6,400,3274100
20240117,09:16:25,1.6,1400,3274100
20240117,09:16:27,1.6,50,3274100
20240117,09:16:28,1.65,3650,3274100
20240117,09:16:29,1.55,3700,3274100
20240117,09:16:31,1.55,2850,3274100
20240117,09:16:32,1.5,50,3274100
20240117,09:16:35,1.5,50,3274100
20240117,09:16:36,1.5,1800,3274100
20240117,09:16:38,1.5,1300,3274100
20240117,09:16:39,1.5,3600,3274100
20240117,09:16:40,1.5,1800,3274100
20240117,09:16:41,1.5,3200,3274100
20240117,09:16:42,1.5,5550,3274100
20240117,09:16:43,1.5,250,3274100
20240117,09:16:44,1.5,50,3274100
20240117,09:16:47,1.45,1800,3274100
20240117,09:16:49,1.5,550,3274100
20240117,09:16:52,1.45,3050,3274100
20240117,09:16:53,1.45,3000,3274100
20240117,09:16:54,1.45,3650,3274100
20240117,09:16:54,1.45,200,3274100
20240117,09:16:57,1.45,100,3274100
20240117,09:16:58,1.4,3900,3274100
20240117,09:16:59,1.4,300,3274100
20240117,09:17:00,1.4,1550,3274100
20240117,09:17:01,1.45,2550,3274100
20240117,09:17:02,1.4,400,3274100
20240117,09:17:04,1.45,700,3274100
20240117,09:17:05,1.4,1250,3274100
20240117,09:17:06,1.4,2900,3274100
20240117,09:17:06,1.45,500,3274100
20240117,09:17:08,1.45,1000,3274100
20240117,09:17:09,1.4,1500,3274100
20240117,09:17:11,1.45,1750,3274100
20240117,09:17:14,1.4,4600,3274100
20240117,09:17:15,1.4,800,3274100
20240117,09:17:17,1.45,200,3274100
20240117,09:17:19,1.4,4100,3274100
20240117,09:17:21,1.35,4000,3274100
20240117,09:17:22,1.35,1200,3274100
20240117,09:17:23,1.45,100,3274100
20240117,09:17:24,1.45,150,3274100
20240117,09:17:25,1.4,2500,3274100
20240117,09:17:28,1.35,1450,3274100
20240117,09:17:30,1.4,1850,3274100
20240117,09:17:32,1.35,1700,3274100
20240117,09:17:32,1.35,4050,3243400
20240117,09:17:34,1.35,1950,3243400
20240117,09:17:35,1.35,4150,3243400
20240117,09:17:36,1.35,50,3243400
20240117,09:17:37,1.35,1800,3243400
20240117,09:17:40,1.35,1800,3243400
20240117,09:17:41,1.35,3500,3243400
20240117,09:17:42,1.35,400,3243400
20240117,09:17:43,1.3,100,3243400
20240117,09:17:46,1.3,1450,3243400
20240117,09:17:47,1.3,750,3243400
20240117,09:17:48,1.3,550,3243400
20240117,09:17:51,1.25,1200,3243400
20240117,09:17:53,1.25,450,3243400
20240117,09:17:54,1.3,4400,3243400
20240117,09:17:55,1.25,650,3243400
20240117,09:17:56,1.25,2400,3243400
20240117,09:17:59,1.3,900,3243400
20240117,09:18:01,1.25,1800,3243400
20240117,09:18:02,1.25,900,3243400
20240117,09:18:03,1.25,3600,3243400
20240117,09:18:04,1.25,3950,3243400
20240117,09:18:05,1.25,1650,3243400
20240117,09:18:06,1.25,1800,3243400
20240117,09:18:07,1.25,1800,3243400
20240117,09:18:12,1.2,1950,3243400
20240117,09:18:14,1.2,350,3243400
20240117,09:18:15,1.25,2350,3243400
20240117,09:18:17,1.25,3200,3243400
20240117,09:18:18,1.2,1150,3243400
20240117,09:18:19,1.25,500,3243400
20240117,09:18:25,1.25,24150,3243400
20240117,09:18:27,1.25,5900,3243400
20240117,09:18:32,1.25,1800,3243400
20240117,09:18:33,1.25,550,3243400
20240117,09:18:34,1.2,200,3243400
20240117,09:18:37,1.25,1500,3243400
20240117,09:18:38,1.25,300,3243400
20240117,09:18:41,1.2,4250,3243400
20240117,09:18:45,1.25,9600,3243400
20240117,09:18:48,1.25,1800,3243400
20240117,09:18:50,1.25,1800,3243400
20240117,09:18:52,1.25,100,3243400
20240117,09:18:54,1.25,400,3243400
20240117,09:18:55,1.25,200,3243400
20240117,09:18:56,1.25,900,3243400
20240117,09:18:58,1.2,3600,3243400
20240117,09:18:59,1.25,700,3243400
20240117,09:19:00,1.25,1000,3243400
20240117,09:19:01,1.3,7000,3243400
20240117,09:19:02,1.25,1250,3243400
20240117,09:19:03,1.3,1950,3243400
20240117,09:19:04,1.25,25200,3243400
20240117,09:19:05,1.25,7200,3243400
20240117,09:19:06,1.25,7300,3243400
20240117,09:19:07,1.2,10000,3243400
20240117,09:19:08,1.2,9000,3243400
20240117,09:19:09,1.2,3150,3243400
20240117,09:19:10,1.2,12700,3243400
20240117,09:19:11,1.2,11800,3243400
20240117,09:19:12,1.2,9700,3243400
20240117,09:19:13,1.3,12550,3243400
20240117,09:19:14,1.2,3600,3243400
20240117,09:19:15,1.2,1800,3243400
20240117,09:19:16,1.2,9100,3243400
20240117,09:19:17,1.25,4200,3243400
20240117,09:19:18,1.2,18200,3243400
20240117,09:19:19,1.25,6800,3243400
20240117,09:19:20,1.15,20400,3243400
20240117,09:19:21,1.15,2300,3243400
20240117,09:19:22,1.15,3700,3243400
20240117,09:19:23,1.2,3600,3243400
20240117,09:19:25,1.2,7300,3243400
20240117,09:19:26,1.2,5400,3243400
20240117,09:19:27,1.2,11450,3243400
20240117,09:19:28,1.2,2300,3243400
20240117,09:19:29,1.25,2000,3243400
20240117,09:19:30,1.2,1900,3243400
20240117,09:19:31,1.2,900,3243400
20240117,09:19:33,1.2,2700,3243400
20240117,09:19:34,1.2,2050,3243400
20240117,09:19:35,1.2,1800,3243400
20240117,09:19:36,1.15,1000,3243400
20240117,09:19:37,1.15,3700,3243400
20240117,09:19:39,1.2,2050,3243400
20240117,09:19:40,1.2,1350,3243400
20240117,09:19:41,1.2,3300,3243400
20240117,09:19:42,1.15,100,3243400
20240117,09:19:43,1.2,1450,3243400
20240117,09:19:45,1.2,9250,3243400
20240117,09:19:47,1.2,650,3243400
20240117,09:19:49,1.15,100,3243400
20240117,09:19:51,1.2,1100,3243400
20240117,09:19:54,1.15,100,3243400
20240117,09:19:56,1.2,400,3243400
20240117,09:19:57,1.15,100,3243400
20240117,09:20:00,1.15,900,3243400
20240117,09:20:01,1.15,200,3243400
20240117,09:20:03,1.15,100,3243400
20240117,09:20:06,1.15,150,3243400
20240117,09:20:07,1.2,50,3243400
20240117,09:20:08,1.2,350,3243400
20240117,09:20:09,1.15,1000,3243400
20240117,09:20:10,1.2,1800,3243400
20240117,09:20:11,1.2,1700,3243400
20240117,09:20:12,1.15,1100,3243400
20240117,09:20:14,1.15,2000,3243400
20240117,09:20:15,1.15,2250,3243400
20240117,09:20:16,1.2,1000,3243400
20240117,09:20:17,1.15,1000,3243400
20240117,09:20:18,1.2,2200,3243400
20240117,09:20:19,1.15,1000,3243400
20240117,09:20:20,1.15,1000,3243400
20240117,09:20:21,1.15,1000,3243400
20240117,09:20:22,1.2,1500,3243400
20240117,09:20:23,1.2,250,3243400
20240117,09:20:24,1.15,1900,3243400
20240117,09:20:25,1.2,100,3243400
20240117,09:20:27,1.15,1500,3243400
20240117,09:20:28,1.15,1000,3243400
20240117,09:20:29,1.15,3900,3243400
20240117,09:20:31,1.15,300,3243400
20240117,09:20:32,1.2,200,3243400
20240117,09:20:35,1.2,3600,3167000
20240117,09:20:36,1.2,250,3167000
20240117,09:20:41,1.2,250,3167000
20240117,09:20:41,1.2,4200,3167000
20240117,09:20:42,1.2,3350,3167000
20240117,09:20:44,1.15,2300,3167000
20240117,09:20:47,1.2,100,3167000
20240117,09:20:49,1.2,250,3167000
20240117,09:20:52,1.2,250,3167000
20240117,09:20:53,1.15,2100,3167000
20240117,09:20:54,1.2,6800,3167000
20240117,09:20:56,1.2,4000,3167000
20240117,09:20:57,1.2,2500,3167000
20240117,09:20:59,1.2,1000,3167000
20240117,09:21:00,1.2,1000,3167000
20240117,09:21:01,1.2,1050,3167000
20240117,09:21:02,1.2,3200,3167000
20240117,09:21:03,1.2,11450,3167000
20240117,09:21:04,1.2,16500,3167000
20240117,09:21:05,1.2,9000,3167000
20240117,09:21:06,1.2,7200,3167000
20240117,09:21:07,1.2,5400,3167000
20240117,09:21:08,1.2,8350,3167000
20240117,09:21:10,1.2,7200,3167000
20240117,09:21:11,1.2,5400,3167000
20240117,09:21:12,1.2,5400,3167000
20240117,09:21:12,1.25,10900,3167000
20240117,09:21:14,1.2,7250,3167000
20240117,09:21:15,1.2,15000,3167000
20240117,09:21:16,1.2,6200,3167000
20240117,09:21:17,1.2,4000,3167000
20240117,09:21:18,1.2,1800,3167000
20240117,09:21:19,1.25,200,3167000
20240117,09:21:20,1.2,9600,3167000
20240117,09:21:21,1.25,250,3167000
20240117,09:21:23,1.2,1800,3167000
20240117,09:21:24,1.2,1000,3167000
20240117,09:21:25,1.2,3300,3167000
20240117,09:21:27,1.2,4100,3167000
20240117,09:21:30,1.25,300,3167000
20240117,09:21:32,1.2,1800,3167000
20240117,09:21:33,1.2,1800,3167000
20240117,09:21:34,1.25,1000,3167000
20240117,09:21:35,1.2,7700,3167000
20240117,09:21:36,1.2,3600,3167000
20240117,09:21:37,1.2,8700,3167000
20240117,09:21:47,1.2,600,3167000
20240117,09:21:52,1.25,1000,3167000
20240117,09:21:53,1.2,500,3167000
20240117,09:21:54,1.25,1000,3167000
20240117,09:21:57,1.2,200,3167000
20240117,09:22:00,1.25,100,3167000
20240117,09:22:04,1.2,500,3167000
20240117,09:22:05,1.25,8300,3167000
20240117,09:22:05,1.25,1000,3167000
20240117,09:22:11,1.25,1500,3167000
20240117,09:22:17,1.25,2300,3167000
20240117,09:22:19,1.25,800,3167000
20240117,09:22:20,1.25,400,3167000
20240117,09:22:22,1.25,1800,3167000
20240117,09:22:25,1.25,3600,3167000
20240117,09:22:26,1.25,37700,3167000
20240117,09:22:31,1.25,500,3167000
20240117,09:22:32,1.3,200,3167000
20240117,09:22:33,1.25,150,3167000
20240117,09:22:35,1.3,400,3167000
20240117,09:22:38,1.3,150,3167000
20240117,09:22:39,1.25,18000,3167000
20240117,09:22:40,1.25,19800,3167000
20240117,09:22:40,1.25,3600,3167000
20240117,09:22:41,1.25,2800,3167000
20240117,09:22:44,1.3,2100,3167000
20240117,09:22:49,1.3,3050,3167000
20240117,09:22:54,1.3,3600,3167000
20240117,09:22:55,1.3,12000,3167000
20240117,09:22:56,1.3,1800,3167000
20240117,09:22:57,1.25,3600,3167000
20240117,09:22:58,1.3,6150,3167000
20240117,09:23:00,1.25,5950,3167000
20240117,09:23:02,1.25,1800,3167000
20240117,09:23:03,1.25,1800,3167000
20240117,09:23:05,1.25,3600,3167000
20240117,09:23:06,1.25,1800,3167000
20240117,09:23:07,1.3,300,3167000
20240117,09:23:09,1.3,1200,3167000
20240117,09:23:10,1.3,3000,3167000
20240117,09:23:12,1.25,1800,3167000
20240117,09:23:13,1.3,3550,3167000
20240117,09:23:14,1.25,1800,3167000
20240117,09:23:15,1.3,1500,3167000
20240117,09:23:16,1.25,1800,3167000
20240117,09:23:19,1.25,1800,3167000
20240117,09:23:20,1.3,6250,3167000
20240117,09:23:20,1.3,300,3167000
20240117,09:23:21,1.25,200,3167000
20240117,09:23:22,1.3,400,3167000
20240117,09:23:23,1.3,50,3167000
20240117,09:23:28,1.3,1500,3167000
20240117,09:23:31,1.3,100,3167000
20240117,09:23:32,1.3,300,3167000
20240117,09:23:36,1.3,4200,3089700
20240117,09:23:38,1.3,100,3089700
20240117,09:23:40,1.3,550,3089700
20240117,09:23:43,1.3,4600,3089700
20240117,09:23:43,1.3,50,3089700
20240117,09:23:44,1.3,500,3089700
20240117,09:23:46,1.25,350,3089700
20240117,09:23:47,1.25,750,3089700
20240117,09:23:48,1.3,17400,3089700
20240117,09:23:49,1.35,200,3089700
20240117,09:23:55,1.35,800,3089700
20240117,09:24:00,1.35,1000,3089700
20240117,09:24:01,1.35,250,3089700
20240117,09:24:02,1.35,1000,3089700
20240117,09:24:03,1.35,1300,3089700
20240117,09:24:06,1.35,800,3089700
20240117,09:24:13,1.35,1800,3089700
20240117,09:24:15,1.35,850,3089700
20240117,09:24:25,1.3,500,3089700
20240117,09:24:29,1.35,3000,3089700
20240117,09:24:37,1.35,150,3089700
20240117,09:24:40,1.3,450,3089700
20240117,09:24:40,1.3,1950,3089700
20240117,09:24:41,1.35,200,3089700
20240117,09:24:42,1.35,1450,3089700
20240117,09:24:44,1.3,200,3089700
20240117,09:24:52,1.35,1000,3089700
20240117,09:24:57,1.35,200,3089700
20240117,09:24:59,1.35,50,3089700
20240117,09:25:04,1.35,1000,3089700
20240117,09:25:07,1.3,1850,3089700
20240117,09:25:08,1.3,2350,3089700
20240117,09:25:09,1.3,8200,3089700
20240117,09:25:12,1.35,250,3089700
20240117,09:25:15,1.3,1800,3089700
20240117,09:25:16,1.3,900,3089700
20240117,09:25:18,1.35,100,3089700
20240117,09:25:23,1.35,1800,3089700
20240117,09:25:26,1.3,800,3089700
20240117,09:25:30,1.3,200,3089700
20240117,09:25:31,1.35,200,3089700
20240117,09:25:35,1.35,600,3089700
20240117,09:25:40,1.3,100,3089700
20240117,09:25:41,1.3,500,3089700
20240117,09:25:42,1.3,400,3089700
20240117,09:25:43,1.3,50,3089700
20240117,09:25:53,1.35,100,3089700
20240117,09:25:58,1.3,150,3089700
20240117,09:26:00,1.3,3600,3089700
20240117,09:26:02,1.35,600,3089700
20240117,09:26:07,1.35,200,3089700
20240117,09:26:15,1.35,2000,3089700
20240117,09:26:16,1.35,300,3089700
20240117,09:26:18,1.35,1500,3089700
20240117,09:26:20,1.35,500,3089700
20240117,09:26:26,1.35,50,3089700
20240117,09:26:28,1.35,2250,3089700
20240117,09:26:29,1.35,1500,3089700
20240117,09:26:37,1.35,500,3077050
20240117,09:26:40,1.35,1800,3077050
20240117,09:26:43,1.35,1750,3077050
20240117,09:26:44,1.3,800,3077050
20240117,09:26:45,1.35,4350,3077050
20240117,09:26:46,1.35,14250,3077050
20240117,09:26:47,1.35,2950,3077050
20240117,09:26:51,1.35,250,3077050
20240117,09:26:52,1.4,900,3077050
20240117,09:26:56,1.4,1800,3077050
20240117,09:27:00,1.4,100,3077050
20240117,09:27:03,1.4,1900,3077050
20240117,09:27:06,1.35,12650,3077050
20240117,09:27:07,1.35,2000,3077050
20240117,09:27:17,1.35,1800,3077050
20240117,09:27:19,1.35,50,3077050
20240117,09:27:24,1.35,50,3077050
20240117,09:27:25,1.3,3600,3077050
20240117,09:27:28,1.35,100,3077050
20240117,09:27:30,1.35,1800,3077050
20240117,09:27:32,1.3,450,3077050
20240117,09:27:36,1.35,100,3077050
20240117,09:27:36,1.35,1500,3077050
20240117,09:27:37,1.35,100,3077050
20240117,09:27:39,1.35,1500,3077050
20240117,09:27:44,1.3,9100,3077050
20240117,09:27:45,1.3,5400,3077050
20240117,09:27:47,1.35,50,3077050
20240117,09:27:52,1.3,1800,3077050
20240117,09:27:52,1.3,350,3077050
20240117,09:28:00,1.3,1000,3077050
20240117,09:28:01,1.3,50,3077050
20240117,09:28:05,1.35,1550,3077050
20240117,09:28:06,1.3,900,3077050
20240117,09:28:09,1.3,1500,3077050
20240117,09:28:10,1.35,850,3077050
20240117,09:28:12,1.3,1600,3077050
20240117,09:28:12,1.35,6100,3077050
20240117,09:28:13,1.3,2950,3077050
20240117,09:28:15,1.3,1200,3077050
20240117,09:28:18,1.3,500,3077050
20240117,09:28:20,1.3,1200,3077050
20240117,09:28:22,1.3,3200,3077050
20240117,09:28:22,1.35,3700,3077050
20240117,09:28:23,1.35,1750,3077050
20240117,09:28:25,1.3,15000,3077050
20240117,09:28:25,1.3,29550,3077050
20240117,09:28:30,1.3,25800,3077050
20240117,09:28:30,1.3,7200,3077050
20240117,09:28:31,1.25,27000,3077050
20240117,09:28:32,1.3,12000,3077050
20240117,09:28:33,1.3,9000,3077050
20240117,09:28:34,1.3,10800,3077050
20240117,09:28:36,1.3,5400,3077050
20240117,09:28:36,1.25,600,3077050
20240117,09:28:37,1.3,2750,3077050
20240117,09:28:39,1.3,3950,3077050
20240117,09:28:40,1.25,2500,3077050
20240117,09:28:41,1.3,100,3077050
20240117,09:28:43,1.3,4600,3077050
20240117,09:28:44,1.3,12550,3077050
20240117,09:28:46,1.3,1250,3077050
20240117,09:28:48,1.3,200,3077050
20240117,09:28:48,1.3,1000,3077050
20240117,09:28:49,1.3,5000,3077050
20240117,09:28:53,1.35,200,3077050
20240117,09:28:56,1.3,3100,3077050
20240117,09:28:57,1.3,50,3077050
20240117,09:28:58,1.35,500,3077050
20240117,09:28:59,1.3,1550,3077050
20240117,09:29:02,1.3,1000,3077050
20240117,09:29:04,1.3,2150,3077050
20240117,09:29:04,1.3,1600,3077050
20240117,09:29:06,1.3,100,3077050
20240117,09:29:10,1.3,50,3077050
20240117,09:29:12,1.35,700,3077050
20240117,09:29:13,1.35,400,3077050
20240117,09:29:14,1.35,100,3077050
20240117,09:29:15,1.3,750,3077050
20240117,09:29:17,1.3,3600,3077050
20240117,09:29:18,1.3,39600,3077050
20240117,09:29:19,1.3,20650,3077050
20240117,09:29:20,1.3,3000,3077050
20240117,09:29:21,1.3,300,3077050
20240117,09:29:22,1.3,2800,3077050
20240117,09:29:23,1.3,4400,3077050
20240117,09:29:24,1.3,6100,3077050
20240117,09:29:25,1.3,7400,3077050
20240117,09:29:26,1.25,4850,3077050
20240117,09:29:27,1.25,2100,3077050
20240117,09:29:28,1.25,500,3077050
20240117,09:29:29,1.25,500,3077050
20240117,09:29:30,1.3,1350,3077050
20240117,09:29:36,1.25,3600,2937500
20240117,09:29:39,1.3,50,2937500
20240117,09:29:42,1.25,5400,2937500
20240117,09:29:43,1.25,200,2937500
20240117,09:29:44,1.25,200,2937500
20240117,09:29:45,1.3,50,2937500
20240117,09:29:46,1.25,400,2937500
20240117,09:29:47,1.25,200,2937500
20240117,09:29:48,1.25,350,2937500
20240117,09:29:55,1.3,1850,2937500
20240117,09:29:56,1.25,500,2937500
20240117,09:30:04,1.25,1800,2937500
20240117,09:30:12,1.25,100,2937500
20240117,09:30:15,1.25,1500,2937500
20240117,09:30:16,1.25,1500,2937500
20240117,09:30:19,1.25,20300,2937500
20240117,09:30:25,1.2,50,2937500
20240117,09:30:29,1.2,1250,2937500
20240117,09:30:31,1.25,1800,2937500
20240117,09:30:32,1.25,1800,2937500
20240117,09:30:35,1.25,6400,2937500
20240117,09:30:37,1.25,2300,2937500
20240117,09:30:38,1.2,1100,2937500
20240117,09:30:39,1.25,3750,2937500
20240117,09:30:40,1.25,50,2937500
20240117,09:30:41,1.3,200,2937500
20240117,09:30:42,1.3,100,2937500
20240117,09:30:49,1.25,300,2937500
20240117,09:30:50,1.25,400,2937500
20240117,09:30:51,1.3,50,2937500
20240117,09:30:53,1.25,2500,2937500
20240117,09:30:54,1.3,1800,2937500
20240117,09:30:55,1.25,300,2937500
20240117,09:30:58,1.3,1800,2937500
20240117,09:30:59,1.3,50,2937500
20240117,09:31:01,1.25,4000,2937500
20240117,09:31:02,1.25,1000,2937500
20240117,09:31:03,1.25,200,2937500
20240117,09:31:11,1.25,50,2937500
20240117,09:31:12,1.3,300,2937500
20240117,09:31:15,1.25,15000,2937500
20240117,09:31:18,1.25,1800,2937500
20240117,09:31:19,1.3,500,2937500
20240117,09:31:20,1.25,2400,2937500
20240117,09:31:21,1.25,1800,2937500
20240117,09:31:23,1.25,5500,2937500
20240117,09:31:25,1.25,15400,2937500
20240117,09:31:25,1.25,1150,2937500
20240117,09:31:26,1.3,3900,2937500
20240117,09:31:28,1.25,500,2937500
20240117,09:31:31,1.3,200,2937500
20240117,09:31:31,1.3,1400,2937500
20240117,09:31:32,1.3,300,2937500
20240117,09:31:33,1.3,500,2937500
20240117,09:31:34,1.3,750,2937500
20240117,09:31:36,1.3,1550,2937500
20240117,09:31:36,1.3,100,2937500
20240117,09:31:37,1.3,1200,2937500
20240117,09:31:38,1.3,50,2937500
20240117,09:31:39,1.3,900,2937500
20240117,09:31:40,1.3,200,2937500
20240117,09:31:41,1.3,4000,2937500
20240117,09:31:42,1.3,100,2937500
20240117,09:31:43,1.3,100,2937500
20240117,09:31:44,1.3,100,2937500
20240117,09:31:45,1.3,300,2937500
20240117,09:31:47,1.3,250,2937500
20240117,09:31:48,1.3,250,2937500
20240117,09:31:50,1.3,300,2937500
20240117,09:31:51,1.3,50,2937500
20240117,09:31:52,1.3,50,2937500
20240117,09:31:53,1.3,100,2937500
20240117,09:31:54,1.3,100,2937500
20240117,09:31:55,1.3,250,2937500
20240117,09:31:57,1.3,700,2937500
20240117,09:32:00,1.3,100,2937500
20240117,09:32:02,1.3,100,2937500
20240117,09:32:02,1.3,1650,2937500
20240117,09:32:03,1.3,31650,2937500
20240117,09:32:04,1.3,150,2937500
20240117,09:32:05,1.3,150,2937500
20240117,09:32:06,1.3,50,2937500
20240117,09:32:07,1.3,9300,2937500
20240117,09:32:11,1.3,200,2937500
20240117,09:32:12,1.25,7500,2937500
20240117,09:32:13,1.25,7500,2937500
20240117,09:32:14,1.25,31250,2937500
20240117,09:32:16,1.3,2050,2937500
20240117,09:32:21,1.25,500,2937500
20240117,09:32:23,1.3,200,2937500
20240117,09:32:25,1.3,400,2937500
20240117,09:32:26,1.3,600,2937500
20240117,09:32:33,1.3,100,2937500
20240117,09:32:38,1.3,1500,2967400
20240117,09:32:40,1.25,100,2967400
20240117,09:32:45,1.3,200,2967400
20240117,09:32:46,1.3,100,2967400
20240117,09:32:58,1.3,200,2967400
20240117,09:33:00,1.3,200,2967400
20240117,09:33:05,1.3,1100,2967400
20240117,09:33:08,1.25,1000,2967400
20240117,09:33:10,1.25,1000,2967400
20240117,09:33:11,1.3,400,2967400
20240117,09:33:12,1.25,1000,2967400
20240117,09:33:13,1.3,600,2967400
20240117,09:33:20,1.25,450,2967400
20240117,09:33:23,1.3,50,2967400
20240117,09:33:24,1.3,1800,2967400
20240117,09:33:29,1.3,1800,2967400
20240117,09:33:30,1.3,400,2967400
20240117,09:33:43,1.3,550,2967400
20240117,09:33:44,1.25,500,2967400
20240117,09:33:47,1.25,150,2967400
20240117,09:33:51,1.3,1850,2967400
20240117,09:33:52,1.3,300,2967400
20240117,09:33:54,1.3,2950,2967400
20240117,09:33:56,1.25,200,2967400
20240117,09:33:58,1.25,7500,2967400
20240117,09:34:07,1.3,1150,2967400
20240117,09:34:08,1.3,3800,2967400
20240117,09:34:09,1.3,300,2967400
20240117,09:34:11,1.25,50,2967400
20240117,09:34:13,1.3,1500,2967400
20240117,09:34:14,1.3,1100,2967400
20240117,09:34:15,1.25,50,2967400
20240117,09:34:16,1.25,50,2967400
20240117,09:34:17,1.3,250,2967400
20240117,09:34:18,1.3,250,2967400
20240117,09:34:19,1.25,50,2967400
20240117,09:34:21,1.25,300,2967400
20240117,09:34:22,1.25,50,2967400
20240117,09:34:25,1.25,50,2967400
20240117,09:34:26,1.25,50,2967400
20240117,09:34:28,1.25,50,2967400
20240117,09:34:31,1.25,50,2967400
20240117,09:34:33,1.25,200,2967400
20240117,09:34:34,1.25,50,2967400
20240117,09:34:37,1.25,50,2967400
20240117,09:34:38,1.3,500,2967400
20240117,09:34:39,1.25,7650,2967400
20240117,09:34:40,1.25,50,2967400
20240117,09:34:41,1.3,50,2967400
20240117,09:34:43,1.3,9550,2967400
20240117,09:34:44,1.3,3750,2967400
20240117,09:34:45,1.25,50,2967400
20240117,09:34:46,1.3,1800,2967400
20240117,09:34:47,1.3,1850,2967400
20240117,09:34:49,1.25,50,2967400
20240117,09:34:50,1.3,550,2967400
20240117,09:34:51,1.25,50,2967400
20240117,09:34:53,1.25,50,2967400
20240117,09:34:54,1.3,500,2967400
20240117,09:34:55,1.25,50,2967400
20240117,09:34:56,1.25,50,2967400
20240117,09:34:58,1.3,500,2967400
20240117,09:34:59,1.25,50,2967400
20240117,09:35:01,1.25,50,2967400
20240117,09:35:03,1.25,50,2967400
20240117,09:35:05,1.25,50,2967400
20240117,09:35:07,1.25,50,2967400
20240117,09:35:08,1.25,100,2967400
20240117,09:35:09,1.25,50,2967400
20240117,09:35:10,1.3,100,2967400
20240117,09:35:11,1.25,50,2967400
20240117,09:35:12,1.25,50,2967400
20240117,09:35:14,1.25,50,2967400
20240117,09:35:16,1.25,1500,2967400
20240117,09:35:17,1.25,50,2967400
20240117,09:35:18,1.25,1800,2967400
20240117,09:35:19,1.25,50,2967400
20240117,09:35:20,1.3,1850,2967400
20240117,09:35:22,1.25,50,2967400
20240117,09:35:24,1.3,50,2967400
20240117,09:35:25,1.25,250,2967400
20240117,09:35:26,1.25,50,2967400
20240117,09:35:28,1.25,50,2967400
20240117,09:35:30,1.25,50,2967400
20240117,09:35:31,1.3,1850,2967400
20240117,09:35:33,1.25,50,2967400
20240117,09:35:35,1.25,50,2967400
20240117,09:35:36,1.25,50,2967400
20240117,09:35:38,1.25,50,2950550
20240117,09:35:40,1.25,50,2950550
20240117,09:35:42,1.25,50,2950550
20240117,09:35:44,1.25,50,2950550
20240117,09:35:46,1.25,50,2950550
20240117,09:35:48,1.25,50,2950550
20240117,09:35:49,1.3,250,2950550
20240117,09:35:50,1.25,50,2950550
20240117,09:35:53,1.25,50,2950550
20240117,09:35:55,1.25,50,2950550
20240117,09:35:57,1.25,50,2950550
20240117,09:35:58,1.3,2800,2950550
20240117,09:35:59,1.25,50,2950550
20240117,09:36:01,1.25,50,2950550
20240117,09:36:02,1.3,1800,2950550
20240117,09:36:03,1.3,5450,2950550
20240117,09:36:04,1.3,5400,2950550
20240117,09:36:05,1.3,3650,2950550
20240117,09:36:06,1.25,2950,2950550
20240117,09:36:07,1.3,6400,2950550
20240117,09:36:08,1.3,16200,2950550
20240117,09:36:09,1.3,8900,2950550
20240117,09:36:10,1.3,8800,2950550
20240117,09:36:11,1.3,50,2950550
20240117,09:36:12,1.35,50,2950550
20240117,09:36:13,1.3,50,2950550
20240117,09:36:15,1.3,50,2950550
20240117,09:36:16,1.35,50,2950550
20240117,09:36:17,1.3,3050,2950550
20240117,09:36:19,1.3,50,2950550
20240117,09:36:21,1.3,50,2950550
20240117,09:36:22,1.3,50,2950550
20240117,09:36:24,1.3,50,2950550
20240117,09:36:27,1.3,52600,2950550
20240117,09:36:29,1.3,300,2950550
20240117,09:36:30,1.3,1750,2950550
20240117,09:36:31,1.25,50,2950550
20240117,09:36:32,1.25,100,2950550
20240117,09:36:33,1.25,50,2950550
20240117,09:36:34,1.25,50,2950550
20240117,09:36:36,1.3,50,2950550
20240117,09:36:37,1.25,50,2950550
20240117,09:36:38,1.25,50,2950550
20240117,09:36:39,1.3,1350,2950550
20240117,09:36:40,1.25,1850,2950550
20240117,09:36:44,1.25,50,2950550
20240117,09:36:46,1.25,50,2950550
20240117,09:36:48,1.25,3150,2950550
20240117,09:36:50,1.25,3150,2950550
20240117,09:36:51,1.25,1800,2950550
20240117,09:36:52,1.25,3150,2950550
20240117,09:36:53,1.25,100,2950550
20240117,09:36:55,1.25,3150,2950550
20240117,09:36:56,1.25,3150,2950550
20240117,09:36:59,1.25,3150,2950550
20240117,09:37:00,1.25,1800,2950550
20240117,09:37:01,1.25,4550,2950550
20240117,09:37:02,1.25,3150,2950550
20240117,09:37:04,1.25,3150,2950550
20240117,09:37:07,1.25,3250,2950550
20240117,09:37:08,1.3,900,2950550
20240117,09:37:09,1.25,4950,2950550
20240117,09:37:11,1.25,3150,2950550
20240117,09:37:12,1.25,3150,2950550
20240117,09:37:15,1.25,12150,2950550
20240117,09:37:16,1.25,5400,2950550
20240117,09:37:17,1.25,3150,2950550
20240117,09:37:19,1.25,3150,2950550
20240117,09:37:19,1.25,13950,2950550
20240117,09:37:20,1.2,4150,2950550
20240117,09:37:22,1.2,3150,2950550
20240117,09:37:25,1.2,4950,2950550
20240117,09:37:27,1.2,3150,2950550
20240117,09:37:29,1.2,3150,2950550
20240117,09:37:31,1.2,3200,2950550
20240117,09:37:32,1.25,1000,2950550
20240117,09:37:33,1.2,4650,2950550
20240117,09:37:35,1.2,3150,2950550
20240117,09:37:36,1.2,3150,2950550
20240117,09:37:39,1.2,4950,2950550
20240117,09:37:41,1.2,7300,2950550
20240117,09:37:43,1.2,8550,2950550
20240117,09:37:44,1.2,5100,2950550
20240117,09:37:45,1.2,39450,2950550
20240117,09:37:46,1.15,3200,2950550
20240117,09:37:47,1.15,3150,2950550
20240117,09:37:48,1.2,1800,2950550
20240117,09:37:49,1.15,3150,2950550
20240117,09:37:51,1.15,3150,2950550
20240117,09:37:52,1.15,4950,2950550
20240117,09:37:54,1.15,3150,2950550
20240117,09:37:57,1.15,3150,2950550
20240117,09:37:58,1.15,1800,2950550
20240117,09:37:59,1.15,3150,2950550
20240117,09:38:00,1.15,13100,2950550
20240117,09:38:01,1.15,22350,2950550
20240117,09:38:02,1.15,1000,2950550
20240117,09:38:02,1.15,250,2950550
20240117,09:38:03,1.1,4900,2950550
20240117,09:38:05,1.1,3400,2950550
20240117,09:38:06,1.15,800,2950550
20240117,09:38:07,1.1,3650,2950550
20240117,09:38:09,1.1,3150,2950550
20240117,09:38:10,1.1,3900,2950550
20240117,09:38:11,1.1,5750,2950550
20240117,09:38:11,1.1,1800,2950550
20240117,09:38:13,1.05,9650,2950550
20240117,09:38:15,1.05,3200,2950550
20240117,09:38:17,1.05,3150,2950550
20240117,09:38:19,1.05,4700,2950550
20240117,09:38:20,1.1,1900,2950550
20240117,09:38:21,1.05,3150,2950550
20240117,09:38:23,1.05,3150,2950550
20240117,09:38:24,1.05,18850,2950550
20240117,09:38:25,1.05,3150,2950550
20240117,09:38:26,1.05,9050,2950550
20240117,09:38:27,1.0,4950,2950550
20240117,09:38:28,1.0,50,2950550
20240117,09:38:29,1.0,3150,2950550
20240117,09:38:30,1.0,1600,2950550
20240117,09:38:31,1.0,3150,2950550
20240117,09:38:33,1.0,3650,2950550
20240117,09:38:35,1.0,3150,2950550
20240117,09:38:37,1.05,4150,2840650
20240117,09:38:39,1.0,4950,2840650
20240117,09:38:41,1.0,5100,2840650
20240117,09:38:42,1.0,1800,2840650
20240117,09:38:43,1.0,3150,2840650
20240117,09:38:44,1.05,2800,2840650
20240117,09:38:45,1.0,3950,2840650
20240117,09:38:45,1.0,1800,2840650
20240117,09:38:47,1.0,35900,2840650
20240117,09:38:48,1.0,7050,2840650
20240117,09:38:51,1.0,3150,2840650
20240117,09:38:52,1.05,100,2840650
20240117,09:38:53,1.05,4150,2840650
20240117,09:38:54,1.0,3150,2840650
20240117,09:38:56,1.05,100,2840650
20240117,09:38:57,1.0,3150,2840650
20240117,09:38:59,1.0,3150,2840650
20240117,09:39:00,1.05,100,2840650
20240117,09:39:00,1.0,3150,2840650
20240117,09:39:02,1.05,400,2840650
20240117,09:39:03,1.0,3150,2840650
20240117,09:39:04,1.05,100,2840650
20240117,09:39:05,1.0,9950,2840650
20240117,09:39:06,1.0,2300,2840650
20240117,09:39:07,1.0,13350,2840650
20240117,09:39:08,1.0,4000,2840650
20240117,09:39:08,1.0,3150,2840650
20240117,09:39:10,1.0,2350,2840650
20240117,09:39:11,0.95,3150,2840650
20240117,09:39:12,0.95,1100,2840650
20240117,09:39:13,0.95,3650,2840650
20240117,09:39:15,0.95,6750,2840650
20240117,09:39:16,0.95,3600,2840650
20240117,09:39:17,0.9,12900,2840650
20240117,09:39:18,0.9,1800,2840650
20240117,09:39:18,0.9,3150,2840650
20240117,09:39:21,0.85,18650,2840650
20240117,09:39:22,0.9,3200,2840650
20240117,09:39:23,0.85,3150,2840650
20240117,09:39:25,0.85,7350,2840650
20240117,09:39:27,0.9,7200,2840650
20240117,09:39:29,0.85,3150,2840650
20240117,09:39:31,0.9,4950,2840650
20240117,09:39:32,0.85,3150,2840650
20240117,09:39:34,0.9,400,2840650
20240117,09:39:35,0.85,5000,2840650
20240117,09:39:36,0.9,11050,2840650
20240117,09:39:37,0.9,3150,2840650
20240117,09:39:38,0.9,3300,2840650
20240117,09:39:41,0.9,6450,2840650
20240117,09:39:43,0.9,3150,2840650
20240117,09:39:45,0.9,3150,2840650
20240117,09:39:46,0.95,50,2840650
20240117,09:39:47,0.95,3850,2840650
20240117,09:39:47,0.95,1500,2840650
20240117,09:39:48,0.9,14150,2840650
20240117,09:39:50,0.9,1800,2840650
20240117,09:39:51,0.9,4750,2840650
20240117,09:39:53,0.9,12200,2840650
20240117,09:39:55,0.9,3150,2840650
20240117,09:39:56,0.9,6900,2840650
20240117,09:39:57,0.9,9950,2840650
20240117,09:39:58,0.9,300,2840650
20240117,09:39:59,0.85,3150,2840650
20240117,09:40:01,0.9,3650,2840650
20240117,09:40:03,0.85,3150,2840650
20240117,09:40:04,0.9,3400,2840650
20240117,09:40:06,0.9,1000,2840650
20240117,09:40:07,0.85,3150,2840650
20240117,09:40:09,0.85,3150,2840650
20240117,09:40:10,0.85,3150,2840650
20240117,09:40:12,0.85,100,2840650
20240117,09:40:13,0.85,3150,2840650
20240117,09:40:14,0.85,150,2840650
20240117,09:40:15,0.9,3400,2840650
20240117,09:40:16,0.9,1800,2840650
20240117,09:40:17,0.9,10350,2840650
20240117,09:40:18,0.9,1800,2840650
20240117,09:40:19,0.85,8550,2840650
20240117,09:40:20,0.9,7200,2840650
20240117,09:40:21,0.9,14750,2840650
20240117,09:40:22,0.9,1500,2840650
20240117,09:40:23,0.9,3150,2840650
20240117,09:40:25,0.9,3150,2840650
20240117,09:40:26,0.9,600,2840650
20240117,09:40:27,0.9,3150,2840650
20240117,09:40:28,0.95,1500,2840650
20240117,09:40:29,0.95,4650,2840650
20240117,09:40:30,0.9,500,2840650
20240117,09:40:31,0.9,3150,2840650
20240117,09:40:32,0.9,150,2840650
20240117,09:40:33,0.9,3150,2840650
20240117,09:40:34,0.95,2200,2840650
20240117,09:40:35,0.9,3150,2840650
20240117,09:40:37,0.95,4850,2840650
20240117,09:40:38,0.95,1450,2840650
20240117,09:40:39,0.9,3400,2840650
20240117,09:40:41,0.9,3150,2840650
20240117,09:40:43,0.9,3150,2840650
20240117,09:40:44,0.9,4650,2840650
20240117,09:40:45,0.95,1850,2840650
20240117,09:40:46,0.95,1800,2840650
20240117,09:40:47,0.95,4950,2840650
20240117,09:40:48,0.95,6850,2840650
20240117,09:40:49,0.9,8550,2840650
20240117,09:40:50,0.9,3400,2840650
20240117,09:40:51,0.9,400,2840650
20240117,09:40:52,0.9,10650,2840650
20240117,09:40:53,0.9,7500,2840650
20240117,09:40:55,0.9,4950,2840650
20240117,09:40:57,0.9,3350,2840650
20240117,09:40:59,0.85,3150,2840650
20240117,09:41:01,0.85,3200,2840650
20240117,09:41:02,0.85,350,2840650
20240117,09:41:03,0.85,3150,2840650
20240117,09:41:04,0.85,500,2840650
20240117,09:41:05,0.85,3850,2840650
20240117,09:41:07,0.85,3650,2840650
20240117,09:41:08,0.85,3150,2840650
20240117,09:41:11,0.85,3150,2840650
20240117,09:41:12,0.85,3150,2840650
20240117,09:41:14,0.85,800,2840650
20240117,09:41:15,0.85,3150,2840650
20240117,09:41:17,0.9,3800,2840650
20240117,09:41:18,0.85,50,2840650
20240117,09:41:19,0.85,18150,2840650
20240117,09:41:20,0.85,3200,2840650
20240117,09:41:21,0.8,3150,2840650
20240117,09:41:23,0.8,18150,2840650
20240117,09:41:25,0.8,3150,2840650
20240117,09:41:26,0.8,3150,2840650
20240117,09:41:28,0.85,7750,2840650
20240117,09:41:29,0.8,3150,2840650
20240117,09:41:31,0.85,3200,2840650
20240117,09:41:33,0.8,3150,2840650
20240117,09:41:34,0.8,1800,2840650
20240117,09:41:35,0.8,3150,2840650
20240117,09:41:37,0.85,3200,2607400
20240117,09:41:38,0.8,3200,2607400
20240117,09:41:40,0.8,1800,2607400
20240117,09:41:41,0.8,3150,2607400
20240117,09:41:42,0.8,3150,2607400
20240117,09:41:45,0.8,3150,2607400
20240117,09:41:46,0.8,1800,2607400
20240117,09:41:47,0.8,3150,2607400
20240117,09:41:49,0.8,3150,2607400
20240117,09:41:50,0.8,20000,2607400
20240117,09:41:51,0.75,3150,2607400
20240117,09:41:53,0.75,3150,2607400
20240117,09:41:55,0.75,3500,2607400
20240117,09:41:57,0.75,6750,2607400
20240117,09:41:58,0.75,7150,2607400
20240117,09:41:59,0.75,4650,2607400
20240117,09:42:01,0.7,11600,2607400
20240117,09:42:02,0.7,22600,2607400
20240117,09:42:04,0.75,5250,2607400
20240117,09:42:05,0.7,3150,2607400
20240117,09:42:06,0.75,1800,2607400
20240117,09:42:07,0.75,3800,2607400
20240117,09:42:09,0.7,13400,2607400
20240117,09:42:10,0.75,2650,2607400
20240117,09:42:11,0.7,3150,2607400
20240117,09:42:13,0.75,3350,2607400
20240117,09:42:14,0.75,50,2607400
20240117,09:42:15,0.7,3150,2607400
20240117,09:42:16,0.75,200,2607400
20240117,09:42:17,0.7,3150,2607400
20240117,09:42:19,0.7,3350,2607400
20240117,09:42:20,0.75,3950,2607400
20240117,09:42:21,0.7,3150,2607400
20240117,09:42:23,0.7,4950,2607400
20240117,09:42:24,0.7,9000,2607400
20240117,09:42:25,0.7,3200,2607400
20240117,09:42:27,0.7,3250,2607400
20240117,09:42:29,0.7,3150,2607400
20240117,09:42:31,0.75,3250,2607400
20240117,09:42:33,0.7,3150,2607400
20240117,09:42:35,0.75,3200,2607400
20240117,09:42:37,0.7,3150,2607400
20240117,09:42:39,0.7,3150,2607400
20240117,09:42:40,0.7,4950,2607400
20240117,09:42:42,0.7,8350,2607400
20240117,09:42:44,0.7,17650,2607400
20240117,09:42:45,0.65,4950,2607400
20240117,09:42:45,0.65,1050,2607400
20240117,09:42:47,0.7,4600,2607400
20240117,09:42:48,0.7,2200,2607400
20240117,09:42:49,0.7,5000,2607400
20240117,09:42:50,0.7,10850,2607400
20240117,09:42:51,0.7,13050,2607400
20240117,09:42:52,0.7,350,2607400
20240117,09:42:53,0.7,7550,2607400
20240117,09:42:54,0.7,3150,2607400
20240117,09:42:56,0.75,50,2607400
20240117,09:42:57,0.7,3150,2607400
20240117,09:42:59,0.7,4950,2607400
20240117,09:43:01,0.7,3150,2607400
20240117,09:43:03,0.7,6750,2607400
20240117,09:43:05,0.7,3150,2607400
20240117,09:43:07,0.7,3150,2607400
20240117,09:43:09,0.7,3150,2607400
20240117,09:43:11,0.7,4950,2607400
20240117,09:43:12,0.7,4950,2607400
20240117,09:43:15,0.7,3150,2607400
20240117,09:43:17,0.7,3150,2607400
20240117,09:43:18,0.7,2200,2607400
20240117,09:43:19,0.7,8050,2607400
20240117,09:43:20,0.65,3150,2607400
20240117,09:43:22,0.7,1900,2607400
20240117,09:43:23,0.7,3600,2607400
20240117,09:43:25,0.65,3150,2607400
20240117,09:43:26,0.65,3600,2607400
20240117,09:43:28,0.65,3150,2607400
20240117,09:43:31,0.65,3150,2607400
20240117,09:43:33,0.65,3150,2607400
20240117,09:43:35,0.65,3150,2607400
20240117,09:43:36,0.65,5050,2607400
20240117,09:43:38,0.65,3150,2607400
20240117,09:43:40,0.7,1800,2607400
20240117,09:43:41,0.65,3150,2607400
20240117,09:43:43,0.65,5450,2607400
20240117,09:43:44,0.7,1800,2607400
20240117,09:43:45,0.65,3150,2607400
20240117,09:43:47,0.65,3150,2607400
20240117,09:43:48,0.65,36600,2607400
20240117,09:43:49,0.6,7550,2607400
20240117,09:43:50,0.65,100,2607400
20240117,09:43:51,0.6,3150,2607400
20240117,09:43:53,0.6,3600,2607400
20240117,09:43:55,0.6,4950,2607400
20240117,09:43:57,0.6,3550,2607400
20240117,09:43:58,0.6,3150,2607400
20240117,09:44:01,0.6,3150,2607400
20240117,09:44:02,0.6,33200,2607400
20240117,09:44:03,0.65,39350,2607400
20240117,09:44:04,0.6,6750,2607400
20240117,09:44:05,0.6,26550,2607400
20240117,09:44:06,0.55,4950,2607400
20240117,09:44:08,0.55,350,2607400
20240117,09:44:09,0.55,3400,2607400
20240117,09:44:10,0.55,3150,2607400
20240117,09:44:13,0.6,3950,2607400
20240117,09:44:14,0.6,800,2607400
20240117,09:44:15,0.6,3400,2607400
20240117,09:44:16,0.55,3150,2607400
20240117,09:44:17,0.6,1000,2607400
20240117,09:44:18,0.6,4950,2607400
20240117,09:44:19,0.6,1800,2607400
20240117,09:44:20,0.6,5400,2607400
20240117,09:44:21,0.6,18550,2607400
20240117,09:44:22,0.55,5400,2607400
20240117,09:44:23,0.6,6000,2607400
20240117,09:44:24,0.55,3150,2607400
20240117,09:44:25,0.6,1800,2607400
20240117,09:44:26,0.6,1850,2607400
20240117,09:44:27,0.6,24200,2607400
20240117,09:44:28,0.6,27750,2607400
20240117,09:44:29,0.6,550,2607400
20240117,09:44:30,0.6,5400,2607400
20240117,09:44:31,0.6,11600,2607400
20240117,09:44:33,0.6,3150,2607400
20240117,09:44:34,0.6,3150,2607400
20240117,09:44:35,0.6,50,2607400
20240117,09:44:37,0.6,3150,2607400
20240117,09:44:38,0.6,26050,2607400
20240117,09:44:39,0.55,3450,2497350
20240117,09:44:40,0.55,3000,2497350
20240117,09:44:41,0.55,3200,2497350
20240117,09:44:43,0.55,3250,2497350
20240117,09:44:46,0.6,4200,2497350
20240117,09:44:47,0.55,3150,2497350
20240117,09:44:48,0.6,1500,2497350
20240117,09:44:49,0.55,5650,2497350
20240117,09:44:51,0.55,3150,2497350
20240117,09:44:53,0.55,3150,2497350
20240117,09:44:55,0.55,3150,2497350
20240117,09:44:56,0.55,3150,2497350
20240117,09:44:59,0.55,3150,2497350
20240117,09:45:00,0.55,14600,2497350
20240117,09:45:01,0.5,65850,2497350
20240117,09:45:02,0.5,3450,2497350
20240117,09:45:04,0.5,4950,2497350
20240117,09:45:07,0.5,8750,2497350
20240117,09:45:08,0.55,1800,2497350
20240117,09:45:09,0.55,1800,2497350
20240117,09:45:10,0.55,1800,2497350
20240117,09:45:11,0.55,5500,2497350
20240117,09:45:12,0.55,1800,2497350
20240117,09:45:13,0.55,1800,2497350
20240117,09:45:15,0.55,3600,2497350
20240117,09:45:15,0.55,1200,2497350
20240117,09:45:16,0.55,500,2497350
20240117,09:45:17,0.5,5550,2497350
20240117,09:45:18,0.55,56850,2497350
20240117,09:45:19,0.55,7200,2497350
20240117,09:45:22,0.6,2700,2497350
20240117,09:45:24,0.55,5550,2497350
20240117,09:45:26,0.55,150,2497350
20240117,09:45:27,0.6,1800,2497350
20240117,09:45:28,0.6,800,2497350
20240117,09:45:32,0.6,500,2497350
20240117,09:45:33,0.6,200,2497350
20240117,09:45:35,0.6,200,2497350
20240117,09:45:36,0.55,350,2497350
20240117,09:45:37,0.6,1800,2497350
20240117,09:45:41,0.6,300,2497350
20240117,09:45:50,0.55,1500,2497350
20240117,09:45:51,0.6,22650,2497350
20240117,09:45:52,0.6,9000,2497350
20240117,09:45:54,0.55,850,2497350
20240117,09:45:54,0.6,1850,2497350
20240117,09:45:56,0.55,300,2497350
20240117,09:46:00,0.6,2150,2497350
20240117,09:46:02,0.55,4400,2497350
20240117,09:46:02,0.6,1800,2497350
20240117,09:46:03,0.55,3600,2497350
20240117,09:46:05,0.6,1800,2497350
20240117,09:46:06,0.6,1800,2497350
20240117,09:46:07,0.6,1800,2497350
20240117,09:46:08,0.6,11800,2497350
20240117,09:46:09,0.65,22200,2497350
20240117,09:46:14,0.65,500,2497350
20240117,09:46:31,0.65,50,2497350
20240117,09:46:32,0.65,50,2497350
20240117,09:46:41,0.65,200,2497350
20240117,09:46:44,0.65,500,2497350
20240117,09:46:46,0.65,100,2497350
20240117,09:46:50,0.65,950,2497350
20240117,09:46:51,0.65,300,2497350
20240117,09:46:51,0.65,250,2497350
20240117,09:46:59,0.65,250,2497350
20240117,09:47:03,0.65,1800,2497350
20240117,09:47:04,0.6,50,2497350
20240117,09:47:06,0.65,3000,2497350
20240117,09:47:08,0.6,1900,2497350
20240117,09:47:12,0.65,1800,2497350
20240117,09:47:14,0.65,300,2497350
20240117,09:47:17,0.65,50,2497350
20240117,09:47:18,0.65,1800,2497350
20240117,09:47:21,0.6,300,2497350
20240117,09:47:35,0.65,50,2497350
20240117,09:47:36,0.6,50,2497350
20240117,09:47:42,0.65,50,2443400
20240117,09:47:47,0.6,1850,2443400
20240117,09:47:52,0.65,50,2443400
20240117,09:47:58,0.65,1050,2443400
20240117,09:48:06,0.6,100,2443400
20240117,09:48:07,0.65,1800,2443400
20240117,09:48:08,0.65,1800,2443400
20240117,09:48:09,0.65,1800,2443400
20240117,09:48:10,0.65,1950,2443400
20240117,09:48:11,0.65,1800,2443400
20240117,09:48:12,0.65,3000,2443400
20240117,09:48:13,0.65,18000,2443400
20240117,09:48:14,0.65,7200,2443400
20240117,09:48:15,0.65,7250,2443400
20240117,09:48:16,0.65,20300,2443400
20240117,09:48:23,0.7,1850,2443400
20240117,09:48:24,0.65,18900,2443400
20240117,09:48:25,0.65,1800,2443400
20240117,09:48:27,0.65,1800,2443400
20240117,09:48:29,0.6,2300,2443400
20240117,09:48:30,0.65,350,2443400
20240117,09:48:31,0.65,1900,2443400
20240117,09:48:32,0.65,1900,2443400
20240117,09:48:43,0.65,500,2443400
20240117,09:48:52,0.6,50,2443400
20240117,09:48:53,0.65,1800,2443400
20240117,09:49:03,0.65,700,2443400
20240117,09:49:10,0.65,50,2443400
20240117,09:49:16,0.65,50,2443400
20240117,09:49:28,0.6,50,2443400
20240117,09:49:29,0.65,1300,2443400
20240117,09:49:33,0.65,1800,2443400
20240117,09:49:41,0.6,3600,2443400
20240117,09:49:45,0.65,100,2443400
20240117,09:50:02,0.65,300,2443400
20240117,09:50:10,0.6,1800,2443400
20240117,09:50:16,0.65,1350,2443400
20240117,09:50:16,0.65,2650,2443400
20240117,09:50:19,0.6,1800,2443400
20240117,09:50:43,0.65,200,2432000
20240117,09:50:49,0.65,1800,2432000
20240117,09:50:51,0.6,2050,2432000
20240117,09:50:53,0.6,600,2432000
20240117,09:50:56,0.65,50,2432000
20240117,09:50:57,0.65,50,2432000
20240117,09:50:58,0.6,1800,2432000
20240117,09:51:00,0.6,200,2432000
20240117,09:51:04,0.6,103600,2432000
20240117,09:51:05,0.6,21950,2432000
20240117,09:51:06,0.55,50,2432000
20240117,09:51:07,0.6,8400,2432000
20240117,09:51:08,0.6,1800,2432000
20240117,09:51:12,0.55,3800,2432000
20240117,09:51:14,0.6,8750,2432000
20240117,09:51:17,0.6,150,2432000
20240117,09:51:18,0.6,1800,2432000
20240117,09:51:21,0.55,1400,2432000
20240117,09:51:22,0.55,19400,2432000
20240117,09:51:23,0.55,18000,2432000
20240117,09:51:25,0.55,19850,2432000
20240117,09:51:26,0.6,150,2432000
20240117,09:51:27,0.55,20000,2432000
20240117,09:51:29,0.55,100,2432000
20240117,09:51:34,0.55,150,2432000
20240117,09:51:35,0.55,250,2432000
20240117,09:51:39,0.55,1900,2432000
20240117,09:51:41,0.55,73400,2432000
20240117,09:51:45,0.55,200,2432000
20240117,09:51:48,0.55,950,2432000
20240117,09:51:49,0.55,2000,2432000
20240117,09:51:58,0.5,5650,2432000
20240117,09:51:59,0.5,750,2432000
20240117,09:52:00,0.5,2850,2432000
20240117,09:52:01,0.55,1800,2432000
20240117,09:52:05,0.55,200,2432000
20240117,09:52:06,0.55,50,2432000
20240117,09:52:12,0.5,500,2432000
20240117,09:52:14,0.5,1050,2432000
20240117,09:52:17,0.5,250,2432000
20240117,09:52:20,0.5,250,2432000
20240117,09:52:26,0.5,3300,2432000
20240117,09:52:28,0.5,5600,2432000
20240117,09:52:30,0.5,100,2432000
20240117,09:52:33,0.5,400,2432000
20240117,09:52:34,0.5,800,2432000
20240117,09:52:39,0.5,1800,2432000
20240117,09:52:41,0.5,4150,2432000
20240117,09:52:42,0.55,2800,2432000
20240117,09:52:44,0.5,3600,2432000
20240117,09:52:46,0.5,2050,2432000
20240117,09:52:48,0.5,3100,2432000
20240117,09:52:50,0.5,1000,2432000
20240117,09:52:52,0.5,3600,2432000
20240117,09:52:57,0.5,11650,2432000
20240117,09:52:58,0.5,45600,2432000
20240117,09:52:59,0.5,38550,2432000
20240117,09:53:02,0.5,200,2432000
20240117,09:53:03,0.5,1850,2432000
20240117,09:53:04,0.5,1800,2432000
20240117,09:53:06,0.5,1850,2432000
20240117,09:53:07,0.5,1800,2432000
20240117,09:53:10,0.5,50,2432000
20240117,09:53:17,0.5,550,2432000
20240117,09:53:21,0.5,550,2432000
20240117,09:53:26,0.5,450,2432000
20240117,09:53:34,0.5,1800,2432000
20240117,09:53:51,0.5,250,2432000
20240117,09:53:53,0.5,1850,2360450
20240117,09:53:57,0.5,50,2360450
20240117,09:54:02,0.45,150,2360450
20240117,09:54:07,0.45,1800,2360450
20240117,09:54:11,0.45,50,2360450
20240117,09:54:13,0.45,450,2360450
20240117,09:54:14,0.5,200,2360450
20240117,09:54:21,0.5,1800,2360450
20240117,09:54:23,0.45,50,2360450
20240117,09:54:25,0.45,150,2360450
20240117,09:54:34,0.5,50,2360450
20240117,09:54:35,0.45,150,2360450
20240117,09:54:36,0.5,1850,2360450
20240117,09:54:41,0.45,200,2360450
20240117,09:54:43,0.45,750,2360450
20240117,09:54:46,0.5,50,2360450
20240117,09:54:47,0.45,300,2360450
20240117,09:55:02,0.5,1400,2360450
20240117,09:55:22,0.45,50,2360450
20240117,09:55:26,0.5,200,2360450
20240117,09:55:31,0.5,50,2360450
20240117,09:55:32,0.45,200,2360450
20240117,09:55:38,0.45,200,2360450
20240117,09:56:01,0.5,1800,2360450
20240117,09:56:07,0.5,200,2360450
20240117,09:56:17,0.45,150,2360450
20240117,09:56:27,0.45,1800,2360450
20240117,09:56:28,0.45,500,2360450
20240117,09:56:31,0.45,250,2360450
20240117,09:56:33,0.5,1500,2360450
20240117,09:56:34,0.45,1800,2360450
20240117,09:56:37,0.45,100,2360450
20240117,09:56:38,0.45,250,2360450
20240117,09:56:40,0.45,2000,2348750
20240117,09:56:53,0.45,1100,2348750
20240117,09:56:54,0.45,450,2348750
20240117,09:56:55,0.45,400,2348750
20240117,09:56:56,0.45,250,2348750
20240117,09:56:58,0.5,700,2348750
20240117,09:56:59,0.45,350,2348750
20240117,09:57:00,0.45,2000,2348750
20240117,09:57:01,0.45,800,2348750
20240117,09:57:03,0.5,500,2348750
20240117,09:57:05,0.5,200,2348750
20240117,09:57:06,0.5,250,2348750
20240117,09:57:08,0.5,50,2348750
20240117,09:57:12,0.45,50,2348750
20240117,09:57:14,0.45,50,2348750
20240117,09:57:16,0.5,200,2348750
20240117,09:57:20,0.5,600,2348750
20240117,09:57:45,0.5,1800,2348750
20240117,09:57:51,0.5,4500,2348750
20240117,09:57:52,0.5,1400,2348750
20240117,09:57:56,0.5,200,2348750
20240117,09:57:57,0.5,1800,2348750
20240117,09:58:05,0.45,550,2348750
20240117,09:58:06,0.45,1650,2348750
20240117,09:58:08,0.5,1800,2348750
20240117,09:58:14,0.45,50,2348750
20240117,09:58:19,0.5,400,2348750
20240117,09:58:20,0.45,350,2348750
20240117,09:58:22,0.45,350,2348750
20240117,09:58:24,0.45,600,2348750
20240117,09:58:28,0.5,500,2348750
20240117,09:58:36,0.45,750,2348750
20240117,09:58:40,0.5,1800,2348750
20240117,09:58:42,0.45,500,2348750
20240117,09:58:42,0.45,1500,2348750
20240117,09:58:45,0.45,400,2348750
20240117,09:58:48,0.45,250,2348750
20240117,09:58:49,0.45,2650,2348750
20240117,09:58:50,0.5,1000,2348750
20240117,09:59:03,0.5,1200,2348750
20240117,09:59:04,0.45,250,2348750
20240117,09:59:14,0.5,200,2348750
20240117,09:59:15,0.45,150,2348750
20240117,09:59:18,0.5,600,2348750
20240117,09:59:23,0.45,600,2348750
20240117,09:59:25,0.45,700,2348750
20240117,09:59:30,0.5,50,2348750
20240117,09:59:33,0.5,50,2348750
20240117,09:59:37,0.5,50,2348750
20240117,09:59:41,0.5,1800,2332100
20240117,09:59:43,0.45,1150,2332100
20240117,09:59:54,0.5,50,2332100
20240117,10:00:00,0.5,1150,2332100
20240117,10:00:40,0.5,250,2332100
20240117,10:00:41,0.45,50,2332100
20240117,10:01:08,0.45,100,2332100
20240117,10:01:08,0.45,150,2332100
20240117,10:01:29,0.45,500,2332100
20240117,10:01:32,0.5,50,2332100
20240117,10:01:36,0.5,300,2332100
20240117,10:01:38,0.5,300,2332100
20240117,10:01:42,0.5,1000,2332100
20240117,10:01:43,0.5,18000,2332100
20240117,10:01:51,0.5,500,2332100
20240117,10:01:52,0.5,50,2332100
20240117,10:01:54,0.45,250,2332100
20240117,10:01:55,0.45,100,2332100
20240117,10:01:56,0.45,300,2332100
20240117,10:01:59,0.45,250,2332100
20240117,10:02:00,0.45,1300,2332100
20240117,10:02:01,0.45,350,2332100
20240117,10:02:05,0.45,4000,2332100
20240117,10:02:07,0.45,550,2332100
20240117,10:02:08,0.45,1400,2332100
20240117,10:02:13,0.45,300,2332100
20240117,10:02:14,0.5,1700,2332100
20240117,10:02:17,0.45,600,2332100
20240117,10:02:21,0.45,1650,2332100
20240117,10:02:22,0.5,1800,2332100
20240117,10:02:30,0.5,1800,2332100
20240117,10:02:41,0.5,1800,2322200
20240117,10:02:42,0.5,3600,2322200
20240117,10:03:05,0.5,150,2322200
20240117,10:03:17,0.5,600,2322200
20240117,10:03:26,0.45,350,2322200
20240117,10:03:32,0.5,50,2322200
20240117,10:03:37,0.5,1800,2322200
20240117,10:03:42,0.5,150,2322200
20240117,10:03:50,0.5,1800,2322200
20240117,10:04:04,0.5,250,2322200
20240117,10:04:07,0.5,1400,2322200
20240117,10:04:09,0.5,1800,2322200
20240117,10:04:18,0.5,500,2322200
20240117,10:04:22,0.5,100,2322200
20240117,10:04:45,0.5,2600,2322200
20240117,10:04:50,0.5,1800,2322200
20240117,10:04:51,0.5,1800,2322200
20240117,10:04:54,0.5,1800,2322200
20240117,10:04:54,0.5,150,2322200
20240117,10:04:59,0.5,1800,2322200
20240117,10:05:02,0.5,400,2322200
20240117,10:05:10,0.5,1800,2322200
20240117,10:05:16,0.5,1800,2322200
20240117,10:05:22,0.5,1800,2322200
20240117,10:05:23,0.45,900,2322200
20240117,10:05:27,0.5,1800,2322200
20240117,10:05:28,0.5,200,2322200
20240117,10:05:29,0.5,100,2322200
20240117,10:05:31,0.5,1800,2322200
20240117,10:05:33,0.5,800,2322200
20240117,10:05:43,0.45,100,2289100
20240117,10:05:44,0.5,50,2289100
20240117,10:05:45,0.45,50,2289100
20240117,10:05:54,0.5,500,2289100
20240117,10:05:56,0.5,50,2289100
20240117,10:05:57,0.45,700,2289100
20240117,10:06:00,0.45,50,2289100
20240117,10:06:05,0.5,15000,2289100
20240117,10:06:07,0.5,250,2289100
20240117,10:06:10,0.5,200,2289100
20240117,10:06:12,0.45,400,2289100
20240117,10:06:17,0.5,100,2289100
20240117,10:06:24,0.5,7500,2289100
20240117,10:06:31,0.5,1500,2289100
20240117,10:06:35,0.45,1700,2289100
20240117,10:06:36,0.45,50,2289100
20240117,10:06:37,0.5,500,2289100
20240117,10:06:45,0.5,7500,2289100
20240117,10:06:48,0.45,400,2289100
20240117,10:06:50,0.45,750,2289100
20240117,10:06:51,0.45,250,2289100
20240117,10:06:54,0.45,1400,2289100
20240117,10:07:06,0.5,50,2289100
20240117,10:07:07,0.5,50,2289100
20240117,10:07:16,0.5,100,2289100
20240117,10:07:18,0.5,1000,2289100
20240117,10:07:18,0.5,15000,2289100
20240117,10:07:21,0.5,50,2289100
20240117,10:07:24,0.5,1300,2289100
20240117,10:07:25,0.5,1000,2289100
20240117,10:07:28,0.5,1850,2289100
20240117,10:07:30,0.5,50,2289100
20240117,10:07:32,0.5,1500,2289100
20240117,10:07:32,0.5,4500,2289100
20240117,10:07:33,0.5,1500,2289100
20240117,10:07:36,0.5,1800,2289100
20240117,10:07:37,0.5,52200,2289100
20240117,10:07:38,0.5,3300,2289100
20240117,10:07:40,0.5,1800,2289100
20240117,10:07:41,0.5,1800,2289100
20240117,10:07:42,0.5,1800,2289100
20240117,10:07:43,0.5,3600,2289100
20240117,10:07:44,0.5,9000,2289100
20240117,10:07:45,0.5,18800,2289100
20240117,10:07:46,0.5,6400,2289100
20240117,10:07:47,0.5,1800,2289100
20240117,10:07:50,0.5,1800,2289100
20240117,10:07:51,0.5,50,2289100
20240117,10:07:54,0.5,50,2289100
20240117,10:07:56,0.5,100,2289100
20240117,10:08:01,0.55,1500,2289100
20240117,10:08:02,0.55,3000,2289100
20240117,10:08:03,0.5,100,2289100
20240117,10:08:05,0.5,50,2289100
20240117,10:08:07,0.5,250,2289100
20240117,10:08:07,0.55,1500,2289100
20240117,10:08:08,0.55,3000,2289100
20240117,10:08:10,0.5,250,2289100
20240117,10:08:11,0.5,250,2289100
20240117,10:08:14,0.5,1100,2289100
20240117,10:08:29,0.5,250,2289100
20240117,10:08:39,0.55,700,2289100
20240117,10:08:41,0.55,500,2222150
20240117,10:08:51,0.55,7050,2222150
20240117,10:09:01,0.55,100,2222150
20240117,10:09:11,0.5,700,2222150
20240117,10:09:12,0.55,350,2222150
20240117,10:09:18,0.55,300,2222150
20240117,10:09:19,0.5,850,2222150
20240117,10:09:19,0.55,1500,2222150
20240117,10:09:20,0.55,1500,2222150
20240117,10:09:34,0.5,300,2222150
20240117,10:09:36,0.5,1800,2222150
20240117,10:09:37,0.55,50,2222150
20240117,10:09:37,0.5,1800,2222150
20240117,10:09:38,0.5,1800,2222150
20240117,10:09:39,0.5,1800,2222150
20240117,10:09:40,0.5,1850,2222150
20240117,10:09:41,0.5,1800,2222150
20240117,10:09:42,0.5,1800,2222150
20240117,10:09:43,0.5,1800,2222150
20240117,10:09:44,0.5,1800,2222150
20240117,10:09:45,0.5,1800,2222150
20240117,10:09:46,0.5,1800,2222150
20240117,10:09:47,0.5,37800,2222150
20240117,10:09:48,0.5,16550,2222150
20240117,10:09:53,0.5,1800,2222150
20240117,10:09:54,0.5,1800,2222150
20240117,10:09:55,0.5,1800,2222150
20240117,10:09:56,0.5,3900,2222150
20240117,10:09:57,0.5,4450,2222150
20240117,10:09:58,0.5,1800,2222150
20240117,10:10:01,0.5,1800,2222150
20240117,10:10:02,0.5,1800,2222150
20240117,10:10:04,0.5,1800,2222150
20240117,10:10:14,0.5,3600,2222150
20240117,10:10:15,0.5,50,2222150
20240117,10:10:21,0.5,150,2222150
20240117,10:10:39,0.5,300,2222150
20240117,10:10:41,0.5,500,2222150
20240117,10:10:46,0.5,1600,2222150
20240117,10:10:46,0.5,50,2222150
20240117,10:10:52,0.5,11250,2222150
20240117,10:10:52,0.5,1250,2222150
20240117,10:10:54,0.5,16200,2222150
20240117,10:10:54,0.5,9900,2222150
20240117,10:11:15,0.5,20650,2222150
20240117,10:11:22,0.5,1800,2222150
20240117,10:11:27,0.5,1800,2222150
20240117,10:11:34,0.55,1800,2222150
20240117,10:11:35,0.55,3600,2222150
20240117,10:11:36,0.55,3600,2222150
20240117,10:11:37,0.55,1800,2222150
20240117,10:11:38,0.55,3600,2222150
20240117,10:11:39,0.55,1800,2222150
20240117,10:11:40,0.55,1800,2222150
20240117,10:12:37,0.55,500,2222150
20240117,10:12:42,0.5,200,2158000
20240117,10:12:44,0.55,100,2158000
20240117,10:12:49,0.5,1150,2158000
20240117,10:13:06,0.55,150,2158000
20240117,10:13:13,0.55,50,2158000
20240117,10:13:18,0.5,250,2158000
20240117,10:13:21,0.55,1550,2158000
20240117,10:13:28,0.5,250,2158000
20240117,10:13:39,0.55,800,2158000
20240117,10:13:43,0.55,900,2158000
20240117,10:13:51,0.55,500,2158000
20240117,10:13:56,0.55,7750,2158000
20240117,10:13:57,0.55,2250,2158000
20240117,10:14:05,0.5,950,2158000
20240117,10:14:07,0.5,600,2158000
20240117,10:14:26,0.55,2500,2158000
20240117,10:14:27,0.55,50,2158000
20240117,10:14:29,0.5,250,2158000
20240117,10:14:45,0.5,900,2137800
20240117,10:14:52,0.55,50,2137800
20240117,10:14:56,0.5,450,2137800
20240117,10:15:00,0.55,850,2137800
20240117,10:15:06,0.5,350,2137800
20240117,10:15:09,0.5,18000,2137800
20240117,10:15:10,0.55,1750,2137800
20240117,10:15:27,0.5,1800,2137800
20240117,10:15:33,0.55,200,2137800
20240117,10:15:37,0.5,1750,2137800
20240117,10:15:46,0.5,450,2137800
20240117,10:15:48,0.5,750,2137800
20240117,10:16:00,0.5,2300,2137800
20240117,10:16:02,0.5,400,2137800
20240117,10:16:02,0.5,200,2137800
20240117,10:16:11,0.5,250,2137800
20240117,10:16:12,0.5,450,2137800
20240117,10:16:13,0.5,750,2137800
20240117,10:16:38,0.5,1450,2137800
20240117,10:16:48,0.55,2600,2137800
20240117,10:16:56,0.5,1800,2137800
20240117,10:16:58,0.5,2350,2137800
20240117,10:16:59,0.5,1800,2137800
20240117,10:17:00,0.5,1800,2137800
20240117,10:17:01,0.5,1800,2137800
20240117,10:17:03,0.5,1800,2137800
20240117,10:17:04,0.5,1800,2137800
20240117,10:17:05,0.5,3600,2137800
20240117,10:17:06,0.5,10550,2137800
20240117,10:17:07,0.5,3600,2137800
20240117,10:17:08,0.5,24600,2137800
20240117,10:17:15,0.5,50,2137800
20240117,10:18:02,0.45,1000,2137800
20240117,10:18:08,0.45,50,2122450
20240117,10:18:14,0.5,100,2122450
20240117,10:19:50,0.5,50,2122450
20240117,10:20:01,0.45,750,2122450
20240117,10:20:07,0.45,300,2122450
20240117,10:20:14,0.45,150,2122450
20240117,10:20:17,0.45,150,2122450
20240117,10:20:19,0.5,1800,2122450
20240117,10:20:19,0.5,7200,2122450
20240117,10:20:20,0.5,19800,2122450
20240117,10:20:21,0.5,6200,2122450
20240117,10:20:22,0.5,39300,2122450
20240117,10:20:35,0.5,3300,2122450
20240117,10:20:35,0.55,200,2122450
20240117,10:20:36,0.5,50,2122450
20240117,10:20:53,0.5,7050,2097350
20240117,10:20:54,0.5,200,2097350
20240117,10:20:55,0.5,20700,2097350
20240117,10:21:07,0.5,6750,2097350
20240117,10:21:29,0.5,1800,2097350
20240117,10:21:33,0.5,50,2097350
20240117,10:21:34,0.5,1800,2097350
20240117,10:21:35,0.5,1800,2097350
20240117,10:21:36,0.5,3600,2097350
20240117,10:21:37,0.5,19850,2097350
20240117,10:21:39,0.5,50,2097350
20240117,10:21:43,0.5,50,2097350
20240117,10:22:07,0.45,150,2097350
20240117,10:22:31,0.5,1400,2097350
20240117,10:22:38,0.5,1750,2097350
20240117,10:23:15,0.5,3600,2097350
20240117,10:23:22,0.5,18050,2097350
20240117,10:23:26,0.55,1800,2097350
20240117,10:23:33,0.5,850,2097350
20240117,10:23:38,0.5,50,2097350
20240117,10:23:40,0.5,500,2097350
20240117,10:23:42,0.5,300,2097350
20240117,10:23:45,0.5,250,2085550
20240117,10:23:47,0.5,2000,2085550
20240117,10:23:49,0.5,50,2085550
20240117,10:23:53,0.5,800,2085550
20240117,10:24:01,0.5,50,2085550
20240117,10:24:01,0.5,100,2085550
20240117,10:24:03,0.55,100,2085550
20240117,10:24:11,0.5,50,2085550
20240117,10:24:32,0.5,200,2085550
20240117,10:24:42,0.55,100,2085550
20240117,10:24:50,0.55,50,2085550
20240117,10:24:51,0.55,50,2085550
20240117,10:24:53,0.55,50,2085550
20240117,10:24:55,0.55,50,2085550
20240117,10:24:58,0.5,500,2085550
20240117,10:25:06,0.5,400,2085550
20240117,10:25:07,0.5,700,2085550
20240117,10:25:08,0.5,300,2085550
20240117,10:25:12,0.5,450,2085550
20240117,10:25:13,0.5,250,2085550
20240117,10:25:15,0.5,1050,2085550
20240117,10:25:16,0.5,600,2085550
20240117,10:25:17,0.5,50,2085550
20240117,10:25:24,0.5,1800,2085550
20240117,10:25:33,0.55,550,2085550
20240117,10:25:34,0.5,10000,2085550
20240117,10:25:35,0.5,300,2085550
20240117,10:25:37,0.5,2050,2085550
20240117,10:25:54,0.5,7200,2085550
20240117,10:25:59,0.5,100,2085550
20240117,10:26:01,0.5,800,2085550
20240117,10:26:06,0.5,1800,2085550
20240117,10:26:23,0.5,1800,2085550
20240117,10:26:24,0.5,1800,2085550
20240117,10:26:25,0.5,1800,2085550
20240117,10:26:26,0.5,1800,2085550
20240117,10:26:27,0.5,1800,2085550
20240117,10:26:28,0.5,21500,2085550
20240117,10:26:32,0.5,1900,2085550
20240117,10:26:36,0.5,450,2085550
20240117,10:26:37,0.55,100,2085550
20240117,10:26:54,0.5,600,2085550
20240117,10:26:55,0.5,300,2068000
20240117,10:26:57,0.5,250,2068000
20240117,10:26:59,0.5,250,2068000
20240117,10:27:00,0.5,1400,2068000
20240117,10:27:01,0.5,4050,2068000
20240117,10:27:02,0.5,1800,2068000
20240117,10:27:10,0.55,950,2068000
20240117,10:27:12,0.55,1800,2068000
20240117,10:27:13,0.5,1800,2068000
20240117,10:27:15,0.5,1200,2068000
20240117,10:27:37,0.5,1800,2068000
20240117,10:27:40,0.5,250,2068000
20240117,10:27:47,0.5,1800,2068000
20240117,10:27:50,0.5,1800,2068000
20240117,10:27:51,0.5,500,2068000
20240117,10:27:54,0.5,50,2068000
20240117,10:28:00,0.55,150,2068000
20240117,10:28:20,0.55,650,2068000
20240117,10:28:24,0.5,1000,2068000
20240117,10:28:25,0.5,1800,2068000
20240117,10:28:27,0.5,200,2068000
20240117,10:28:29,0.5,600,2068000
20240117,10:28:47,0.5,350,2068000
20240117,10:28:49,0.45,900,2068000
20240117,10:29:53,0.5,500,2058150
20240117,10:29:58,0.5,100,2058150
20240117,10:30:06,0.45,500,2058150
20240117,10:30:06,0.5,1000,2058150
20240117,10:30:21,0.5,3250,2058150
20240117,10:30:28,0.5,9000,2058150
20240117,10:30:38,0.5,200,2058150
20240117,10:31:03,0.5,900,2058150
20240117,10:31:13,0.5,100,2058150
20240117,10:31:19,0.45,100,2058150
20240117,10:31:35,0.5,2000,2058150
20240117,10:31:37,0.5,1900,2058150
20240117,10:31:37,0.5,16200,2058150
20240117,10:31:38,0.5,6300,2058150
20240117,10:31:39,0.5,1800,2058150
20240117,10:32:00,0.5,200,2058150
20240117,10:32:05,0.5,50,2058150
20240117,10:32:10,0.5,17300,2058150
20240117,10:32:11,0.5,4300,2058150
20240117,10:32:12,0.5,1800,2058150
20240117,10:32:48,0.5,5400,2051300
20240117,10:32:50,0.55,200,2051300
20240117,10:32:52,0.5,350,2051300
20240117,10:33:09,0.5,1800,2051300
20240117,10:33:10,0.5,3600,2051300
20240117,10:33:27,0.5,1150,2051300
20240117,10:33:29,0.5,50,2051300
20240117,10:33:35,0.55,200,2051300
20240117,10:33:37,0.5,2100,2051300
20240117,10:33:42,0.55,1500,2051300
20240117,10:33:47,0.55,100,2051300
20240117,10:33:47,0.5,1350,2051300
20240117,10:33:51,0.5,1000,2051300
20240117,10:33:54,0.5,550,2051300
20240117,10:33:56,0.55,102200,2051300
20240117,10:33:57,0.5,50,2051300
20240117,10:34:07,0.55,52900,2051300
20240117,10:34:25,0.55,1200,2051300
20240117,10:35:34,0.55,250,2051300
20240117,10:35:37,0.55,50,2051300
20240117,10:35:39,0.55,15650,2051300
20240117,10:35:40,0.55,1700,2051300
20240117,10:35:49,0.55,50,2051300
20240117,10:35:50,0.55,50,1909900
20240117,10:35:51,0.55,50,1909900
20240117,10:35:52,0.55,1000,1909900
20240117,10:35:53,0.55,9000,1909900
20240117,10:35:54,0.55,1500,1909900
20240117,10:35:55,0.55,1500,1909900
20240117,10:35:56,0.6,1350,1909900
20240117,10:35:57,0.55,1500,1909900
20240117,10:36:04,0.55,100,1909900
20240117,10:36:08,0.55,500,1909900
20240117,10:36:11,0.55,100,1909900
20240117,10:36:16,0.6,50,1909900
20240117,10:36:44,0.55,1000,1909900
20240117,10:36:47,0.55,300,1909900
20240117,10:36:49,0.55,500,1909900
20240117,10:36:51,0.55,500,1909900
20240117,10:36:53,0.55,600,1909900
20240117,10:36:55,0.55,1800,1909900
20240117,10:36:58,0.55,1800,1909900
20240117,10:37:01,0.55,1800,1909900
20240117,10:37:02,0.55,700,1909900
20240117,10:37:18,0.55,1800,1909900
20240117,10:37:20,0.55,1450,1909900
20240117,10:37:26,0.55,1800,1909900
20240117,10:37:38,0.6,500,1909900
20240117,10:37:40,0.55,1200,1909900
20240117,10:37:43,0.55,1200,1909900
20240117,10:37:46,0.55,1150,1909900
20240117,10:37:47,0.55,500,1909900
20240117,10:37:54,0.6,70900,1909900
20240117,10:37:56,0.6,2150,1909900
20240117,10:37:58,0.65,1000,1909900
20240117,10:37:59,0.6,50,1909900
20240117,10:38:00,0.6,50,1909900
20240117,10:38:01,0.6,50,1909900
20240117,10:38:03,0.6,2300,1909900
20240117,10:38:05,0.6,500,1909900
20240117,10:38:06,0.6,50,1909900
20240117,10:38:07,0.6,1800,1909900
20240117,10:38:13,0.6,9000,1909900
20240117,10:38:14,0.6,550,1909900
20240117,10:38:16,0.6,600,1909900
20240117,10:38:21,0.6,7200,1909900
20240117,10:38:22,0.6,6550,1909900
20240117,10:38:25,0.6,1800,1909900
20240117,10:38:26,0.6,500,1909900
20240117,10:38:27,0.6,1800,1909900
20240117,10:38:28,0.6,15000,1909900
20240117,10:38:29,0.6,1800,1909900
20240117,10:38:30,0.6,8000,1909900
20240117,10:38:31,0.6,250,1909900
20240117,10:38:33,0.55,1800,1909900
20240117,10:38:34,0.55,1200,1909900
20240117,10:38:35,0.55,500,1909900
20240117,10:38:39,0.55,5000,1909900
20240117,10:38:42,0.55,9000,1909900
20240117,10:38:43,0.55,6000,1909900
20240117,10:38:50,0.55,7200,1895750
20240117,10:38:51,0.55,7800,1895750
20240117,10:38:52,0.55,14400,1895750
20240117,10:38:53,0.55,9600,1895750
20240117,10:38:54,0.55,6000,1895750
20240117,10:38:55,0.55,30700,1895750
20240117,10:38:58,0.55,850,1895750
20240117,10:39:05,0.55,21600,1895750
20240117,10:39:06,0.55,21350,1895750
20240117,10:39:07,0.55,27900,1895750
20240117,10:39:08,0.55,1000,1895750
20240117,10:39:10,0.55,500,1895750
20240117,10:39:12,0.55,100,1895750
20240117,10:39:21,0.55,17000,1895750
20240117,10:39:28,0.6,600,1895750
20240117,10:39:30,0.55,2250,1895750
20240117,10:39:32,0.6,1800,1895750
20240117,10:39:34,0.6,1800,1895750
20240117,10:39:35,0.6,1800,1895750
20240117,10:39:36,0.6,1800,1895750
20240117,10:39:49,0.55,1000,1895750
20240117,10:39:56,0.55,500,1895750
20240117,10:39:59,0.55,1000,1895750
20240117,10:40:02,0.6,50,1895750
20240117,10:40:04,0.55,250,1895750
20240117,10:40:13,0.55,900,1895750
20240117,10:40:15,0.55,1800,1895750
20240117,10:40:27,0.55,22600,1895750
20240117,10:40:31,0.6,750,1895750
20240117,10:40:37,0.55,1900,1895750
20240117,10:40:38,0.55,4400,1895750
20240117,10:40:39,0.55,3400,1895750
20240117,10:40:47,0.6,2500,1895750
20240117,10:41:02,0.55,100,1895750
20240117,10:41:35,0.55,50,1895750
20240117,10:41:40,0.55,12200,1895750
20240117,10:41:40,0.55,10300,1895750
20240117,10:41:42,0.55,6600,1895750
20240117,10:41:44,0.5,1800,1895750
20240117,10:42:00,0.5,50,2031350
20240117,10:42:07,0.55,500,2031350
20240117,10:42:14,0.55,57550,2031350
20240117,10:42:15,0.55,5900,2031350
20240117,10:42:16,0.55,3600,2031350
20240117,10:42:32,0.55,9000,2031350
20240117,10:42:33,0.55,14900,2031350
20240117,10:42:43,0.6,50,2031350
20240117,10:42:49,0.55,50,2031350
20240117,10:42:59,0.55,100,2031350
20240117,10:43:00,0.55,150,2031350
20240117,10:43:28,0.55,50,2031350
20240117,10:43:40,0.55,50,2031350
20240117,10:43:54,0.55,5300,2031350
20240117,10:43:57,0.55,300,2031350
20240117,10:44:07,0.55,1350,2031350
20240117,10:44:08,0.55,200,2031350
20240117,10:44:12,0.55,1500,2031350
20240117,10:44:14,0.55,300,2031350
20240117,10:44:16,0.55,1500,2031350
20240117,10:44:21,0.55,3100,2031350
20240117,10:44:23,0.55,1500,2031350
20240117,10:44:25,0.55,2500,2031350
20240117,10:44:28,0.6,750,2031350
20240117,10:44:33,0.55,1500,2031350
20240117,10:44:40,0.55,1500,2031350
20240117,10:44:42,0.55,1500,2031350
20240117,10:44:47,0.55,14400,2025350
20240117,10:44:49,0.55,500,2025350
20240117,10:44:49,0.55,1000,2025350
20240117,10:44:51,0.55,100,2025350
20240117,10:44:58,0.55,50,2025350
20240117,10:44:59,0.55,300,2025350
20240117,10:45:00,0.55,17200,2025350
20240117,10:45:08,0.55,1800,2025350
20240117,10:45:12,0.55,1800,2025350
20240117,10:45:19,0.55,500,2025350
20240117,10:45:22,0.55,50,2025350
20240117,10:45:25,0.55,1800,2025350
20240117,10:45:27,0.55,1800,2025350
20240117,10:45:38,0.55,450,2025350
20240117,10:45:51,0.55,1000,2025350
20240117,10:45:53,0.55,1250,2025350
20240117,10:45:54,0.55,5750,2025350
20240117,10:45:55,0.55,100,2025350
20240117,10:45:59,0.55,7700,2025350
20240117,10:46:01,0.55,1500,2025350
20240117,10:46:09,0.55,250,2025350
20240117,10:46:14,0.55,700,2025350
20240117,10:46:23,0.55,500,2025350
20240117,10:46:24,0.55,1150,2025350
20240117,10:46:25,0.55,1800,2025350
20240117,10:46:35,0.55,50,2025350
20240117,10:46:44,0.55,1800,2025350
20240117,10:47:00,0.55,1050,2025350
20240117,10:47:06,0.55,50,2025350
20240117,10:47:10,0.55,1800,2025350
20240117,10:47:19,0.55,1800,2025350
20240117,10:47:20,0.55,1800,2025350
20240117,10:47:21,0.55,1400,2025350
20240117,10:47:30,0.55,2750,2025350
20240117,10:47:32,0.55,1000,2025350
20240117,10:47:34,0.55,500,2025350
20240117,10:47:38,0.55,50,2025350
20240117,10:47:42,0.55,31200,2025350
20240117,10:47:56,0.55,3600,2031700
20240117,10:47:57,0.55,3300,2031700
20240117,10:48:04,0.55,9200,2031700
20240117,10:48:05,0.5,50,2031700
20240117,10:48:06,0.5,50,2031700
20240117,10:48:07,0.55,1800,2031700
20240117,10:48:08,0.55,3600,2031700
20240117,10:48:09,0.55,1800,2031700
20240117,10:48:10,0.55,1800,2031700
20240117,10:48:18,0.55,50,2031700
20240117,10:48:21,0.55,1850,2031700
20240117,10:48:22,0.55,7200,2031700
20240117,10:48:23,0.55,1800,2031700
20240117,10:48:24,0.55,19300,2031700
20240117,10:48:25,0.55,7400,2031700
20240117,10:48:26,0.55,1600,2031700
20240117,10:48:28,0.55,350,2031700
20240117,10:48:33,0.55,250,2031700
20240117,10:48:34,0.55,1650,2031700
20240117,10:48:35,0.55,50,2031700
20240117,10:48:38,0.55,300,2031700
20240117,10:48:39,0.55,50,2031700
20240117,10:48:40,0.55,2050,2031700
20240117,10:48:41,0.55,1800,2031700
20240117,10:48:45,0.55,250,2031700
20240117,10:48:49,0.55,1650,2031700
20240117,10:48:51,0.55,250,2031700
20240117,10:49:01,0.55,50,2031700
20240117,10:49:13,0.55,1700,2031700
20240117,10:49:26,0.55,1850,2031700
20240117,10:49:29,0.55,50,2031700
20240117,10:49:55,0.55,250,2031700
20240117,10:50:17,0.5,250,2031700
20240117,10:50:25,0.55,10800,2031700
20240117,10:50:26,0.5,300,2031700
20240117,10:50:33,0.55,200,2031700
20240117,10:50:34,0.55,1500,2031700
20240117,10:50:48,0.55,1500,2027250
20240117,10:50:51,0.55,50,2027250
20240117,10:50:53,0.55,1800,2027250
20240117,10:50:57,0.55,1800,2027250
20240117,10:50:58,0.55,15000,2027250
20240117,10:51:14,0.55,500,2027250
20240117,10:51:25,0.55,9000,2027250
20240117,10:51:31,0.55,1350,2027250
20240117,10:51:42,0.6,100,2027250
20240117,10:51:54,0.55,1800,2027250
20240117,10:51:55,0.55,1800,2027250
20240117,10:51:56,0.55,1800,2027250
20240117,10:51:57,0.55,3600,2027250
20240117,10:51:58,0.55,1800,2027250
20240117,10:52:01,0.55,1400,2027250
20240117,10:52:08,0.55,1800,2027250
20240117,10:52:09,0.55,14550,2027250
20240117,10:52:22,0.55,950,2027250
20240117,10:52:31,0.55,500,2027250
20240117,10:53:04,0.55,1500,2027250
20240117,10:53:06,0.55,2800,2027250
20240117,10:53:07,0.55,20700,2027250
20240117,10:53:10,0.55,1800,2027250
20240117,10:53:10,0.55,10100,2027250
20240117,10:53:24,0.5,200,2027250
20240117,10:53:37,0.55,1000,2027250
20240117,10:53:56,0.55,500,2018550
20240117,10:54:03,0.55,1050,2018550
20240117,10:54:08,0.55,5400,2018550
20240117,10:54:09,0.55,17100,2018550
20240117,10:54:10,0.55,1800,2018550
20240117,10:54:10,0.55,18350,2018550
20240117,10:55:25,0.55,600,2018550
20240117,10:55:27,0.6,50,2018550
20240117,10:55:29,0.6,200,2018550
20240117,10:55:38,0.55,22500,2018550
20240117,10:55:40,0.55,300,2018550
20240117,10:55:43,0.6,3300,2018550
20240117,10:55:46,0.55,1800,2018550
20240117,10:56:17,0.55,200,2018550
20240117,10:56:19,0.55,100,2018550
20240117,10:56:24,0.6,500,2018550
20240117,10:56:24,0.6,250,2018550
20240117,10:56:41,0.6,200,2018550
20240117,10:57:03,0.6,100,2018250
20240117,10:57:21,0.6,500,2018250
20240117,10:57:34,0.6,950,2018250
20240117,10:57:39,0.6,500,2018250
20240117,10:57:43,0.6,50,2018250
20240117,10:57:53,0.6,3600,2018250
20240117,10:57:54,0.6,14400,2018250
20240117,10:58:02,0.6,7200,2018250
20240117,10:58:03,0.6,3600,2018250
20240117,10:58:07,0.6,1600,2018250
20240117,10:58:36,0.55,50,2018250
20240117,10:59:52,0.6,250,1997650
20240117,11:00:04,0.6,250,1997650
20240117,11:00:28,0.6,350,1997650
20240117,11:00:30,0.6,400,1997650
20240117,11:00:45,0.6,2000,1997650
20240117,11:00:46,0.6,11750,1997650
20240117,11:00:47,0.6,1800,1997650
20240117,11:00:48,0.6,2000,1997650
20240117,11:00:49,0.6,1800,1997650
20240117,11:00:50,0.6,1800,1997650
20240117,11:00:51,0.6,1800,1997650
20240117,11:00:52,0.6,1800,1997650
20240117,11:00:53,0.6,1800,1997650
20240117,11:00:54,0.6,9550,1997650
20240117,11:00:55,0.6,1800,1997650
20240117,11:00:56,0.6,1800,1997650
20240117,11:00:58,0.6,1800,1997650
20240117,11:00:59,0.6,1800,1997650
20240117,11:01:00,0.6,1800,1997650
20240117,11:01:01,0.6,1800,1997650
20240117,11:01:02,0.6,1800,1997650
20240117,11:01:03,0.6,1800,1997650
20240117,11:01:05,0.6,1800,1997650
20240117,11:01:06,0.6,1800,1997650
20240117,11:01:07,0.6,1800,1997650
20240117,11:01:08,0.6,1800,1997650
20240117,11:01:09,0.6,3600,1997650
20240117,11:01:11,0.6,1800,1997650
20240117,11:01:12,0.6,1800,1997650
20240117,11:01:13,0.6,1800,1997650
20240117,11:01:15,0.6,1800,1997650
20240117,11:01:16,0.6,1800,1997650
20240117,11:01:17,0.6,1800,1997650
20240117,11:01:18,0.6,1800,1997650
20240117,11:01:19,0.6,5400,1997650
20240117,11:01:20,0.6,3600,1997650
20240117,11:01:21,0.6,5400,1997650
20240117,11:01:22,0.6,8800,1997650
20240117,11:01:23,0.6,7000,1997650
20240117,11:01:24,0.6,7100,1997650
20240117,11:01:25,0.6,7200,1997650
20240117,11:01:26,0.6,3900,1997650
20240117,11:01:27,0.6,10800,1997650
20240117,11:01:28,0.6,3600,1997650
20240117,11:01:29,0.6,3400,1997650
20240117,11:01:30,0.6,12300,1997650
20240117,11:01:31,0.6,9000,1997650
20240117,11:01:32,0.6,5400,1997650
20240117,11:01:33,0.6,35650,1997650
20240117,11:01:37,0.6,250,1997650
20240117,11:01:45,0.6,5400,1997650
20240117,11:01:46,0.6,19800,1997650
20240117,11:01:56,0.6,1800,1997650
20240117,11:01:57,0.6,1800,1997650
20240117,11:01:59,0.6,1800,1997650
20240117,11:02:01,0.6,1800,1997650
20240117,11:02:13,0.6,2250,1997650
20240117,11:02:16,0.6,350,1997650
20240117,11:02:17,0.6,150,1997650
20240117,11:02:18,0.6,150,1997650
20240117,11:02:20,0.6,150,1997650
20240117,11:02:21,0.6,150,1997650
20240117,11:02:22,0.6,150,1997650
20240117,11:02:22,0.6,7500,1997650
20240117,11:02:23,0.6,150,1997650
20240117,11:02:24,0.6,150,1997650
20240117,11:02:25,0.6,150,1997650
20240117,11:02:26,0.6,150,1997650
20240117,11:02:27,0.6,150,1997650
20240117,11:02:29,0.6,150,1997650
20240117,11:02:29,0.6,100,1997650
20240117,11:02:31,0.6,150,1997650
20240117,11:02:32,0.6,150,1997650
20240117,11:02:48,0.6,3000,1997650
20240117,11:02:57,0.6,750,2042550
20240117,11:02:59,0.6,4500,2042550
20240117,11:02:59,0.6,1800,2042550
20240117,11:03:01,0.6,13500,2042550
20240117,11:03:04,0.65,150,2042550
20240117,11:03:09,0.6,1000,2042550
20240117,11:03:12,0.65,1700,2042550
20240117,11:03:13,0.65,6800,2042550
20240117,11:03:14,0.65,1700,2042550
20240117,11:03:16,0.65,5100,2042550
20240117,11:03:16,0.65,1700,2042550
20240117,11:03:17,0.65,3400,2042550
20240117,11:03:18,0.65,1800,2042550
20240117,11:03:19,0.65,5400,2042550
20240117,11:03:21,0.65,8800,2042550
20240117,11:03:21,0.65,3500,2042550
20240117,11:03:22,0.65,10500,2042550
20240117,11:03:23,0.65,7700,2042550
20240117,11:03:24,0.65,12300,2042550
20240117,11:03:25,0.65,10500,2042550
20240117,11:03:26,0.65,8700,2042550
20240117,11:03:27,0.65,5200,2042550
20240117,11:03:28,0.65,1700,2042550
20240117,11:03:30,0.6,350,2042550
20240117,11:03:34,0.6,50,2042550
20240117,11:03:36,0.65,1800,2042550
20240117,11:03:39,0.65,900,2042550
20240117,11:03:43,0.65,1000,2042550
20240117,11:03:53,0.65,150,2042550
20240117,11:03:55,0.65,150,2042550
20240117,11:03:56,0.65,150,2042550
20240117,11:04:12,0.65,50,2042550
20240117,11:04:16,0.65,50,2042550
20240117,11:04:32,0.6,1500,2042550
20240117,11:04:34,0.6,1500,2042550
20240117,11:04:36,0.65,50,2042550
20240117,11:05:21,0.6,3600,2042550
20240117,11:05:22,0.6,3600,2042550
20240117,11:05:23,0.6,7800,2042550
20240117,11:05:24,0.6,3600,2042550
20240117,11:05:25,0.6,3600,2042550
20240117,11:05:26,0.6,1800,2042550
20240117,11:05:27,0.6,5800,2042550
20240117,11:05:28,0.6,3600,2042550
20240117,11:05:29,0.6,1800,2042550
20240117,11:05:30,0.6,6700,2042550
20240117,11:05:34,0.6,500,2042550
20240117,11:05:36,0.6,1200,2042550
20240117,11:05:41,0.6,500,2042550
20240117,11:05:42,0.6,1800,2042550
20240117,11:05:43,0.6,1800,2042550
20240117,11:05:48,0.6,500,2042550
20240117,11:06:04,0.6,500,2034850
20240117,11:06:05,0.6,50,2034850
20240117,11:06:12,0.6,500,2034850
20240117,11:06:19,0.55,50,2034850
20240117,11:06:27,0.55,1000,2034850
20240117,11:06:30,0.6,50,2034850
20240117,11:06:31,0.55,1200,2034850
20240117,11:06:33,0.65,39600,2034850
20240117,11:06:48,0.65,300,2034850
20240117,11:07:08,0.65,100,2034850
20240117,11:07:18,0.65,100,2034850
20240117,11:07:31,0.6,3600,2034850
20240117,11:07:34,0.65,50,2034850
20240117,11:07:36,0.65,300,2034850
20240117,11:07:42,0.6,1500,2034850
20240117,11:07:45,0.6,1500,2034850
20240117,11:07:55,0.65,600,2034850
20240117,11:08:08,0.65,1800,2034850
20240117,11:08:17,0.65,700,2034850
20240117,11:08:21,0.65,1000,2034850
20240117,11:08:29,0.65,50,2034850
20240117,11:08:32,0.6,600,2034850
20240117,11:09:06,0.65,50,2034850
20240117,11:09:10,0.65,50,2039250
20240117,11:09:14,0.65,50,2039250
20240117,11:09:20,0.65,100,2039250
20240117,11:09:31,0.6,100,2039250
20240117,11:09:32,0.6,100,2039250
20240117,11:09:49,0.65,1800,2039250
20240117,11:09:57,0.6,500,2039250
20240117,11:10:32,0.6,300,2039250
20240117,11:10:43,0.6,5400,2039250
20240117,11:10:50,0.6,1500,2039250
20240117,11:10:52,0.6,1500,2039250
20240117,11:11:19,0.6,700,2039250
20240117,11:11:23,0.55,50,2039250
20240117,11:11:26,0.6,200,2039250
20240117,11:11:40,0.55,50,2039250
20240117,11:12:30,0.6,24300,2039250
20240117,11:12:41,0.6,50,2038400
20240117,11:12:50,0.6,50,2038400
20240117,11:13:20,0.55,1800,2038400
20240117,11:13:56,0.6,50,2038400
20240117,11:14:43,0.6,50,2038400
20240117,11:14:48,0.55,50,2038400
20240117,11:14:59,0.6,50,2020050
20240117,11:15:08,0.6,500,2020050
20240117,11:15:18,0.6,50,2020050
20240117,11:15:21,0.6,600,2020050
20240117,11:15:31,0.6,200,2020050
20240117,11:15:36,0.55,50,2020050
20240117,11:15:46,0.6,600,2020050
20240117,11:15:57,0.6,50,2020050
20240117,11:16:40,0.6,300,2020050
20240117,11:17:17,0.55,1800,2020050
20240117,11:17:26,0.55,1800,2020050
20240117,11:17:35,0.55,1800,2020050
20240117,11:17:44,0.55,1800,2020050
20240117,11:17:58,0.55,1800,2020050
20240117,11:18:07,0.55,1800,2025850
20240117,11:18:15,0.6,800,2025850
20240117,11:18:17,0.55,1800,2025850
20240117,11:18:25,0.55,1800,2025850
20240117,11:18:41,0.55,1800,2025850
20240117,11:18:48,0.6,1750,2025850
20240117,11:18:51,0.55,1800,2025850
20240117,11:18:59,0.55,1800,2025850
20240117,11:19:00,0.55,50,2025850
20240117,11:19:19,0.55,100,2025850
20240117,11:20:05,0.6,50,2025850
20240117,11:20:14,0.6,50,2025850
20240117,11:20:17,0.6,1800,2025850
20240117,11:20:18,0.6,1800,2025850
20240117,11:20:19,0.6,400,2025850
20240117,11:20:25,0.6,50,2025850
20240117,11:20:35,0.6,600,2025850
20240117,11:20:56,0.6,1800,2031350
20240117,11:20:58,0.6,1800,2031350
20240117,11:21:00,0.6,1800,2031350
20240117,11:21:04,0.6,1800,2031350
20240117,11:21:06,0.6,1800,2031350
20240117,11:21:22,0.6,50,2031350
20240117,11:21:27,0.6,50,2031350
20240117,11:21:42,0.6,1000,2031350
20240117,11:21:43,0.6,50,2031350
20240117,11:21:46,0.6,100,2031350
20240117,11:21:51,0.6,1250,2031350
20240117,11:22:02,0.6,2000,2031350
20240117,11:22:16,0.6,200,2031350
20240117,11:22:23,0.55,100,2031350
20240117,11:22:23,0.55,400,2031350
20240117,11:22:27,0.6,100,2031350
20240117,11:22:57,0.6,1800,2031350
20240117,11:23:01,0.6,100,2031350
20240117,11:23:36,0.6,200,2031350
20240117,11:23:44,0.55,4800,2031350
20240117,11:23:50,0.6,200,2031350
20240117,11:24:11,0.55,50,2026450
20240117,11:24:23,0.6,200,2026450
20240117,11:24:29,0.55,1000,2026450
20240117,11:25:01,0.6,200,2026450
20240117,11:25:04,0.55,500,2026450
20240117,11:25:11,0.6,500,2026450
20240117,11:25:23,0.55,1800,2026450
20240117,11:25:24,0.55,700,2026450
20240117,11:25:27,0.55,2500,2026450
20240117,11:25:30,0.6,200,2026450
20240117,11:25:34,0.6,1800,2026450
20240117,11:25:36,0.6,1800,2026450
20240117,11:27:43,0.55,2000,2026450
20240117,11:27:43,0.55,1000,2025950
20240117,11:27:54,0.6,50,2025950
20240117,11:27:59,0.6,100,2025950
20240117,11:28:40,0.6,200,2025950
20240117,11:29:20,0.6,300,2025950
20240117,11:29:53,0.6,500,2025950
20240117,11:29:54,0.6,1500,2026200
20240117,11:30:07,0.6,1500,2026200
20240117,11:30:12,0.6,1000,2026200
20240117,11:30:23,0.55,1800,2026200
20240117,11:30:25,0.55,2200,2026200
20240117,11:30:26,0.6,1500,2026200
20240117,11:30:28,0.55,1800,2026200
20240117,11:30:33,0.6,200,2026200
20240117,11:30:43,0.55,1000,2026200
20240117,11:30:57,0.55,500,2026200
20240117,11:30:58,0.6,3000,2026200
20240117,11:31:11,0.55,600,2026200
20240117,11:31:25,0.55,500,2026200
20240117,11:31:38,0.55,450,2026200
20240117,11:31:42,0.55,500,2026200
20240117,11:32:01,0.6,100,2026200
20240117,11:32:06,0.6,100,2026200
20240117,11:32:39,0.6,1500,2026200
20240117,11:32:48,0.55,1000,2026200
20240117,11:33:50,0.6,500,2027300
20240117,11:34:01,0.6,500,2027300
20240117,11:34:07,0.55,300,2027300
20240117,11:34:08,0.55,350,2027300
20240117,11:34:15,0.6,7200,2027300
20240117,11:34:16,0.6,5300,2027300
20240117,11:34:17,0.6,36000,2027300
20240117,11:34:18,0.6,1800,2027300
20240117,11:34:19,0.6,36550,2027300
20240117,11:34:21,0.6,1000,2027300
20240117,11:34:22,0.6,650,2027300
20240117,11:34:36,0.6,300,2027300
20240117,11:34:45,0.65,50,2027300
20240117,11:35:14,0.6,16400,2027300
20240117,11:35:17,0.6,600,2027300
20240117,11:35:18,0.6,650,2027300
20240117,11:35:19,0.6,550,2027300
20240117,11:35:20,0.6,250,2027300
20240117,11:35:27,0.6,50,2027300
20240117,11:35:28,0.6,50,2027300
20240117,11:35:30,0.55,200,2027300
20240117,11:35:31,0.6,200,2027300
20240117,11:35:42,0.6,50,2027300
20240117,11:35:43,0.6,50,2027300
20240117,11:35:49,0.6,1800,2027300
20240117,11:35:50,0.6,3600,2027300
20240117,11:35:52,0.6,1800,2027300
20240117,11:35:53,0.6,3600,2023750
20240117,11:35:54,0.6,3600,2023750
20240117,11:36:03,0.6,1800,2023750
20240117,11:36:04,0.6,5400,2023750
20240117,11:36:05,0.6,3600,2023750
20240117,11:36:06,0.6,3600,2023750
20240117,11:36:07,0.65,9100,2023750
20240117,11:36:12,0.65,3050,2023750
20240117,11:36:15,0.6,5900,2023750
20240117,11:36:28,0.65,1800,2023750
20240117,11:36:29,0.65,3600,2023750
20240117,11:36:31,0.6,1800,2023750
20240117,11:36:34,0.6,200,2023750
20240117,11:36:56,0.6,1800,2023750
20240117,11:37:03,0.6,8100,2023750
20240117,11:37:26,0.6,1700,2023750
20240117,11:37:39,0.65,2700,2023750
20240117,11:37:56,0.65,500,2023750
20240117,11:38:12,0.6,100,2023750
20240117,11:38:35,0.6,100,2023750
20240117,11:38:41,0.6,2000,2023750
20240117,11:38:55,0.6,500,2023750
20240117,11:39:04,0.65,1400,1982000
20240117,11:39:14,0.6,40500,1982000
20240117,11:39:14,0.6,1800,1982000
20240117,11:39:16,0.6,5500,1982000
20240117,11:39:19,0.6,50,1982000
20240117,11:39:22,0.6,50,1982000
20240117,11:39:26,0.6,50,1982000
20240117,11:39:28,0.6,3600,1982000
20240117,11:39:28,0.6,2700,1982000
20240117,11:39:29,0.6,50,1982000
20240117,11:39:32,0.6,250,1982000
20240117,11:39:33,0.6,50,1982000
20240117,11:39:34,0.55,150,1982000
20240117,11:39:45,0.6,1650,1982000
20240117,11:39:53,0.6,450,1982000
20240117,11:40:06,0.55,150,1982000
20240117,11:40:07,0.6,50,1982000
20240117,11:40:09,0.6,700,1982000
20240117,11:40:17,0.55,500,1982000
20240117,11:40:17,0.6,100,1982000
20240117,11:40:26,0.6,100,1982000
20240117,11:40:30,0.6,350,1982000
20240117,11:40:33,0.55,200,1982000
20240117,11:40:33,0.55,400,1982000
20240117,11:40:34,0.55,1000,1982000
20240117,11:40:36,0.6,200,1982000
20240117,11:41:12,0.6,1300,1982000
20240117,11:41:20,0.6,1800,1982000
20240117,11:41:21,0.6,400,1982000
20240117,11:41:26,0.6,50,1982000
20240117,11:41:26,0.6,1800,1982000
20240117,11:41:31,0.6,1800,1982000
20240117,11:41:32,0.6,1800,1982000
20240117,11:41:33,0.6,13000,1982000
20240117,11:41:43,0.65,1800,1982000
20240117,11:41:45,0.65,200,1982000
20240117,11:41:46,0.65,1700,1982000
20240117,11:41:51,0.6,100,1982000
20240117,11:41:52,0.65,1800,1982000
20240117,11:41:54,0.6,1800,1970500
20240117,11:41:55,0.6,100,1970500
20240117,11:41:58,0.6,1800,1970500
20240117,11:41:59,0.6,250,1970500
20240117,11:42:00,0.65,50,1970500
20240117,11:42:01,0.6,250,1970500
20240117,11:42:02,0.6,950,1970500
20240117,11:42:03,0.6,100,1970500
20240117,11:42:08,0.65,500,1970500
20240117,11:42:14,0.65,50,1970500
20240117,11:42:31,0.6,200,1970500
20240117,11:42:43,0.6,1900,1970500
20240117,11:42:54,0.6,3600,1970500
20240117,11:43:12,0.65,850,1970500
20240117,11:43:16,0.65,1800,1970500
20240117,11:43:17,0.65,1800,1970500
20240117,11:43:36,0.65,1200,1970500
20240117,11:43:37,0.65,1150,1970500
20240117,11:43:38,0.65,50,1970500
20240117,11:43:39,0.65,1800,1970500
20240117,11:43:52,0.65,1800,1970500
20240117,11:43:54,0.65,1100,1970500
20240117,11:43:59,0.65,1800,1970500
20240117,11:44:00,0.6,8400,1970500
20240117,11:44:02,0.65,23400,1970500
20240117,11:44:11,0.65,1800,1970500
20240117,11:44:18,0.65,1800,1970500
20240117,11:44:26,0.65,700,1970500
20240117,11:44:27,0.65,1800,1970500
20240117,11:44:35,0.65,1800,1970500
20240117,11:44:37,0.6,400,1970500
20240117,11:44:38,0.65,1500,1970500
20240117,11:44:42,0.65,1800,1970500
20240117,11:44:44,0.65,1300,1970500
20240117,11:44:45,0.6,100,1970500
20240117,11:44:51,0.65,1800,1970500
20240117,11:44:52,0.65,500,1970500
20240117,11:44:57,0.65,600,1978800
20240117,11:45:05,0.65,1000,1978800
20240117,11:45:06,0.65,150,1978800
20240117,11:45:11,0.65,900,1978800
20240117,11:45:15,0.65,1800,1978800
20240117,11:45:19,0.65,3600,1978800
20240117,11:45:22,0.65,900,1978800
20240117,11:45:29,0.65,1450,1978800
20240117,11:45:31,0.65,1800,1978800
20240117,11:45:38,0.65,900,1978800
20240117,11:45:39,0.65,200,1978800
20240117,11:45:40,0.65,400,1978800
20240117,11:45:42,0.65,1800,1978800
20240117,11:45:43,0.65,3050,1978800
20240117,11:45:44,0.65,1800,1978800
20240117,11:45:45,0.65,1400,1978800
20240117,11:45:46,0.65,1400,1978800
20240117,11:45:48,0.65,1700,1978800
20240117,11:45:49,0.65,750,1978800
20240117,11:45:53,0.6,100,1978800
20240117,11:46:07,0.6,100,1978800
20240117,11:46:08,0.6,150,1978800
20240117,11:46:19,0.65,50,1978800
20240117,11:46:27,0.65,3600,1978800
20240117,11:46:38,0.65,1900,1978800
20240117,11:46:40,0.65,50,1978800
20240117,11:46:41,0.65,100,1978800
20240117,11:47:03,0.6,5400,1978800
20240117,11:47:03,0.6,24000,1978800
20240117,11:47:04,0.6,30600,1978800
20240117,11:47:05,0.6,12600,1978800
20240117,11:47:06,0.6,3600,1978800
20240117,11:47:07,0.6,9650,1978800
20240117,11:47:09,0.6,250,1978800
20240117,11:47:30,0.6,1100,1978800
20240117,11:47:49,0.6,2750,1978800
20240117,11:47:57,0.6,500,1999800
20240117,11:48:02,0.6,450,1999800
20240117,11:48:12,0.6,300,1999800
20240117,11:48:13,0.6,550,1999800
20240117,11:48:30,0.6,750,1999800
20240117,11:48:30,0.6,700,1999800
20240117,11:48:31,0.6,1450,1999800
20240117,11:48:32,0.6,500,1999800
20240117,11:48:34,0.6,500,1999800
20240117,11:48:37,0.6,900,1999800
20240117,11:48:41,0.6,100,1999800
20240117,11:48:41,0.6,2200,1999800
20240117,11:48:42,0.6,1800,1999800
20240117,11:48:44,0.6,22500,1999800
20240117,11:48:45,0.6,750,1999800
20240117,11:48:46,0.6,30850,1999800
20240117,11:49:02,0.6,7800,1999800
20240117,11:49:03,0.6,2800,1999800
20240117,11:49:06,0.6,500,1999800
20240117,11:49:39,0.6,1200,1999800
20240117,11:49:40,0.6,1200,1999800
20240117,11:49:42,0.6,1200,1999800
20240117,11:49:51,0.55,50,1999800
20240117,11:49:53,0.6,500,1999800
20240117,11:49:57,0.6,1800,1999800
20240117,11:49:58,0.6,10500,1999800
20240117,11:50:00,0.6,1800,1999800
20240117,11:50:04,0.65,2400,1999800
20240117,11:50:16,0.65,2250,1999800
20240117,11:50:29,0.6,50,1999800
20240117,11:50:30,0.6,600,1999800
20240117,11:50:31,0.6,1000,1999800
20240117,11:50:31,0.65,200,1999800
20240117,11:50:40,0.6,1800,1999800
20240117,11:50:41,0.6,3600,1999800
20240117,11:50:43,0.6,2800,1999800
20240117,11:50:44,0.6,9000,1999800
20240117,11:50:45,0.6,9250,1999800
20240117,11:50:47,0.6,1800,1999800
20240117,11:50:48,0.6,1800,1999800
20240117,11:50:48,0.6,7200,1999800
20240117,11:50:49,0.6,1800,1999800
20240117,11:50:50,0.6,1000,1999800
20240117,11:50:59,0.6,3600,1973700
20240117,11:51:01,0.6,5600,1973700
20240117,11:51:04,0.6,1800,1973700
20240117,11:51:10,0.6,2300,1973700
20240117,11:51:11,0.6,4600,1973700
20240117,11:51:13,0.65,500,1973700
20240117,11:51:27,0.6,300,1973700
20240117,11:51:43,0.65,1650,1973700
20240117,11:51:59,0.65,500,1973700
20240117,11:52:02,0.6,1350,1973700
20240117,11:52:05,0.65,50,1973700
20240117,11:52:06,0.65,50,1973700
20240117,11:52:17,0.65,2000,1973700
20240117,11:52:28,0.65,3500,1973700
20240117,11:52:35,0.6,50,1973700
20240117,11:52:53,0.6,50,1973700
20240117,11:52:55,0.65,1800,1973700
20240117,11:53:05,0.65,1800,1973700
20240117,11:53:12,0.65,1500,1973700
20240117,11:53:13,0.65,1500,1973700
20240117,11:53:18,0.6,1500,1973700
20240117,11:53:19,0.6,4500,1973700
20240117,11:53:26,0.65,100,1973700
20240117,11:53:27,0.65,900,1973700
20240117,11:53:35,0.65,50,1973700
20240117,11:53:42,0.65,1800,1973700
20240117,11:53:44,0.65,300,1973700
20240117,11:53:46,0.65,700,1973700
20240117,11:53:53,0.6,200,1973700
20240117,11:53:56,0.65,450,1957900
20240117,11:54:10,0.65,500,1957900
20240117,11:54:12,0.65,100,1957900
20240117,11:54:14,0.65,400,1957900
20240117,11:54:15,0.65,50,1957900
20240117,11:54:17,0.65,950,1957900
20240117,11:54:30,0.65,500,1957900
20240117,11:54:37,0.65,500,1957900
20240117,11:54:51,0.65,1050,1957900
20240117,11:55:04,0.65,2000,1957900
20240117,11:55:22,0.65,50,1957900
20240117,11:55:32,0.65,100,1957900
20240117,11:55:33,0.65,100,1957900
20240117,11:55:35,0.65,600,1957900
20240117,11:55:38,0.6,750,1957900
20240117,11:55:38,0.6,250,1957900
20240117,11:55:41,0.6,1500,1957900
20240117,11:55:50,0.65,50,1957900
20240117,11:56:06,0.65,1500,1957900
20240117,11:56:07,0.65,500,1957900
20240117,11:56:10,0.65,500,1957900
20240117,11:56:25,0.65,1800,1957900
20240117,11:56:26,0.65,1800,1957900
20240117,11:56:32,0.65,250,1957900
20240117,11:57:06,0.6,200,1949450
20240117,11:57:13,0.6,1800,1949450
20240117,11:57:13,0.6,200,1949450
20240117,11:57:30,0.6,150,1949450
20240117,11:57:31,0.6,250,1949450
20240117,11:57:34,0.6,100,1949450
20240117,11:57:49,0.65,1750,1949450
20240117,11:57:53,0.6,300,1949450
20240117,11:58:00,0.65,400,1949450
20240117,11:58:04,0.65,250,1949450
20240117,11:58:16,0.65,1800,1949450
20240117,11:58:26,0.65,1450,1949450
20240117,11:58:31,0.65,1000,1949450
20240117,11:58:41,0.65,1800,1949450
20240117,11:58:46,0.65,400,1949450
20240117,11:58:49,0.6,50,1949450
20240117,11:59:23,0.65,1600,1949450
20240117,12:00:11,0.65,850,1940650
20240117,12:00:12,0.6,50,1940650
20240117,12:00:13,0.6,50,1940650
20240117,12:00:22,0.65,50,1940650
20240117,12:00:43,0.65,2000,1940650
20240117,12:00:52,0.65,1800,1940650
20240117,12:00:53,0.65,1800,1940650
20240117,12:00:57,0.65,1800,1940650
20240117,12:00:59,0.6,200,1940650
20240117,12:01:01,0.65,500,1940650
20240117,12:01:01,0.65,1800,1940650
20240117,12:01:05,0.65,1800,1940650
20240117,12:01:06,0.65,1800,1940650
20240117,12:01:07,0.65,1800,1940650
20240117,12:01:08,0.65,1800,1940650
20240117,12:01:09,0.65,1800,1940650
20240117,12:01:10,0.65,15000,1940650
20240117,12:01:11,0.65,3600,1940650
20240117,12:01:14,0.65,5200,1940650
20240117,12:01:16,0.65,100,1940650
20240117,12:01:18,0.65,300,1940650
20240117,12:01:20,0.7,1800,1940650
20240117,12:01:22,0.7,150,1940650
20240117,12:01:30,0.7,50,1940650
20240117,12:01:39,0.65,50,1940650
20240117,12:02:08,0.65,50,1940650
20240117,12:02:09,0.7,50,1940650
20240117,12:02:09,0.7,100,1940650
20240117,12:02:10,0.7,50,1940650
20240117,12:02:57,0.65,1000,1937900
20240117,12:03:01,0.7,100,1937900
20240117,12:03:09,0.7,1200,1937900
20240117,12:03:26,0.7,10000,1937900
20240117,12:03:31,0.7,500,1937900
20240117,12:03:32,0.7,9000,1937900
20240117,12:03:35,0.7,20700,1937900
20240117,12:03:42,0.7,200,1937900
20240117,12:03:47,0.7,350,1937900
20240117,12:03:50,0.75,2450,1937900
20240117,12:03:56,0.75,1800,1937900
20240117,12:03:57,0.75,1600,1937900
20240117,12:03:59,0.7,350,1937900
20240117,12:04:04,0.75,1800,1937900
20240117,12:04:06,0.7,300,1937900
20240117,12:04:10,0.7,350,1937900
20240117,12:04:13,0.7,500,1937900
20240117,12:04:14,0.7,300,1937900
20240117,12:04:15,0.7,550,1937900
20240117,12:04:16,0.75,1800,1937900
20240117,12:04:35,0.7,200,1937900
20240117,12:05:27,0.75,500,1937900
20240117,12:05:37,0.7,200,1937900
20240117,12:05:38,0.7,400,1937900
20240117,12:05:46,0.7,50,1937900
20240117,12:05:55,0.7,1000,1937900
20240117,12:05:56,0.7,9000,1937900
20240117,12:06:09,0.75,200,1938000
20240117,12:06:21,0.7,500,1938000
20240117,12:06:41,0.75,100,1938000
20240117,12:06:59,0.75,700,1938000
20240117,12:06:59,0.75,1800,1938000
20240117,12:07:10,0.7,100,1938000
20240117,12:07:13,0.75,50,1938000
20240117,12:07:15,0.75,1800,1938000
20240117,12:07:34,0.75,100,1938000
20240117,12:07:53,0.75,50,1938000
20240117,12:07:54,0.75,50,1938000
20240117,12:07:55,0.75,5400,1938000
20240117,12:07:57,0.75,9000,1938000
20240117,12:07:59,0.7,1800,1938000
20240117,12:08:01,0.75,3600,1938000
20240117,12:08:02,0.75,4750,1938000
20240117,12:08:06,0.75,1000,1938000
20240117,12:08:10,0.8,650,1938000
20240117,12:08:12,0.75,50,1938000
20240117,12:08:23,0.75,1800,1938000
20240117,12:08:24,0.75,300,1938000
20240117,12:08:28,0.8,250,1938000
20240117,12:08:35,0.75,1800,1938000
20240117,12:08:40,0.75,300,1938000
20240117,12:08:42,0.75,1000,1938000
20240117,12:08:43,0.75,1800,1938000
20240117,12:08:46,0.8,100,1938000
20240117,12:08:53,0.75,1800,1938000
20240117,12:09:01,0.8,50,1933450
20240117,12:09:02,0.75,400,1933450
20240117,12:09:08,0.75,250,1933450
20240117,12:09:10,0.75,950,1933450
20240117,12:09:13,0.75,50,1933450
20240117,12:09:15,0.75,9000,1933450
20240117,12:09:16,0.8,1500,1933450
20240117,12:09:23,0.8,50,1933450
20240117,12:09:23,0.75,1800,1933450
20240117,12:09:25,0.75,1800,1933450
20240117,12:09:29,0.75,50,1933450
20240117,12:09:50,0.75,1800,1933450
20240117,12:09:57,0.75,50,1933450
20240117,12:09:58,0.75,50,1933450
20240117,12:10:13,0.75,100,1933450
20240117,12:10:33,0.75,100,1933450
20240117,12:10:34,0.75,300,1933450
20240117,12:10:45,0.75,1400,1933450
20240117,12:11:05,0.75,500,1933450
20240117,12:11:10,0.75,50,1933450
20240117,12:11:12,0.75,50,1933450
20240117,12:11:13,0.75,100,1933450
20240117,12:11:13,0.75,50,1933450
20240117,12:11:15,0.75,50,1933450
20240117,12:11:17,0.75,100,1933450
20240117,12:11:18,0.75,50,1933450
20240117,12:11:24,0.7,400,1933450
20240117,12:11:56,0.75,800,1933450
20240117,12:12:04,0.75,100,1926350
20240117,12:12:11,0.75,750,1926350
20240117,12:12:21,0.7,2250,1926350
20240117,12:12:49,0.7,1800,1926350
20240117,12:12:57,0.7,250,1926350
20240117,12:12:57,0.7,1800,1926350
20240117,12:13:14,0.75,100,1926350
20240117,12:13:23,0.7,1800,1926350
20240117,12:13:25,0.7,50,1926350
20240117,12:13:28,0.75,1800,1926350
20240117,12:13:40,0.75,1800,1926350
20240117,12:13:44,0.7,2800,1926350
20240117,12:13:49,0.7,3650,1926350
20240117,12:13:50,0.7,1800,1926350
20240117,12:13:52,0.7,1800,1926350
20240117,12:13:53,0.7,3600,1926350
20240117,12:13:55,0.7,1800,1926350
20240117,12:13:56,0.7,1800,1926350
20240117,12:13:56,0.75,1800,1926350
20240117,12:14:12,0.75,200,1926350
20240117,12:14:16,0.75,50,1926350
20240117,12:14:16,0.75,1000,1926350
20240117,12:14:23,0.75,100,1926350
20240117,12:14:26,0.7,1800,1926350
20240117,12:14:29,0.75,1000,1926350
20240117,12:14:30,0.75,100,1926350
20240117,12:14:54,0.75,150,1926350
20240117,12:15:02,0.7,850,1939350
20240117,12:15:04,0.7,350,1939350
20240117,12:15:06,0.7,150,1939350
20240117,12:15:13,0.7,200,1939350
20240117,12:15:23,0.7,1800,1939350
20240117,12:15:25,0.75,1850,1939350
20240117,12:15:29,0.7,400,1939350
20240117,12:15:31,0.75,50,1939350
20240117,12:15:32,0.75,200,1939350
20240117,12:15:33,0.75,50,1939350
20240117,12:15:36,0.7,1800,1939350
20240117,12:15:38,0.75,1300,1939350
20240117,12:15:47,0.7,300,1939350
20240117,12:15:54,0.7,800,1939350
20240117,12:16:03,0.7,250,1939350
20240117,12:16:16,0.7,1800,1939350
20240117,12:16:18,0.75,1850,1939350
20240117,12:16:19,0.7,1850,1939350
20240117,12:16:20,0.7,2300,1939350
20240117,12:16:22,0.7,1800,1939350
20240117,12:16:23,0.7,1800,1939350
20240117,12:16:30,0.7,100,1939350
20240117,12:16:33,0.7,50,1939350
20240117,12:16:38,0.7,50,1939350
20240117,12:16:40,0.7,1800,1939350
20240117,12:16:42,0.7,1800,1939350
20240117,12:16:44,0.7,1800,1939350
20240117,12:16:45,0.7,1800,1939350
20240117,12:16:47,0.7,300,1939350
20240117,12:16:48,0.7,2350,1939350
20240117,12:16:57,0.7,1500,1939350
20240117,12:17:05,0.65,1800,1939350
20240117,12:17:16,0.7,50,1939350
20240117,12:17:44,0.7,150,1939350
20240117,12:17:46,0.7,550,1939350
20240117,12:17:52,0.7,50,1939350
20240117,12:18:01,0.65,2900,1962050
20240117,12:18:05,0.65,250,1962050
20240117,12:18:09,0.65,600,1962050
20240117,12:18:17,0.6,14400,1962050
20240117,12:18:18,0.65,55500,1962050
20240117,12:18:20,0.6,1800,1962050
20240117,12:18:21,0.6,9000,1962050
20240117,12:18:22,0.65,7550,1962050
20240117,12:18:23,0.6,12600,1962050
20240117,12:18:24,0.6,5400,1962050
20240117,12:18:26,0.55,250,1962050
20240117,12:18:27,0.6,550,1962050
20240117,12:18:28,0.6,550,1962050
20240117,12:18:29,0.6,350,1962050
20240117,12:18:31,0.6,650,1962050
20240117,12:18:34,0.6,1400,1962050
20240117,12:18:39,0.6,1300,1962050
20240117,12:18:59,0.6,100,1962050
20240117,12:19:34,0.6,250,1962050
20240117,12:19:40,0.6,50,1962050
20240117,12:19:50,0.6,500,1962050
20240117,12:20:16,0.6,50,1962050
20240117,12:20:32,0.6,50,1962050
20240117,12:20:32,0.6,200,1962050
20240117,12:21:31,0.55,500,1957650
20240117,12:22:03,0.6,50,1957650
20240117,12:22:09,0.55,100,1957650
20240117,12:22:12,0.55,400,1957650
20240117,12:22:27,0.55,50,1957650
20240117,12:22:31,0.55,50,1957650
20240117,12:22:35,0.55,200,1957650
20240117,12:22:47,0.6,100,1957650
20240117,12:23:07,0.6,250,1957650
20240117,12:25:39,0.6,1200,1957650
20240117,12:25:45,0.6,50,1957650
20240117,12:26:27,0.6,2250,1957650
20240117,12:26:36,0.55,50,1957650
20240117,12:27:43,0.55,50,1957650
20240117,12:28:14,0.55,250,1957650
20240117,12:28:17,0.6,2000,1957650
20240117,12:28:56,0.6,1000,1957650
20240117,12:29:00,0.6,1800,1957650
20240117,12:29:07,0.6,1800,1957650
20240117,12:29:36,0.6,50,1957650
20240117,12:29:47,0.55,400,1957650
20240117,12:29:48,0.55,200,1957650
20240117,12:29:49,0.55,200,1957650
20240117,12:29:50,0.6,400,1957650
20240117,12:29:53,0.6,500,1957650
20240117,12:29:59,0.6,400,1957650
20240117,12:30:07,0.6,1000,1954450
20240117,12:30:08,0.6,9000,1954450
20240117,12:30:09,0.6,22250,1954450
20240117,12:30:26,0.65,50,1954450
20240117,12:30:37,0.65,1750,1954450
20240117,12:30:38,0.65,350,1954450
20240117,12:30:40,0.65,200,1954450
20240117,12:32:06,0.6,16400,1954450
20240117,12:32:07,0.6,9000,1954450
20240117,12:32:09,0.65,200,1954450
20240117,12:32:11,0.6,1150,1954450
20240117,12:32:27,0.65,250,1954450
20240117,12:32:29,0.65,1350,1954450
20240117,12:32:31,0.6,400,1954450
20240117,12:32:43,0.6,250,1954450
20240117,12:32:46,0.6,1050,1954450
20240117,12:32:58,0.65,1750,1954450
20240117,12:33:00,0.65,250,1954450
20240117,12:33:01,0.6,300,1951500
20240117,12:33:08,0.6,1600,1951500
20240117,12:33:09,0.6,500,1951500
20240117,12:33:12,0.6,900,1951500
20240117,12:33:15,0.6,2700,1951500
20240117,12:35:12,0.6,250,1951500
20240117,12:35:22,0.65,50,1951500
20240117,12:35:24,0.65,50,1951500
20240117,12:35:30,0.65,200,1951500
20240117,12:36:42,0.65,500,1951250
20240117,12:37:13,0.6,1800,1951250
20240117,12:37:22,0.65,50,1951250
20240117,12:37:33,0.6,1800,1951250
20240117,12:37:37,0.65,400,1951250
20240117,12:37:38,0.65,400,1951250
20240117,12:37:46,0.65,50,1951250
20240117,12:37:48,0.6,1800,1951250
20240117,12:37:50,0.65,1800,1951250
20240117,12:38:01,0.65,200,1951250
20240117,12:38:03,0.6,1800,1951250
20240117,12:38:08,0.65,200,1951250
20240117,12:38:20,0.6,50,1951250
20240117,12:38:27,0.65,50,1951250
20240117,12:38:29,0.65,50,1951250
20240117,12:39:01,0.6,100,1951250
20240117,12:39:09,0.65,50,1950450
20240117,12:39:41,0.65,1800,1950450
20240117,12:39:48,0.65,1800,1950450
20240117,12:39:54,0.65,1800,1950450
20240117,12:40:01,0.65,1800,1950450
20240117,12:40:06,0.65,50,1950450
20240117,12:40:09,0.65,1800,1950450
20240117,12:40:16,0.65,1800,1950450
20240117,12:40:22,0.65,1200,1950450
20240117,12:40:26,0.65,250,1950450
20240117,12:40:32,0.65,200,1950450
20240117,12:40:49,0.65,50,1950450
20240117,12:40:56,0.6,50,1950450
20240117,12:40:59,0.65,100,1950450
20240117,12:41:25,0.6,50,1950450
20240117,12:41:31,0.6,100,1950450
20240117,12:41:35,0.6,150,1950450
20240117,12:41:48,0.6,250,1950450
20240117,12:42:07,0.65,200,1938450
20240117,12:43:50,0.65,50,1938450
20240117,12:43:52,0.65,50,1938450
20240117,12:44:12,0.65,200,1938450
20240117,12:44:38,0.6,250,1938450
20240117,12:44:39,0.6,1750,1938450
20240117,12:44:40,0.6,1100,1938450
20240117,12:45:17,0.6,500,1938450
20240117,12:45:31,0.65,200,1938450
20240117,12:45:33,0.6,50,1938450
20240117,12:45:59,0.65,50,1938450
20240117,12:46:11,0.65,50,1938450
20240117,12:46:12,0.65,150,1938450
20240117,12:46:48,0.65,100,1938450
20240117,12:46:54,0.6,500,1938450
20240117,12:47:30,0.6,1700,1938450
20240117,12:48:07,0.65,200,1938450
20240117,12:48:26,0.65,1800,1937950
20240117,12:48:32,0.65,700,1937950
20240117,12:48:46,0.6,1000,1937950
20240117,12:49:05,0.65,50,1937950
20240117,12:49:12,0.6,100,1937950
20240117,12:49:21,0.6,50,1937950
20240117,12:49:24,0.6,50,1937950
20240117,12:49:26,0.6,550,1937950
20240117,12:49:46,0.6,50,1937950
20240117,12:49:47,0.6,1650,1937950
20240117,12:50:19,0.55,50,1937950
20240117,12:50:20,0.55,50,1937950
20240117,12:50:28,0.55,50,1937950
20240117,12:50:29,0.55,50,1937950
20240117,12:50:33,0.6,200,1937950
20240117,12:50:34,0.6,200,1937950
20240117,12:50:38,0.55,50,1937950
20240117,12:50:39,0.55,50,1937950
20240117,12:50:40,0.55,50,1937950
20240117,12:50:41,0.55,100,1937950
20240117,12:50:43,0.55,50,1937950
20240117,12:50:59,0.55,50,1937950
20240117,12:51:00,0.55,50,1937950
20240117,12:51:09,0.55,50,1938050
20240117,12:51:10,0.55,50,1938050
20240117,12:51:11,0.55,50,1938050
20240117,12:51:19,0.55,3600,1938050
20240117,12:51:20,0.55,50,1938050
20240117,12:51:21,0.55,50,1938050
20240117,12:51:22,0.55,100,1938050
20240117,12:51:35,0.55,50,1938050
20240117,12:51:36,0.55,50,1938050
20240117,12:51:37,0.55,50,1938050
20240117,12:51:38,0.55,100,1938050
20240117,12:51:39,0.55,50,1938050
20240117,12:51:40,0.55,600,1938050
20240117,12:51:41,0.55,100,1938050
20240117,12:51:42,0.55,50,1938050
20240117,12:51:50,0.55,50,1938050
20240117,12:51:51,0.55,50,1938050
20240117,12:51:52,0.55,50,1938050
20240117,12:51:53,0.55,50,1938050
20240117,12:51:54,0.55,50,1938050
20240117,12:51:55,0.55,100,1938050
20240117,12:51:56,0.55,50,1938050
20240117,12:51:57,0.55,50,1938050
20240117,12:51:58,0.55,50,1938050
20240117,12:51:59,0.55,100,1938050
20240117,12:52:00,0.55,50,1938050
20240117,12:52:01,0.55,100,1938050
20240117,12:52:02,0.55,150,1938050
20240117,12:52:03,0.55,50,1938050
20240117,12:52:12,0.6,200,1938050
20240117,12:52:19,0.55,50,1938050
20240117,12:52:20,0.55,100,1938050
20240117,12:52:21,0.55,50,1938050
20240117,12:52:22,0.55,150,1938050
20240117,12:52:24,0.55,150,1938050
20240117,12:52:25,0.55,100,1938050
20240117,12:52:26,0.55,50,1938050
20240117,12:52:27,0.55,100,1938050
20240117,12:52:28,0.55,100,1938050
20240117,12:52:29,0.55,50,1938050
20240117,12:52:30,0.55,50,1938050
20240117,12:52:33,0.6,1000,1938050
20240117,12:52:38,0.55,50,1938050
20240117,12:52:39,0.55,50,1938050
20240117,12:52:41,0.55,100,1938050
20240117,12:52:41,0.55,50,1938050
20240117,12:52:42,0.55,100,1938050
20240117,12:52:43,0.55,100,1938050
20240117,12:52:44,0.55,100,1938050
20240117,12:52:45,0.55,150,1938050
20240117,12:52:46,0.55,100,1938050
20240117,12:52:47,0.55,100,1938050
20240117,12:52:48,0.55,1050,1938050
20240117,12:52:56,0.55,50,1938050
20240117,12:53:00,0.55,1000,1938050
20240117,12:53:07,0.55,1000,1938050
20240117,12:53:30,0.6,50,1938050
20240117,12:53:33,0.55,50,1938050
20240117,12:53:38,0.6,50,1938050
20240117,12:54:03,0.55,1500,1938050
20240117,12:54:08,0.6,200,1938050
20240117,12:55:00,0.6,350,1934550
20240117,12:55:32,0.6,200,1934550
20240117,12:56:03,0.6,50,1934550
20240117,12:56:11,0.6,100,1934550
20240117,12:56:12,0.6,100,1934550
20240117,12:56:27,0.6,50,1934550
20240117,12:56:56,0.55,100,1934550
20240117,12:57:06,0.55,2500,1934200
20240117,12:57:10,0.6,50,1934200
20240117,12:57:59,0.6,100,1934200
20240117,12:58:09,0.6,100,1934200
20240117,12:58:28,0.6,50,1934200
20240117,12:59:07,0.6,50,1934200
20240117,12:59:13,0.55,50,1934200
20240117,12:59:22,0.55,1600,1934200
20240117,12:59:24,0.6,50,1934200
20240117,13:00:33,0.55,200,1934150
20240117,13:00:34,0.6,200,1934150
20240117,13:00:35,0.55,250,1934150
20240117,13:01:13,0.55,50,1934150
20240117,13:01:35,0.55,1800,1934150
20240117,13:01:38,0.55,200,1934150
20240117,13:01:39,0.55,50,1934150
20240117,13:01:48,0.55,1800,1934150
20240117,13:02:10,0.6,200,1934150
20240117,13:02:18,0.55,5400,1934150
20240117,13:02:21,0.6,5000,1934150
20240117,13:02:26,0.6,50,1934150
20240117,13:02:37,0.55,200,1934150
20240117,13:02:43,0.6,100,1934150
20240117,13:03:57,0.55,350,1935250
20240117,13:04:09,0.6,200,1935250
20240117,13:05:15,0.55,500,1935250
20240117,13:05:20,0.55,1800,1935250
20240117,13:05:21,0.55,1000,1935250
20240117,13:05:27,0.55,3600,1935250
20240117,13:05:29,0.6,200,1935250
20240117,13:05:30,0.55,1800,1935250
20240117,13:05:31,0.55,3250,1935250
20240117,13:05:34,0.55,1200,1935250
20240117,13:05:36,0.55,50,1935250
20240117,13:05:37,0.5,1800,1935250
20240117,13:05:42,0.5,1800,1935250
20240117,13:05:49,0.55,1500,1935250
20240117,13:05:51,0.5,1200,1935250
20240117,13:05:56,0.55,1000,1935250
20240117,13:06:08,0.55,200,1932750
20240117,13:06:27,0.55,1500,1932750
20240117,13:06:34,0.55,1000,1932750
20240117,13:07:30,0.55,750,1932750
20240117,13:07:46,0.5,1800,1932750
20240117,13:07:48,0.55,50,1932750
20240117,13:07:54,0.55,5400,1932750
20240117,13:07:55,0.55,5400,1932750
20240117,13:07:57,0.55,21100,1932750
20240117,13:08:02,0.55,1200,1932750
20240117,13:08:08,0.6,200,1932750
20240117,13:09:06,0.55,1400,1931850
20240117,13:09:12,0.55,1800,1931850
20240117,13:09:13,0.55,3600,1931850
20240117,13:09:13,0.55,2000,1931850
20240117,13:09:32,0.55,26100,1931850
20240117,13:09:37,0.55,1100,1931850
20240117,13:10:12,0.5,500,1931850
20240117,13:10:31,0.55,400,1931850
20240117,13:10:45,0.5,300,1931850
20240117,13:11:16,0.5,200,1931850
20240117,13:11:53,0.55,900,1931850
20240117,13:12:10,0.55,200,1931350
20240117,13:12:31,0.5,1400,1931350
20240117,13:12:32,0.5,3600,1931350
20240117,13:13:21,0.55,50,1931350
20240117,13:14:35,0.55,200,1931350
20240117,13:14:47,0.55,5000,1931350
20240117,13:15:19,0.5,900,1932450
20240117,13:15:21,0.55,200,1932450
20240117,13:15:32,0.55,200,1932450
20240117,13:15:43,0.55,5400,1932450
20240117,13:15:44,0.55,1800,1932450
20240117,13:15:45,0.55,24300,1932450
20240117,13:15:46,0.55,3800,1932450
20240117,13:16:08,0.6,200,1932450
20240117,13:16:15,0.6,50,1932450
20240117,13:16:20,0.55,350,1932450
20240117,13:16:53,0.55,750,1932450
20240117,13:17:15,0.55,250,1932450
20240117,13:17:28,0.6,500,1932450
20240117,13:17:44,0.6,50,1932450
20240117,13:18:19,0.6,450,1932750
20240117,13:18:20,0.6,150,1932750
20240117,13:18:25,0.55,50,1932750
20240117,13:18:26,0.6,500,1932750
20240117,13:18:42,0.6,50,1932750
20240117,13:18:54,0.6,100,1932750
20240117,13:18:59,0.55,100,1932750
20240117,13:19:13,0.6,150,1932750
20240117,13:19:34,0.55,10500,1932750
20240117,13:19:35,0.55,100,1932750
20240117,13:19:37,0.5,100,1932750
20240117,13:19:41,0.5,50,1932750
20240117,13:19:45,0.5,100,1932750
20240117,13:19:50,0.55,1800,1932750
20240117,13:20:32,0.55,250,1932750
20240117,13:20:33,0.55,200,1932750
20240117,13:20:40,0.5,1800,1932750
20240117,13:22:00,0.55,1800,1932150
20240117,13:22:12,0.55,200,1932150
20240117,13:23:27,0.55,100,1932150
20240117,13:24:09,0.55,200,1933200
20240117,13:24:23,0.5,50,1933200
20240117,13:25:27,0.55,200,1933200
20240117,13:25:35,0.55,150,1933200
20240117,13:26:37,0.55,200,1933200
20240117,13:28:14,0.55,250,1933950
20240117,13:28:43,0.5,150,1933950
20240117,13:29:04,0.55,250,1933950
20240117,13:29:10,0.5,1000,1933950
20240117,13:29:36,0.5,3000,1933950
20240117,13:29:38,0.55,1000,1933950
20240117,13:29:50,0.5,50,1933950
20240117,13:30:35,0.55,200,1933950
20240117,13:30:36,0.55,200,1935400
20240117,13:32:08,0.55,200,1935400
20240117,13:32:14,0.5,1000,1935400
20240117,13:33:19,0.5,100,1935650
20240117,13:34:08,0.55,200,1935650
20240117,13:34:14,0.55,1000,1935650
20240117,13:34:51,0.55,150,1935650
20240117,13:34:53,0.55,50,1935650
20240117,13:35:06,0.55,5400,1935650
20240117,13:35:07,0.55,7200,1935650
20240117,13:35:12,0.55,100,1935650
20240117,13:35:31,0.55,200,1935650
20240117,13:36:09,0.55,200,1935650
20240117,13:36:16,0.55,1000,1930650
20240117,13:37:45,0.5,1000,1930650
20240117,13:37:45,0.5,50,1930650
20240117,13:37:55,0.5,250,1930650
20240117,13:38:02,0.55,250,1930650
20240117,13:38:06,0.55,50,1930650
20240117,13:38:09,0.55,50,1930650
20240117,13:38:12,0.55,200,1930650
20240117,13:38:17,0.55,50,1930650
20240117,13:38:22,0.55,50,1930650
20240117,13:38:28,0.55,50,1930650
20240117,13:38:35,0.55,80450,1930650
20240117,13:38:42,0.55,250,1930650
20240117,13:38:47,0.55,2150,1930650
20240117,13:38:50,0.6,50,1930650
20240117,13:38:52,0.6,50,1930650
20240117,13:39:16,0.6,100,1923350
20240117,13:39:22,0.55,250,1923350
20240117,13:39:23,0.55,50,1923350
20240117,13:39:27,0.55,250,1923350
20240117,13:39:55,0.55,50,1923350
20240117,13:40:15,0.55,46100,1923350
20240117,13:40:22,0.5,250,1923350
20240117,13:40:28,0.5,50,1923350
20240117,13:40:52,0.55,2200,1923350
20240117,13:40:52,0.55,3600,1923350
20240117,13:41:17,0.5,800,1923350
20240117,13:41:18,0.55,50,1923350
20240117,13:41:30,0.5,450,1923350
20240117,13:42:03,0.5,50,1923350
20240117,13:42:26,0.5,50,1910800
20240117,13:43:23,0.55,1000,1910800
20240117,13:43:37,0.55,3600,1910800
20240117,13:44:22,0.5,50,1910800
20240117,13:45:46,0.55,200,1911400
20240117,13:46:18,0.55,200,1911400
20240117,13:46:31,0.55,50,1911400
20240117,13:46:59,0.55,250,1911400
20240117,13:47:00,0.55,300,1911400
20240117,13:47:07,0.55,350,1911400
20240117,13:47:29,0.55,1100,1911400
20240117,13:47:55,0.55,50,1911400
20240117,13:48:13,0.55,50,1911400
20240117,13:48:20,0.55,100,1913900
20240117,13:48:26,0.55,5400,1913900
20240117,13:49:15,0.55,150,1913900
20240117,13:49:24,0.55,100,1913900
20240117,13:49:28,0.55,100,1913900
20240117,13:49:32,0.5,200,1913900
20240117,13:49:43,0.55,100,1913900
20240117,13:49:50,0.55,1000,1913900
20240117,13:49:56,0.55,100,1913900
20240117,13:49:58,0.55,150,1913900
20240117,13:49:59,0.55,150,1913900
20240117,13:50:00,0.55,50,1913900
20240117,13:50:01,0.5,200,1913900
20240117,13:50:10,0.5,250,1913900
20240117,13:50:16,0.55,50,1913900
20240117,13:50:32,0.55,1500,1913900
20240117,13:50:44,0.55,200,1913900
20240117,13:51:51,0.55,600,1911650
20240117,13:53:10,0.55,50,1911650
20240117,13:53:47,0.55,50,1911650
20240117,13:53:56,0.55,100,1911650
20240117,13:54:05,0.5,500,1911650
20240117,13:54:06,0.5,100,1911650
20240117,13:55:16,0.55,200,1911650
20240117,13:55:22,0.5,1050,1911550
20240117,13:55:31,0.55,200,1911550
20240117,13:56:06,0.5,500,1911550
20240117,13:56:33,0.55,50,1911550
20240117,13:56:37,0.55,100,1911550
20240117,13:56:38,0.55,100,1911550
20240117,13:56:41,0.55,250,1911550
20240117,13:57:09,0.55,150,1911550
20240117,13:57:12,0.55,100,1911850
20240117,13:57:41,0.5,50,1911850
20240117,13:57:57,0.55,550,1911850
20240117,13:59:05,0.5,1000,1911850
20240117,13:59:50,0.5,100,1911850
20240117,13:59:50,0.5,50,1911850
20240117,13:59:52,0.5,300,1911850
20240117,13:59:53,0.5,50,1911850
20240117,14:00:10,0.5,100,1911850
20240117,14:00:11,0.5,100,1911850
20240117,14:00:32,0.55,200,1911850
20240117,14:00:33,0.5,350,1911150
20240117,14:00:34,0.5,100,1911150
20240117,14:00:40,0.5,50,1911150
20240117,14:01:00,0.55,650,1911150
20240117,14:01:08,0.5,22500,1911150
20240117,14:01:10,0.5,500,1911150
20240117,14:01:19,0.5,2250,1911150
20240117,14:01:21,0.5,2350,1911150
20240117,14:01:26,0.5,50,1911150
20240117,14:01:56,0.5,500,1911150
20240117,14:02:19,0.45,100,1911150
20240117,14:02:28,0.45,50,1911150
20240117,14:02:28,0.45,1000,1911150
20240117,14:02:51,0.5,50,1911150
20240117,14:03:48,0.45,100,1908700
20240117,14:03:57,0.5,50,1908700
20240117,14:04:38,0.5,1800,1908700
20240117,14:04:39,0.5,7200,1908700
20240117,14:04:40,0.5,9000,1908700
20240117,14:04:41,0.5,19800,1908700
20240117,14:04:42,0.5,300,1908700
20240117,14:05:29,0.5,150,1908700
20240117,14:05:30,0.5,100,1908700
20240117,14:05:31,0.55,200,1908700
20240117,14:06:31,0.5,100,1919700
20240117,14:06:42,0.5,28100,1919700
20240117,14:06:43,0.5,2050,1919700
20240117,14:06:46,0.5,550,1919700
20240117,14:06:58,0.5,50,1919700
20240117,14:07:41,0.5,100,1919700
20240117,14:08:00,0.5,1000,1919700
20240117,14:08:20,0.5,50,1919700
20240117,14:08:56,0.45,1000,1919700
20240117,14:09:11,0.5,1600,1919700
20240117,14:09:49,0.45,1300,1907350
20240117,14:10:30,0.5,200,1907350
20240117,14:10:40,0.5,50,1907350
20240117,14:10:52,0.45,1000,1907350
20240117,14:11:13,0.45,50,1907350
20240117,14:12:33,0.45,1500,1907350
20240117,14:12:42,0.5,2900,1909150
20240117,14:13:19,0.45,1000,1909150
20240117,14:13:23,0.5,1600,1909150
20240117,14:15:36,0.5,250,1909150
20240117,14:16:36,0.5,100,1905950
20240117,14:17:38,0.45,100,1905950
20240117,14:17:40,0.5,50,1905950
20240117,14:17:58,0.5,100,1905950
20240117,14:17:59,0.5,200,1905950
20240117,14:18:01,0.5,150,1905950
20240117,14:18:02,0.5,150,1905950
20240117,14:18:03,0.5,50,1905950
20240117,14:18:10,0.5,500,1905950
20240117,14:19:01,0.5,50,1907100
20240117,14:19:09,0.45,50,1907100
20240117,14:19:25,0.5,500,1907100
20240117,14:19:29,0.5,50,1907100
20240117,14:20:28,0.45,600,1907100
20240117,14:20:31,0.5,200,1907100
20240117,14:20:38,0.45,50,1907100
20240117,14:20:54,0.5,100,1907100
20240117,14:20:55,0.5,400,1907100
20240117,14:21:32,0.5,350,1907100
20240117,14:21:53,0.5,50,1906850
20240117,14:22:06,0.5,1200,1906850
20240117,14:22:54,0.5,1300,1906850
20240117,14:22:57,0.45,50,1906850
20240117,14:24:01,0.45,100,1906850
20240117,14:24:35,0.45,50,1906850
20240117,14:24:36,0.45,100,1909200
20240117,14:24:40,0.45,200,1909200
20240117,14:24:50,0.45,50,1909200
20240117,14:24:53,0.45,300,1909200
20240117,14:24:55,0.45,1000,1909200
20240117,14:24:57,0.45,16950,1909200
20240117,14:24:58,0.45,31500,1909200
20240117,14:25:01,0.4,150,1909200
20240117,14:25:30,0.4,200,1909200
20240117,14:25:41,0.45,100,1909200
20240117,14:25:53,0.4,150,1909200
20240117,14:26:08,0.4,50,1909200
20240117,14:26:10,0.45,100,1909200
20240117,14:26:11,0.45,100,1909200
20240117,14:26:40,0.45,350,1909200
20240117,14:27:06,0.45,50,1909200
20240117,14:27:35,0.45,50,1905200
20240117,14:27:39,0.45,100,1905200
20240117,14:27:49,0.45,1800,1905200
20240117,14:27:50,0.45,3600,1905200
20240117,14:27:51,0.45,3600,1905200
20240117,14:27:52,0.45,3600,1905200
20240117,14:27:53,0.45,3600,1905200
20240117,14:27:54,0.45,37800,1905200
20240117,14:27:55,0.45,3600,1905200
20240117,14:27:56,0.45,22350,1905200
20240117,14:28:02,0.45,250,1905200
20240117,14:28:09,0.5,450,1905200
20240117,14:28:11,0.45,50,1905200
20240117,14:28:22,0.45,1800,1905200
20240117,14:28:24,0.45,1800,1905200
20240117,14:28:25,0.45,1800,1905200
20240117,14:28:27,0.45,1800,1905200
20240117,14:28:28,0.45,2800,1905200
20240117,14:28:29,0.5,1900,1905200
20240117,14:28:30,0.45,1800,1905200
20240117,14:28:31,0.45,1800,1905200
20240117,14:28:32,0.45,1800,1905200
20240117,14:28:34,0.45,1800,1905200
20240117,14:28:35,0.45,36000,1905200
20240117,14:28:36,0.45,150,1905200
20240117,14:29:05,0.45,150,1905200
20240117,14:29:08,0.4,700,1905200
20240117,14:29:15,0.45,21600,1905200
20240117,14:29:16,0.45,4750,1905200
20240117,14:29:20,0.45,500,1905200
20240117,14:29:27,0.45,500,1905200
20240117,14:29:28,0.45,6500,1905200
20240117,14:30:13,0.4,350,1905200
20240117,14:30:32,0.4,500,1893900
20240117,14:30:40,0.4,300,1893900
20240117,14:30:41,0.4,1050,1893900
20240117,14:30:49,0.4,200,1893900
20240117,14:30:59,0.45,550,1893900
20240117,14:31:01,0.45,250,1893900
20240117,14:31:05,0.4,1800,1893900
20240117,14:31:06,0.4,1800,1893900
20240117,14:31:07,0.4,1800,1893900
20240117,14:31:09,0.45,350,1893900
20240117,14:31:10,0.4,1800,1893900
20240117,14:31:20,0.45,1800,1893900
20240117,14:31:20,0.4,1800,1893900
20240117,14:31:21,0.4,3600,1893900
20240117,14:31:22,0.4,3600,1893900
20240117,14:31:23,0.4,5400,1893900
20240117,14:31:24,0.4,3600,1893900
20240117,14:31:55,0.45,150,1893900
20240117,14:32:12,0.45,200,1893900
20240117,14:32:58,0.4,150,1893900
20240117,14:33:22,0.4,50,1893900
20240117,14:33:22,0.4,1800,1911600
20240117,14:33:25,0.4,1250,1911600
20240117,14:33:30,0.45,1300,1911600
20240117,14:33:41,0.4,10800,1911600
20240117,14:33:42,0.4,2850,1911600
20240117,14:33:49,0.35,150,1911600
20240117,14:34:01,0.35,50,1911600
20240117,14:34:08,0.35,1000,1911600
20240117,14:34:08,0.35,200,1911600
20240117,14:34:25,0.4,1800,1911600
20240117,14:34:33,0.4,750,1911600
20240117,14:34:42,0.4,1800,1911600
20240117,14:34:43,0.4,1800,1911600
20240117,14:34:50,0.4,1800,1911600
20240117,14:34:51,0.4,1800,1911600
20240117,14:35:04,0.4,900,1911600
20240117,14:35:30,0.4,200,1911600
20240117,14:35:40,0.35,1000,1911600
20240117,14:36:00,0.35,900,1911600
20240117,14:36:12,0.4,1000,1911600
20240117,14:36:13,0.4,200,1911600
20240117,14:36:47,0.4,600,1907250
20240117,14:36:53,0.35,50,1907250
20240117,14:37:04,0.35,1250,1907250
20240117,14:37:05,0.35,2800,1907250
20240117,14:37:40,0.4,1100,1907250
20240117,14:38:59,0.35,50,1907250
20240117,14:39:36,0.4,500,1907250
20240117,14:39:49,0.35,50,1906150
20240117,14:39:59,0.35,100,1906150
20240117,14:40:04,0.35,2000,1906150
20240117,14:40:05,0.35,5000,1906150
20240117,14:40:06,0.35,10500,1906150
20240117,14:40:07,0.35,11500,1906150
20240117,14:40:08,0.35,14450,1906150
20240117,14:40:09,0.35,11600,1906150
20240117,14:40:10,0.35,5550,1906150
20240117,14:40:13,0.35,400,1906150
20240117,14:40:18,0.3,500,1906150
20240117,14:40:21,0.3,10500,1906150
20240117,14:40:22,0.3,7000,1906150
20240117,14:40:23,0.3,13000,1906150
20240117,14:40:24,0.3,5000,1906150
20240117,14:40:25,0.3,10500,1906150
20240117,14:40:26,0.3,1050,1906150
20240117,14:40:27,0.3,11500,1906150
20240117,14:40:28,0.3,10500,1906150
20240117,14:40:29,0.3,9900,1906150
20240117,14:40:30,0.3,9200,1906150
20240117,14:40:31,0.3,4500,1906150
20240117,14:40:32,0.3,13500,1906150
20240117,14:40:33,0.3,3500,1906150
20240117,14:40:34,0.3,9000,1906150
20240117,14:40:35,0.3,10000,1906150
20240117,14:40:36,0.3,10000,1906150
20240117,14:40:37,0.3,11500,1906150
20240117,14:40:38,0.3,10000,1906150
20240117,14:40:39,0.3,10000,1906150
20240117,14:40:40,0.3,15000,1906150
20240117,14:40:41,0.3,12000,1906150
20240117,14:40:42,0.3,8500,1906150
20240117,14:40:43,0.3,2500,1906150
20240117,14:40:44,0.3,14000,1906150
20240117,14:40:45,0.3,9550,1906150
20240117,14:40:46,0.3,12000,1906150
20240117,14:40:47,0.3,62000,1906150
20240117,14:40:48,0.3,52600,1906150
20240117,14:40:49,0.3,12600,1906150
20240117,14:40:50,0.3,30600,1906150
20240117,14:40:51,0.3,3000,1906150
20240117,14:40:53,0.3,1800,1906150
20240117,14:40:54,0.3,1800,1906150
20240117,14:40:55,0.3,3600,1906150
20240117,14:40:56,0.3,27000,1906150
20240117,14:40:58,0.3,26900,1906150
20240117,14:40:58,0.3,1800,1906150
20240117,14:40:59,0.3,3600,1906150
20240117,14:41:07,0.3,450,1906150
20240117,14:41:08,0.3,50,1906150
20240117,14:41:39,0.3,3350,1906150
20240117,14:41:40,0.3,28800,1906150
20240117,14:41:41,0.3,40400,1906150
20240117,14:41:42,0.3,12600,1906150
20240117,14:41:44,0.3,9000,1906150
20240117,14:41:45,0.3,1950,1906150
20240117,14:41:45,0.3,7200,1906150
20240117,14:41:46,0.3,1800,1906150
20240117,14:41:47,0.3,3600,1906150
20240117,14:41:48,0.3,12600,1906150
20240117,14:41:49,0.3,9050,1906150
20240117,14:41:51,0.35,27800,1906150
20240117,14:41:53,0.35,50,1906150
20240117,14:41:58,0.35,50,1906150
20240117,14:42:00,0.35,50,1906150
20240117,14:42:05,0.3,700,1906150
20240117,14:42:05,0.3,2500,1906150
20240117,14:42:12,0.35,50,1906150
20240117,14:42:14,0.35,200,1906150
20240117,14:42:18,0.3,36000,1906150
20240117,14:42:19,0.3,11800,1887400
20240117,14:42:20,0.3,1800,1887400
20240117,14:42:32,0.3,50,1887400
20240117,14:42:34,0.25,400,1887400
20240117,14:42:41,0.25,450,1887400
20240117,14:42:48,0.25,150,1887400
20240117,14:42:53,0.25,150,1887400
20240117,14:43:11,0.25,50,1887400
20240117,14:43:12,0.3,100,1887400
20240117,14:43:24,0.3,350,1887400
20240117,14:43:46,0.25,350,1887400
20240117,14:43:51,0.3,2600,1887400
20240117,14:43:52,0.3,18000,1887400
20240117,14:43:54,0.3,5500,1887400
20240117,14:43:55,0.3,18000,1887400
20240117,14:44:02,0.3,200,1887400
20240117,14:44:05,0.3,3600,1887400
20240117,14:44:15,0.3,200,1887400
20240117,14:44:31,0.25,1800,1887400
20240117,14:44:34,0.3,50,1887400
20240117,14:44:44,0.3,400,1887400
20240117,14:44:45,0.3,50,1887400
20240117,14:44:59,0.25,50,1887400
20240117,14:45:13,0.3,150,1887400
20240117,14:45:16,0.25,50,1887400
20240117,14:45:37,0.25,300,1882950
20240117,14:45:38,0.25,250,1882950
20240117,14:45:39,0.25,850,1882950
20240117,14:45:40,0.3,19050,1882950
20240117,14:45:41,0.25,600,1882950
20240117,14:45:53,0.3,300,1882950
20240117,14:46:22,0.25,300,1882950
20240117,14:46:23,0.25,300,1882950
20240117,14:46:24,0.25,300,1882950
20240117,14:46:46,0.25,1000,1882950
20240117,14:46:48,0.25,1800,1882950
20240117,14:46:54,0.3,1000,1882950
20240117,14:46:55,0.25,300,1882950
20240117,14:47:16,0.25,50,1882950
20240117,14:48:07,0.3,600,1882950
20240117,14:48:09,0.3,600,1882950
20240117,14:48:19,0.3,200,1881350
20240117,14:48:30,0.3,1800,1881350
20240117,14:48:32,0.3,1500,1881350
20240117,14:48:33,0.3,500,1881350
20240117,14:49:18,0.3,950,1881350
20240117,14:49:23,0.3,18000,1881350
20240117,14:49:24,0.3,5400,1881350
20240117,14:49:25,0.3,5400,1881350
20240117,14:49:26,0.3,7200,1881350
20240117,14:49:28,0.3,9000,1881350
20240117,14:49:29,0.3,9000,1881350
20240117,14:49:31,0.3,5400,1881350
20240117,14:49:32,0.3,9000,1881350
20240117,14:49:33,0.3,44400,1881350
20240117,14:49:40,0.3,100,1881350
20240117,14:50:08,0.3,300,1881350
20240117,14:50:33,0.3,1300,1881350
20240117,14:50:34,0.3,600,1881350
20240117,14:50:35,0.3,1200,1881350
20240117,14:50:36,0.35,800,1881350
20240117,14:50:40,0.3,50,1881350
20240117,14:50:42,0.3,1800,1881350
20240117,14:50:44,0.3,18000,1881350
20240117,14:50:45,0.3,9300,1881350
20240117,14:51:25,0.25,500,1879850
20240117,14:51:40,0.25,50,1879850
20240117,14:52:14,0.3,200,1879850
20240117,14:52:22,0.3,500,1879850
20240117,14:53:09,0.3,500,1879850
20240117,14:53:21,0.25,1000,1879850
20240117,14:53:24,0.3,200,1879850
20240117,14:53:59,0.25,50,1879850
20240117,14:54:03,0.25,300,1879850
20240117,14:54:25,0.3,200,1879850
20240117,14:54:35,0.3,600,1879900
20240117,14:54:41,0.3,50,1879900
20240117,14:55:01,0.3,1500,1879900
20240117,14:55:10,0.3,900,1879900
20240117,14:55:11,0.3,1500,1879900
20240117,14:55:15,0.3,900,1879900
20240117,14:55:33,0.3,200,1879900
20240117,14:55:44,0.25,250,1879900
20240117,14:56:12,0.3,200,1879900
20240117,14:56:15,0.3,100,1879900
20240117,14:56:59,0.3,200,1879900
20240117,14:57:40,0.25,50,1877450
20240117,14:57:44,0.3,50,1877450
20240117,14:57:54,0.3,500,1877450
20240117,14:58:00,0.3,150,1877450
20240117,14:58:14,0.3,300,1877450
20240117,14:58:24,0.3,1800,1877450
20240117,14:58:29,0.3,100,1877450
20240117,14:58:30,0.3,1200,1877450
20240117,14:58:35,0.3,1000,1877450
20240117,14:58:43,0.3,900,1877450
20240117,14:59:30,0.3,2050,1877450
20240117,14:59:33,0.3,500,1877450
20240117,14:59:54,0.3,4500,1877450
20240117,15:00:07,0.3,250,1877450
20240117,15:00:36,0.3,1300,1877450
20240117,15:00:37,0.3,100,1866400
20240117,15:00:38,0.3,100,1866400
20240117,15:00:39,0.3,50,1866400
20240117,15:00:47,0.3,1000,1866400
20240117,15:00:49,0.3,50,1866400
20240117,15:01:10,0.3,50,1866400
20240117,15:01:39,0.3,50,1866400
20240117,15:02:23,0.3,100,1866400
20240117,15:02:28,0.25,400,1866400
20240117,15:02:48,0.25,300,1866400
20240117,15:02:51,0.25,200,1866400
20240117,15:02:52,0.25,50,1866400
20240117,15:03:03,0.25,100,1866400
20240117,15:03:07,0.3,300,1866400
20240117,15:03:17,0.3,500,1866400
20240117,15:03:20,0.25,50,1866400
20240117,15:03:29,0.3,50,1865400
20240117,15:04:26,0.3,200,1865400
20240117,15:04:53,0.3,1500,1865400
20240117,15:05:04,0.3,1500,1865400
20240117,15:05:30,0.3,400,1865400
20240117,15:05:42,0.3,50,1865400
20240117,15:05:47,0.25,50,1865400
20240117,15:05:57,0.3,1500,1865400
20240117,15:05:57,0.25,200,1865400
20240117,15:05:58,0.3,1500,1865400
20240117,15:05:59,0.3,1500,1865400
20240117,15:06:01,0.3,1500,1865400
20240117,15:06:01,0.25,2000,1865400
20240117,15:06:05,0.3,1500,1865400
20240117,15:06:07,0.3,1500,1865400
20240117,15:06:10,0.3,50,1865400
20240117,15:06:45,0.25,36000,1865350
20240117,15:06:57,0.25,900,1865350
20240117,15:06:58,0.25,450,1865350
20240117,15:06:59,0.25,550,1865350
20240117,15:07:00,0.25,450,1865350
20240117,15:07:01,0.25,450,1865350
20240117,15:07:02,0.25,450,1865350
20240117,15:07:04,0.25,450,1865350
20240117,15:07:06,0.25,1350,1865350
20240117,15:07:07,0.25,900,1865350
20240117,15:07:08,0.25,950,1865350
20240117,15:07:09,0.25,900,1865350
20240117,15:07:10,0.25,900,1865350
20240117,15:07:11,0.25,900,1865350
20240117,15:07:12,0.25,1800,1865350
20240117,15:07:13,0.25,950,1865350
20240117,15:07:15,0.25,900,1865350
20240117,15:07:16,0.25,1800,1865350
20240117,15:07:18,0.25,900,1865350
20240117,15:07:22,0.25,900,1865350
20240117,15:07:24,0.25,900,1865350
20240117,15:07:25,0.25,900,1865350
20240117,15:07:26,0.25,900,1865350
20240117,15:07:27,0.25,900,1865350
20240117,15:07:28,0.25,900,1865350
20240117,15:07:30,0.25,900,1865350
20240117,15:07:31,0.25,900,1865350
20240117,15:07:32,0.25,900,1865350
20240117,15:07:33,0.25,900,1865350
20240117,15:07:34,0.25,900,1865350
20240117,15:07:35,0.3,1800,1865350
20240117,15:07:36,0.25,900,1865350
20240117,15:07:37,0.25,11550,1865350
20240117,15:07:42,0.25,1800,1865350
20240117,15:07:43,0.3,1800,1865350
20240117,15:07:45,0.25,36000,1865350
20240117,15:07:46,0.25,3600,1865350
20240117,15:07:46,0.25,1800,1865350
20240117,15:07:47,0.25,3600,1865350
20240117,15:07:48,0.25,1800,1865350
20240117,15:07:49,0.25,3600,1865350
20240117,15:07:51,0.25,19800,1865350
20240117,15:07:55,0.3,1000,1865350
20240117,15:07:55,0.25,1800,1865350
20240117,15:07:56,0.25,3600,1865350
20240117,15:07:58,0.25,3600,1865350
20240117,15:07:59,0.25,1800,1865350
20240117,15:08:00,0.25,1800,1865350
20240117,15:08:01,0.25,3600,1865350
20240117,15:08:02,0.25,1800,1865350
20240117,15:08:03,0.25,2900,1865350
20240117,15:08:14,0.25,36000,1865350
20240117,15:08:20,0.3,1800,1865350
20240117,15:08:22,0.25,450,1865350
20240117,15:08:27,0.3,1800,1865350
20240117,15:08:30,0.3,200,1865350
20240117,15:08:37,0.25,1800,1865350
20240117,15:08:40,0.25,14400,1865350
20240117,15:08:40,0.25,5400,1865350
20240117,15:08:42,0.25,14800,1865350
20240117,15:08:43,0.25,4800,1865350
20240117,15:08:45,0.3,1800,1865350
20240117,15:08:52,0.3,500,1865350
20240117,15:08:53,0.25,10800,1865350
20240117,15:08:54,0.25,2100,1865350
20240117,15:09:10,0.25,100,1865350
20240117,15:09:19,0.25,1200,1865350
20240117,15:09:21,0.25,20000,1865350
20240117,15:09:28,0.25,50,1918600
20240117,15:09:33,0.25,100,1918600
20240117,15:09:35,0.3,2250,1918600
20240117,15:09:38,0.3,500,1918600
20240117,15:09:42,0.25,500,1918600
20240117,15:09:43,0.3,500,1918600
20240117,15:09:58,0.3,50,1918600
20240117,15:10:16,0.3,500,1918600
20240117,15:10:19,0.25,1800,1918600
20240117,15:10:21,0.25,1800,1918600
20240117,15:10:22,0.25,1800,1918600
20240117,15:10:23,0.25,3600,1918600
20240117,15:10:27,0.3,600,1918600
20240117,15:10:31,0.25,250,1918600
20240117,15:10:32,0.3,500,1918600
20240117,15:10:36,0.3,200,1918600
20240117,15:10:37,0.25,1800,1918600
20240117,15:10:38,0.25,1800,1918600
20240117,15:10:39,0.25,2000,1918600
20240117,15:10:40,0.25,1800,1918600
20240117,15:10:41,0.25,1800,1918600
20240117,15:10:45,0.25,400,1918600
20240117,15:10:52,0.3,300,1918600
20240117,15:10:54,0.25,100,1918600
20240117,15:10:58,0.25,100,1918600
20240117,15:11:01,0.25,50,1918600
20240117,15:11:04,0.25,400,1918600
20240117,15:11:07,0.25,1200,1918600
20240117,15:11:08,0.25,800,1918600
20240117,15:11:11,0.25,800,1918600
20240117,15:11:12,0.25,400,1918600
20240117,15:11:14,0.25,400,1918600
20240117,15:11:15,0.25,400,1918600
20240117,15:11:17,0.25,550,1918600
20240117,15:11:18,0.25,700,1918600
20240117,15:11:19,0.25,400,1918600
20240117,15:11:20,0.25,400,1918600
20240117,15:11:23,0.25,450,1918600
20240117,15:11:24,0.25,400,1918600
20240117,15:11:27,0.25,400,1918600
20240117,15:11:28,0.25,400,1918600
20240117,15:11:29,0.25,1200,1918600
20240117,15:11:31,0.25,400,1918600
20240117,15:11:32,0.25,750,1918600
20240117,15:11:33,0.25,450,1918600
20240117,15:11:35,0.25,850,1918600
20240117,15:11:36,0.25,1900,1918600
20240117,15:11:38,0.25,400,1918600
20240117,15:11:40,0.25,800,1918600
20240117,15:11:41,0.25,400,1918600
20240117,15:11:42,0.25,400,1918600
20240117,15:11:43,0.25,600,1918600
20240117,15:11:44,0.25,400,1918600
20240117,15:11:45,0.25,400,1918600
20240117,15:11:46,0.25,400,1918600
20240117,15:11:47,0.25,450,1918600
20240117,15:11:48,0.25,400,1918600
20240117,15:11:50,0.25,400,1918600
20240117,15:11:51,0.25,400,1918600
20240117,15:11:52,0.25,400,1918600
20240117,15:11:54,0.25,400,1918600
20240117,15:11:56,0.25,1150,1918600
20240117,15:11:57,0.25,400,1918600
20240117,15:11:59,0.25,400,1918600
20240117,15:12:00,0.25,800,1918600
20240117,15:12:01,0.25,400,1918600
20240117,15:12:02,0.25,400,1918600
20240117,15:12:06,0.3,1000,1918600
20240117,15:12:26,0.3,1800,1950600
20240117,15:12:27,0.3,1800,1950600
20240117,15:12:34,0.25,7200,1950600
20240117,15:12:38,0.3,50,1950600
20240117,15:12:42,0.25,50,1950600
20240117,15:12:49,0.3,150,1950600
20240117,15:12:51,0.25,550,1950600
20240117,15:12:55,0.25,4000,1950600
20240117,15:12:55,0.25,400,1950600
20240117,15:12:56,0.25,3600,1950600
20240117,15:12:57,0.25,50,1950600
20240117,15:13:02,0.25,4400,1950600
20240117,15:13:09,0.25,600,1950600
20240117,15:13:18,0.3,50,1950600
20240117,15:13:21,0.25,200,1950600
20240117,15:13:23,0.3,150,1950600
20240117,15:13:35,0.3,200,1950600
20240117,15:13:43,0.3,350,1950600
20240117,15:13:52,0.3,1000,1950600
20240117,15:13:58,0.25,550,1950600
20240117,15:14:02,0.3,50,1950600
20240117,15:14:06,0.3,1000,1950600
20240117,15:14:08,0.3,600,1950600
20240117,15:14:16,0.25,50,1950600
20240117,15:14:20,0.3,50,1950600
20240117,15:14:22,0.3,1800,1950600
20240117,15:14:25,0.3,600,1950600
20240117,15:14:29,0.25,1800,1950600
20240117,15:14:32,0.3,100,1950600
20240117,15:14:33,0.25,250,1950600
20240117,15:14:50,0.25,800,1950600
20240117,15:14:51,0.25,400,1950600
20240117,15:14:52,0.25,400,1950600
20240117,15:14:53,0.25,800,1950600
20240117,15:14:54,0.25,1200,1950600
20240117,15:15:00,0.25,2500,1950600
20240117,15:15:03,0.25,400,1950600
20240117,15:15:04,0.25,400,1950600
20240117,15:15:05,0.25,23200,1950600
20240117,15:15:07,0.25,1800,1950600
20240117,15:15:10,0.25,100,1950600
20240117,15:15:17,0.3,50,1950600
20240117,15:15:19,0.25,14400,1950600
20240117,15:15:19,0.25,9000,1950600
20240117,15:15:20,0.25,12600,1950600
20240117,15:15:26,0.25,100,1967700
20240117,15:15:37,0.25,1450,1967700
20240117,15:15:37,0.25,200,1967700
20240117,15:15:38,0.25,600,1967700
20240117,15:15:39,0.25,600,1967700
20240117,15:15:40,0.25,450,1967700
20240117,15:15:41,0.25,200,1967700
20240117,15:15:42,0.25,450,1967700
20240117,15:15:43,0.25,400,1967700
20240117,15:15:44,0.25,400,1967700
20240117,15:15:56,0.25,250,1967700
20240117,15:16:09,0.25,1000,1967700
20240117,15:16:18,0.25,21600,1967700
20240117,15:16:19,0.25,18000,1967700
20240117,15:16:21,0.25,48600,1967700
20240117,15:16:21,0.25,5400,1967700
20240117,15:16:23,0.25,66600,1967700
20240117,15:16:25,0.25,8250,1967700
20240117,15:16:30,0.25,2100,1967700
20240117,15:16:44,0.25,1800,1967700
20240117,15:16:44,0.25,2400,1967700
20240117,15:16:46,0.25,2700,1967700
20240117,15:16:48,0.25,1400,1967700
20240117,15:16:51,0.25,900,1967700
20240117,15:16:52,0.25,1400,1967700
20240117,15:16:53,0.25,900,1967700
20240117,15:16:54,0.25,1800,1967700
20240117,15:17:03,0.25,900,1967700
20240117,15:17:04,0.25,900,1967700
20240117,15:17:06,0.25,900,1967700
20240117,15:17:08,0.25,900,1967700
20240117,15:17:09,0.25,51900,1967700
20240117,15:17:09,0.25,600,1967700
20240117,15:17:14,0.3,2500,1967700
20240117,15:17:17,0.25,150,1967700
20240117,15:17:29,0.25,13550,1967700
20240117,15:17:29,0.25,36450,1967700
20240117,15:17:31,0.25,50,1967700
20240117,15:17:48,0.3,200,1967700
20240117,15:17:54,0.3,50,1967700
20240117,15:17:55,0.25,50,1967700
20240117,15:17:58,0.25,50,1967700
20240117,15:18:02,0.25,9400,1967700
20240117,15:18:09,0.25,600,1967700
20240117,15:18:09,0.3,50,1967700
20240117,15:18:14,0.25,600,1967700
20240117,15:18:37,0.25,1500,1967700
20240117,15:18:39,0.25,1500,1985350
20240117,15:18:41,0.25,1000,1985350
20240117,15:18:42,0.25,1800,1985350
20240117,15:18:43,0.25,1800,1985350
20240117,15:18:43,0.3,1000,1985350
20240117,15:18:45,0.3,200,1985350
20240117,15:19:08,0.3,5000,1985350
20240117,15:19:20,0.3,1000,1985350
20240117,15:19:22,0.25,900,1985350
20240117,15:19:45,0.25,50,1985350
20240117,15:19:49,0.25,1800,1985350
20240117,15:19:50,0.25,1200,1985350
20240117,15:20:04,0.25,450,1985350
20240117,15:20:21,0.25,150,1985350
20240117,15:20:23,0.25,150,1985350
20240117,15:20:28,0.3,50,1985350
20240117,15:20:35,0.3,5400,1985350
20240117,15:20:35,0.3,9000,1985350
20240117,15:20:38,0.25,50,1985350
20240117,15:20:43,0.25,600,1985350
20240117,15:20:43,0.25,1300,1985350
20240117,15:20:44,0.25,900,1985350
20240117,15:20:45,0.25,1300,1985350
20240117,15:20:46,0.25,600,1985350
20240117,15:20:47,0.25,1000,1985350
20240117,15:20:48,0.25,700,1985350
20240117,15:20:50,0.25,1000,1985350
20240117,15:20:50,0.25,200,1985350
20240117,15:20:51,0.25,1800,1985350
20240117,15:21:06,0.25,900,1985350
20240117,15:21:07,0.25,500,1985350
20240117,15:21:15,0.3,900,1985350
20240117,15:21:18,0.25,50,1985350
20240117,15:21:19,0.25,1000,1985350
20240117,15:21:22,0.25,450,1985350
20240117,15:21:27,0.25,2500,1985350
20240117,15:21:51,0.3,400,1992100
20240117,15:21:58,0.25,650,1992100
20240117,15:22:16,0.25,2250,1992100
20240117,15:22:20,0.25,450,1992100
20240117,15:22:21,0.25,50,1992100
20240117,15:22:23,0.25,100,1992100
20240117,15:22:26,0.25,250,1992100
20240117,15:22:27,0.25,1000,1992100
20240117,15:22:30,0.25,500,1992100
20240117,15:22:40,0.3,50,1992100
20240117,15:22:46,0.25,100,1992100
20240117,15:22:49,0.3,350,1992100
20240117,15:22:51,0.25,1000,1992100
20240117,15:23:01,0.25,50,1992100
20240117,15:23:02,0.25,2000,1992100
20240117,15:23:11,0.3,1500,1992100
20240117,15:23:12,0.3,1500,1992100
20240117,15:23:13,0.3,1000,1992100
20240117,15:23:16,0.3,100,1992100
20240117,15:23:30,0.3,50,1992100
20240117,15:23:35,0.3,1000,1992100
20240117,15:23:37,0.25,1500,1992100
20240117,15:23:40,0.25,1500,1992100
20240117,15:23:45,0.3,250,1992100
20240117,15:23:48,0.25,3600,1992100
20240117,15:24:06,0.3,250,1992100
20240117,15:24:19,0.3,500,1992100
20240117,15:24:21,0.3,500,1992100
20240117,15:24:35,0.25,1000,1992100
20240117,15:24:38,0.25,1000,1989050
20240117,15:24:39,0.3,250,1989050
20240117,15:24:45,0.25,250,1989050
20240117,15:24:50,0.25,50,1989050
20240117,15:24:51,0.3,2000,1989050
20240117,15:24:52,0.25,50000,1989050
20240117,15:24:53,0.3,1800,1989050
20240117,15:24:54,0.3,1800,1989050
20240117,15:24:57,0.25,2500,1989050
20240117,15:25:02,0.25,2300,1989050
20240117,15:25:07,0.25,2300,1989050
20240117,15:25:09,0.25,300,1989050
20240117,15:25:10,0.25,200,1989050
20240117,15:25:11,0.3,11000,1989050
20240117,15:25:12,0.3,9000,1989050
20240117,15:25:13,0.3,2050,1989050
20240117,15:25:16,0.25,1500,1989050
20240117,15:25:17,0.25,50,1989050
20240117,15:25:21,0.3,50,1989050
20240117,15:25:26,0.25,900,1989050
20240117,15:25:28,0.25,900,1989050
20240117,15:25:30,0.25,200,1989050
20240117,15:25:37,0.25,350,1989050
20240117,15:25:40,0.25,1500,1989050
20240117,15:25:42,0.25,50,1989050
20240117,15:25:43,0.25,300,1989050
20240117,15:25:44,0.3,1200,1989050
20240117,15:25:48,0.25,200,1989050
20240117,15:25:49,0.25,1200,1989050
20240117,15:25:50,0.25,1800,1989050
20240117,15:25:50,0.25,50,1989050
20240117,15:25:53,0.25,100,1989050
20240117,15:25:54,0.25,500,1989050
20240117,15:25:55,0.25,100,1989050
20240117,15:25:59,0.3,1800,1989050
20240117,15:26:00,0.3,1900,1989050
20240117,15:26:02,0.3,400,1989050
20240117,15:26:02,0.25,400,1989050
20240117,15:26:06,0.3,400,1989050
20240117,15:26:13,0.3,300,1989050
20240117,15:26:25,0.3,500,1989050
20240117,15:26:31,0.3,150,1989050
20240117,15:26:44,0.25,50,1989050
20240117,15:26:45,0.3,500,1989050
20240117,15:26:53,0.3,250,1989050
20240117,15:27:02,0.25,500,1989050
20240117,15:27:04,0.3,25000,1989050
20240117,15:27:05,0.3,1800,1989050
20240117,15:27:07,0.3,50,1989050
20240117,15:27:10,0.3,25000,1989050
20240117,15:27:12,0.25,100,1989050
20240117,15:27:15,0.25,1500,1989050
20240117,15:27:20,0.3,200,1989050
20240117,15:27:32,0.3,500,1989050
20240117,15:27:35,0.3,1800,1969600
20240117,15:27:36,0.3,450,1969600
20240117,15:27:38,0.3,1200,1969600
20240117,15:27:40,0.3,400,1969600
20240117,15:27:42,0.3,250,1969600
20240117,15:28:00,0.3,300,1969600
20240117,15:28:07,0.3,1700,1969600
20240117,15:28:08,0.25,50,1969600
20240117,15:28:09,0.25,1850,1969600
20240117,15:28:12,0.25,50,1969600
20240117,15:28:12,0.3,500,1969600
20240117,15:28:15,0.25,200,1969600
20240117,15:28:18,0.25,1800,1969600
20240117,15:28:24,0.25,150,1969600
20240117,15:28:24,0.25,50,1969600
20240117,15:28:25,0.25,1850,1969600
20240117,15:28:26,0.3,500,1969600
20240117,15:28:33,0.25,2250,1969600
20240117,15:28:33,0.25,1800,1969600
20240117,15:28:35,0.3,500,1969600
20240117,15:28:37,0.3,1800,1969600
20240117,15:28:39,0.25,400,1969600
20240117,15:28:40,0.3,500,1969600
20240117,15:28:41,0.3,1800,1969600
20240117,15:28:42,0.25,1800,1969600
20240117,15:28:43,0.3,1000,1969600
20240117,15:28:45,0.3,250,1969600
20240117,15:28:49,0.25,1800,1969600
20240117,15:28:49,0.25,50,1969600
20240117,15:28:53,0.3,100,1969600
20240117,15:28:55,0.3,250,1969600
20240117,15:28:57,0.25,1800,1969600
20240117,15:28:59,0.3,250,1969600
20240117,15:29:00,0.25,2300,1969600
20240117,15:29:01,0.25,7500,1969600
20240117,15:29:02,0.25,250,1969600
20240117,15:29:04,0.3,1150,1969600
20240117,15:29:12,0.25,1500,1969600
20240117,15:29:31,0.25,700,1969600
20240117,15:29:41,0.25,9000,1969600
20240117,15:29:41,0.25,5400,1969600
20240117,15:29:42,0.25,12600,1969600
20240117,15:29:43,0.25,1000,1969600
20240117,15:29:44,0.3,50,1969600
20240117,15:29:53,0.25,800,1969600
20240117,15:29:55,0.3,1800,1969600
20240118,09:15:00,0.3,1,1960200
20240118,09:15:00,0.3,150,1960200
20240118,09:15:02,0.5,2600,1960200
20240118,09:15:04,0.3,3600,1960200
20240118,09:15:05,0.3,4250,1960200
20240118,09:15:06,0.3,50,1960200
20240118,09:15:07,0.3,2550,1960200
20240118,09:15:08,0.3,1100,1960200
20240118,09:15:10,0.4,2300,1960200
20240118,09:15:11,0.45,5600,1960200
20240118,09:15:12,0.5,3650,1960200
20240118,09:15:13,0.5,1800,1960200
20240118,09:15:14,0.35,3600,1960200
20240118,09:15:15,0.45,150,1960200
20240118,09:15:16,0.45,5950,1960200
20240118,09:15:17,0.35,2200,1960200
20240118,09:15:17,0.5,9950,1960200
20240118,09:15:19,0.5,9000,1960200
20240118,09:15:20,0.5,7600,1960200
20240118,09:15:21,0.35,6800,1960200
20240118,09:15:22,0.35,1400,1960200
20240118,09:15:23,0.35,3200,1960200
20240118,09:15:24,0.35,1350,1960200
20240118,09:15:25,0.35,1900,1960200
20240118,09:15:27,0.35,700,1960200
20240118,09:15:28,0.35,550,1960200
20240118,09:15:30,0.35,100,1960200
20240118,09:15:34,0.35,1350,1960200
20240118,09:15:35,0.35,250,1960200
20240118,09:15:36,0.3,1300,1960200
20240118,09:15:37,0.3,5600,1960200
20240118,09:15:38,0.3,6400,1960200
20240118,09:15:39,0.35,500,1960200
20240118,09:15:40,0.3,5050,1960200
20240118,09:15:40,0.3,200,1960200
20240118,09:15:42,0.35,700,1960200
20240118,09:15:43,0.35,800,1960200
20240118,09:15:44,0.35,5650,1960200
20240118,09:15:46,0.35,200,1960200
20240118,09:15:48,0.3,7500,1960200
20240118,09:15:49,0.35,950,1960200
20240118,09:15:50,0.3,6800,1960200
20240118,09:15:51,0.35,1600,1960200
20240118,09:15:53,0.35,3100,1960200
20240118,09:15:54,0.35,3000,1960200
20240118,09:15:55,0.3,3600,1960200
20240118,09:15:56,0.3,2300,1960200
20240118,09:15:58,0.3,200,1960200
20240118,09:15:59,0.35,2850,1960200
20240118,09:16:00,0.3,2950,1960200
20240118,09:16:02,0.35,1500,1960200
20240118,09:16:04,0.35,1550,1960200
20240118,09:16:06,0.35,1000,1960200
20240118,09:16:07,0.3,1050,1960200
20240118,09:16:08,0.3,2900,1960200
20240118,09:16:09,0.3,21550,1960200
20240118,09:16:11,0.3,21250,1960200
20240118,09:16:12,0.35,550,1960200
20240118,09:16:13,0.3,21200,1960200
20240118,09:16:17,0.3,400,1960200
20240118,09:16:18,0.3,5200,1960200
20240118,09:16:21,0.3,6350,1960200
20240118,09:16:24,0.3,50,1960200
20240118,09:16:25,0.3,2050,1960200
20240118,09:16:27,0.3,300,1960200
20240118,09:16:28,0.3,1850,1960200
20240118,09:16:29,0.25,1600,1960200
20240118,09:16:31,0.25,500,1960200
20240118,09:16:33,0.25,50,1960200
20240118,09:16:35,0.25,600,1960200
20240118,09:16:40,0.25,3600,1960200
20240118,09:16:44,0.25,50,1960200
20240118,09:16:47,0.3,700,1960200
20240118,09:16:48,0.25,1000,1960200
20240118,09:16:50,0.3,200,1960200
20240118,09:16:52,0.25,650,1960200
20240118,09:16:55,0.3,10000,1960200
20240118,09:16:59,0.3,56950,1960200
20240118,09:17:00,0.3,5800,1960200
20240118,09:17:01,0.3,3650,1960200
20240118,09:17:02,0.25,1950,1960200
20240118,09:17:03,0.3,5300,1960200
20240118,09:17:06,0.3,300,1960200
20240118,09:17:07,0.3,1100,1960200
20240118,09:17:10,0.3,1800,1960200
20240118,09:17:10,0.35,2300,1960200
20240118,09:17:11,0.3,1800,1960200
20240118,09:17:12,0.3,1800,1960200
20240118,09:17:14,0.3,150,1960200
20240118,09:17:15,0.3,1800,1960200
20240118,09:17:16,0.3,1800,1960200
20240118,09:17:17,0.3,400,1960200
20240118,09:17:19,0.25,50000,1960200
20240118,09:17:20,0.3,2000,1960200
20240118,09:17:21,0.25,1800,1960200
20240118,09:17:27,0.3,650,1960200
20240118,09:17:28,0.3,500,1960200
20240118,09:17:29,0.3,1800,1960200
20240118,09:17:30,0.3,1200,1960200
20240118,09:17:30,0.3,500,1960200
20240118,09:17:37,0.3,500,2053850
20240118,09:17:39,0.35,196200,2053850
20240118,09:17:40,0.35,50,2053850
20240118,09:17:42,0.35,50,2053850
20240118,09:17:43,0.3,1800,2053850
20240118,09:17:46,0.35,3300,2053850
20240118,09:17:49,0.3,1800,2053850
20240118,09:17:50,0.35,1800,2053850
20240118,09:17:51,0.35,500,2053850
20240118,09:17:54,0.35,2600,2053850
20240118,09:17:55,0.35,300,2053850
20240118,09:17:56,0.35,300,2053850
20240118,09:17:58,0.35,50000,2053850
20240118,09:18:01,0.35,300,2053850
20240118,09:18:03,0.35,50,2053850
20240118,09:18:04,0.35,1950,2053850
20240118,09:18:05,0.35,150,2053850
20240118,09:18:06,0.35,50,2053850
20240118,09:18:07,0.3,9050,2053850
20240118,09:18:08,0.3,1000,2053850
20240118,09:18:10,0.35,3650,2053850
20240118,09:18:12,0.35,50,2053850
20240118,09:18:13,0.3,50,2053850
20240118,09:18:17,0.35,1400,2053850
20240118,09:18:19,0.35,3300,2053850
20240118,09:18:22,0.35,400,2053850
20240118,09:18:23,0.3,900,2053850
20240118,09:18:24,0.3,1500,2053850
20240118,09:18:25,0.35,2000,2053850
20240118,09:18:26,0.35,3450,2053850
20240118,09:18:28,0.3,300,2053850
20240118,09:18:30,0.3,350,2053850
20240118,09:18:31,0.35,650,2053850
20240118,09:18:32,0.3,1500,2053850
20240118,09:18:33,0.3,300,2053850
20240118,09:18:35,0.3,550,2053850
20240118,09:18:36,0.35,100,2053850
20240118,09:18:38,0.35,150,2053850
20240118,09:18:39,0.3,300,2053850
20240118,09:18:40,0.35,200,2053850
20240118,09:18:42,0.35,23700,2053850
20240118,09:18:43,0.35,1800,2053850
20240118,09:18:44,0.35,500,2053850
20240118,09:18:45,0.35,6100,2053850
20240118,09:18:46,0.3,50,2053850
20240118,09:18:47,0.35,2800,2053850
20240118,09:18:48,0.3,1000,2053850
20240118,09:18:49,0.35,200,2053850
20240118,09:18:50,0.3,600,2053850
20240118,09:18:52,0.3,5000,2053850
20240118,09:18:53,0.3,2800,2053850
20240118,09:18:56,0.35,300,2053850
20240118,09:18:57,0.35,50,2053850
20240118,09:19:08,0.3,1000,2053850
20240118,09:19:09,0.3,600,2053850
20240118,09:19:10,0.3,950,2053850
20240118,09:19:14,0.35,50,2053850
20240118,09:19:17,0.35,3600,2053850
20240118,09:19:19,0.3,500,2053850
20240118,09:19:20,0.3,50,2053850
20240118,09:19:21,0.3,100,2053850
20240118,09:19:22,0.3,100,2053850
20240118,09:19:25,0.35,1800,2053850
20240118,09:19:27,0.3,100,2053850
20240118,09:19:28,0.3,300,2053850
20240118,09:19:30,0.3,250,2053850
20240118,09:19:31,0.3,3600,2053850
20240118,09:19:32,0.3,2400,2053850
20240118,09:19:36,0.3,1800,2053850
20240118,09:19:40,0.35,1800,2053850
20240118,09:19:41,0.35,50,2053850
20240118,09:19:42,0.3,50,2053850
20240118,09:19:45,0.3,3900,2053850
20240118,09:19:48,0.3,500,2053850
20240118,09:19:50,0.35,2400,2053850
20240118,09:19:53,0.3,50,2053850
20240118,09:19:54,0.3,200,2053850
20240118,09:19:55,0.35,1800,2053850
20240118,09:20:01,0.3,1300,2053850
20240118,09:20:02,0.3,2800,2053850
20240118,09:20:03,0.35,950,2053850
20240118,09:20:04,0.3,5400,2053850
20240118,09:20:05,0.3,4550,2053850
20240118,09:20:06,0.35,2950,2053850
20240118,09:20:07,0.35,65150,2053850
20240118,09:20:08,0.4,1000,2053850
20240118,09:20:09,0.4,950,2053850
20240118,09:20:10,0.4,950,2053850
20240118,09:20:11,0.4,1150,2053850
20240118,09:20:13,0.4,1900,2053850
20240118,09:20:14,0.4,1000,2053850
20240118,09:20:15,0.4,950,2053850
20240118,09:20:16,0.35,1450,2053850
20240118,09:20:17,0.4,950,2053850
20240118,09:20:19,0.4,1900,2053850
20240118,09:20:20,0.4,1000,2053850
20240118,09:20:21,0.4,300,2053850
20240118,09:20:22,0.4,950,2053850
20240118,09:20:23,0.35,2750,2053850
20240118,09:20:25,0.4,1800,2053850
20240118,09:20:25,0.35,1100,2053850
20240118,09:20:27,0.4,2050,2053850
20240118,09:20:28,0.4,1450,2053850
20240118,09:20:28,0.35,43600,2053850
20240118,09:20:29,0.4,4100,2053850
20240118,09:20:30,0.4,2050,2053850
20240118,09:20:32,0.35,200,2053850
20240118,09:20:33,0.4,850,2053850
20240118,09:20:35,0.4,9650,2191000
20240118,09:20:35,0.35,1000,2191000
20240118,09:20:37,0.4,200,2191000
20240118,09:20:39,0.4,600,2191000
20240118,09:20:40,0.4,600,2191000
20240118,09:20:41,0.4,500,2191000
20240118,09:20:42,0.4,50,2191000
20240118,09:20:44,0.4,300,2191000
20240118,09:20:46,0.4,2400,2191000
20240118,09:20:47,0.35,9000,2191000
20240118,09:20:47,0.35,1000,2191000
20240118,09:20:48,0.4,50300,2191000
20240118,09:20:49,0.35,1600,2191000
20240118,09:20:50,0.4,800,2191000
20240118,09:20:51,0.35,1500,2191000
20240118,09:20:53,0.35,2000,2191000
20240118,09:20:55,0.35,700,2191000
20240118,09:20:56,0.4,600,2191000
20240118,09:20:57,0.35,50,2191000
20240118,09:20:59,0.35,350,2191000
20240118,09:21:01,0.4,500,2191000
20240118,09:21:03,0.35,50,2191000
20240118,09:21:05,0.35,50,2191000
20240118,09:21:06,0.4,300,2191000
20240118,09:21:07,0.4,350,2191000
20240118,09:21:08,0.4,250,2191000
20240118,09:21:09,0.35,4250,2191000
20240118,09:21:11,0.4,3100,2191000
20240118,09:21:11,0.35,114200,2191000
20240118,09:21:12,0.35,350,2191000
20240118,09:21:13,0.35,850,2191000
20240118,09:21:14,0.35,100,2191000
20240118,09:21:16,0.35,550,2191000
20240118,09:21:16,0.3,1250,2191000
20240118,09:21:17,0.35,450,2191000
20240118,09:21:18,0.35,6200,2191000
20240118,09:21:19,0.35,3350,2191000
20240118,09:21:20,0.35,50,2191000
20240118,09:21:21,0.35,2800,2191000
20240118,09:21:22,0.3,6450,2191000
20240118,09:21:26,0.35,2500,2191000
20240118,09:21:29,0.35,50,2191000
20240118,09:21:32,0.35,1000,2191000
20240118,09:21:34,0.35,1000,2191000
20240118,09:21:39,0.35,1000,2191000
20240118,09:21:49,0.35,2050,2191000
20240118,09:21:54,0.3,50,2191000
20240118,09:21:56,0.35,200,2191000
20240118,09:22:00,0.35,300,2191000
20240118,09:22:02,0.35,100,2191000
20240118,09:22:04,0.3,1650,2191000
20240118,09:22:08,0.35,450,2191000
20240118,09:22:09,0.35,50,2191000
20240118,09:22:10,0.35,900,2191000
20240118,09:22:16,0.35,500,2191000
20240118,09:22:19,0.3,100,2191000
20240118,09:22:20,0.35,250,2191000
20240118,09:22:21,0.35,150,2191000
20240118,09:22:23,0.35,600,2191000
20240118,09:22:26,0.3,1850,2191000
20240118,09:22:32,0.35,1800,2191000
20240118,09:22:38,0.35,1800,2191000
20240118,09:22:45,0.35,700,2191000
20240118,09:22:46,0.3,3650,2191000
20240118,09:22:47,0.3,350,2191000
20240118,09:22:50,0.3,1950,2191000
20240118,09:22:51,0.3,550,2191000
20240118,09:22:53,0.35,350,2191000
20240118,09:22:55,0.3,1000,2191000
20240118,09:22:59,0.35,1200,2191000
20240118,09:23:00,0.35,50,2191000
20240118,09:23:04,0.35,100,2191000
20240118,09:23:09,0.35,1000,2191000
20240118,09:23:14,0.35,100,2191000
20240118,09:23:17,0.35,500,2191000
20240118,09:23:20,0.35,1000,2191000
20240118,09:23:22,0.3,250,2191000
20240118,09:23:26,0.35,250,2191000
20240118,09:23:32,0.35,50,2191000
20240118,09:23:35,0.35,1500,2209900
20240118,09:23:38,0.3,50,2209900
20240118,09:23:39,0.35,3250,2209900
20240118,09:23:46,0.35,100,2209900
20240118,09:23:50,0.35,200,2209900
20240118,09:23:51,0.35,200,2209900
20240118,09:23:52,0.35,1850,2209900
20240118,09:23:56,0.3,50,2209900
20240118,09:23:59,0.3,50,2209900
20240118,09:24:03,0.3,250,2209900
20240118,09:24:04,0.3,100,2209900
20240118,09:24:05,0.3,100,2209900
20240118,09:24:06,0.3,50,2209900
20240118,09:24:08,0.35,1500,2209900
20240118,09:24:11,0.35,200,2209900
20240118,09:24:14,0.3,1800,2209900
20240118,09:24:17,0.3,1800,2209900
20240118,09:24:18,0.35,3500,2209900
20240118,09:24:19,0.35,3150,2209900
20240118,09:24:20,0.35,3000,2209900
20240118,09:24:21,0.3,1650,2209900
20240118,09:24:27,0.3,1800,2209900
20240118,09:24:29,0.3,3050,2209900
20240118,09:24:32,0.3,1800,2209900
20240118,09:24:34,0.3,1600,2209900
20240118,09:24:35,0.35,2000,2209900
20240118,09:24:37,0.35,1000,2209900
20240118,09:24:38,0.3,1800,2209900
20240118,09:24:39,0.3,1000,2209900
20240118,09:24:43,0.35,1800,2209900
20240118,09:24:44,0.3,900,2209900
20240118,09:24:46,0.35,1800,2209900
20240118,09:24:47,0.3,1500,2209900
20240118,09:24:49,0.3,1500,2209900
20240118,09:24:50,0.3,1500,2209900
20240118,09:24:51,0.3,1250,2209900
20240118,09:24:52,0.3,1800,2209900
20240118,09:24:54,0.3,26000,2209900
20240118,09:24:55,0.3,18000,2209900
20240118,09:24:59,0.3,850,2209900
20240118,09:25:00,0.35,10000,2209900
20240118,09:25:02,0.3,1600,2209900
20240118,09:25:03,0.3,3600,2209900
20240118,09:25:05,0.3,10000,2209900
20240118,09:25:06,0.3,50,2209900
20240118,09:25:07,0.35,50,2209900
20240118,09:25:08,0.3,1800,2209900
20240118,09:25:09,0.3,250,2209900
20240118,09:25:13,0.3,450,2209900
20240118,09:25:15,0.35,100,2209900
20240118,09:25:16,0.3,700,2209900
20240118,09:25:21,0.3,1800,2209900
20240118,09:25:24,0.3,1000,2209900
20240118,09:25:26,0.35,200,2209900
20240118,09:25:30,0.3,25000,2209900
20240118,09:25:31,0.3,200,2209900
20240118,09:25:32,0.3,69600,2209900
20240118,09:25:33,0.3,650,2209900
20240118,09:25:34,0.3,100,2209900
20240118,09:25:35,0.25,100,2209900
20240118,09:25:36,0.3,300,2209900
20240118,09:25:40,0.3,2400,2209900
20240118,09:25:40,0.3,1500,2209900
20240118,09:25:44,0.25,1800,2209900
20240118,09:25:47,0.3,1500,2209900
20240118,09:25:48,0.3,200,2209900
20240118,09:25:50,0.25,1800,2209900
20240118,09:25:54,0.3,1000,2209900
20240118,09:25:56,0.25,1800,2209900
20240118,09:25:58,0.3,500,2209900
20240118,09:26:01,0.25,1800,2209900
20240118,09:26:06,0.25,1800,2209900
20240118,09:26:11,0.25,1800,2209900
20240118,09:26:15,0.3,50,2209900
20240118,09:26:16,0.25,1800,2209900
20240118,09:26:19,0.3,600,2209900
20240118,09:26:22,0.25,50,2209900
20240118,09:26:24,0.25,1800,2209900
20240118,09:26:28,0.25,1800,2209900
20240118,09:26:41,0.25,700,2225500
20240118,09:26:43,0.3,100,2225500
20240118,09:26:44,0.25,250,2225500
20240118,09:26:45,0.25,100,2225500
20240118,09:26:46,0.25,100,2225500
20240118,09:26:48,0.25,100,2225500
20240118,09:26:49,0.25,100,2225500
20240118,09:26:52,0.3,1000,2225500
20240118,09:26:52,0.25,50,2225500
20240118,09:26:55,0.3,1500,2225500
20240118,09:26:57,0.3,50,2225500
20240118,09:26:58,0.25,200,2225500
20240118,09:27:02,0.3,1200,2225500
20240118,09:27:07,0.25,5400,2225500
20240118,09:27:08,0.25,4600,2225500
20240118,09:27:10,0.3,100,2225500
20240118,09:27:13,0.25,1300,2225500
20240118,09:27:19,0.25,200,2225500
20240118,09:27:20,0.3,50,2225500
20240118,09:27:21,0.25,1900,2225500
20240118,09:27:25,0.3,1000,2225500
20240118,09:27:26,0.3,50,2225500
20240118,09:27:30,0.3,50,2225500
20240118,09:27:31,0.3,750,2225500
20240118,09:27:39,0.25,900,2225500
20240118,09:27:42,0.3,250,2225500
20240118,09:27:49,0.3,1050,2225500
20240118,09:27:51,0.3,1800,2225500
20240118,09:27:57,0.3,1800,2225500
20240118,09:27:59,0.25,50,2225500
20240118,09:28:02,0.3,1500,2225500
20240118,09:28:07,0.3,1800,2225500
20240118,09:28:09,0.3,50,2225500
20240118,09:28:14,0.25,1500,2225500
20240118,09:28:15,0.25,1500,2225500
20240118,09:28:17,0.25,1500,2225500
20240118,09:28:25,0.25,50,2225500
20240118,09:28:28,0.3,5300,2225500
20240118,09:28:30,0.3,1900,2225500
20240118,09:28:35,0.3,500,2225500
20240118,09:28:36,0.3,200,2225500
20240118,09:28:40,0.3,7200,2225500
20240118,09:28:41,0.3,2800,2225500
20240118,09:28:42,0.3,100,2225500
20240118,09:28:43,0.25,4750,2225500
20240118,09:28:44,0.3,1000,2225500
20240118,09:28:45,0.3,5450,2225500
20240118,09:28:46,0.3,7400,2225500
20240118,09:28:48,0.3,4200,2225500
20240118,09:28:53,0.25,300,2225500
20240118,09:28:54,0.3,3900,2225500
20240118,09:28:55,0.3,50,2225500
20240118,09:28:56,0.3,200,2225500
20240118,09:29:06,0.3,50,2225500
20240118,09:29:07,0.3,50,2225500
20240118,09:29:10,0.25,50,2225500
20240118,09:29:11,0.3,50,2225500
20240118,09:29:14,0.3,1800,2225500
20240118,09:29:15,0.3,3600,2225500
20240118,09:29:21,0.25,400,2225500
20240118,09:29:24,0.3,300,2225500
20240118,09:29:26,0.25,2500,2225500
20240118,09:29:28,0.25,5400,2225500
20240118,09:29:30,0.3,150,2225500
20240118,09:29:32,0.3,1900,2225500
20240118,09:29:33,0.3,2300,2225500
20240118,09:29:34,0.25,100,2225500
20240118,09:29:38,0.25,1200,2225500
20240118,09:29:39,0.25,400,2194400
20240118,09:29:43,0.3,50,2194400
20240118,09:29:45,0.3,700,2194400
20240118,09:29:48,0.3,550,2194400
20240118,09:29:49,0.3,600,2194400
20240118,09:29:50,0.3,200,2194400
20240118,09:29:51,0.25,500,2194400
20240118,09:29:54,0.3,900,2194400
20240118,09:29:55,0.3,200,2194400
20240118,09:29:56,0.3,350,2194400
20240118,09:29:57,0.3,2350,2194400
20240118,09:29:59,0.3,500,2194400
20240118,09:30:01,0.25,1000,2194400
20240118,09:30:04,0.3,650,2194400
20240118,09:30:05,0.25,50,2194400
20240118,09:30:10,0.25,300,2194400
20240118,09:30:13,0.25,50,2194400
20240118,09:30:17,0.25,50,2194400
20240118,09:30:19,0.3,500,2194400
20240118,09:30:26,0.3,200,2194400
20240118,09:30:29,0.25,8050,2194400
20240118,09:30:31,0.3,50,2194400
20240118,09:30:32,0.25,1550,2194400
20240118,09:30:33,0.3,50,2194400
20240118,09:30:34,0.3,1550,2194400
20240118,09:30:35,0.25,1550,2194400
20240118,09:30:36,0.3,50,2194400
20240118,09:30:37,0.3,250,2194400
20240118,09:30:38,0.3,50,2194400
20240118,09:30:39,0.3,1550,2194400
20240118,09:30:40,0.3,50,2194400
20240118,09:30:41,0.3,50,2194400
20240118,09:30:42,0.3,50,2194400
20240118,09:30:43,0.3,50,2194400
20240118,09:30:44,0.3,50,2194400
20240118,09:30:45,0.3,50,2194400
20240118,09:30:46,0.3,50,2194400
20240118,09:30:47,0.3,50,2194400
20240118,09:30:48,0.3,1100,2194400
20240118,09:30:49,0.3,200,2194400
20240118,09:30:50,0.3,1050,2194400
20240118,09:30:51,0.3,50,2194400
20240118,09:30:52,0.3,50,2194400
20240118,09:30:53,0.3,50,2194400
20240118,09:30:54,0.3,50,2194400
20240118,09:30:55,0.3,50,2194400
20240118,09:30:56,0.3,50,2194400
20240118,09:30:57,0.25,300,2194400
20240118,09:30:58,0.3,50,2194400
20240118,09:30:59,0.3,300,2194400
20240118,09:31:00,0.3,50,2194400
20240118,09:31:01,0.3,50,2194400
20240118,09:31:02,0.3,50,2194400
20240118,09:31:03,0.3,250,2194400
20240118,09:31:04,0.3,50,2194400
20240118,09:31:05,0.3,50,2194400
20240118,09:31:06,0.3,300,2194400
20240118,09:31:07,0.3,50,2194400
20240118,09:31:08,0.3,50,2194400
20240118,09:31:09,0.3,50,2194400
20240118,09:31:10,0.3,50,2194400
20240118,09:31:11,0.3,50,2194400
20240118,09:31:12,0.3,800,2194400
20240118,09:31:13,0.3,9100,2194400
20240118,09:31:14,0.3,1050,2194400
20240118,09:31:15,0.25,1850,2194400
20240118,09:31:16,0.3,100,2194400
20240118,09:31:17,0.3,100,2194400
20240118,09:31:19,0.25,300,2194400
20240118,09:31:20,0.3,50,2194400
20240118,09:31:21,0.3,350,2194400
20240118,09:31:22,0.3,50,2194400
20240118,09:31:23,0.3,50,2194400
20240118,09:31:24,0.3,50,2194400
20240118,09:31:26,0.3,50,2194400
20240118,09:31:27,0.3,50,2194400
20240118,09:31:28,0.3,50,2194400
20240118,09:31:29,0.3,200,2194400
20240118,09:31:30,0.3,100,2194400
20240118,09:31:31,0.3,100,2194400
20240118,09:31:32,0.3,1950,2194400
20240118,09:31:33,0.3,150,2194400
20240118,09:31:34,0.3,150,2194400
20240118,09:31:35,0.3,150,2194400
20240118,09:31:36,0.3,150,2194400
20240118,09:31:37,0.3,150,2194400
20240118,09:31:38,0.3,150,2194400
20240118,09:31:39,0.3,950,2194400
20240118,09:31:40,0.3,150,2194400
20240118,09:31:41,0.3,50,2194400
20240118,09:31:42,0.3,50,2194400
20240118,09:31:43,0.3,50,2194400
20240118,09:31:44,0.3,50,2194400
20240118,09:31:53,0.3,50,2194400
20240118,09:31:55,0.3,50,2194400
20240118,09:31:58,0.3,200,2194400
20240118,09:31:59,0.3,50,2194400
20240118,09:32:00,0.3,50,2194400
20240118,09:32:01,0.3,36200,2194400
20240118,09:32:03,0.3,50,2194400
20240118,09:32:07,0.25,400,2194400
20240118,09:32:11,0.3,250,2194400
20240118,09:32:12,0.3,150,2194400
20240118,09:32:17,0.3,300,2194400
20240118,09:32:18,0.25,100,2194400
20240118,09:32:20,0.25,50,2194400
20240118,09:32:21,0.3,100,2194400
20240118,09:32:23,0.3,500,2194400
20240118,09:32:28,0.3,3600,2194400
20240118,09:32:37,0.3,1000,2149800
20240118,09:32:38,0.3,50,2149800
20240118,09:32:39,0.3,150,2149800
20240118,09:32:40,0.25,450,2149800
20240118,09:32:41,0.3,200,2149800
20240118,09:32:42,0.25,900,2149800
20240118,09:32:43,0.25,10000,2149800
20240118,09:32:45,0.3,50,2149800
20240118,09:32:46,0.3,50,2149800
20240118,09:32:47,0.3,50,2149800
20240118,09:32:48,0.3,50,2149800
20240118,09:32:49,0.3,50,2149800
20240118,09:32:50,0.3,50,2149800
20240118,09:32:52,0.3,1800,2149800
20240118,09:32:53,0.3,3350,2149800
20240118,09:32:55,0.3,50,2149800
20240118,09:33:15,0.25,50,2149800
20240118,09:33:16,0.25,450,2149800
20240118,09:33:17,0.3,100,2149800
20240118,09:33:26,0.3,50,2149800
20240118,09:33:33,0.3,50,2149800
20240118,09:33:34,0.3,650,2149800
20240118,09:33:35,0.3,50,2149800
20240118,09:33:36,0.3,50,2149800
20240118,09:33:37,0.3,550,2149800
20240118,09:33:38,0.3,200,2149800
20240118,09:33:39,0.3,200,2149800
20240118,09:33:40,0.3,200,2149800
20240118,09:33:47,0.25,200,2149800
20240118,09:33:51,0.3,100,2149800
20240118,09:33:53,0.25,1500,2149800
20240118,09:33:55,0.25,50,2149800
20240118,09:34:02,0.25,350,2149800
20240118,09:34:07,0.3,50,2149800
20240118,09:34:08,0.3,250,2149800
20240118,09:34:09,0.3,150,2149800
20240118,09:34:10,0.3,500,2149800
20240118,09:34:15,0.3,50,2149800
20240118,09:34:19,0.3,2800,2149800
20240118,09:34:22,0.25,500,2149800
20240118,09:34:24,0.3,1500,2149800
20240118,09:34:25,0.3,1800,2149800
20240118,09:34:30,0.3,1200,2149800
20240118,09:34:34,0.3,1500,2149800
20240118,09:34:38,0.3,50,2149800
20240118,09:34:40,0.3,50,2149800
20240118,09:34:41,0.3,800,2149800
20240118,09:34:42,0.3,50,2149800
20240118,09:34:43,0.3,300,2149800
20240118,09:34:44,0.25,100,2149800
20240118,09:34:45,0.25,50,2149800
20240118,09:34:49,0.3,150,2149800
20240118,09:34:49,0.25,200,2149800
20240118,09:34:50,0.25,1800,2149800
20240118,09:34:51,0.25,1800,2149800
20240118,09:34:53,0.3,50,2149800
20240118,09:34:54,0.3,1800,2149800
20240118,09:34:57,0.3,50,2149800
20240118,09:34:58,0.3,50,2149800
20240118,09:35:00,0.25,1200,2149800
20240118,09:35:01,0.25,50,2149800
20240118,09:35:03,0.25,50,2149800
20240118,09:35:04,0.25,50,2149800
20240118,09:35:06,0.25,1200,2149800
20240118,09:35:12,0.3,50,2149800
20240118,09:35:13,0.3,1800,2149800
20240118,09:35:18,0.25,50,2149800
20240118,09:35:20,0.25,3250,2149800
20240118,09:35:23,0.3,50,2149800
20240118,09:35:25,0.3,200,2149800
20240118,09:35:28,0.3,1250,2149800
20240118,09:35:28,0.25,250,2149800
20240118,09:35:29,0.3,500,2149800
20240118,09:35:34,0.25,1000,2149800
20240118,09:35:38,0.25,1500,2161700
20240118,09:35:40,0.3,50,2161700
20240118,09:35:40,0.25,2050,2161700
20240118,09:35:41,0.25,900,2161700
20240118,09:35:42,0.25,600,2161700
20240118,09:35:43,0.3,500,2161700
20240118,09:35:47,0.3,50,2161700
20240118,09:35:52,0.25,50,2161700
20240118,09:35:53,0.3,50,2161700
20240118,09:36:01,0.25,500,2161700
20240118,09:36:04,0.25,1550,2161700
20240118,09:36:09,0.3,300,2161700
20240118,09:36:09,0.3,1150,2161700
20240118,09:36:10,0.3,200,2161700
20240118,09:36:11,0.3,500,2161700
20240118,09:36:12,0.3,200,2161700
20240118,09:36:13,0.3,200,2161700
20240118,09:36:14,0.3,250,2161700
20240118,09:36:15,0.25,250,2161700
20240118,09:36:16,0.25,400,2161700
20240118,09:36:21,0.3,200,2161700
20240118,09:36:22,0.3,1800,2161700
20240118,09:36:22,0.3,500,2161700
20240118,09:36:27,0.3,50,2161700
20240118,09:36:34,0.25,750,2161700
20240118,09:36:34,0.3,2050,2161700
20240118,09:36:37,0.25,2200,2161700
20240118,09:36:38,0.25,250,2161700
20240118,09:36:38,0.25,500,2161700
20240118,09:36:39,0.25,400,2161700
20240118,09:36:40,0.3,500,2161700
20240118,09:36:42,0.25,250,2161700
20240118,09:36:43,0.25,1700,2161700
20240118,09:36:44,0.25,1550,2161700
20240118,09:36:48,0.25,50,2161700
20240118,09:36:50,0.25,50,2161700
20240118,09:36:51,0.25,50,2161700
20240118,09:36:54,0.25,50,2161700
20240118,09:36:55,0.25,50,2161700
20240118,09:36:56,0.3,2000,2161700
20240118,09:36:57,0.25,200,2161700
20240118,09:37:01,0.25,200,2161700
20240118,09:37:02,0.25,200,2161700
20240118,09:37:03,0.25,200,2161700
20240118,09:37:03,0.25,1900,2161700
20240118,09:37:04,0.25,250,2161700
20240118,09:37:05,0.25,200,2161700
20240118,09:37:06,0.25,50,2161700
20240118,09:37:09,0.3,1800,2161700
20240118,09:37:11,0.25,500,2161700
20240118,09:37:12,0.25,850,2161700
20240118,09:37:13,0.25,1500,2161700
20240118,09:37:14,0.25,2250,2161700
20240118,09:37:16,0.25,200,2161700
20240118,09:37:17,0.25,200,2161700
20240118,09:37:18,0.25,200,2161700
20240118,09:37:19,0.25,200,2161700
20240118,09:37:20,0.25,200,2161700
20240118,09:37:21,0.25,200,2161700
20240118,09:37:22,0.25,200,2161700
20240118,09:37:23,0.25,200,2161700
20240118,09:37:24,0.25,200,2161700
20240118,09:37:25,0.25,200,2161700
20240118,09:37:26,0.25,200,2161700
20240118,09:37:27,0.25,200,2161700
20240118,09:37:28,0.25,200,2161700
20240118,09:37:29,0.25,200,2161700
20240118,09:37:30,0.3,300,2161700
20240118,09:37:31,0.3,700,2161700
20240118,09:37:32,0.25,200,2161700
20240118,09:37:33,0.25,200,2161700
20240118,09:37:34,0.25,200,2161700
20240118,09:37:35,0.3,700,2161700
20240118,09:37:36,0.25,200,2161700
20240118,09:37:37,0.25,200,2161700
20240118,09:37:38,0.3,2000,2161700
20240118,09:37:39,0.25,200,2161700
20240118,09:37:41,0.3,500,2161700
20240118,09:37:44,0.3,400,2161700
20240118,09:37:47,0.25,50,2161700
20240118,09:37:50,0.25,1250,2161700
20240118,09:37:51,0.25,300,2161700
20240118,09:37:52,0.25,150,2161700
20240118,09:37:53,0.25,1950,2161700
20240118,09:37:54,0.25,150,2161700
20240118,09:37:55,0.25,900,2161700
20240118,09:37:56,0.3,300,2161700
20240118,09:37:58,0.25,300,2161700
20240118,09:37:59,0.25,150,2161700
20240118,09:38:01,0.25,50,2161700
20240118,09:38:03,0.3,500,2161700
20240118,09:38:09,0.3,250,2161700
20240118,09:38:10,0.3,150,2161700
20240118,09:38:11,0.25,2500,2161700
20240118,09:38:25,0.3,50,2161700
20240118,09:38:27,0.3,1800,2161700
20240118,09:38:38,0.3,1000,2178850
20240118,09:38:42,0.3,50,2178850
20240118,09:38:43,0.3,50,2178850
20240118,09:38:46,0.25,1250,2178850
20240118,09:38:56,0.3,100,2178850
20240118,09:39:08,0.3,100,2178850
20240118,09:39:12,0.25,50,2178850
20240118,09:39:13,0.25,50,2178850
20240118,09:39:15,0.25,50,2178850
20240118,09:39:21,0.3,1500,2178850
20240118,09:39:29,0.3,1800,2178850
20240118,09:39:37,0.25,3600,2178850
20240118,09:39:42,0.25,1800,2178850
20240118,09:39:43,0.25,1800,2178850
20240118,09:39:43,0.25,7200,2178850
20240118,09:39:50,0.25,300,2178850
20240118,09:39:55,0.3,600,2178850
20240118,09:40:10,0.3,5400,2178850
20240118,09:40:13,0.3,1100,2178850
20240118,09:40:14,0.3,200,2178850
20240118,09:40:20,0.25,50,2178850
20240118,09:40:22,0.3,500,2178850
20240118,09:40:26,0.25,1500,2178850
20240118,09:40:29,0.25,1400,2178850
20240118,09:40:33,0.25,500,2178850
20240118,09:40:34,0.25,200,2178850
20240118,09:40:35,0.25,900,2178850
20240118,09:40:36,0.25,900,2178850
20240118,09:40:37,0.25,750,2178850
20240118,09:40:38,0.25,250,2178850
20240118,09:40:42,0.25,250,2178850
20240118,09:40:43,0.3,50,2178850
20240118,09:40:45,0.25,750,2178850
20240118,09:40:51,0.3,500,2178850
20240118,09:40:56,0.3,50,2178850
20240118,09:41:05,0.25,50,2178850
20240118,09:41:14,0.3,300,2178850
20240118,09:41:21,0.25,500,2178850
20240118,09:41:27,0.25,50,2178850
20240118,09:41:32,0.25,50,2178850
20240118,09:41:37,0.25,50,2178850
20240118,09:41:44,0.3,500,2179500
20240118,09:41:59,0.25,50,2179500
20240118,09:42:02,0.25,50,2179500
20240118,09:42:03,0.25,200,2179500
20240118,09:42:04,0.3,200,2179500
20240118,09:42:09,0.3,1000,2179500
20240118,09:42:10,0.3,1000,2179500
20240118,09:42:17,0.25,50,2179500
20240118,09:42:19,0.25,50,2179500
20240118,09:42:20,0.25,50,2179500
20240118,09:42:27,0.25,850,2179500
20240118,09:42:36,0.3,1800,2179500
20240118,09:42:42,0.25,300,2179500
20240118,09:42:46,0.3,450,2179500
20240118,09:42:47,0.3,450,2179500
20240118,09:42:48,0.3,450,2179500
20240118,09:42:49,0.3,450,2179500
20240118,09:42:50,0.3,1800,2179500
20240118,09:42:51,0.3,900,2179500
20240118,09:42:52,0.3,900,2179500
20240118,09:42:53,0.3,900,2179500
20240118,09:42:55,0.3,900,2179500
20240118,09:42:56,0.3,900,2179500
20240118,09:42:57,0.3,900,2179500
20240118,09:42:58,0.3,900,2179500
20240118,09:42:59,0.3,900,2179500
20240118,09:43:00,0.3,900,2179500
20240118,09:43:01,0.3,900,2179500
20240118,09:43:02,0.3,900,2179500
20240118,09:43:03,0.3,2700,2179500
20240118,09:43:04,0.25,1150,2179500
20240118,09:43:05,0.3,900,2179500
20240118,09:43:06,0.3,1800,2179500
20240118,09:43:07,0.3,900,2179500
20240118,09:43:08,0.25,2700,2179500
20240118,09:43:10,0.3,900,2179500
20240118,09:43:11,0.3,900,2179500
20240118,09:43:12,0.25,1150,2179500
20240118,09:43:13,0.3,2700,2179500
20240118,09:43:14,0.3,900,2179500
20240118,09:43:15,0.3,2700,2179500
20240118,09:43:16,0.3,1900,2179500
20240118,09:43:17,0.3,900,2179500
20240118,09:43:18,0.3,2700,2179500
20240118,09:43:19,0.3,1400,2179500
20240118,09:43:20,0.25,3200,2179500
20240118,09:43:21,0.3,900,2179500
20240118,09:43:22,0.3,800,2179500
20240118,09:43:23,0.25,3700,2179500
20240118,09:43:24,0.3,900,2179500
20240118,09:43:25,0.3,2400,2179500
20240118,09:43:26,0.3,1800,2179500
20240118,09:43:27,0.3,900,2179500
20240118,09:43:28,0.3,900,2179500
20240118,09:43:29,0.3,900,2179500
20240118,09:43:30,0.3,900,2179500
20240118,09:43:31,0.3,900,2179500
20240118,09:43:32,0.3,1800,2179500
20240118,09:43:33,0.3,1250,2179500
20240118,09:43:34,0.3,900,2179500
20240118,09:43:39,0.3,400,2179500
20240118,09:43:42,0.25,1000,2179500
20240118,09:43:43,0.3,100,2179500
20240118,09:43:53,0.25,250,2179500
20240118,09:43:57,0.25,500,2179500
20240118,09:43:59,0.25,250,2179500
20240118,09:44:02,0.3,1400,2179500
20240118,09:44:03,0.3,250,2179500
20240118,09:44:04,0.3,750,2179500
20240118,09:44:05,0.3,750,2179500
20240118,09:44:06,0.3,400,2179500
20240118,09:44:07,0.3,1300,2179500
20240118,09:44:08,0.3,700,2179500
20240118,09:44:09,0.25,450,2179500
20240118,09:44:16,0.25,1800,2179500
20240118,09:44:18,0.25,250,2179500
20240118,09:44:19,0.25,1800,2179500
20240118,09:44:20,0.25,2050,2179500
20240118,09:44:21,0.25,1800,2179500
20240118,09:44:22,0.25,500,2179500
20240118,09:44:23,0.25,2050,2179500
20240118,09:44:24,0.3,1500,2179500
20240118,09:44:26,0.25,1800,2179500
20240118,09:44:27,0.3,400,2179500
20240118,09:44:29,0.25,1000,2179500
20240118,09:44:38,0.3,100,2179500
20240118,09:44:47,0.25,700,2121150
20240118,09:44:48,0.25,1000,2121150
20240118,09:44:53,0.3,50,2121150
20240118,09:45:00,0.3,300,2121150
20240118,09:45:10,0.25,300,2121150
20240118,09:45:13,0.3,250,2121150
20240118,09:45:24,0.3,500,2121150
20240118,09:45:26,0.25,50,2121150
20240118,09:45:28,0.3,200,2121150
20240118,09:45:30,0.3,500,2121150
20240118,09:45:35,0.3,700,2121150
20240118,09:45:36,0.3,450,2121150
20240118,09:45:43,0.3,250,2121150
20240118,09:45:44,0.3,100,2121150
20240118,09:45:45,0.3,500,2121150
20240118,09:45:59,0.3,500,2121150
20240118,09:46:05,0.25,1500,2121150
20240118,09:46:07,0.3,500,2121150
20240118,09:46:08,0.3,350,2121150
20240118,09:46:15,0.3,500,2121150
20240118,09:46:17,0.25,250,2121150
20240118,09:46:18,0.3,200,2121150
20240118,09:46:20,0.3,100,2121150
20240118,09:46:39,0.3,50,2121150
20240118,09:46:45,0.25,500,2121150
20240118,09:46:50,0.3,1000,2121150
20240118,09:46:53,0.3,1100,2121150
20240118,09:46:55,0.3,1000,2121150
20240118,09:46:56,0.3,1000,2121150
20240118,09:46:59,0.3,1000,2121150
20240118,09:47:02,0.3,1900,2121150
20240118,09:47:03,0.3,1000,2121150
20240118,09:47:04,0.3,100,2121150
20240118,09:47:06,0.3,1000,2121150
20240118,09:47:08,0.25,1000,2121150
20240118,09:47:11,0.3,1000,2121150
20240118,09:47:13,0.25,250,2121150
20240118,09:47:13,0.25,150,2121150
20240118,09:47:14,0.3,1450,2121150
20240118,09:47:15,0.3,1850,2121150
20240118,09:47:17,0.3,1000,2121150
20240118,09:47:21,0.3,800,2121150
20240118,09:47:30,0.3,500,2121150
20240118,09:47:31,0.25,1000,2121150
20240118,09:47:33,0.3,50,2121150
20240118,09:47:35,0.25,18500,2121150
20240118,09:47:41,0.3,200,2121150
20240118,09:47:45,0.25,100,2113600
20240118,09:47:45,0.25,500,2113600
20240118,09:47:47,0.3,1800,2113600
20240118,09:47:50,0.3,100,2113600
20240118,09:47:52,0.3,1800,2113600
20240118,09:47:56,0.3,1800,2113600
20240118,09:47:57,0.3,1750,2113600
20240118,09:47:59,0.3,50,2113600
20240118,09:48:00,0.3,1800,2113600
20240118,09:48:03,0.3,1750,2113600
20240118,09:48:04,0.3,1800,2113600
20240118,09:48:06,0.3,300,2113600
20240118,09:48:07,0.3,500,2113600
20240118,09:48:08,0.3,1650,2113600
20240118,09:48:17,0.3,1750,2113600
20240118,09:48:24,0.25,500,2113600
20240118,09:48:26,0.3,1000,2113600
20240118,09:48:27,0.3,1800,2113600
20240118,09:48:30,0.3,1750,2113600
20240118,09:48:31,0.3,50400,2113600
20240118,09:48:31,0.3,21600,2113600
20240118,09:48:33,0.3,70950,2113600
20240118,09:48:33,0.3,350,2113600
20240118,09:48:34,0.3,5950,2113600
20240118,09:48:35,0.3,300,2113600
20240118,09:48:38,0.35,100,2113600
20240118,09:48:45,0.35,500,2113600
20240118,09:48:48,0.35,100,2113600
20240118,09:48:50,0.3,1500,2113600
20240118,09:48:51,0.3,750,2113600
20240118,09:48:52,0.3,2000,2113600
20240118,09:48:53,0.3,100,2113600
20240118,09:48:54,0.3,500,2113600
20240118,09:49:01,0.3,900,2113600
20240118,09:49:03,0.35,50,2113600
20240118,09:49:05,0.35,1050,2113600
20240118,09:49:06,0.35,2950,2113600
20240118,09:49:06,0.35,2000,2113600
20240118,09:49:08,0.3,1800,2113600
20240118,09:49:09,0.3,2800,2113600
20240118,09:49:10,0.35,1850,2113600
20240118,09:49:11,0.3,2250,2113600
20240118,09:49:15,0.35,1000,2113600
20240118,09:49:16,0.3,200,2113600
20240118,09:49:17,0.3,2100,2113600
20240118,09:49:19,0.3,67700,2113600
20240118,09:49:21,0.3,250,2113600
20240118,09:49:21,0.3,1300,2113600
20240118,09:49:23,0.3,1550,2113600
20240118,09:49:31,0.25,50,2113600
20240118,09:49:32,0.25,1900,2113600
20240118,09:49:33,0.3,3300,2113600
20240118,09:49:34,0.3,5400,2113600
20240118,09:49:35,0.3,6300,2113600
20240118,09:49:36,0.3,3600,2113600
20240118,09:49:38,0.3,100,2113600
20240118,09:49:47,0.25,500,2113600
20240118,09:49:52,0.25,1000,2113600
20240118,09:49:57,0.3,1500,2113600
20240118,09:50:05,0.3,50,2113600
20240118,09:50:06,0.3,1000,2113600
20240118,09:50:07,0.3,3150,2113600
20240118,09:50:08,0.3,1000,2113600
20240118,09:50:09,0.3,500,2113600
20240118,09:50:12,0.3,1000,2113600
20240118,09:50:13,0.25,50,2113600
20240118,09:50:35,0.3,800,2113600
20240118,09:50:37,0.25,650,2113600
20240118,09:50:37,0.3,200,2113600
20240118,09:50:38,0.3,600,2119600
20240118,09:50:40,0.3,350,2119600
20240118,09:50:45,0.25,800,2119600
20240118,09:50:46,0.3,300,2119600
20240118,09:50:47,0.3,300,2119600
20240118,09:50:48,0.3,550,2119600
20240118,09:50:49,0.3,950,2119600
20240118,09:50:51,0.3,2550,2119600
20240118,09:50:53,0.3,1500,2119600
20240118,09:50:54,0.3,3600,2119600
20240118,09:50:55,0.3,950,2119600
20240118,09:51:00,0.25,1900,2119600
20240118,09:51:01,0.3,500,2119600
20240118,09:51:03,0.3,1800,2119600
20240118,09:51:04,0.25,1150,2119600
20240118,09:51:05,0.3,1000,2119600
20240118,09:51:06,0.3,1450,2119600
20240118,09:51:08,0.3,1000,2119600
20240118,09:51:10,0.3,600,2119600
20240118,09:51:11,0.3,1050,2119600
20240118,09:51:12,0.3,50,2119600
20240118,09:51:15,0.25,50,2119600
20240118,09:51:16,0.3,500,2119600
20240118,09:51:19,0.3,1000,2119600
20240118,09:51:20,0.25,50,2119600
20240118,09:51:21,0.3,1000,2119600
20240118,09:51:22,0.3,39700,2119600
20240118,09:51:24,0.3,1000,2119600
20240118,09:51:25,0.35,1000,2119600
20240118,09:51:26,0.35,2300,2119600
20240118,09:51:27,0.35,850,2119600
20240118,09:51:28,0.35,50,2119600
20240118,09:51:29,0.35,50,2119600
20240118,09:51:30,0.35,1100,2119600
20240118,09:51:31,0.35,50,2119600
20240118,09:51:32,0.35,50,2119600
20240118,09:51:33,0.35,2050,2119600
20240118,09:51:34,0.35,50,2119600
20240118,09:51:35,0.35,50,2119600
20240118,09:51:36,0.35,550,2119600
20240118,09:51:37,0.35,1050,2119600
20240118,09:51:38,0.35,150,2119600
20240118,09:51:39,0.35,1050,2119600
20240118,09:51:40,0.3,3050,2119600
20240118,09:51:41,0.3,6600,2119600
20240118,09:51:42,0.3,5450,2119600
20240118,09:51:43,0.3,2650,2119600
20240118,09:51:44,0.3,5150,2119600
20240118,09:51:45,0.3,4250,2119600
20240118,09:51:46,0.3,4600,2119600
20240118,09:51:47,0.3,4850,2119600
20240118,09:51:48,0.3,2450,2119600
20240118,09:51:49,0.3,4850,2119600
20240118,09:51:50,0.3,2600,2119600
20240118,09:51:51,0.3,8050,2119600
20240118,09:51:52,0.3,16800,2119600
20240118,09:51:53,0.3,4800,2119600
20240118,09:51:54,0.3,3600,2119600
20240118,09:51:55,0.3,8000,2119600
20240118,09:51:56,0.3,4400,2119600
20240118,09:51:57,0.3,2400,2119600
20240118,09:51:58,0.3,28950,2119600
20240118,09:52:00,0.3,1350,2119600
20240118,09:52:01,0.3,450,2119600
20240118,09:52:02,0.3,2050,2119600
20240118,09:52:03,0.3,1800,2119600
20240118,09:52:04,0.3,3050,2119600
20240118,09:52:05,0.3,3850,2119600
20240118,09:52:06,0.3,4450,2119600
20240118,09:52:07,0.3,2000,2119600
20240118,09:52:08,0.3,2450,2119600
20240118,09:52:09,0.3,100,2119600
20240118,09:52:10,0.3,150,2119600
20240118,09:52:11,0.3,1900,2119600
20240118,09:52:12,0.3,50,2119600
20240118,09:52:13,0.3,100,2119600
20240118,09:52:14,0.3,50,2119600
20240118,09:52:21,0.3,500,2119600
20240118,09:52:27,0.3,1800,2119600
20240118,09:52:28,0.25,150,2119600
20240118,09:52:29,0.3,900,2119600
20240118,09:52:30,0.3,3600,2119600
20240118,09:52:31,0.3,3950,2119600
20240118,09:52:38,0.3,1800,2119600
20240118,09:52:39,0.3,6500,2119600
20240118,09:52:40,0.3,15800,2119600
20240118,09:52:41,0.3,13500,2119600
20240118,09:52:42,0.3,3500,2119600
20240118,09:52:43,0.3,9500,2119600
20240118,09:52:44,0.3,10500,2119600
20240118,09:52:45,0.3,5000,2119600
20240118,09:52:46,0.3,2200,2119600
20240118,09:52:47,0.3,1500,2119600
20240118,09:52:48,0.3,3450,2119600
20240118,09:52:49,0.3,2500,2119600
20240118,09:52:50,0.3,50,2119600
20240118,09:52:52,0.25,450,2119600
20240118,09:52:55,0.3,25150,2119600
20240118,09:52:56,0.25,800,2119600
20240118,09:52:57,0.3,50,2119600
20240118,09:52:58,0.3,50,2119600
20240118,09:52:59,0.3,350,2119600
20240118,09:53:00,0.3,1150,2119600
20240118,09:53:01,0.3,450,2119600
20240118,09:53:02,0.3,1800,2119600
20240118,09:53:03,0.3,4000,2119600
20240118,09:53:04,0.3,3900,2119600
20240118,09:53:05,0.3,15200,2119600
20240118,09:53:07,0.3,2050,2119600
20240118,09:53:08,0.3,300,2119600
20240118,09:53:09,0.3,2250,2119600
20240118,09:53:10,0.3,150,2119600
20240118,09:53:11,0.3,650,2119600
20240118,09:53:12,0.3,1250,2119600
20240118,09:53:13,0.3,500,2119600
20240118,09:53:14,0.3,2200,2119600
20240118,09:53:15,0.3,1350,2119600
20240118,09:53:16,0.3,1650,2119600
20240118,09:53:17,0.3,500,2119600
20240118,09:53:18,0.3,1900,2119600
20240118,09:53:19,0.3,2200,2119600
20240118,09:53:21,0.3,1550,2119600
20240118,09:53:22,0.3,1750,2119600
20240118,09:53:23,0.3,1500,2119600
20240118,09:53:24,0.3,1700,2119600
20240118,09:53:25,0.3,2250,2119600
20240118,09:53:26,0.3,1000,2119600
20240118,09:53:27,0.3,1550,2119600
20240118,09:53:29,0.3,2550,2119600
20240118,09:53:29,0.3,1000,2119600
20240118,09:53:30,0.3,7550,2119600
20240118,09:53:31,0.3,7000,2119600
20240118,09:53:32,0.3,9000,2119600
20240118,09:53:33,0.3,7500,2119600
20240118,09:53:34,0.3,8500,2119600
20240118,09:53:35,0.3,15100,2119600
20240118,09:53:36,0.3,7750,2119600
20240118,09:53:39,0.3,2500,2119600
20240118,09:53:40,0.3,1500,2251250
20240118,09:53:41,0.3,350,2251250
20240118,09:53:52,0.25,1000,2251250
20240118,09:53:55,0.3,1500,2251250
20240118,09:54:01,0.3,800,2251250
20240118,09:54:06,0.25,200,2251250
20240118,09:54:06,0.3,750,2251250
20240118,09:54:07,0.25,250,2251250
20240118,09:54:08,0.3,450,2251250
20240118,09:54:09,0.3,4300,2251250
20240118,09:54:10,0.3,2400,2251250
20240118,09:54:11,0.25,1050,2251250
20240118,09:54:15,0.3,350,2251250
20240118,09:54:22,0.3,1800,2251250
20240118,09:54:30,0.3,500,2251250
20240118,09:54:31,0.3,750,2251250
20240118,09:54:35,0.3,600,2251250
20240118,09:54:36,0.3,950,2251250
20240118,09:54:39,0.3,1000,2251250
20240118,09:54:41,0.3,950,2251250
20240118,09:54:42,0.3,2850,2251250
20240118,09:54:43,0.3,50,2251250
20240118,09:54:44,0.3,150,2251250
20240118,09:54:46,0.3,50,2251250
20240118,09:54:48,0.25,1750,2251250
20240118,09:54:52,0.3,600,2251250
20240118,09:54:52,0.3,250,2251250
20240118,09:54:55,0.25,1750,2251250
20240118,09:54:57,0.3,500,2251250
20240118,09:55:02,0.3,300,2251250
20240118,09:55:02,0.25,1750,2251250
20240118,09:55:04,0.25,950,2251250
20240118,09:55:05,0.3,1450,2251250
20240118,09:55:06,0.25,600,2251250
20240118,09:55:07,0.25,650,2251250
20240118,09:55:08,0.25,1150,2251250
20240118,09:55:09,0.25,950,2251250
20240118,09:55:10,0.3,150,2251250
20240118,09:55:11,0.3,900,2251250
20240118,09:55:12,0.3,900,2251250
20240118,09:55:13,0.3,1000,2251250
20240118,09:55:14,0.3,900,2251250
20240118,09:55:15,0.3,950,2251250
20240118,09:55:16,0.3,1150,2251250
20240118,09:55:17,0.3,1800,2251250
20240118,09:55:23,0.3,58600,2251250
20240118,09:55:24,0.35,200,2251250
20240118,09:55:26,0.35,5400,2251250
20240118,09:55:28,0.3,200,2251250
20240118,09:55:29,0.35,2200,2251250
20240118,09:55:30,0.35,200,2251250
20240118,09:55:32,0.3,2650,2251250
20240118,09:55:33,0.3,9300,2251250
20240118,09:55:34,0.3,6000,2251250
20240118,09:55:35,0.3,13500,2251250
20240118,09:55:36,0.3,7000,2251250
20240118,09:55:37,0.3,10500,2251250
20240118,09:55:38,0.3,7500,2251250
20240118,09:55:39,0.3,57800,2251250
20240118,09:55:40,0.3,10800,2251250
20240118,09:55:41,0.3,10850,2251250
20240118,09:55:42,0.25,3750,2251250
20240118,09:55:44,0.3,1800,2251250
20240118,09:55:52,0.25,50,2251250
20240118,09:56:04,0.3,150,2251250
20240118,09:56:05,0.3,2200,2251250
20240118,09:56:06,0.3,1600,2251250
20240118,09:56:07,0.3,1050,2251250
20240118,09:56:09,0.3,500,2251250
20240118,09:56:10,0.3,350,2251250
20240118,09:56:28,0.3,100,2251250
20240118,09:56:31,0.25,300,2251250
20240118,09:56:45,0.3,250,2251250
20240118,09:56:50,0.25,500,2339450
20240118,09:56:52,0.3,200,2339450
20240118,09:56:55,0.25,400,2339450
20240118,09:56:56,0.3,1800,2339450
20240118,09:56:56,0.3,650,2339450
20240118,09:56:57,0.3,2900,2339450
20240118,09:56:58,0.3,4750,2339450
20240118,09:57:01,0.3,700,2339450
20240118,09:57:07,0.3,500,2339450
20240118,09:57:08,0.3,50,2339450
20240118,09:57:09,0.25,100,2339450
20240118,09:57:10,0.3,250,2339450
20240118,09:57:11,0.3,50,2339450
20240118,09:57:12,0.3,50,2339450
20240118,09:57:13,0.3,50,2339450
20240118,09:57:14,0.3,50,2339450
20240118,09:57:15,0.3,50,2339450
20240118,09:57:16,0.3,50,2339450
20240118,09:57:17,0.3,100,2339450
20240118,09:57:18,0.3,350,2339450
20240118,09:57:22,0.3,1000,2339450
20240118,09:57:24,0.3,1000,2339450
20240118,09:57:25,0.3,300,2339450
20240118,09:57:30,0.3,250,2339450
20240118,09:57:36,0.3,3600,2339450
20240118,09:57:37,0.3,500,2339450
20240118,09:57:39,0.25,900,2339450
20240118,09:57:43,0.3,250,2339450
20240118,09:57:44,0.3,150,2339450
20240118,09:57:46,0.25,1250,2339450
20240118,09:57:47,0.3,1000,2339450
20240118,09:57:50,0.3,50,2339450
20240118,09:57:52,0.25,1000,2339450
20240118,09:57:54,0.25,200,2339450
20240118,09:57:55,0.3,1250,2339450
20240118,09:58:00,0.3,3600,2339450
20240118,09:58:01,0.3,1850,2339450
20240118,09:58:02,0.3,20200,2339450
20240118,09:58:03,0.3,1800,2339450
20240118,09:58:04,0.3,1800,2339450
20240118,09:58:05,0.3,9000,2339450
20240118,09:58:06,0.3,1900,2339450
20240118,09:58:07,0.3,5400,2339450
20240118,09:58:08,0.3,1800,2339450
20240118,09:58:10,0.25,200,2339450
20240118,09:58:11,0.3,2550,2339450
20240118,09:58:12,0.3,650,2339450
20240118,09:58:14,0.3,250,2339450
20240118,09:58:15,0.3,250,2339450
20240118,09:58:17,0.3,1400,2339450
20240118,09:58:21,0.3,500,2339450
20240118,09:58:22,0.3,1300,2339450
20240118,09:58:23,0.3,5650,2339450
20240118,09:58:26,0.3,500,2339450
20240118,09:58:27,0.3,100,2339450
20240118,09:58:28,0.3,2400,2339450
20240118,09:58:31,0.3,1500,2339450
20240118,09:58:32,0.25,50,2339450
20240118,09:58:33,0.3,1000,2339450
20240118,09:58:34,0.3,50,2339450
20240118,09:58:38,0.3,700,2339450
20240118,09:58:39,0.25,350,2339450
20240118,09:58:41,0.3,150,2339450
20240118,09:58:43,0.25,350,2339450
20240118,09:58:44,0.25,1350,2339450
20240118,09:58:45,0.25,250,2339450
20240118,09:58:46,0.25,1000,2339450
20240118,09:58:47,0.3,900,2339450
20240118,09:58:48,0.3,50,2339450
20240118,09:58:49,0.3,50,2339450
20240118,09:58:51,0.3,250,2339450
20240118,09:58:52,0.3,200,2339450
20240118,09:58:56,0.3,1800,2339450
20240118,09:58:57,0.3,18000,2339450
20240118,09:58:58,0.3,96750,2339450
20240118,09:58:59,0.3,6800,2339450
20240118,09:59:01,0.3,2900,2339450
20240118,09:59:05,0.3,1000,2339450
20240118,09:59:06,0.35,1000,2339450
20240118,09:59:07,0.35,450,2339450
20240118,09:59:22,0.35,1250,2339450
20240118,09:59:27,0.35,1000,2339450
20240118,09:59:28,0.35,50,2339450
20240118,09:59:29,0.3,1500,2339450
20240118,09:59:33,0.35,1800,2339450
20240118,09:59:34,0.35,1700,2339450
20240118,09:59:36,0.35,1200,2339450
20240118,09:59:36,0.35,900,2339450
20240118,09:59:39,0.35,300,2339450
20240118,09:59:44,0.35,1800,2336150
20240118,09:59:46,0.3,1000,2336150
20240118,09:59:51,0.35,1500,2336150
20240118,09:59:56,0.35,2800,2336150
20240118,09:59:57,0.35,150,2336150
20240118,10:00:03,0.35,900,2336150
20240118,10:00:04,0.35,500,2336150
20240118,10:00:05,0.3,50,2336150
20240118,10:00:08,0.35,150,2336150
20240118,10:00:09,0.35,800,2336150
20240118,10:00:12,0.35,1000,2336150
20240118,10:00:13,0.35,550,2336150
20240118,10:00:14,0.35,2600,2336150
20240118,10:00:14,0.35,550,2336150
20240118,10:00:16,0.35,650,2336150
20240118,10:00:17,0.35,2100,2336150
20240118,10:00:18,0.35,1900,2336150
20240118,10:00:19,0.3,3000,2336150
20240118,10:00:19,0.3,350,2336150
20240118,10:00:21,0.3,4450,2336150
20240118,10:00:22,0.35,5800,2336150
20240118,10:00:22,0.35,400,2336150
20240118,10:00:24,0.3,2250,2336150
20240118,10:00:25,0.3,2100,2336150
20240118,10:00:26,0.3,950,2336150
20240118,10:00:27,0.35,2600,2336150
20240118,10:00:28,0.35,1750,2336150
20240118,10:00:30,0.3,3650,2336150
20240118,10:00:31,0.35,1200,2336150
20240118,10:00:32,0.35,1300,2336150
20240118,10:00:33,0.3,950,2336150
20240118,10:00:34,0.35,1500,2336150
20240118,10:00:35,0.3,1400,2336150
20240118,10:00:36,0.3,700,2336150
20240118,10:00:38,0.3,600,2336150
20240118,10:00:39,0.3,600,2336150
20240118,10:00:40,0.3,550,2336150
20240118,10:00:41,0.3,50,2336150
20240118,10:00:43,0.3,650,2336150
20240118,10:00:45,0.3,200,2336150
20240118,10:00:46,0.35,1250,2336150
20240118,10:00:47,0.3,450,2336150
20240118,10:00:48,0.3,500,2336150
20240118,10:00:51,0.35,350,2336150
20240118,10:00:52,0.35,200,2336150
20240118,10:00:53,0.3,1800,2336150
20240118,10:00:54,0.3,950,2336150
20240118,10:00:55,0.3,1850,2336150
20240118,10:00:56,0.3,1800,2336150
20240118,10:00:57,0.3,600,2336150
20240118,10:00:57,0.3,1800,2336150
20240118,10:00:59,0.3,2450,2336150
20240118,10:01:00,0.3,1800,2336150
20240118,10:01:01,0.3,1850,2336150
20240118,10:01:02,0.3,50,2336150
20240118,10:01:03,0.3,1800,2336150
20240118,10:01:04,0.3,1850,2336150
20240118,10:01:05,0.3,1900,2336150
20240118,10:01:06,0.35,700,2336150
20240118,10:01:08,0.35,6150,2336150
20240118,10:01:08,0.3,2850,2336150
20240118,10:01:10,0.3,2950,2336150
20240118,10:01:10,0.35,200,2336150
20240118,10:01:11,0.3,1950,2336150
20240118,10:01:13,0.35,2200,2336150
20240118,10:01:13,0.35,800,2336150
20240118,10:01:14,0.35,950,2336150
20240118,10:01:16,0.35,1950,2336150
20240118,10:01:16,0.35,1650,2336150
20240118,10:01:17,0.3,2750,2336150
20240118,10:01:19,0.35,3700,2336150
20240118,10:01:21,0.35,3700,2336150
20240118,10:01:21,0.3,2700,2336150
20240118,10:01:22,0.35,950,2336150
20240118,10:01:24,0.35,4000,2336150
20240118,10:01:24,0.3,1800,2336150
20240118,10:01:25,0.35,950,2336150
20240118,10:01:26,0.3,2750,2336150
20240118,10:01:27,0.35,700,2336150
20240118,10:01:28,0.35,1500,2336150
20240118,10:01:29,0.3,2350,2336150
20240118,10:01:31,0.3,2750,2336150
20240118,10:01:32,0.35,500,2336150
20240118,10:01:32,0.3,2700,2336150
20240118,10:01:33,0.35,2050,2336150
20240118,10:01:35,0.3,2550,2336150
20240118,10:01:35,0.35,900,2336150
20240118,10:01:36,0.3,1800,2336150
20240118,10:01:37,0.3,1800,2336150
20240118,10:01:38,0.3,250,2336150
20240118,10:01:39,0.35,3250,2336150
20240118,10:01:41,0.3,2050,2336150
20240118,10:01:42,0.3,1800,2336150
20240118,10:01:44,0.3,1800,2336150
20240118,10:01:45,0.3,8450,2336150
20240118,10:01:48,0.3,50,2336150
20240118,10:01:50,0.3,1800,2336150
20240118,10:01:51,0.35,900,2336150
20240118,10:01:52,0.3,1800,2336150
20240118,10:01:53,0.3,1800,2336150
20240118,10:01:54,0.35,50,2336150
20240118,10:01:55,0.35,2300,2336150
20240118,10:01:56,0.35,2250,2336150
20240118,10:01:57,0.3,1850,2336150
20240118,10:01:58,0.3,1850,2336150
20240118,10:01:59,0.3,350,2336150
20240118,10:02:00,0.35,1850,2336150
20240118,10:02:01,0.3,1850,2336150
20240118,10:02:02,0.3,1850,2336150
20240118,10:02:03,0.35,50,2336150
20240118,10:02:05,0.3,3850,2336150
20240118,10:02:06,0.35,1800,2336150
20240118,10:02:07,0.35,1850,2336150
20240118,10:02:08,0.35,1850,2336150
20240118,10:02:09,0.35,2700,2336150
20240118,10:02:10,0.3,550,2336150
20240118,10:02:11,0.35,50,2336150
20240118,10:02:12,0.35,1850,2336150
20240118,10:02:13,0.35,1850,2336150
20240118,10:02:14,0.35,50,2336150
20240118,10:02:15,0.35,100,2336150
20240118,10:02:16,0.35,50,2336150
20240118,10:02:17,0.3,650,2336150
20240118,10:02:18,0.35,2800,2336150
20240118,10:02:19,0.35,50,2336150
20240118,10:02:20,0.35,1850,2336150
20240118,10:02:21,0.3,1850,2336150
20240118,10:02:22,0.35,1350,2336150
20240118,10:02:23,0.3,3350,2336150
20240118,10:02:24,0.3,39400,2336150
20240118,10:02:25,0.3,50,2336150
20240118,10:02:26,0.3,50,2336150
20240118,10:02:27,0.3,50,2336150
20240118,10:02:28,0.3,2500,2336150
20240118,10:02:29,0.3,550,2336150
20240118,10:02:30,0.3,50,2336150
20240118,10:02:31,0.3,1850,2336150
20240118,10:02:32,0.3,650,2336150
20240118,10:02:33,0.25,2950,2336150
20240118,10:02:34,0.3,50,2336150
20240118,10:02:35,0.3,400,2336150
20240118,10:02:36,0.3,400,2336150
20240118,10:02:37,0.3,400,2336150
20240118,10:02:38,0.3,50,2336150
20240118,10:02:39,0.3,50,2336150
20240118,10:02:40,0.3,50,2327600
20240118,10:02:41,0.3,50,2327600
20240118,10:02:42,0.3,50,2327600
20240118,10:02:43,0.3,50,2327600
20240118,10:02:44,0.3,2050,2327600
20240118,10:02:45,0.3,50,2327600
20240118,10:02:46,0.3,50,2327600
20240118,10:02:48,0.3,700,2327600
20240118,10:02:49,0.3,100,2327600
20240118,10:02:50,0.3,50,2327600
20240118,10:02:51,0.3,50,2327600
20240118,10:02:52,0.3,1900,2327600
20240118,10:02:53,0.3,650,2327600
20240118,10:02:54,0.3,2800,2327600
20240118,10:02:55,0.3,2500,2327600
20240118,10:02:56,0.3,350,2327600
20240118,10:02:57,0.3,50,2327600
20240118,10:02:58,0.3,50,2327600
20240118,10:02:59,0.3,50,2327600
20240118,10:03:00,0.3,950,2327600
20240118,10:03:01,0.3,450,2327600
20240118,10:03:02,0.3,1950,2327600
20240118,10:03:03,0.3,50,2327600
20240118,10:03:04,0.3,50,2327600
20240118,10:03:05,0.3,150,2327600
20240118,10:03:06,0.3,100,2327600
20240118,10:03:09,0.3,100,2327600
20240118,10:03:11,0.3,450,2327600
20240118,10:03:12,0.3,1500,2327600
20240118,10:03:14,0.25,1000,2327600
20240118,10:03:16,0.3,50,2327600
20240118,10:03:17,0.3,50,2327600
20240118,10:03:18,0.3,1850,2327600
20240118,10:03:19,0.3,50,2327600
20240118,10:03:21,0.3,50,2327600
20240118,10:03:22,0.3,50,2327600
20240118,10:03:24,0.3,50,2327600
20240118,10:03:25,0.3,50,2327600
20240118,10:03:26,0.3,50,2327600
20240118,10:03:27,0.3,50,2327600
20240118,10:03:28,0.3,100,2327600
20240118,10:03:29,0.3,50,2327600
20240118,10:03:30,0.3,50,2327600
20240118,10:03:31,0.3,50,2327600
20240118,10:03:32,0.3,50,2327600
20240118,10:03:33,0.3,50,2327600
20240118,10:03:34,0.3,50,2327600
20240118,10:03:35,0.25,100,2327600
20240118,10:03:36,0.3,50,2327600
20240118,10:03:37,0.3,50,2327600
20240118,10:03:38,0.3,50,2327600
20240118,10:03:39,0.3,50,2327600
20240118,10:03:40,0.3,50,2327600
20240118,10:03:41,0.3,50,2327600
20240118,10:03:42,0.3,550,2327600
20240118,10:03:43,0.3,50,2327600
20240118,10:03:44,0.3,100,2327600
20240118,10:03:45,0.3,50,2327600
20240118,10:03:46,0.3,50,2327600
20240118,10:03:47,0.3,100,2327600
20240118,10:03:48,0.3,50,2327600
20240118,10:03:49,0.3,50,2327600
20240118,10:03:50,0.3,50,2327600
20240118,10:03:51,0.3,50,2327600
20240118,10:03:52,0.3,100,2327600
20240118,10:03:53,0.3,50,2327600
20240118,10:03:54,0.3,50,2327600
20240118,10:03:55,0.3,50,2327600
20240118,10:03:56,0.3,50,2327600
20240118,10:03:57,0.3,50,2327600
20240118,10:03:58,0.3,50,2327600
20240118,10:04:00,0.25,300,2327600
20240118,10:04:02,0.3,50,2327600
20240118,10:04:04,0.3,1250,2327600
20240118,10:04:05,0.3,1250,2327600
20240118,10:04:06,0.3,50,2327600
20240118,10:04:07,0.3,850,2327600
20240118,10:04:08,0.25,4450,2327600
20240118,10:04:19,0.3,950,2327600
20240118,10:04:20,0.3,50,2327600
20240118,10:04:22,0.25,50,2327600
20240118,10:04:27,0.3,50,2327600
20240118,10:04:28,0.3,50,2327600
20240118,10:04:29,0.3,50,2327600
20240118,10:04:30,0.3,50,2327600
20240118,10:04:32,0.3,50,2327600
20240118,10:04:33,0.3,50,2327600
20240118,10:04:34,0.3,5400,2327600
20240118,10:04:37,0.3,1800,2327600
20240118,10:04:37,0.3,1000,2327600
20240118,10:04:39,0.3,62700,2327600
20240118,10:04:40,0.3,105950,2327600
20240118,10:04:48,0.3,500,2327600
20240118,10:04:54,0.35,1200,2327600
20240118,10:04:55,0.35,6000,2327600
20240118,10:05:03,0.35,100,2327600
20240118,10:05:11,0.35,1200,2327600
20240118,10:05:14,0.3,50,2327600
20240118,10:05:17,0.35,750,2327600
20240118,10:05:28,0.35,600,2327600
20240118,10:05:29,0.35,450,2327600
20240118,10:05:30,0.35,50,2327600
20240118,10:05:31,0.35,50,2327600
20240118,10:05:32,0.35,850,2327600
20240118,10:05:33,0.35,50,2327600
20240118,10:05:34,0.35,50,2327600
20240118,10:05:35,0.35,50,2327600
20240118,10:05:36,0.35,16650,2327600
20240118,10:05:37,0.35,50,2327600
20240118,10:05:38,0.35,50,2327600
20240118,10:05:39,0.35,50,2327600
20240118,10:05:40,0.35,50,2327600
20240118,10:05:41,0.35,50,2330350
20240118,10:05:42,0.35,50,2330350
20240118,10:05:43,0.35,3200,2330350
20240118,10:05:44,0.35,50,2330350
20240118,10:05:45,0.35,1200,2330350
20240118,10:05:46,0.35,50,2330350
20240118,10:05:47,0.35,50,2330350
20240118,10:05:49,0.35,50,2330350
20240118,10:05:51,0.3,1050,2330350
20240118,10:05:52,0.35,1000,2330350
20240118,10:05:53,0.3,1800,2330350
20240118,10:05:57,0.35,50,2330350
20240118,10:05:58,0.35,50,2330350
20240118,10:06:03,0.35,1000,2330350
20240118,10:06:04,0.3,250,2330350
20240118,10:06:06,0.35,3050,2330350
20240118,10:06:07,0.35,950,2330350
20240118,10:06:08,0.35,400,2330350
20240118,10:06:09,0.35,15900,2330350
20240118,10:06:10,0.35,3450,2330350
20240118,10:06:13,0.3,1050,2330350
20240118,10:06:14,0.35,600,2330350
20240118,10:06:15,0.3,50,2330350
20240118,10:06:16,0.35,1950,2330350
20240118,10:06:17,0.35,200,2330350
20240118,10:06:18,0.35,100,2330350
20240118,10:06:19,0.35,700,2330350
20240118,10:06:20,0.35,700,2330350
20240118,10:06:22,0.3,500,2330350
20240118,10:06:23,0.35,100,2330350
20240118,10:06:25,0.35,3100,2330350
20240118,10:06:26,0.35,50,2330350
20240118,10:06:27,0.3,2150,2330350
20240118,10:06:28,0.35,50,2330350
20240118,10:06:29,0.3,50,2330350
20240118,10:06:30,0.35,1000,2330350
20240118,10:06:31,0.35,1650,2330350
20240118,10:06:32,0.3,50,2330350
20240118,10:06:33,0.35,550,2330350
20240118,10:06:34,0.35,300,2330350
20240118,10:06:35,0.35,650,2330350
20240118,10:06:36,0.35,300,2330350
20240118,10:06:37,0.35,14400,2330350
20240118,10:06:39,0.3,50,2330350
20240118,10:06:40,0.3,400,2330350
20240118,10:06:41,0.3,50,2330350
20240118,10:06:42,0.3,100,2330350
20240118,10:06:43,0.3,50,2330350
20240118,10:06:44,0.35,150,2330350
20240118,10:06:53,0.35,350,2330350
20240118,10:06:54,0.35,250,2330350
20240118,10:06:55,0.35,2950,2330350
20240118,10:06:56,0.35,1750,2330350
20240118,10:06:57,0.3,200,2330350
20240118,10:06:58,0.35,800,2330350
20240118,10:06:59,0.35,1050,2330350
20240118,10:07:00,0.3,650,2330350
20240118,10:07:01,0.35,3150,2330350
20240118,10:07:02,0.35,3050,2330350
20240118,10:07:03,0.35,4450,2330350
20240118,10:07:04,0.3,600,2330350
20240118,10:07:05,0.35,3350,2330350
20240118,10:07:06,0.3,2450,2330350
20240118,10:07:07,0.35,2950,2330350
20240118,10:07:08,0.35,4100,2330350
20240118,10:07:09,0.35,1250,2330350
20240118,10:07:10,0.35,2900,2330350
20240118,10:07:11,0.3,950,2330350
20240118,10:07:12,0.35,2350,2330350
20240118,10:07:13,0.3,1000,2330350
20240118,10:07:14,0.3,250,2330350
20240118,10:07:15,0.3,200,2330350
20240118,10:07:16,0.3,200,2330350
20240118,10:07:17,0.35,3200,2330350
20240118,10:07:18,0.3,350,2330350
20240118,10:07:19,0.35,2200,2330350
20240118,10:07:20,0.3,2000,2330350
20240118,10:07:21,0.3,50,2330350
20240118,10:07:22,0.35,1800,2330350
20240118,10:07:23,0.35,1850,2330350
20240118,10:07:27,0.3,1850,2330350
20240118,10:07:29,0.3,150,2330350
20240118,10:07:30,0.3,150,2330350
20240118,10:07:31,0.3,2000,2330350
20240118,10:07:32,0.3,150,2330350
20240118,10:07:33,0.3,150,2330350
20240118,10:07:34,0.35,450,2330350
20240118,10:07:35,0.35,450,2330350
20240118,10:07:36,0.35,700,2330350
20240118,10:07:37,0.35,150,2330350
20240118,10:07:39,0.35,3600,2330350
20240118,10:07:42,0.35,1100,2330350
20240118,10:07:44,0.3,500,2330350
20240118,10:07:45,0.35,5400,2330350
20240118,10:07:47,0.3,50,2330350
20240118,10:07:50,0.35,50,2330350
20240118,10:07:51,0.35,50,2330350
20240118,10:07:52,0.35,50,2330350
20240118,10:07:53,0.35,50,2330350
20240118,10:07:54,0.35,50,2330350
20240118,10:07:56,0.35,200,2330350
20240118,10:07:57,0.3,4250,2330350
20240118,10:07:58,0.3,2850,2330350
20240118,10:07:59,0.3,1000,2330350
20240118,10:08:07,0.35,50,2330350
20240118,10:08:09,0.3,250,2330350
20240118,10:08:10,0.3,750,2330350
20240118,10:08:11,0.35,450,2330350
20240118,10:08:12,0.35,400,2330350
20240118,10:08:24,0.35,50,2330350
20240118,10:08:25,0.35,50,2330350
20240118,10:08:26,0.35,50,2330350
20240118,10:08:27,0.35,50,2330350
20240118,10:08:28,0.35,50,2330350
20240118,10:08:29,0.35,50,2330350
20240118,10:08:30,0.35,50,2330350
20240118,10:08:31,0.35,1050,2330350
20240118,10:08:32,0.35,50,2330350
20240118,10:08:33,0.35,50,2330350
20240118,10:08:34,0.35,1850,2330350
20240118,10:08:35,0.35,50,2330350
20240118,10:08:36,0.35,50,2330350
20240118,10:08:38,0.35,100,2330350
20240118,10:08:39,0.35,50,2330350
20240118,10:08:40,0.35,50,2330350
20240118,10:08:41,0.35,50,2330350
20240118,10:08:42,0.35,50,2330350
20240118,10:08:43,0.35,50,2313600
20240118,10:08:44,0.35,50,2313600
20240118,10:08:45,0.35,50,2313600
20240118,10:08:46,0.35,50,2313600
20240118,10:08:47,0.35,50,2313600
20240118,10:08:48,0.35,50,2313600
20240118,10:08:49,0.35,50,2313600
20240118,10:08:50,0.35,50,2313600
20240118,10:08:50,0.35,850,2313600
20240118,10:08:51,0.35,50,2313600
20240118,10:08:52,0.35,50,2313600
20240118,10:08:53,0.35,50,2313600
20240118,10:08:54,0.35,50,2313600
20240118,10:08:55,0.35,50,2313600
20240118,10:08:56,0.35,50,2313600
20240118,10:08:57,0.35,50,2313600
20240118,10:08:58,0.35,100,2313600
20240118,10:08:59,0.35,50,2313600
20240118,10:09:00,0.35,50,2313600
20240118,10:09:01,0.35,200,2313600
20240118,10:09:02,0.3,35050,2313600
20240118,10:09:03,0.35,650,2313600
20240118,10:09:04,0.35,900,2313600
20240118,10:09:05,0.35,300,2313600
20240118,10:09:06,0.35,250,2313600
20240118,10:09:07,0.35,1750,2313600
20240118,10:09:08,0.35,250,2313600
20240118,10:09:09,0.35,500,2313600
20240118,10:09:11,0.35,450,2313600
20240118,10:09:11,0.35,250,2313600
20240118,10:09:12,0.35,1350,2313600
20240118,10:09:14,0.35,300,2313600
20240118,10:09:15,0.35,50,2313600
20240118,10:09:16,0.35,2350,2313600
20240118,10:09:19,0.35,400,2313600
20240118,10:09:20,0.3,550,2313600
20240118,10:09:21,0.3,1150,2313600
20240118,10:09:22,0.3,200,2313600
20240118,10:09:23,0.3,250,2313600
20240118,10:09:24,0.35,800,2313600
20240118,10:09:25,0.3,200,2313600
20240118,10:09:26,0.3,200,2313600
20240118,10:09:27,0.3,200,2313600
20240118,10:09:28,0.3,200,2313600
20240118,10:09:29,0.3,200,2313600
20240118,10:09:30,0.3,200,2313600
20240118,10:09:31,0.3,200,2313600
20240118,10:09:34,0.3,1800,2313600
20240118,10:09:39,0.3,8950,2313600
20240118,10:09:43,0.35,200,2313600
20240118,10:09:44,0.3,650,2313600
20240118,10:09:45,0.3,250,2313600
20240118,10:09:46,0.35,50,2313600
20240118,10:09:47,0.35,50,2313600
20240118,10:09:48,0.3,1850,2313600
20240118,10:09:50,0.35,400,2313600
20240118,10:09:51,0.35,50,2313600
20240118,10:09:53,0.35,1100,2313600
20240118,10:09:57,0.35,550,2313600
20240118,10:09:59,0.35,1550,2313600
20240118,10:10:01,0.35,300,2313600
20240118,10:10:01,0.35,800,2313600
20240118,10:10:02,0.35,2400,2313600
20240118,10:10:03,0.35,1350,2313600
20240118,10:10:04,0.35,1150,2313600
20240118,10:10:06,0.35,3650,2313600
20240118,10:10:06,0.35,1750,2313600
20240118,10:10:08,0.3,250,2313600
20240118,10:10:09,0.35,500,2313600
20240118,10:10:09,0.35,250,2313600
20240118,10:10:10,0.35,1100,2313600
20240118,10:10:11,0.35,250,2313600
20240118,10:10:14,0.3,1000,2313600
20240118,10:10:17,0.35,50,2313600
20240118,10:10:17,0.35,250,2313600
20240118,10:10:18,0.35,50,2313600
20240118,10:10:19,0.35,600,2313600
20240118,10:10:21,0.35,100,2313600
20240118,10:10:21,0.3,3200,2313600
20240118,10:10:23,0.3,50,2313600
20240118,10:10:24,0.35,300,2313600
20240118,10:10:26,0.35,50,2313600
20240118,10:10:27,0.35,18350,2313600
20240118,10:10:28,0.35,50,2313600
20240118,10:10:29,0.35,82300,2313600
20240118,10:10:32,0.35,89350,2313600
20240118,10:10:33,0.4,100,2313600
20240118,10:10:33,0.35,750,2313600
20240118,10:10:34,0.4,50,2313600
20240118,10:10:35,0.4,50,2313600
20240118,10:10:36,0.35,200,2313600
20240118,10:10:38,0.4,1150,2313600
20240118,10:10:38,0.4,250,2313600
20240118,10:10:39,0.4,900,2313600
20240118,10:10:41,0.4,350,2313600
20240118,10:10:43,0.4,100,2313600
20240118,10:10:44,0.4,50,2313600
20240118,10:10:45,0.4,50,2313600
20240118,10:10:46,0.35,150,2313600
20240118,10:10:48,0.4,200,2313600
20240118,10:10:48,0.4,1500,2313600
20240118,10:10:50,0.4,10250,2313600
20240118,10:10:51,0.4,7250,2313600
20240118,10:10:53,0.4,250,2313600
20240118,10:10:53,0.35,15750,2313600
20240118,10:10:54,0.35,106700,2313600
20240118,10:10:55,0.35,100,2313600
20240118,10:10:56,0.35,100,2313600
20240118,10:10:58,0.35,700,2313600
20240118,10:10:59,0.35,16300,2313600
20240118,10:11:00,0.35,4350,2313600
20240118,10:11:01,0.35,450,2313600
20240118,10:11:02,0.35,100,2313600
20240118,10:11:03,0.35,5400,2313600
20240118,10:11:04,0.35,100,2313600
20240118,10:11:05,0.35,100,2313600
20240118,10:11:06,0.35,100,2313600
20240118,10:11:07,0.35,2600,2313600
20240118,10:11:08,0.35,100,2313600
20240118,10:11:09,0.35,550,2313600
20240118,10:11:10,0.35,350,2313600
20240118,10:11:11,0.35,1900,2313600
20240118,10:11:14,0.35,7100,2313600
20240118,10:11:15,0.35,1550,2313600
20240118,10:11:16,0.35,100,2313600
20240118,10:11:17,0.35,650,2313600
20240118,10:11:18,0.35,100,2313600
20240118,10:11:19,0.35,100,2313600
20240118,10:11:20,0.35,100,2313600
20240118,10:11:21,0.35,650,2313600
20240118,10:11:22,0.35,100,2313600
20240118,10:11:23,0.35,100,2313600
20240118,10:11:24,0.35,100,2313600
20240118,10:11:25,0.35,1150,2313600
20240118,10:11:31,0.35,8150,2313600
20240118,10:11:32,0.35,100,2313600
20240118,10:11:33,0.35,100,2313600
20240118,10:11:34,0.3,1900,2313600
20240118,10:11:35,0.35,5800,2313600
20240118,10:11:36,0.35,1100,2313600
20240118,10:11:37,0.35,1900,2313600
20240118,10:11:38,0.3,6950,2313600
20240118,10:11:39,0.35,150,2313600
20240118,10:11:41,0.35,450,2313600
20240118,10:11:44,0.3,500,2375000
20240118,10:11:45,0.3,2500,2375000
20240118,10:11:47,0.35,1600,2375000
20240118,10:11:48,0.35,350,2375000
20240118,10:11:51,0.35,50,2375000
20240118,10:11:52,0.35,50,2375000
20240118,10:11:53,0.35,150,2375000
20240118,10:11:54,0.35,150,2375000
20240118,10:11:55,0.35,150,2375000
20240118,10:11:56,0.35,150,2375000
20240118,10:11:57,0.35,150,2375000
20240118,10:11:58,0.35,150,2375000
20240118,10:11:59,0.35,150,2375000
20240118,10:12:00,0.35,150,2375000
20240118,10:12:07,0.35,850,2375000
20240118,10:12:10,0.35,50,2375000
20240118,10:12:18,0.3,2250,2375000
20240118,10:12:20,0.3,1800,2375000
20240118,10:12:21,0.3,3200,2375000
20240118,10:12:23,0.3,850,2375000
20240118,10:12:25,0.3,500,2375000
20240118,10:12:27,0.35,1000,2375000
20240118,10:12:30,0.3,5100,2375000
20240118,10:12:36,0.3,43750,2375000
20240118,10:12:38,0.35,1850,2375000
20240118,10:12:45,0.3,2500,2375000
20240118,10:12:46,0.3,1000,2375000
20240118,10:12:49,0.3,250,2375000
20240118,10:12:57,0.35,500,2375000
20240118,10:13:03,0.35,1500,2375000
20240118,10:13:07,0.3,750,2375000
20240118,10:13:08,0.3,1500,2375000
20240118,10:13:09,0.35,450,2375000
20240118,10:13:11,0.35,50,2375000
20240118,10:13:12,0.35,50,2375000
20240118,10:13:14,0.35,500,2375000
20240118,10:13:28,0.35,100,2375000
20240118,10:13:29,0.35,50,2375000
20240118,10:13:31,0.35,50,2375000
20240118,10:13:56,0.35,350,2375000
20240118,10:13:57,0.35,1150,2375000
20240118,10:13:59,0.35,350,2375000
20240118,10:14:01,0.35,50,2375000
20240118,10:14:02,0.35,50,2375000
20240118,10:14:03,0.35,50,2375000
20240118,10:14:04,0.35,150,2375000
20240118,10:14:05,0.35,150,2375000
20240118,10:14:06,0.35,1950,2375000
20240118,10:14:07,0.35,150,2375000
20240118,10:14:10,0.35,950,2375000
20240118,10:14:11,0.35,850,2375000
20240118,10:14:12,0.35,1950,2375000
20240118,10:14:13,0.35,50,2375000
20240118,10:14:14,0.35,50,2375000
20240118,10:14:15,0.35,50,2375000
20240118,10:14:16,0.35,50,2375000
20240118,10:14:17,0.35,100,2375000
20240118,10:14:18,0.35,50,2375000
20240118,10:14:20,0.35,50,2375000
20240118,10:14:21,0.35,50,2375000
20240118,10:14:23,0.35,50,2375000
20240118,10:14:24,0.35,50,2375000
20240118,10:14:26,0.35,300,2375000
20240118,10:14:28,0.35,50,2375000
20240118,10:14:30,0.3,450,2375000
20240118,10:14:32,0.35,3000,2375000
20240118,10:14:33,0.35,100,2375000
20240118,10:14:34,0.35,2050,2375000
20240118,10:14:35,0.35,1050,2375000
20240118,10:14:36,0.35,50,2375000
20240118,10:14:37,0.35,800,2375000
20240118,10:14:38,0.35,100,2375000
20240118,10:14:39,0.35,50,2375000
20240118,10:14:40,0.35,50,2375000
20240118,10:14:41,0.35,50,2375000
20240118,10:14:42,0.35,100,2375000
20240118,10:14:43,0.35,50,2389500
20240118,10:14:44,0.35,100,2389500
20240118,10:14:45,0.35,50,2389500
20240118,10:14:46,0.35,50,2389500
20240118,10:14:47,0.35,100,2389500
20240118,10:14:48,0.35,50,2389500
20240118,10:14:49,0.35,50,2389500
20240118,10:14:51,0.35,200,2389500
20240118,10:14:55,0.3,3000,2389500
20240118,10:14:56,0.35,50,2389500
20240118,10:14:57,0.35,600,2389500
20240118,10:14:58,0.35,50,2389500
20240118,10:14:59,0.35,1900,2389500
20240118,10:15:00,0.3,450,2389500
20240118,10:15:02,0.35,50,2389500
20240118,10:15:03,0.35,1850,2389500
20240118,10:15:04,0.35,50,2389500
20240118,10:15:05,0.35,50,2389500
20240118,10:15:06,0.3,3300,2389500
20240118,10:15:07,0.35,50,2389500
20240118,10:15:08,0.35,950,2389500
20240118,10:15:09,0.3,550,2389500
20240118,10:15:11,0.35,50,2389500
20240118,10:15:12,0.35,150,2389500
20240118,10:15:13,0.35,50,2389500
20240118,10:15:14,0.35,331800,2389500
20240118,10:15:15,0.35,3700,2389500
20240118,10:15:16,0.4,18650,2389500
20240118,10:15:17,0.4,50,2389500
20240118,10:15:18,0.35,1100,2389500
20240118,10:15:19,0.4,1100,2389500
20240118,10:15:20,0.4,100,2389500
20240118,10:15:21,0.4,150,2389500
20240118,10:15:22,0.4,150,2389500
20240118,10:15:23,0.4,1700,2389500
20240118,10:15:24,0.4,150,2389500
20240118,10:15:25,0.4,150,2389500
20240118,10:15:26,0.35,1400,2389500
20240118,10:15:27,0.35,1600,2389500
20240118,10:15:28,0.4,1750,2389500
20240118,10:15:30,0.35,950,2389500
20240118,10:15:31,0.4,50,2389500
20240118,10:15:32,0.35,1000,2389500
20240118,10:15:33,0.35,900,2389500
20240118,10:15:34,0.35,1050,2389500
20240118,10:15:35,0.35,900,2389500
20240118,10:15:36,0.35,2400,2389500
20240118,10:15:37,0.35,2200,2389500
20240118,10:15:38,0.35,2750,2389500
20240118,10:15:39,0.35,1200,2389500
20240118,10:15:40,0.4,3000,2389500
20240118,10:15:41,0.35,1650,2389500
20240118,10:15:42,0.4,300,2389500
20240118,10:15:44,0.35,1100,2389500
20240118,10:15:45,0.35,300,2389500
20240118,10:15:49,0.35,1550,2389500
20240118,10:15:52,0.35,50,2389500
20240118,10:15:55,0.35,1850,2389500
20240118,10:15:56,0.35,1000,2389500
20240118,10:15:59,0.4,50,2389500
20240118,10:16:00,0.35,2500,2389500
20240118,10:16:02,0.35,1850,2389500
20240118,10:16:04,0.35,350,2389500
20240118,10:16:06,0.35,1300,2389500
20240118,10:16:07,0.35,230300,2389500
20240118,10:16:08,0.35,2750,2389500
20240118,10:16:10,0.3,37200,2389500
20240118,10:16:11,0.35,50,2389500
20240118,10:16:12,0.35,3000,2389500
20240118,10:16:13,0.35,36000,2389500
20240118,10:16:14,0.35,1800,2389500
20240118,10:16:16,0.35,11350,2389500
20240118,10:16:17,0.35,2150,2389500
20240118,10:16:18,0.3,200,2389500
20240118,10:16:19,0.3,40300,2389500
20240118,10:16:20,0.35,1400,2389500
20240118,10:16:21,0.35,41350,2389500
20240118,10:16:25,0.35,500,2389500
20240118,10:16:26,0.35,29450,2389500
20240118,10:16:27,0.35,9050,2389500
20240118,10:16:28,0.35,4050,2389500
20240118,10:16:29,0.3,50,2389500
20240118,10:16:30,0.35,100,2389500
20240118,10:16:31,0.3,50,2389500
20240118,10:16:32,0.3,350,2389500
20240118,10:16:33,0.3,100,2389500
20240118,10:16:34,0.35,2050,2389500
20240118,10:16:35,0.3,200,2389500
20240118,10:16:36,0.3,3000,2389500
20240118,10:16:37,0.35,250,2389500
20240118,10:16:38,0.3,200,2389500
20240118,10:16:39,0.3,250,2389500
20240118,10:16:40,0.3,200,2389500
20240118,10:16:42,0.3,650,2389500
20240118,10:16:44,0.3,900,2389500
20240118,10:16:45,0.3,350,2389500
20240118,10:16:46,0.35,50,2389500
20240118,10:16:47,0.3,2200,2389500
20240118,10:16:48,0.35,250,2389500
20240118,10:16:50,0.3,400,2389500
20240118,10:16:52,0.35,1000,2389500
20240118,10:16:53,0.35,50,2389500
20240118,10:16:55,0.3,1800,2389500
20240118,10:16:57,0.35,500,2389500
20240118,10:17:00,0.35,1500,2389500
20240118,10:17:02,0.3,1850,2389500
20240118,10:17:04,0.35,500,2389500
20240118,10:17:05,0.35,50,2389500
20240118,10:17:09,0.35,900,2389500
20240118,10:17:09,0.35,3600,2389500
20240118,10:17:10,0.35,7200,2389500
20240118,10:17:14,0.35,1000,2389500
20240118,10:17:15,0.35,1000,2389500
20240118,10:17:18,0.35,500,2389500
20240118,10:17:21,0.35,500,2389500
20240118,10:17:22,0.3,500,2389500
20240118,10:17:23,0.35,100,2389500
20240118,10:17:31,0.3,1150,2389500
20240118,10:17:32,0.3,50,2389500
20240118,10:17:33,0.3,50,2389500
20240118,10:17:34,0.3,50,2389500
20240118,10:17:35,0.3,50,2389500
20240118,10:17:36,0.3,50,2389500
20240118,10:17:37,0.3,50,2389500
20240118,10:17:39,0.35,150,2389500
20240118,10:17:45,0.35,50,2403150
20240118,10:17:48,0.35,500,2403150
20240118,10:17:50,0.3,50,2403150
20240118,10:17:52,0.35,9100,2403150
20240118,10:17:53,0.35,3800,2403150
20240118,10:17:55,0.35,500,2403150
20240118,10:17:55,0.35,50,2403150
20240118,10:18:01,0.35,200,2403150
20240118,10:18:02,0.35,20000,2403150
20240118,10:18:07,0.35,850,2403150
20240118,10:18:08,0.35,3600,2403150
20240118,10:18:09,0.3,50,2403150
20240118,10:18:15,0.35,1000,2403150
20240118,10:18:17,0.35,1000,2403150
20240118,10:18:23,0.35,50,2403150
20240118,10:18:33,0.35,400,2403150
20240118,10:18:42,0.35,50,2403150
20240118,10:18:49,0.35,50,2403150
20240118,10:18:50,0.35,5000,2403150
20240118,10:18:54,0.3,50,2403150
20240118,10:19:02,0.3,5600,2403150
20240118,10:19:03,0.35,250,2403150
20240118,10:19:08,0.35,3600,2403150
20240118,10:19:09,0.3,50,2403150
20240118,10:19:10,0.35,450,2403150
20240118,10:19:11,0.35,600,2403150
20240118,10:19:17,0.35,200,2403150
20240118,10:19:21,0.35,200,2403150
20240118,10:19:22,0.35,1800,2403150
20240118,10:19:31,0.35,1050,2403150
20240118,10:19:33,0.35,1000,2403150
20240118,10:19:35,0.3,2800,2403150
20240118,10:19:36,0.3,100,2403150
20240118,10:19:46,0.3,100,2403150
20240118,10:19:47,0.35,50,2403150
20240118,10:19:49,0.35,600,2403150
20240118,10:20:04,0.3,50,2403150
20240118,10:20:05,0.35,1500,2403150
20240118,10:20:08,0.35,200,2403150
20240118,10:20:19,0.35,50,2403150
20240118,10:20:20,0.35,1000,2403150
20240118,10:20:21,0.35,1000,2403150
20240118,10:20:23,0.35,1000,2403150
20240118,10:20:24,0.3,50,2403150
20240118,10:20:25,0.3,50,2403150
20240118,10:20:26,0.3,200,2403150
20240118,10:20:27,0.3,50,2403150
20240118,10:20:28,0.3,1050,2403150
20240118,10:20:29,0.3,200,2403150
20240118,10:20:30,0.35,2100,2403150
20240118,10:20:31,0.3,200,2403150
20240118,10:20:32,0.3,200,2403150
20240118,10:20:33,0.3,200,2403150
20240118,10:20:34,0.35,1200,2403150
20240118,10:20:35,0.35,850,2403150
20240118,10:20:36,0.3,1600,2403150
20240118,10:20:37,0.3,200,2403150
20240118,10:20:38,0.3,2000,2403150
20240118,10:20:39,0.3,200,2403150
20240118,10:20:40,0.3,750,2403150
20240118,10:20:41,0.3,1600,2403150
20240118,10:20:42,0.3,200,2403150
20240118,10:20:43,0.3,400,2403100
20240118,10:20:44,0.35,1200,2403100
20240118,10:20:45,0.35,1000,2403100
20240118,10:20:46,0.3,1200,2403100
20240118,10:20:47,0.3,400,2403100
20240118,10:20:48,0.3,200,2403100
20240118,10:20:50,0.3,50,2403100
20240118,10:20:51,0.3,200,2403100
20240118,10:20:52,0.3,200,2403100
20240118,10:20:53,0.35,250,2403100
20240118,10:20:58,0.3,50,2403100
20240118,10:20:59,0.3,200,2403100
20240118,10:21:00,0.3,200,2403100
20240118,10:21:01,0.3,200,2403100
20240118,10:21:04,0.3,200,2403100
20240118,10:21:06,0.3,200,2403100
20240118,10:21:06,0.35,650,2403100
20240118,10:21:07,0.3,200,2403100
20240118,10:21:08,0.3,200,2403100
20240118,10:21:09,0.3,200,2403100
20240118,10:21:10,0.3,200,2403100
20240118,10:21:11,0.3,200,2403100
20240118,10:21:12,0.3,200,2403100
20240118,10:21:13,0.3,200,2403100
20240118,10:21:14,0.3,200,2403100
20240118,10:21:15,0.3,150,2403100
20240118,10:21:16,0.3,800,2403100
20240118,10:21:17,0.35,4100,2403100
20240118,10:21:18,0.35,1400,2403100
20240118,10:21:19,0.35,2300,2403100
20240118,10:21:20,0.35,1800,2403100
20240118,10:21:23,0.35,300,2403100
20240118,10:21:24,0.35,1800,2403100
20240118,10:21:28,0.35,1000,2403100
20240118,10:21:38,0.35,1800,2403100
20240118,10:21:38,0.35,1850,2403100
20240118,10:21:52,0.3,1800,2403100
20240118,10:21:53,0.35,1700,2403100
20240118,10:21:55,0.35,1900,2403100
20240118,10:21:58,0.3,3600,2403100
20240118,10:22:02,0.3,5000,2403100
20240118,10:22:07,0.35,450,2403100
20240118,10:22:08,0.35,400,2403100
20240118,10:22:11,0.35,50,2403100
20240118,10:22:12,0.3,250,2403100
20240118,10:22:15,0.35,600,2403100
20240118,10:22:20,0.35,950,2403100
20240118,10:22:20,0.35,200,2403100
20240118,10:22:22,0.3,50,2403100
20240118,10:22:23,0.35,1800,2403100
20240118,10:22:24,0.35,50,2403100
20240118,10:22:25,0.35,50,2403100
20240118,10:22:26,0.35,100,2403100
20240118,10:22:28,0.35,1100,2403100
20240118,10:22:29,0.35,50,2403100
20240118,10:22:39,0.35,500,2403100
20240118,10:22:41,0.35,700,2403100
20240118,10:22:54,0.3,1200,2403100
20240118,10:22:57,0.35,50,2403100
20240118,10:22:58,0.35,50,2403100
20240118,10:22:59,0.3,1050,2403100
20240118,10:23:00,0.35,50,2403100
20240118,10:23:01,0.35,50,2403100
20240118,10:23:02,0.35,50,2403100
20240118,10:23:03,0.35,50,2403100
20240118,10:23:06,0.35,450,2403100
20240118,10:23:16,0.3,1000,2403100
20240118,10:23:17,0.35,50,2403100
20240118,10:23:22,0.35,1000,2403100
20240118,10:23:26,0.35,50,2403100
20240118,10:23:27,0.35,50,2403100
20240118,10:23:28,0.35,50,2403100
20240118,10:23:29,0.35,50,2403100
20240118,10:23:30,0.35,50,2403100
20240118,10:23:31,0.35,50,2403100
20240118,10:23:32,0.35,50,2403100
20240118,10:23:33,0.35,50,2403100
20240118,10:23:34,0.35,50,2403100
20240118,10:23:35,0.3,350,2403100
20240118,10:23:37,0.35,100,2403100
20240118,10:23:37,0.35,150,2403100
20240118,10:23:38,0.35,50,2403100
20240118,10:23:39,0.35,50,2403100
20240118,10:23:46,0.35,50,2399050
20240118,10:23:47,0.35,50,2399050
20240118,10:23:48,0.35,50,2399050
20240118,10:23:49,0.35,50,2399050
20240118,10:23:50,0.35,50,2399050
20240118,10:23:51,0.35,50,2399050
20240118,10:23:52,0.35,50,2399050
20240118,10:23:53,0.35,600,2399050
20240118,10:23:54,0.35,5200,2399050
20240118,10:23:55,0.3,500,2399050
20240118,10:23:58,0.3,200,2399050
20240118,10:24:02,0.35,50,2399050
20240118,10:24:03,0.35,50,2399050
20240118,10:24:04,0.35,150,2399050
20240118,10:24:05,0.35,50,2399050
20240118,10:24:06,0.35,50,2399050
20240118,10:24:08,0.35,50,2399050
20240118,10:24:11,0.35,50,2399050
20240118,10:24:12,0.35,1000,2399050
20240118,10:24:13,0.35,950,2399050
20240118,10:24:14,0.35,50,2399050
20240118,10:24:15,0.35,50,2399050
20240118,10:24:16,0.35,50,2399050
20240118,10:24:17,0.35,750,2399050
20240118,10:24:20,0.35,50,2399050
20240118,10:24:21,0.35,50,2399050
20240118,10:24:22,0.35,1550,2399050
20240118,10:24:23,0.35,100,2399050
20240118,10:24:24,0.35,150,2399050
20240118,10:24:25,0.35,150,2399050
20240118,10:24:26,0.35,150,2399050
20240118,10:24:27,0.35,150,2399050
20240118,10:24:28,0.35,150,2399050
20240118,10:24:29,0.35,150,2399050
20240118,10:24:30,0.35,150,2399050
20240118,10:24:31,0.35,200,2399050
20240118,10:24:32,0.35,200,2399050
20240118,10:24:33,0.35,50,2399050
20240118,10:24:34,0.35,50,2399050
20240118,10:24:35,0.35,50,2399050
20240118,10:24:41,0.35,50,2399050
20240118,10:24:42,0.3,5000,2399050
20240118,10:24:43,0.35,1800,2399050
20240118,10:24:44,0.35,1850,2399050
20240118,10:24:45,0.3,50,2399050
20240118,10:25:00,0.35,50,2399050
20240118,10:25:07,0.35,50,2399050
20240118,10:25:08,0.35,50,2399050
20240118,10:25:09,0.35,50,2399050
20240118,10:25:10,0.35,50,2399050
20240118,10:25:11,0.35,50,2399050
20240118,10:25:12,0.3,350,2399050
20240118,10:25:13,0.35,100,2399050
20240118,10:25:16,0.35,50,2399050
20240118,10:25:17,0.35,50,2399050
20240118,10:25:18,0.35,50,2399050
20240118,10:25:19,0.35,50,2399050
20240118,10:25:20,0.35,50,2399050
20240118,10:25:21,0.35,50,2399050
20240118,10:25:22,0.35,50,2399050
20240118,10:25:23,0.35,50,2399050
20240118,10:25:24,0.35,50,2399050
20240118,10:25:26,0.35,50,2399050
20240118,10:25:28,0.35,650,2399050
20240118,10:25:30,0.35,50,2399050
20240118,10:25:31,0.35,550,2399050
20240118,10:25:32,0.3,550,2399050
20240118,10:25:39,0.3,150,2399050
20240118,10:25:41,0.35,50,2399050
20240118,10:25:42,0.35,50,2399050
20240118,10:25:43,0.35,1650,2399050
20240118,10:25:44,0.35,1600,2399050
20240118,10:25:45,0.35,1600,2399050
20240118,10:25:46,0.35,1850,2399050
20240118,10:25:53,0.35,150,2399050
20240118,10:25:57,0.35,50,2399050
20240118,10:25:58,0.3,1000,2399050
20240118,10:25:59,0.3,350,2399050
20240118,10:26:00,0.35,600,2399050
20240118,10:26:02,0.3,100,2399050
20240118,10:26:04,0.3,1800,2399050
20240118,10:26:05,0.3,9000,2399050
20240118,10:26:06,0.35,3650,2399050
20240118,10:26:07,0.35,950,2399050
20240118,10:26:08,0.35,1000,2399050
20240118,10:26:09,0.35,300,2399050
20240118,10:26:12,0.35,1000,2399050
20240118,10:26:16,0.35,200,2399050
20240118,10:26:18,0.35,50,2399050
20240118,10:26:19,0.35,50,2399050
20240118,10:26:20,0.35,50,2399050
20240118,10:26:21,0.35,1050,2399050
20240118,10:26:24,0.35,50,2399050
20240118,10:26:25,0.35,300,2399050
20240118,10:26:27,0.35,100,2399050
20240118,10:26:28,0.35,1000,2399050
20240118,10:26:35,0.3,500,2399050
20240118,10:26:36,0.35,250,2399050
20240118,10:26:42,0.35,1700,2399050
20240118,10:26:51,0.35,950,2413300
20240118,10:26:52,0.35,2700,2413300
20240118,10:26:55,0.35,350,2413300
20240118,10:26:58,0.3,2000,2413300
20240118,10:26:59,0.35,200,2413300
20240118,10:27:03,0.35,50,2413300
20240118,10:27:04,0.35,150,2413300
20240118,10:27:05,0.35,150,2413300
20240118,10:27:06,0.35,150,2413300
20240118,10:27:07,0.3,2150,2413300
20240118,10:27:08,0.35,450,2413300
20240118,10:27:09,0.35,400,2413300
20240118,10:27:10,0.35,200,2413300
20240118,10:27:11,0.35,200,2413300
20240118,10:27:12,0.35,200,2413300
20240118,10:27:13,0.35,200,2413300
20240118,10:27:14,0.35,7400,2413300
20240118,10:27:15,0.35,200,2413300
20240118,10:27:16,0.35,1200,2413300
20240118,10:27:17,0.35,200,2413300
20240118,10:27:18,0.35,200,2413300
20240118,10:27:19,0.35,200,2413300
20240118,10:27:20,0.35,7400,2413300
20240118,10:27:21,0.35,200,2413300
20240118,10:27:22,0.35,200,2413300
20240118,10:27:23,0.35,700,2413300
20240118,10:27:24,0.35,200,2413300
20240118,10:27:25,0.35,200,2413300
20240118,10:27:26,0.35,200,2413300
20240118,10:27:27,0.35,200,2413300
20240118,10:27:28,0.35,200,2413300
20240118,10:27:31,0.3,1800,2413300
20240118,10:27:34,0.35,50,2413300
20240118,10:27:35,0.35,200,2413300
20240118,10:27:36,0.35,200,2413300
20240118,10:27:37,0.35,200,2413300
20240118,10:27:38,0.35,200,2413300
20240118,10:27:39,0.35,200,2413300
20240118,10:27:40,0.35,200,2413300
20240118,10:27:42,0.35,500,2413300
20240118,10:27:42,0.3,50,2413300
20240118,10:27:51,0.3,1800,2413300
20240118,10:27:52,0.35,50,2413300
20240118,10:27:53,0.35,100,2413300
20240118,10:28:01,0.35,1500,2413300
20240118,10:28:02,0.35,200,2413300
20240118,10:28:04,0.3,1800,2413300
20240118,10:28:11,0.35,450,2413300
20240118,10:28:12,0.35,400,2413300
20240118,10:28:14,0.3,500,2413300
20240118,10:28:18,0.35,50,2413300
20240118,10:28:20,0.3,500,2413300
20240118,10:28:23,0.3,500,2413300
20240118,10:28:27,0.3,500,2413300
20240118,10:28:28,0.35,50,2413300
20240118,10:28:29,0.35,50,2413300
20240118,10:28:30,0.35,50,2413300
20240118,10:28:31,0.3,500,2413300
20240118,10:28:33,0.35,50,2413300
20240118,10:28:36,0.3,550,2413300
20240118,10:28:37,0.35,50,2413300
20240118,10:28:40,0.35,50,2413300
20240118,10:28:41,0.35,50,2413300
20240118,10:28:42,0.35,50,2413300
20240118,10:28:43,0.35,50,2413300
20240118,10:28:44,0.35,50,2413300
20240118,10:28:47,0.35,100,2413300
20240118,10:28:48,0.35,200,2413300
20240118,10:28:49,0.35,200,2413300
20240118,10:28:50,0.35,200,2413300
20240118,10:28:51,0.35,200,2413300
20240118,10:28:52,0.35,50,2413300
20240118,10:28:54,0.35,50,2413300
20240118,10:28:59,0.3,100,2413300
20240118,10:29:01,0.3,50,2413300
20240118,10:29:04,0.35,50,2413300
20240118,10:29:10,0.35,450,2413300
20240118,10:29:14,0.35,1000,2413300
20240118,10:29:22,0.3,500,2413300
20240118,10:29:25,0.3,50,2413300
20240118,10:29:29,0.3,500,2413300
20240118,10:29:37,0.35,50,2413300
20240118,10:29:38,0.3,800,2413300
20240118,10:29:39,0.35,200,2413300
20240118,10:29:40,0.35,200,2413300
20240118,10:29:41,0.35,200,2413300
20240118,10:29:42,0.3,250,2413300
20240118,10:29:43,0.35,200,2413300
20240118,10:29:44,0.35,200,2397300
20240118,10:29:45,0.35,250,2397300
20240118,10:29:46,0.35,200,2397300
20240118,10:29:47,0.3,250,2397300
20240118,10:29:48,0.35,200,2397300
20240118,10:29:49,0.35,200,2397300
20240118,10:29:50,0.3,250,2397300
20240118,10:29:51,0.3,1200,2397300
20240118,10:29:52,0.35,200,2397300
20240118,10:29:53,0.3,100,2397300
20240118,10:29:54,0.35,200,2397300
20240118,10:29:55,0.35,200,2397300
20240118,10:29:56,0.3,250,2397300
20240118,10:29:57,0.35,200,2397300
20240118,10:29:58,0.35,200,2397300
20240118,10:29:59,0.35,200,2397300
20240118,10:30:00,0.35,200,2397300
20240118,10:30:01,0.3,250,2397300
20240118,10:30:02,0.35,200,2397300
20240118,10:30:03,0.35,1050,2397300
20240118,10:30:04,0.35,50,2397300
20240118,10:30:05,0.35,100,2397300
20240118,10:30:06,0.35,50,2397300
20240118,10:30:07,0.35,200,2397300
20240118,10:30:08,0.35,200,2397300
20240118,10:30:10,0.35,500,2397300
20240118,10:30:11,0.35,400,2397300
20240118,10:30:12,0.3,100,2397300
20240118,10:30:13,0.35,50,2397300
20240118,10:30:14,0.35,50,2397300
20240118,10:30:15,0.35,50,2397300
20240118,10:30:16,0.35,100,2397300
20240118,10:30:17,0.35,50,2397300
20240118,10:30:19,0.35,250,2397300
20240118,10:30:23,0.3,50,2397300
20240118,10:30:28,0.35,400,2397300
20240118,10:30:33,0.35,50,2397300
20240118,10:30:35,0.35,400,2397300
20240118,10:30:44,0.35,2850,2397300
20240118,10:30:45,0.35,1800,2397300
20240118,10:30:47,0.35,1650,2397300
20240118,10:30:47,0.35,400,2397300
20240118,10:30:50,0.3,500,2397300
20240118,10:30:55,0.3,50,2397300
20240118,10:30:56,0.35,50,2397300
20240118,10:30:58,0.35,1350,2397300
20240118,10:30:59,0.35,1800,2397300
20240118,10:31:00,0.35,650,2397300
20240118,10:31:01,0.35,1100,2397300
20240118,10:31:03,0.35,100,2397300
20240118,10:31:05,0.35,1600,2397300
20240118,10:31:06,0.3,800,2397300
20240118,10:31:08,0.35,450,2397300
20240118,10:31:10,0.3,7200,2397300
20240118,10:31:16,0.35,1500,2397300
20240118,10:31:23,0.3,50,2397300
20240118,10:31:27,0.3,100,2397300
20240118,10:31:28,0.35,50,2397300
20240118,10:31:30,0.3,150,2397300
20240118,10:31:37,0.35,1000,2397300
20240118,10:31:39,0.3,50,2397300
20240118,10:31:40,0.3,50,2397300
20240118,10:31:41,0.3,300,2397300
20240118,10:31:42,0.3,50,2397300
20240118,10:31:43,0.3,50,2397300
20240118,10:31:44,0.3,100,2397300
20240118,10:31:45,0.3,200,2397300
20240118,10:31:46,0.3,200,2397300
20240118,10:31:47,0.35,18200,2397300
20240118,10:31:48,0.35,500,2397300
20240118,10:31:49,0.35,4000,2397300
20240118,10:31:55,0.3,200,2397300
20240118,10:32:00,0.3,50,2397300
20240118,10:32:03,0.3,50,2397300
20240118,10:32:04,0.3,50,2397300
20240118,10:32:07,0.35,50,2397300
20240118,10:32:09,0.35,50,2397300
20240118,10:32:09,0.35,450,2397300
20240118,10:32:10,0.35,400,2397300
20240118,10:32:14,0.35,400,2397300
20240118,10:32:20,0.3,350,2397300
20240118,10:32:33,0.35,400,2397300
20240118,10:32:50,0.3,1050,2397300
20240118,10:32:51,0.35,500,2397300
20240118,10:32:59,0.35,600,2397300
20240118,10:33:00,0.35,1800,2397300
20240118,10:33:04,0.35,500,2397300
20240118,10:33:05,0.35,50,2397300
20240118,10:33:07,0.35,450,2397300
20240118,10:33:13,0.35,2150,2397300
20240118,10:33:25,0.35,500,2397300
20240118,10:33:27,0.35,1000,2397300
20240118,10:33:28,0.35,150,2397300
20240118,10:33:34,0.3,1050,2397300
20240118,10:33:41,0.35,1000,2397300
20240118,10:33:43,0.35,50,2397300
20240118,10:33:49,0.3,200,2397300
20240118,10:33:50,0.35,50,2397300
20240118,10:33:59,0.35,1800,2397300
20240118,10:34:00,0.35,1800,2397300
20240118,10:34:01,0.35,1400,2397300
20240118,10:34:07,0.35,1800,2397300
20240118,10:34:08,0.35,50,2397300
20240118,10:34:09,0.35,1050,2397300
20240118,10:34:10,0.35,200,2397300
20240118,10:34:12,0.35,700,2397300
20240118,10:34:13,0.35,250,2397300
20240118,10:34:14,0.35,200,2397300
20240118,10:34:15,0.35,200,2397300
20240118,10:34:17,0.35,700,2397300
20240118,10:34:18,0.35,200,2397300
20240118,10:34:18,0.35,500,2397300
20240118,10:34:19,0.35,200,2397300
20240118,10:34:20,0.35,1450,2397300
20240118,10:34:21,0.35,200,2397300
20240118,10:34:22,0.35,200,2397300
20240118,10:34:24,0.35,400,2397300
20240118,10:34:25,0.35,200,2397300
20240118,10:34:26,0.35,200,2397300
20240118,10:34:30,0.35,50,2397300
20240118,10:34:32,0.3,100,2397300
20240118,10:34:55,0.35,50,2397300
20240118,10:34:56,0.35,50,2397300
20240118,10:34:57,0.35,1200,2397300
20240118,10:34:58,0.35,200,2397300
20240118,10:34:59,0.35,200,2397300
20240118,10:35:00,0.35,200,2397300
20240118,10:35:01,0.35,200,2397300
20240118,10:35:03,0.35,50,2397300
20240118,10:35:06,0.35,50,2397300
20240118,10:35:07,0.35,50,2397300
20240118,10:35:08,0.35,150,2397300
20240118,10:35:09,0.3,3600,2397300
20240118,10:35:10,0.35,3650,2397300
20240118,10:35:27,0.35,250,2397300
20240118,10:35:29,0.3,500,2397300
20240118,10:35:30,0.35,650,2397300
20240118,10:35:32,0.3,2000,2397300
20240118,10:35:33,0.35,1400,2397300
20240118,10:35:34,0.3,100,2397300
20240118,10:35:46,0.35,1000,2397300
20240118,10:35:47,0.3,400,2396200
20240118,10:35:48,0.35,50,2396200
20240118,10:35:49,0.35,50,2396200
20240118,10:35:50,0.35,50,2396200
20240118,10:35:51,0.35,50,2396200
20240118,10:35:52,0.35,50,2396200
20240118,10:35:53,0.3,14400,2396200
20240118,10:35:54,0.35,5650,2396200
20240118,10:35:58,0.35,1000,2396200
20240118,10:36:03,0.35,7500,2396200
20240118,10:36:04,0.35,3200,2396200
20240118,10:36:06,0.35,100,2396200
20240118,10:36:07,0.3,50,2396200
20240118,10:36:08,0.35,850,2396200
20240118,10:36:16,0.35,1050,2396200
20240118,10:36:23,0.3,50,2396200
20240118,10:36:24,0.3,200,2396200
20240118,10:36:25,0.3,200,2396200
20240118,10:36:26,0.35,750,2396200
20240118,10:36:27,0.3,200,2396200
20240118,10:36:28,0.3,200,2396200
20240118,10:36:29,0.3,250,2396200
20240118,10:36:30,0.35,450,2396200
20240118,10:36:31,0.3,100,2396200
20240118,10:36:32,0.3,50,2396200
20240118,10:36:33,0.3,100,2396200
20240118,10:36:34,0.3,50,2396200
20240118,10:36:35,0.3,50,2396200
20240118,10:36:36,0.3,50,2396200
20240118,10:36:39,0.35,500,2396200
20240118,10:36:42,0.3,50,2396200
20240118,10:36:43,0.3,50,2396200
20240118,10:36:44,0.3,50,2396200
20240118,10:36:46,0.3,50,2396200
20240118,10:36:47,0.3,50,2396200
20240118,10:36:48,0.3,750,2396200
20240118,10:36:49,0.3,200,2396200
20240118,10:36:50,0.3,750,2396200
20240118,10:36:51,0.3,200,2396200
20240118,10:36:52,0.3,200,2396200
20240118,10:36:53,0.3,1050,2396200
20240118,10:36:54,0.35,1000,2396200
20240118,10:36:55,0.3,450,2396200
20240118,10:36:56,0.3,200,2396200
20240118,10:36:57,0.35,1250,2396200
20240118,10:36:58,0.3,450,2396200
20240118,10:36:59,0.3,250,2396200
20240118,10:37:00,0.3,200,2396200
20240118,10:37:01,0.3,200,2396200
20240118,10:37:02,0.35,2900,2396200
20240118,10:37:03,0.3,200,2396200
20240118,10:37:04,0.35,5500,2396200
20240118,10:37:05,0.35,1700,2396200
20240118,10:37:06,0.3,200,2396200
20240118,10:37:07,0.35,650,2396200
20240118,10:37:08,0.3,200,2396200
20240118,10:37:09,0.3,200,2396200
20240118,10:37:10,0.3,200,2396200
20240118,10:37:11,0.3,200,2396200
20240118,10:37:12,0.3,200,2396200
20240118,10:37:13,0.3,200,2396200
20240118,10:37:14,0.3,200,2396200
20240118,10:37:15,0.3,200,2396200
20240118,10:37:16,0.3,200,2396200
20240118,10:37:17,0.3,200,2396200
20240118,10:37:18,0.3,200,2396200
20240118,10:37:19,0.3,200,2396200
20240118,10:37:20,0.3,200,2396200
20240118,10:37:21,0.3,200,2396200
20240118,10:37:22,0.3,400,2396200
20240118,10:37:23,0.3,200,2396200
20240118,10:37:24,0.3,200,2396200
20240118,10:37:25,0.3,200,2396200
20240118,10:37:26,0.3,200,2396200
20240118,10:37:27,0.3,200,2396200
20240118,10:37:28,0.3,200,2396200
20240118,10:37:29,0.3,200,2396200
20240118,10:37:30,0.3,200,2396200
20240118,10:37:31,0.3,200,2396200
20240118,10:37:32,0.3,200,2396200
20240118,10:37:39,0.35,150,2396200
20240118,10:37:46,0.3,500,2396200
20240118,10:37:51,0.3,700,2396200
20240118,10:38:02,0.35,500,2396200
20240118,10:38:04,0.35,300,2396200
20240118,10:38:07,0.3,500,2396200
20240118,10:38:09,0.35,850,2396200
20240118,10:38:10,0.35,600,2396200
20240118,10:38:11,0.35,2450,2396200
20240118,10:38:15,0.35,100,2396200
20240118,10:38:27,0.35,100,2396200
20240118,10:38:30,0.35,1800,2396200
20240118,10:38:31,0.35,1800,2396200
20240118,10:38:33,0.35,1800,2396200
20240118,10:38:37,0.35,1100,2396200
20240118,10:38:51,0.35,600,2396200
20240118,10:38:52,0.3,100,2395200
20240118,10:38:53,0.35,600,2395200
20240118,10:38:54,0.35,1100,2395200
20240118,10:38:55,0.35,600,2395200
20240118,10:39:05,0.35,500,2395200
20240118,10:39:09,0.35,450,2395200
20240118,10:39:10,0.35,50,2395200
20240118,10:39:11,0.3,500,2395200
20240118,10:39:12,0.35,600,2395200
20240118,10:39:15,0.35,300,2395200
20240118,10:39:16,0.3,50,2395200
20240118,10:39:21,0.3,50,2395200
20240118,10:39:23,0.35,400,2395200
20240118,10:39:31,0.35,50,2395200
20240118,10:39:40,0.35,300,2395200
20240118,10:39:43,0.35,500,2395200
20240118,10:39:44,0.35,550,2395200
20240118,10:39:45,0.3,700,2395200
20240118,10:39:46,0.35,400,2395200
20240118,10:39:48,0.3,3600,2395200
20240118,10:39:49,0.3,10800,2395200
20240118,10:39:53,0.3,50,2395200
20240118,10:39:54,0.35,150,2395200
20240118,10:39:56,0.35,900,2395200
20240118,10:39:56,0.35,1800,2395200
20240118,10:39:57,0.3,7200,2395200
20240118,10:39:58,0.35,1800,2395200
20240118,10:40:01,0.3,5400,2395200
20240118,10:40:02,0.3,1800,2395200
20240118,10:40:04,0.3,3600,2395200
20240118,10:40:11,0.35,500,2395200
20240118,10:40:24,0.3,1800,2395200
20240118,10:40:25,0.3,7200,2395200
20240118,10:40:26,0.3,12600,2395200
20240118,10:40:27,0.3,3600,2395200
20240118,10:40:34,0.35,100,2395200
20240118,10:40:35,0.3,200,2395200
20240118,10:40:36,0.35,200,2395200
20240118,10:40:37,0.3,6250,2395200
20240118,10:40:40,0.35,13550,2395200
20240118,10:40:41,0.35,1400,2395200
20240118,10:40:42,0.35,250,2395200
20240118,10:40:43,0.35,1000,2395200
20240118,10:40:50,0.3,1800,2395200
20240118,10:40:51,0.3,10800,2395200
20240118,10:40:52,0.3,9400,2395200
20240118,10:41:01,0.35,2300,2395200
20240118,10:41:02,0.35,800,2395200
20240118,10:41:04,0.35,250,2395200
20240118,10:41:05,0.35,1450,2395200
20240118,10:41:06,0.3,1550,2395200
20240118,10:41:07,0.35,450,2395200
20240118,10:41:10,0.35,2100,2395200
20240118,10:41:16,0.35,1800,2395200
20240118,10:41:19,0.3,3600,2395200
20240118,10:41:21,0.35,100,2395200
20240118,10:41:22,0.35,200,2395200
20240118,10:41:24,0.35,1000,2395200
20240118,10:41:26,0.3,5400,2395200
20240118,10:41:26,0.3,4200,2395200
20240118,10:41:28,0.35,50,2395200
20240118,10:41:43,0.35,50,2395200
20240118,10:41:49,0.35,500,2398500
20240118,10:41:49,0.3,750,2398500
20240118,10:41:50,0.3,400,2398500
20240118,10:41:55,0.35,400,2398500
20240118,10:41:58,0.35,3000,2398500
20240118,10:42:03,0.3,50,2398500
20240118,10:42:04,0.35,1500,2398500
20240118,10:42:07,0.35,850,2398500
20240118,10:42:11,0.3,200,2398500
20240118,10:42:22,0.3,100,2398500
20240118,10:42:27,0.35,50,2398500
20240118,10:42:31,0.3,50,2398500
20240118,10:42:32,0.3,50,2398500
20240118,10:42:33,0.3,50,2398500
20240118,10:42:34,0.3,50,2398500
20240118,10:42:35,0.3,50,2398500
20240118,10:42:36,0.3,50,2398500
20240118,10:42:37,0.3,50,2398500
20240118,10:42:38,0.3,50,2398500
20240118,10:42:39,0.3,50,2398500
20240118,10:42:40,0.3,250,2398500
20240118,10:42:42,0.3,100,2398500
20240118,10:42:44,0.3,50,2398500
20240118,10:42:45,0.3,50,2398500
20240118,10:42:46,0.3,200,2398500
20240118,10:42:48,0.3,2100,2398500
20240118,10:42:50,0.35,450,2398500
20240118,10:42:51,0.3,200,2398500
20240118,10:42:52,0.35,150,2398500
20240118,10:42:53,0.3,200,2398500
20240118,10:42:54,0.3,400,2398500
20240118,10:42:55,0.3,200,2398500
20240118,10:42:56,0.3,200,2398500
20240118,10:42:57,0.3,200,2398500
20240118,10:42:58,0.3,200,2398500
20240118,10:42:59,0.3,200,2398500
20240118,10:43:00,0.3,200,2398500
20240118,10:43:02,0.3,700,2398500
20240118,10:43:03,0.3,200,2398500
20240118,10:43:05,0.3,250,2398500
20240118,10:43:06,0.3,250,2398500
20240118,10:43:07,0.3,200,2398500
20240118,10:43:08,0.3,200,2398500
20240118,10:43:09,0.3,2000,2398500
20240118,10:43:10,0.3,200,2398500
20240118,10:43:11,0.3,200,2398500
20240118,10:43:12,0.3,400,2398500
20240118,10:43:13,0.3,1300,2398500
20240118,10:43:14,0.3,200,2398500
20240118,10:43:15,0.3,250,2398500
20240118,10:43:16,0.35,2100,2398500
20240118,10:43:21,0.3,1800,2398500
20240118,10:43:24,0.3,250,2398500
20240118,10:43:29,0.3,1800,2398500
20240118,10:43:36,0.3,1850,2398500
20240118,10:43:37,0.35,1000,2398500
20240118,10:43:42,0.3,1800,2398500
20240118,10:43:47,0.35,50,2398500
20240118,10:43:48,0.3,1850,2398500
20240118,10:43:51,0.35,50,2398500
20240118,10:43:55,0.35,2000,2398500
20240118,10:43:57,0.35,100,2398500
20240118,10:44:02,0.3,1800,2398500
20240118,10:44:05,0.35,600,2398500
20240118,10:44:07,0.3,450,2398500
20240118,10:44:08,0.35,850,2398500
20240118,10:44:21,0.3,200,2398500
20240118,10:44:25,0.35,200,2398500
20240118,10:44:31,0.35,1800,2398500
20240118,10:44:32,0.35,1800,2398500
20240118,10:44:49,0.3,600,2393100
20240118,10:44:52,0.35,200,2393100
20240118,10:44:53,0.35,500,2393100
20240118,10:44:54,0.3,2000,2393100
20240118,10:44:55,0.35,1600,2393100
20240118,10:44:58,0.3,800,2393100
20240118,10:44:59,0.35,1000,2393100
20240118,10:45:01,0.35,50,2393100
20240118,10:45:01,0.3,1250,2393100
20240118,10:45:07,0.35,400,2393100
20240118,10:45:11,0.3,400,2393100
20240118,10:45:22,0.3,500,2393100
20240118,10:45:31,0.3,200,2393100
20240118,10:45:35,0.3,450,2393100
20240118,10:45:35,0.35,700,2393100
20240118,10:45:40,0.35,900,2393100
20240118,10:45:41,0.35,700,2393100
20240118,10:45:49,0.3,100,2393100
20240118,10:45:52,0.35,1000,2393100
20240118,10:45:53,0.3,2000,2393100
20240118,10:45:56,0.3,100,2393100
20240118,10:46:05,0.35,150,2393100
20240118,10:46:07,0.3,450,2393100
20240118,10:46:08,0.35,850,2393100
20240118,10:46:25,0.35,150,2393100
20240118,10:46:26,0.35,200,2393100
20240118,10:46:34,0.35,50,2393100
20240118,10:46:35,0.35,50,2393100
20240118,10:46:36,0.35,50,2393100
20240118,10:46:37,0.35,1850,2393100
20240118,10:46:38,0.35,50,2393100
20240118,10:46:39,0.35,50,2393100
20240118,10:46:45,0.3,500,2393100
20240118,10:46:46,0.35,1800,2393100
20240118,10:46:47,0.35,50,2393100
20240118,10:46:48,0.35,50,2393100
20240118,10:46:49,0.35,950,2393100
20240118,10:46:50,0.35,450,2393100
20240118,10:46:51,0.35,1150,2393100
20240118,10:46:52,0.35,150,2393100
20240118,10:46:53,0.35,150,2393100
20240118,10:46:54,0.35,150,2393100
20240118,10:46:55,0.35,200,2393100
20240118,10:46:56,0.35,800,2393100
20240118,10:46:57,0.35,200,2393100
20240118,10:46:58,0.35,200,2393100
20240118,10:46:59,0.35,200,2393100
20240118,10:47:00,0.35,500,2393100
20240118,10:47:01,0.35,200,2393100
20240118,10:47:02,0.35,200,2393100
20240118,10:47:03,0.35,200,2393100
20240118,10:47:04,0.35,200,2393100
20240118,10:47:05,0.35,200,2393100
20240118,10:47:06,0.35,200,2393100
20240118,10:47:07,0.35,50,2393100
20240118,10:47:08,0.35,50,2393100
20240118,10:47:09,0.3,500,2393100
20240118,10:47:10,0.35,450,2393100
20240118,10:47:11,0.35,50,2393100
20240118,10:47:12,0.35,50,2393100
20240118,10:47:13,0.3,50,2393100
20240118,10:47:16,0.35,50,2393100
20240118,10:47:17,0.35,50,2393100
20240118,10:47:18,0.35,50,2393100
20240118,10:47:19,0.35,50,2393100
20240118,10:47:20,0.35,100,2393100
20240118,10:47:21,0.35,100,2393100
20240118,10:47:22,0.35,100,2393100
20240118,10:47:24,0.3,200,2393100
20240118,10:47:26,0.35,500,2393100
20240118,10:47:29,0.35,3200,2393100
20240118,10:47:30,0.35,1800,2393100
20240118,10:47:31,0.35,50,2393100
20240118,10:47:58,0.3,1500,2393100
20240118,10:47:59,0.3,1600,2393100
20240118,10:48:00,0.3,1600,2393100
20240118,10:48:05,0.35,50,2393100
20240118,10:48:06,0.3,8500,2393100
20240118,10:48:07,0.3,5450,2393100
20240118,10:48:08,0.3,1900,2393100
20240118,10:48:10,0.35,1300,2393100
20240118,10:48:12,0.3,400,2393100
20240118,10:48:13,0.35,10000,2393100
20240118,10:48:22,0.35,1000,2393100
20240118,10:48:23,0.3,1500,2393100
20240118,10:48:27,0.35,250,2393100
20240118,10:48:29,0.3,1850,2393100
20240118,10:48:32,0.35,3600,2393100
20240118,10:48:33,0.35,13800,2393100
20240118,10:48:36,0.3,1500,2393100
20240118,10:48:37,0.3,1500,2393100
20240118,10:48:39,0.3,300,2393100
20240118,10:48:43,0.35,500,2393100
20240118,10:48:49,0.3,50,2393100
20240118,10:48:54,0.35,100,2393100
20240118,10:48:55,0.3,300,2393100
20240118,10:48:56,0.3,650,2393100
20240118,10:48:57,0.3,500,2393100
20240118,10:48:59,0.35,500,2393100
20240118,10:49:02,0.3,300,2393100
20240118,10:49:03,0.3,250,2393100
20240118,10:49:04,0.3,850,2393100
20240118,10:49:05,0.3,700,2393100
20240118,10:49:06,0.3,500,2393100
20240118,10:49:07,0.3,250,2393100
20240118,10:49:08,0.35,900,2393100
20240118,10:49:10,0.3,50,2393100
20240118,10:49:11,0.3,400,2393100
20240118,10:49:12,0.3,350,2393100
20240118,10:49:16,0.3,250,2393100
20240118,10:49:17,0.3,250,2393100
20240118,10:49:18,0.3,3050,2393100
20240118,10:49:19,0.35,200,2393100
20240118,10:49:20,0.35,50,2393100
20240118,10:49:23,0.3,1800,2393100
20240118,10:49:26,0.35,1000,2393100
20240118,10:49:31,0.3,50,2393100
20240118,10:49:34,0.35,500,2393100
20240118,10:49:35,0.3,800,2393100
20240118,10:49:36,0.3,400,2393100
20240118,10:49:37,0.3,800,2393100
20240118,10:49:38,0.35,550,2393100
20240118,10:49:39,0.3,200,2393100
20240118,10:49:41,0.35,50,2393100
20240118,10:49:43,0.35,450,2393100
20240118,10:49:44,0.35,300,2393100
20240118,10:49:45,0.35,150,2393100
20240118,10:49:46,0.35,2100,2393100
20240118,10:49:49,0.35,100,2393100
20240118,10:49:49,0.35,2700,2393100
20240118,10:49:50,0.35,5250,2393100
20240118,10:49:53,0.3,800,2393100
20240118,10:49:56,0.3,100,2393100
20240118,10:49:57,0.35,800,2393100
20240118,10:49:59,0.3,500,2393100
20240118,10:50:00,0.3,1000,2393100
20240118,10:50:01,0.35,50,2393100
20240118,10:50:02,0.35,1050,2393100
20240118,10:50:03,0.35,100,2393100
20240118,10:50:11,0.35,1800,2393100
20240118,10:50:11,0.3,500,2393100
20240118,10:50:13,0.3,500,2393100
20240118,10:50:17,0.3,2900,2393100
20240118,10:50:17,0.35,1800,2393100
20240118,10:50:18,0.3,1350,2393100
20240118,10:50:22,0.3,500,2393100
20240118,10:50:23,0.3,500,2393100
20240118,10:50:24,0.35,1800,2393100
20240118,10:50:25,0.3,500,2393100
20240118,10:50:26,0.35,100,2393100
20240118,10:50:30,0.35,50,2393100
20240118,10:50:33,0.35,1800,2393100
20240118,10:50:37,0.3,400,2393100
20240118,10:50:37,0.3,200,2393100
20240118,10:50:38,0.3,650,2393100
20240118,10:50:39,0.35,850,2393100
20240118,10:50:40,0.35,1200,2393100
20240118,10:50:41,0.35,2400,2393100
20240118,10:50:42,0.35,6700,2393100
20240118,10:50:43,0.35,100,2393100
20240118,10:50:44,0.35,300,2393100
20240118,10:50:46,0.35,550,2393100
20240118,10:50:48,0.35,1800,2393100
20240118,10:50:50,0.35,800,2378200
20240118,10:50:50,0.35,300,2378200
20240118,10:50:53,0.35,300,2378200
20240118,10:50:54,0.35,300,2378200
20240118,10:51:01,0.3,50,2378200
20240118,10:51:03,0.35,300,2378200
20240118,10:51:07,0.35,900,2378200
20240118,10:51:08,0.35,300,2378200
20240118,10:51:09,0.35,300,2378200
20240118,10:51:13,0.35,1800,2378200
20240118,10:51:13,0.35,6900,2378200
20240118,10:51:14,0.35,2100,2378200
20240118,10:51:16,0.35,5100,2378200
20240118,10:51:17,0.3,2450,2378200
20240118,10:51:20,0.35,350,2378200
20240118,10:51:21,0.35,1800,2378200
20240118,10:51:22,0.35,700,2378200
20240118,10:51:23,0.35,500,2378200
20240118,10:51:24,0.35,300,2378200
20240118,10:51:25,0.35,50,2378200
20240118,10:51:26,0.35,50,2378200
20240118,10:51:28,0.35,1250,2378200
20240118,10:51:30,0.3,3600,2378200
20240118,10:51:32,0.35,50,2378200
20240118,10:51:32,0.35,1800,2378200
20240118,10:51:35,0.3,1800,2378200
20240118,10:51:38,0.35,50,2378200
20240118,10:51:39,0.3,3600,2378200
20240118,10:51:41,0.3,7200,2378200
20240118,10:51:42,0.35,7800,2378200
20240118,10:51:43,0.35,300,2378200
20240118,10:51:48,0.35,50,2378200
20240118,10:51:52,0.3,50,2378200
20240118,10:51:54,0.35,50,2378200
20240118,10:51:56,0.35,300,2378200
20240118,10:51:56,0.35,2400,2378200
20240118,10:52:08,0.3,750,2378200
20240118,10:52:08,0.35,850,2378200
20240118,10:52:15,0.35,1500,2378200
20240118,10:52:16,0.35,1050,2378200
20240118,10:52:17,0.35,450,2378200
20240118,10:52:25,0.35,3000,2378200
20240118,10:52:30,0.35,300,2378200
20240118,10:52:39,0.3,50,2378200
20240118,10:52:41,0.35,450,2378200
20240118,10:52:42,0.35,300,2378200
20240118,10:52:42,0.35,2100,2378200
20240118,10:52:43,0.35,150,2378200
20240118,10:52:52,0.35,2100,2378200
20240118,10:52:53,0.35,300,2378200
20240118,10:52:58,0.35,300,2378200
20240118,10:53:03,0.35,300,2378200
20240118,10:53:05,0.35,300,2378200
20240118,10:53:07,0.3,450,2378200
20240118,10:53:07,0.35,750,2378200
20240118,10:53:09,0.35,300,2378200
20240118,10:53:10,0.3,50,2378200
20240118,10:53:13,0.35,300,2378200
20240118,10:53:27,0.35,1500,2378200
20240118,10:53:34,0.35,50,2378200
20240118,10:53:48,0.35,50,2370100
20240118,10:53:49,0.3,1500,2370100
20240118,10:53:50,0.35,50,2370100
20240118,10:53:52,0.35,100,2370100
20240118,10:54:02,0.35,50,2370100
20240118,10:54:04,0.3,3600,2370100
20240118,10:54:08,0.3,450,2370100
20240118,10:54:09,0.35,850,2370100
20240118,10:54:14,0.35,200,2370100
20240118,10:54:23,0.3,1800,2370100
20240118,10:54:37,0.3,50,2370100
20240118,10:54:52,0.35,900,2370100
20240118,10:55:01,0.3,1800,2370100
20240118,10:55:05,0.35,50,2370100
20240118,10:55:07,0.35,50,2370100
20240118,10:55:08,0.3,900,2370100
20240118,10:55:17,0.3,1500,2370100
20240118,10:55:19,0.3,1500,2370100
20240118,10:55:31,0.3,1500,2370100
20240118,10:55:31,0.35,1450,2370100
20240118,10:55:33,0.35,50,2370100
20240118,10:55:33,0.35,200,2370100
20240118,10:55:35,0.35,100,2370100
20240118,10:55:35,0.35,50,2370100
20240118,10:55:42,0.3,800,2370100
20240118,10:55:47,0.3,250,2370100
20240118,10:55:50,0.3,50,2370100
20240118,10:55:56,0.35,50,2370100
20240118,10:56:02,0.35,400,2370100
20240118,10:56:07,0.35,150,2370100
20240118,10:56:08,0.35,600,2370100
20240118,10:56:08,0.35,450,2370100
20240118,10:56:09,0.35,4900,2370100
20240118,10:56:10,0.35,450,2370100
20240118,10:56:11,0.35,3750,2370100
20240118,10:56:20,0.35,1800,2370100
20240118,10:56:22,0.3,1800,2370100
20240118,10:56:27,0.35,2000,2370100
20240118,10:56:27,0.35,1800,2370100
20240118,10:56:45,0.35,100,2370100
20240118,10:56:47,0.35,100,2370100
20240118,10:56:50,0.3,250,2377300
20240118,10:56:51,0.3,250,2377300
20240118,10:56:52,0.3,250,2377300
20240118,10:56:53,0.35,500,2377300
20240118,10:56:54,0.3,300,2377300
20240118,10:56:55,0.3,750,2377300
20240118,10:56:57,0.3,250,2377300
20240118,10:57:00,0.3,250,2377300
20240118,10:57:05,0.3,250,2377300
20240118,10:57:06,0.3,250,2377300
20240118,10:57:07,0.3,250,2377300
20240118,10:57:08,0.3,450,2377300
20240118,10:57:17,0.3,250,2377300
20240118,10:57:22,0.3,750,2377300
20240118,10:57:23,0.3,1000,2377300
20240118,10:57:24,0.35,50,2377300
20240118,10:57:29,0.3,300,2377300
20240118,10:57:32,0.3,250,2377300
20240118,10:57:38,0.35,50,2377300
20240118,10:57:40,0.3,250,2377300
20240118,10:57:45,0.3,500,2377300
20240118,10:57:49,0.3,250,2377300
20240118,10:58:02,0.35,100,2377300
20240118,10:58:11,0.35,750,2377300
20240118,10:58:12,0.35,600,2377300
20240118,10:58:13,0.35,100,2377300
20240118,10:58:15,0.35,200,2377300
20240118,10:58:20,0.35,50,2377300
20240118,10:58:46,0.35,100,2377300
20240118,10:59:01,0.3,1800,2377300
20240118,10:59:04,0.3,900,2377300
20240118,10:59:07,0.35,150,2377300
20240118,10:59:08,0.35,1350,2377300
20240118,10:59:09,0.3,450,2377300
20240118,10:59:13,0.35,200,2377300
20240118,10:59:25,0.3,150,2377300
20240118,10:59:31,0.35,1000,2377300
20240118,10:59:32,0.3,1000,2377300
20240118,10:59:33,0.35,150,2377300
20240118,10:59:50,0.3,50,2377300
20240118,10:59:51,0.35,50,2377300
20240118,10:59:52,0.35,500,2377300
20240118,10:59:55,0.35,500,2377300
20240118,10:59:58,0.35,200,2377300
20240118,11:00:07,0.3,50,2377300
20240118,11:00:08,0.35,500,2377300
20240118,11:00:09,0.3,50,2377300
20240118,11:00:12,0.35,900,2377300
20240118,11:00:13,0.35,900,2377300
20240118,11:00:16,0.3,400,2377300
20240118,11:00:17,0.35,200,2377300
20240118,11:00:18,0.3,1300,2377300
20240118,11:00:19,0.3,1200,2377300
20240118,11:00:20,0.3,1800,2377300
20240118,11:00:22,0.3,1000,2377300
20240118,11:00:27,0.3,5100,2377300
20240118,11:00:31,0.3,50,2377300
20240118,11:00:34,0.35,1500,2377300
20240118,11:00:35,0.35,4950,2377300
20240118,11:00:36,0.35,4900,2377300
20240118,11:00:37,0.35,4500,2377300
20240118,11:00:38,0.35,3000,2377300
20240118,11:00:39,0.35,4500,2377300
20240118,11:00:40,0.35,4500,2377300
20240118,11:00:41,0.35,6000,2377300
20240118,11:00:42,0.35,4100,2377300
20240118,11:00:43,0.35,2550,2377300
20240118,11:00:44,0.35,4500,2377300
20240118,11:00:45,0.35,3000,2377300
20240118,11:00:46,0.35,5000,2377300
20240118,11:00:48,0.3,1800,2377300
20240118,11:00:59,0.3,50,2377300
20240118,11:01:00,0.3,50,2377300
20240118,11:01:01,0.3,50,2377300
20240118,11:01:02,0.3,50,2377300
20240118,11:01:03,0.3,50,2377300
20240118,11:01:04,0.3,50,2377300
20240118,11:01:05,0.35,1400,2377300
20240118,11:01:17,0.35,100,2377300
20240118,11:01:32,0.3,5400,2377300
20240118,11:01:33,0.35,100,2377300
20240118,11:01:36,0.35,100,2377300
20240118,11:01:40,0.35,100,2377300
20240118,11:01:44,0.3,50,2377300
20240118,11:01:45,0.35,100,2377300
20240118,11:01:49,0.35,50,2377300
20240118,11:02:07,0.35,500,2377300
20240118,11:02:08,0.3,450,2377300
20240118,11:02:09,0.35,400,2377300
20240118,11:02:13,0.35,50,2377300
20240118,11:02:23,0.35,100,2377300
20240118,11:02:40,0.3,100,2377300
20240118,11:02:47,0.3,1350,2377300
20240118,11:03:09,0.3,1200,2381300
20240118,11:03:15,0.3,1200,2381300
20240118,11:03:18,0.3,50,2381300
20240118,11:03:20,0.3,1100,2381300
20240118,11:03:22,0.35,50,2381300
20240118,11:03:28,0.3,500,2381300
20240118,11:03:33,0.3,1800,2381300
20240118,11:03:37,0.3,50,2381300
20240118,11:04:10,0.3,600,2381300
20240118,11:04:10,0.35,850,2381300
20240118,11:04:18,0.35,100,2381300
20240118,11:04:24,0.3,1250,2381300
20240118,11:04:37,0.35,1650,2381300
20240118,11:04:37,0.35,1950,2381300
20240118,11:04:39,0.3,150,2381300
20240118,11:04:43,0.35,50,2381300
20240118,11:04:55,0.35,1200,2381300
20240118,11:04:55,0.35,200,2381300
20240118,11:05:00,0.35,100,2381300
20240118,11:05:00,0.35,50,2381300
20240118,11:05:04,0.35,1000,2381300
20240118,11:05:08,0.35,700,2381300
20240118,11:05:22,0.35,8700,2381300
20240118,11:05:27,0.3,50,2381300
20240118,11:05:28,0.3,1450,2381300
20240118,11:05:31,0.3,50,2381300
20240118,11:05:32,0.35,1300,2381300
20240118,11:05:32,0.35,100,2381300
20240118,11:05:33,0.3,1050,2381300
20240118,11:05:35,0.3,50,2381300
20240118,11:05:38,0.35,900,2381300
20240118,11:05:40,0.3,50,2381300
20240118,11:05:43,0.3,500,2381300
20240118,11:05:44,0.3,50,2381300
20240118,11:05:44,0.35,300,2381300
20240118,11:05:48,0.3,50,2381300
20240118,11:05:52,0.3,50,2381300
20240118,11:05:56,0.3,50,2377350
20240118,11:05:57,0.3,50,2377350
20240118,11:06:00,0.3,50,2377350
20240118,11:06:05,0.3,50,2377350
20240118,11:06:10,0.3,1850,2377350
20240118,11:06:11,0.3,200,2377350
20240118,11:06:13,0.35,850,2377350
20240118,11:06:15,0.3,50,2377350
20240118,11:06:20,0.3,50,2377350
20240118,11:06:24,0.3,50,2377350
20240118,11:06:29,0.3,50,2377350
20240118,11:06:32,0.35,100,2377350
20240118,11:06:34,0.3,50,2377350
20240118,11:06:37,0.3,50,2377350
20240118,11:06:41,0.3,50,2377350
20240118,11:06:46,0.3,50,2377350
20240118,11:06:47,0.35,50,2377350
20240118,11:06:52,0.3,50,2377350
20240118,11:06:57,0.3,100,2377350
20240118,11:07:01,0.35,200,2377350
20240118,11:07:03,0.3,450,2377350
20240118,11:07:03,0.3,500,2377350
20240118,11:07:04,0.35,500,2377350
20240118,11:07:05,0.3,100,2377350
20240118,11:07:07,0.3,450,2377350
20240118,11:07:11,0.3,100,2377350
20240118,11:07:13,0.35,100,2377350
20240118,11:07:14,0.3,100,2377350
20240118,11:07:17,0.3,1800,2377350
20240118,11:07:18,0.3,100,2377350
20240118,11:07:23,0.35,150,2377350
20240118,11:07:24,0.35,150,2377350
20240118,11:07:27,0.3,50,2377350
20240118,11:07:28,0.3,600,2377350
20240118,11:07:29,0.3,50,2377350
20240118,11:07:30,0.35,1250,2377350
20240118,11:07:31,0.35,150,2377350
20240118,11:07:33,0.3,100,2377350
20240118,11:07:35,0.35,200,2377350
20240118,11:07:37,0.3,100,2377350
20240118,11:07:38,0.35,100,2377350
20240118,11:07:39,0.3,500,2377350
20240118,11:07:40,0.35,50,2377350
20240118,11:07:41,0.3,100,2377350
20240118,11:07:43,0.35,900,2377350
20240118,11:07:44,0.35,300,2377350
20240118,11:07:45,0.35,300,2377350
20240118,11:07:46,0.3,100,2377350
20240118,11:07:47,0.35,300,2377350
20240118,11:07:48,0.35,600,2377350
20240118,11:07:49,0.35,100,2377350
20240118,11:07:50,0.3,100,2377350
20240118,11:07:54,0.3,100,2377350
20240118,11:07:57,0.35,600,2377350
20240118,11:07:59,0.3,100,2377350
20240118,11:08:04,0.3,100,2377350
20240118,11:08:06,0.35,400,2377350
20240118,11:08:07,0.3,450,2377350
20240118,11:08:08,0.3,100,2377350
20240118,11:08:10,0.3,50,2377350
20240118,11:08:14,0.3,200,2377350
20240118,11:08:18,0.3,200,2377350
20240118,11:08:24,0.3,50,2377350
20240118,11:08:27,0.35,7150,2377350
20240118,11:08:28,0.3,2000,2377350
20240118,11:08:29,0.35,1000,2377350
20240118,11:08:31,0.35,261050,2377350
20240118,11:08:34,0.35,200,2377350
20240118,11:08:39,0.35,350,2377350
20240118,11:08:41,0.35,300,2377350
20240118,11:08:44,0.35,50,2377350
20240118,11:08:46,0.4,1350,2377350
20240118,11:08:52,0.4,1800,2405200
20240118,11:08:53,0.4,1800,2405200
20240118,11:08:54,0.4,3300,2405200
20240118,11:08:55,0.4,1400,2405200
20240118,11:09:00,0.35,400,2405200
20240118,11:09:02,0.4,950,2405200
20240118,11:09:06,0.35,450,2405200
20240118,11:09:10,0.4,650,2405200
20240118,11:09:13,0.4,250,2405200
20240118,11:09:15,0.35,1200,2405200
20240118,11:09:16,0.4,200,2405200
20240118,11:09:19,0.35,8300,2405200
20240118,11:09:20,0.35,50,2405200
20240118,11:09:23,0.35,350,2405200
20240118,11:09:24,0.35,650,2405200
20240118,11:09:25,0.35,700,2405200
20240118,11:09:29,0.4,1500,2405200
20240118,11:09:31,0.35,1250,2405200
20240118,11:09:34,0.35,1300,2405200
20240118,11:09:36,0.35,1350,2405200
20240118,11:09:37,0.35,650,2405200
20240118,11:09:38,0.35,250,2405200
20240118,11:09:39,0.35,400,2405200
20240118,11:09:41,0.35,250,2405200
20240118,11:09:43,0.35,950,2405200
20240118,11:09:45,0.35,850,2405200
20240118,11:09:46,0.35,250,2405200
20240118,11:09:47,0.35,300,2405200
20240118,11:09:48,0.35,1800,2405200
20240118,11:09:50,0.35,1850,2405200
20240118,11:09:51,0.35,750,2405200
20240118,11:09:51,0.35,400,2405200
20240118,11:09:54,0.35,250,2405200
20240118,11:09:55,0.35,1250,2405200
20240118,11:09:56,0.35,1250,2405200
20240118,11:09:57,0.35,1050,2405200
20240118,11:09:58,0.35,300,2405200
20240118,11:10:00,0.35,1200,2405200
20240118,11:10:00,0.35,1350,2405200
20240118,11:10:01,0.35,1250,2405200
20240118,11:10:02,0.35,3600,2405200
20240118,11:10:03,0.35,1300,2405200
20240118,11:10:04,0.35,1300,2405200
20240118,11:10:05,0.35,9800,2405200
20240118,11:10:06,0.35,3900,2405200
20240118,11:10:07,0.4,2750,2405200
20240118,11:10:08,0.4,1650,2405200
20240118,11:10:10,0.35,2800,2405200
20240118,11:10:10,0.35,10350,2405200
20240118,11:10:12,0.35,750,2405200
20240118,11:10:13,0.35,300,2405200
20240118,11:10:14,0.4,100,2405200
20240118,11:10:20,0.35,750,2405200
20240118,11:10:22,0.35,200,2405200
20240118,11:10:23,0.35,3300,2405200
20240118,11:10:24,0.35,150,2405200
20240118,11:10:25,0.35,1250,2405200
20240118,11:10:26,0.35,750,2405200
20240118,11:10:27,0.35,500,2405200
20240118,11:10:28,0.4,1500,2405200
20240118,11:10:29,0.35,1450,2405200
20240118,11:10:30,0.35,400,2405200
20240118,11:10:31,0.4,550,2405200
20240118,11:10:32,0.35,6500,2405200
20240118,11:10:35,0.35,400,2405200
20240118,11:10:36,0.35,1350,2405200
20240118,11:10:37,0.4,1200,2405200
20240118,11:10:38,0.4,1250,2405200
20240118,11:10:39,0.4,150,2405200
20240118,11:10:41,0.4,150,2405200
20240118,11:10:52,0.35,1100,2405200
20240118,11:10:54,0.4,100,2405200
20240118,11:10:55,0.35,50,2405200
20240118,11:10:56,0.35,50,2405200
20240118,11:10:57,0.4,3450,2405200
20240118,11:10:58,0.4,600,2405200
20240118,11:10:59,0.35,50,2405200
20240118,11:11:09,0.35,500,2405200
20240118,11:11:10,0.35,450,2405200
20240118,11:11:11,0.4,450,2405200
20240118,11:11:12,0.35,1050,2405200
20240118,11:11:15,0.35,100,2405200
20240118,11:11:21,0.4,400,2405200
20240118,11:11:24,0.4,100,2405200
20240118,11:11:30,0.35,50,2405200
20240118,11:11:33,0.4,200,2405200
20240118,11:11:35,0.4,200,2405200
20240118,11:11:35,0.4,1400,2405200
20240118,11:11:45,0.35,50,2405200
20240118,11:11:47,0.35,50,2405200
20240118,11:11:48,0.35,50,2405200
20240118,11:11:49,0.4,100,2405200
20240118,11:11:51,0.4,50,2405200
20240118,11:11:52,0.4,800,2384150
20240118,11:11:53,0.35,4650,2384150
20240118,11:11:54,0.35,6750,2384150
20240118,11:11:56,0.35,300,2384150
20240118,11:12:00,0.4,1200,2384150
20240118,11:12:01,0.4,800,2384150
20240118,11:12:03,0.4,600,2384150
20240118,11:12:06,0.35,300,2384150
20240118,11:12:06,0.35,250,2384150
20240118,11:12:07,0.4,1800,2384150
20240118,11:12:08,0.4,1250,2384150
20240118,11:12:09,0.4,1000,2384150
20240118,11:12:10,0.35,1300,2384150
20240118,11:12:11,0.4,600,2384150
20240118,11:12:12,0.4,1600,2384150
20240118,11:12:13,0.35,900,2384150
20240118,11:12:14,0.4,1100,2384150
20240118,11:12:15,0.4,50,2384150
20240118,11:12:16,0.35,550,2384150
20240118,11:12:17,0.4,50,2384150
20240118,11:12:18,0.35,250,2384150
20240118,11:12:19,0.4,1050,2384150
20240118,11:12:23,0.35,750,2384150
20240118,11:12:24,0.35,750,2384150
20240118,11:12:25,0.35,50,2384150
20240118,11:12:29,0.4,500,2384150
20240118,11:12:30,0.35,950,2384150
20240118,11:12:31,0.35,950,2384150
20240118,11:12:32,0.35,950,2384150
20240118,11:12:33,0.35,1450,2384150
20240118,11:12:34,0.35,1150,2384150
20240118,11:12:35,0.35,550,2384150
20240118,11:12:36,0.35,1100,2384150
20240118,11:12:37,0.4,5450,2384150
20240118,11:12:38,0.4,2650,2384150
20240118,11:12:39,0.4,4800,2384150
20240118,11:12:40,0.35,1850,2384150
20240118,11:12:41,0.35,4100,2384150
20240118,11:12:43,0.35,700,2384150
20240118,11:12:45,0.35,700,2384150
20240118,11:12:46,0.4,900,2384150
20240118,11:12:47,0.4,3850,2384150
20240118,11:12:48,0.35,50,2384150
20240118,11:12:49,0.35,750,2384150
20240118,11:12:51,0.35,650,2384150
20240118,11:12:52,0.35,50,2384150
20240118,11:12:53,0.35,600,2384150
20240118,11:12:55,0.35,700,2384150
20240118,11:12:57,0.35,550,2384150
20240118,11:12:57,0.4,800,2384150
20240118,11:12:58,0.35,1050,2384150
20240118,11:12:59,0.35,300,2384150
20240118,11:13:00,0.35,700,2384150
20240118,11:13:01,0.35,150,2384150
20240118,11:13:02,0.35,800,2384150
20240118,11:13:03,0.35,600,2384150
20240118,11:13:04,0.35,800,2384150
20240118,11:13:05,0.35,750,2384150
20240118,11:13:07,0.35,1550,2384150
20240118,11:13:08,0.35,1000,2384150
20240118,11:13:09,0.35,550,2384150
20240118,11:13:09,0.35,102500,2384150
20240118,11:13:10,0.3,700,2384150
20240118,11:13:13,0.3,700,2384150
20240118,11:13:18,0.3,550,2384150
20240118,11:13:23,0.3,550,2384150
20240118,11:13:27,0.3,100,2384150
20240118,11:13:28,0.3,300,2384150
20240118,11:13:31,0.3,550,2384150
20240118,11:13:34,0.35,50,2384150
20240118,11:13:37,0.35,350,2384150
20240118,11:13:39,0.35,650,2384150
20240118,11:13:40,0.35,1100,2384150
20240118,11:13:41,0.35,700,2384150
20240118,11:13:42,0.35,1200,2384150
20240118,11:13:43,0.35,650,2384150
20240118,11:13:44,0.35,1000,2384150
20240118,11:13:45,0.35,700,2384150
20240118,11:13:46,0.35,800,2384150
20240118,11:13:47,0.35,800,2384150
20240118,11:13:48,0.35,700,2384150
20240118,11:13:50,0.35,1450,2384150
20240118,11:13:51,0.35,2950,2384150
20240118,11:13:52,0.35,500,2384150
20240118,11:13:53,0.35,950,2384150
20240118,11:13:54,0.35,650,2384150
20240118,11:13:55,0.35,1000,2384150
20240118,11:13:56,0.35,1200,2384150
20240118,11:13:57,0.35,550,2384150
20240118,11:13:58,0.35,600,2384150
20240118,11:13:59,0.35,600,2384150
20240118,11:14:01,0.35,2900,2384150
20240118,11:14:02,0.35,600,2384150
20240118,11:14:05,0.35,850,2384150
20240118,11:14:08,0.3,750,2384150
20240118,11:14:09,0.35,1100,2384150
20240118,11:14:11,0.35,750,2384150
20240118,11:14:12,0.35,300,2384150
20240118,11:14:14,0.35,500,2384150
20240118,11:14:15,0.35,1800,2384150
20240118,11:14:16,0.35,1550,2384150
20240118,11:14:19,0.3,100,2384150
20240118,11:14:20,0.3,950,2384150
20240118,11:14:24,0.35,650,2384150
20240118,11:14:26,0.3,400,2384150
20240118,11:14:27,0.3,700,2384150
20240118,11:14:28,0.3,3300,2384150
20240118,11:14:30,0.3,700,2384150
20240118,11:14:33,0.3,1400,2384150
20240118,11:14:35,0.3,1600,2384150
20240118,11:14:37,0.35,450,2384150
20240118,11:14:40,0.3,650,2384150
20240118,11:14:42,0.3,650,2384150
20240118,11:14:45,0.35,500,2384150
20240118,11:14:47,0.3,1900,2384150
20240118,11:14:48,0.35,1800,2384150
20240118,11:14:49,0.35,550,2384150
20240118,11:14:52,0.35,900,2365500
20240118,11:14:54,0.35,600,2365500
20240118,11:14:55,0.35,500,2365500
20240118,11:14:59,0.3,250,2365500
20240118,11:15:01,0.35,700,2365500
20240118,11:15:02,0.3,750,2365500
20240118,11:15:03,0.3,950,2365500
20240118,11:15:04,0.3,950,2365500
20240118,11:15:05,0.3,750,2365500
20240118,11:15:06,0.3,750,2365500
20240118,11:15:07,0.3,600,2365500
20240118,11:15:09,0.3,1100,2365500
20240118,11:15:10,0.3,500,2365500
20240118,11:15:11,0.3,5300,2365500
20240118,11:15:12,0.3,950,2365500
20240118,11:15:13,0.3,950,2365500
20240118,11:15:14,0.3,950,2365500
20240118,11:15:15,0.3,950,2365500
20240118,11:15:16,0.3,700,2365500
20240118,11:15:17,0.3,600,2365500
20240118,11:15:18,0.3,600,2365500
20240118,11:15:20,0.35,650,2365500
20240118,11:15:21,0.35,100,2365500
20240118,11:15:22,0.35,4500,2365500
20240118,11:15:23,0.35,650,2365500
20240118,11:15:24,0.35,700,2365500
20240118,11:15:25,0.35,500,2365500
20240118,11:15:26,0.35,750,2365500
20240118,11:15:28,0.35,1400,2365500
20240118,11:15:29,0.35,750,2365500
20240118,11:15:30,0.35,950,2365500
20240118,11:15:31,0.35,650,2365500
20240118,11:15:32,0.35,750,2365500
20240118,11:15:33,0.35,750,2365500
20240118,11:15:34,0.35,1250,2365500
20240118,11:15:35,0.35,850,2365500
20240118,11:15:36,0.35,650,2365500
20240118,11:15:37,0.35,600,2365500
20240118,11:15:38,0.35,600,2365500
20240118,11:15:40,0.35,950,2365500
20240118,11:15:41,0.35,950,2365500
20240118,11:15:42,0.35,900,2365500
20240118,11:15:44,0.35,850,2365500
20240118,11:15:46,0.35,2500,2365500
20240118,11:15:47,0.35,1800,2365500
20240118,11:15:48,0.35,600,2365500
20240118,11:15:52,0.35,300,2365500
20240118,11:15:54,0.35,700,2365500
20240118,11:15:56,0.35,900,2365500
20240118,11:15:56,0.35,2750,2365500
20240118,11:15:58,0.35,650,2365500
20240118,11:15:59,0.3,450,2365500
20240118,11:16:00,0.35,1750,2365500
20240118,11:16:01,0.35,500,2365500
20240118,11:16:02,0.35,1750,2365500
20240118,11:16:05,0.35,3300,2365500
20240118,11:16:06,0.3,2400,2365500
20240118,11:16:07,0.35,250,2365500
20240118,11:16:10,0.35,100,2365500
20240118,11:16:15,0.35,300,2365500
20240118,11:16:15,0.35,900,2365500
20240118,11:16:18,0.35,200,2365500
20240118,11:16:20,0.35,7500,2365500
20240118,11:16:21,0.35,500,2365500
20240118,11:16:22,0.35,100,2365500
20240118,11:16:25,0.35,1000,2365500
20240118,11:16:26,0.35,100,2365500
20240118,11:16:26,0.35,1050,2365500
20240118,11:16:27,0.35,100,2365500
20240118,11:16:30,0.35,550,2365500
20240118,11:16:30,0.35,3000,2365500
20240118,11:16:31,0.35,50,2365500
20240118,11:16:33,0.3,900,2365500
20240118,11:16:33,0.35,50,2365500
20240118,11:16:36,0.35,50,2365500
20240118,11:16:39,0.35,500,2365500
20240118,11:16:40,0.35,50,2365500
20240118,11:16:42,0.35,50,2365500
20240118,11:16:42,0.35,200,2365500
20240118,11:16:43,0.35,900,2365500
20240118,11:16:44,0.35,350,2365500
20240118,11:16:45,0.35,1950,2365500
20240118,11:16:46,0.35,600,2365500
20240118,11:16:47,0.35,50,2365500
20240118,11:16:48,0.3,500,2365500
20240118,11:16:49,0.35,1500,2365500
20240118,11:16:51,0.35,500,2365500
20240118,11:16:51,0.35,150,2365500
20240118,11:16:56,0.35,900,2365500
20240118,11:16:56,0.3,150,2365500
20240118,11:16:59,0.35,600,2365500
20240118,11:17:00,0.35,1700,2365500
20240118,11:17:02,0.3,1900,2365500
20240118,11:17:03,0.3,950,2365500
20240118,11:17:04,0.3,950,2365500
20240118,11:17:05,0.3,950,2365500
20240118,11:17:06,0.3,950,2365500
20240118,11:17:08,0.3,1800,2365500
20240118,11:17:09,0.3,650,2365500
20240118,11:17:10,0.3,1300,2365500
20240118,11:17:10,0.3,200,2365500
20240118,11:17:11,0.3,850,2365500
20240118,11:17:13,0.3,1200,2365500
20240118,11:17:14,0.3,800,2365500
20240118,11:17:14,0.35,50,2365500
20240118,11:17:16,0.3,900,2365500
20240118,11:17:17,0.3,850,2365500
20240118,11:17:18,0.3,100,2365500
20240118,11:17:20,0.3,1400,2365500
20240118,11:17:20,0.3,150,2365500
20240118,11:17:21,0.35,650,2365500
20240118,11:17:22,0.3,750,2365500
20240118,11:17:23,0.3,600,2365500
20240118,11:17:24,0.3,600,2365500
20240118,11:17:25,0.35,50,2365500
20240118,11:17:26,0.35,50,2365500
20240118,11:17:28,0.3,1350,2365500
20240118,11:17:29,0.3,600,2365500
20240118,11:17:30,0.35,150,2365500
20240118,11:17:30,0.35,100,2365500
20240118,11:17:31,0.35,600,2365500
20240118,11:17:32,0.35,600,2365500
20240118,11:17:33,0.3,500,2365500
20240118,11:17:34,0.3,600,2365500
20240118,11:17:35,0.3,650,2365500
20240118,11:17:37,0.3,850,2365500
20240118,11:17:38,0.3,600,2365500
20240118,11:17:40,0.3,850,2365500
20240118,11:17:41,0.35,50,2365500
20240118,11:17:42,0.3,750,2365500
20240118,11:17:43,0.35,50,2365500
20240118,11:17:44,0.3,750,2365500
20240118,11:17:45,0.3,500,2365500
20240118,11:17:47,0.3,950,2365500
20240118,11:17:48,0.3,100,2365500
20240118,11:17:50,0.3,850,2365500
20240118,11:17:51,0.3,800,2365500
20240118,11:17:53,0.3,750,2354200
20240118,11:17:54,0.3,300,2354200
20240118,11:17:55,0.3,650,2354200
20240118,11:17:57,0.3,750,2354200
20240118,11:17:59,0.3,750,2354200
20240118,11:18:01,0.3,800,2354200
20240118,11:18:03,0.35,50,2354200
20240118,11:18:05,0.35,50,2354200
20240118,11:18:07,0.35,50,2354200
20240118,11:18:07,0.3,450,2354200
20240118,11:18:09,0.35,700,2354200
20240118,11:18:11,0.35,650,2354200
20240118,11:18:12,0.35,300,2354200
20240118,11:18:13,0.35,300,2354200
20240118,11:18:15,0.35,600,2354200
20240118,11:18:17,0.35,600,2354200
20240118,11:18:19,0.35,550,2354200
20240118,11:18:22,0.35,550,2354200
20240118,11:18:25,0.35,1500,2354200
20240118,11:18:27,0.35,100,2354200
20240118,11:18:28,0.35,700,2354200
20240118,11:18:30,0.35,600,2354200
20240118,11:18:32,0.35,600,2354200
20240118,11:18:34,0.35,600,2354200
20240118,11:18:36,0.35,650,2354200
20240118,11:18:38,0.35,750,2354200
20240118,11:18:42,0.35,700,2354200
20240118,11:18:44,0.35,600,2354200
20240118,11:18:47,0.35,550,2354200
20240118,11:18:50,0.3,600,2354200
20240118,11:18:52,0.35,1600,2354200
20240118,11:18:53,0.3,2200,2354200
20240118,11:18:54,0.3,600,2354200
20240118,11:18:55,0.3,650,2354200
20240118,11:18:57,0.35,800,2354200
20240118,11:18:58,0.35,750,2354200
20240118,11:18:59,0.35,750,2354200
20240118,11:19:00,0.35,300,2354200
20240118,11:19:01,0.35,650,2354200
20240118,11:19:02,0.35,700,2354200
20240118,11:19:03,0.35,650,2354200
20240118,11:19:04,0.35,550,2354200
20240118,11:19:05,0.35,500,2354200
20240118,11:19:06,0.35,300,2354200
20240118,11:19:07,0.35,850,2354200
20240118,11:19:08,0.35,200,2354200
20240118,11:19:09,0.35,1100,2354200
20240118,11:19:10,0.35,1250,2354200
20240118,11:19:11,0.35,1000,2354200
20240118,11:19:12,0.35,700,2354200
20240118,11:19:14,0.35,700,2354200
20240118,11:19:15,0.35,250,2354200
20240118,11:19:16,0.35,600,2354200
20240118,11:19:17,0.35,1000,2354200
20240118,11:19:18,0.35,550,2354200
20240118,11:19:19,0.35,2000,2354200
20240118,11:19:20,0.35,100,2354200
20240118,11:19:21,0.35,2500,2354200
20240118,11:19:23,0.35,2150,2354200
20240118,11:19:24,0.35,300,2354200
20240118,11:19:25,0.35,600,2354200
20240118,11:19:26,0.35,1200,2354200
20240118,11:19:27,0.35,600,2354200
20240118,11:19:29,0.35,6900,2354200
20240118,11:19:30,0.3,50,2354200
20240118,11:19:31,0.35,500,2354200
20240118,11:19:32,0.35,150,2354200
20240118,11:19:33,0.35,900,2354200
20240118,11:19:34,0.35,950,2354200
20240118,11:19:35,0.35,800,2354200
20240118,11:19:36,0.35,1700,2354200
20240118,11:19:37,0.35,250,2354200
20240118,11:19:38,0.35,450,2354200
20240118,11:19:39,0.35,900,2354200
20240118,11:19:41,0.35,300,2354200
20240118,11:19:42,0.35,600,2354200
20240118,11:19:43,0.35,4800,2354200
20240118,11:19:44,0.35,1900,2354200
20240118,11:19:45,0.35,550,2354200
20240118,11:19:49,0.35,600,2354200
20240118,11:19:50,0.35,350,2354200
20240118,11:19:52,0.35,1550,2354200
20240118,11:19:53,0.35,250,2354200
20240118,11:19:54,0.35,3750,2354200
20240118,11:19:58,0.3,150,2354200
20240118,11:19:59,0.35,2550,2354200
20240118,11:20:04,0.35,550,2354200
20240118,11:20:05,0.35,100,2354200
20240118,11:20:06,0.35,5050,2354200
20240118,11:20:09,0.35,900,2354200
20240118,11:20:11,0.35,100,2354200
20240118,11:20:12,0.35,100,2354200
20240118,11:20:13,0.35,400,2354200
20240118,11:20:14,0.35,700,2354200
20240118,11:20:15,0.35,250,2354200
20240118,11:20:20,0.35,100,2354200
20240118,11:20:21,0.35,100,2354200
20240118,11:20:22,0.35,100,2354200
20240118,11:20:23,0.35,1300,2354200
20240118,11:20:24,0.35,50,2354200
20240118,11:20:25,0.35,50,2354200
20240118,11:20:26,0.35,100,2354200
20240118,11:20:27,0.35,50,2354200
20240118,11:20:28,0.35,100,2354200
20240118,11:20:29,0.3,450,2354200
20240118,11:20:33,0.35,300,2354200
20240118,11:20:34,0.3,2000,2354200
20240118,11:20:35,0.3,1750,2354200
20240118,11:20:38,0.35,100,2354200
20240118,11:20:39,0.35,100,2354200
20240118,11:20:42,0.35,300,2354200
20240118,11:20:44,0.35,100,2354200
20240118,11:20:45,0.35,6600,2354200
20240118,11:20:47,0.35,100,2354200
20240118,11:20:52,0.35,500,2354200
20240118,11:20:57,0.35,100,2344900
20240118,11:21:00,0.35,50,2344900
20240118,11:21:03,0.35,100,2344900
20240118,11:21:08,0.35,3000,2344900
20240118,11:21:09,0.3,1600,2344900
20240118,11:21:10,0.35,100,2344900
20240118,11:21:11,0.35,150,2344900
20240118,11:21:12,0.35,50,2344900
20240118,11:21:14,0.35,600,2344900
20240118,11:21:17,0.35,50,2344900
20240118,11:21:22,0.35,100,2344900
20240118,11:21:23,0.35,100,2344900
20240118,11:21:24,0.3,300,2344900
20240118,11:21:26,0.35,350,2344900
20240118,11:21:27,0.35,50,2344900
20240118,11:21:28,0.35,50,2344900
20240118,11:21:30,0.35,100,2344900
20240118,11:21:33,0.35,100,2344900
20240118,11:21:33,0.35,50,2344900
20240118,11:21:35,0.35,50,2344900
20240118,11:21:36,0.35,3600,2344900
20240118,11:21:37,0.35,100,2344900
20240118,11:21:39,0.35,202950,2344900
20240118,11:21:45,0.4,550,2344900
20240118,11:21:58,0.4,1500,2344900
20240118,11:22:01,0.4,500,2344900
20240118,11:22:06,0.4,100,2344900
20240118,11:22:09,0.4,500,2344900
20240118,11:22:16,0.4,100,2344900
20240118,11:22:16,0.4,600,2344900
20240118,11:22:18,0.4,500,2344900
20240118,11:22:21,0.4,6300,2344900
20240118,11:22:28,0.35,50,2344900
20240118,11:22:29,0.4,100,2344900
20240118,11:22:31,0.4,3600,2344900
20240118,11:22:32,0.4,11800,2344900
20240118,11:22:33,0.4,1800,2344900
20240118,11:22:34,0.4,1800,2344900
20240118,11:22:35,0.4,1900,2344900
20240118,11:22:36,0.4,4500,2344900
20240118,11:22:37,0.4,1800,2344900
20240118,11:22:38,0.4,8200,2344900
20240118,11:22:39,0.4,15150,2344900
20240118,11:22:41,0.4,57700,2344900
20240118,11:22:42,0.4,3750,2344900
20240118,11:22:45,0.45,300,2344900
20240118,11:22:46,0.45,50,2344900
20240118,11:22:50,0.4,8000,2344900
20240118,11:22:59,0.4,51650,2344900
20240118,11:23:09,0.35,450,2344900
20240118,11:23:10,0.4,50,2344900
20240118,11:23:11,0.35,500,2344900
20240118,11:23:16,0.4,50,2344900
20240118,11:23:25,0.35,1800,2344900
20240118,11:23:41,0.35,50,2344900
20240118,11:23:42,0.35,250,2344900
20240118,11:23:45,0.4,50,2344900
20240118,11:23:46,0.4,50,2344900
20240118,11:23:47,0.4,50,2344900
20240118,11:23:48,0.4,50,2344900
20240118,11:23:50,0.35,200,2344900
20240118,11:23:51,0.4,50,2344900
20240118,11:23:52,0.35,150,2357450
20240118,11:23:53,0.4,50,2357450
20240118,11:23:55,0.4,50,2357450
20240118,11:23:56,0.4,100,2357450
20240118,11:23:59,0.4,2350,2357450
20240118,11:24:06,0.35,150,2357450
20240118,11:24:07,0.4,750,2357450
20240118,11:24:08,0.35,450,2357450
20240118,11:24:18,0.4,100,2357450
20240118,11:24:35,0.4,550,2357450
20240118,11:24:39,0.35,500,2357450
20240118,11:24:47,0.35,1450,2357450
20240118,11:24:49,0.4,1500,2357450
20240118,11:24:51,0.4,300,2357450
20240118,11:24:59,0.35,500,2357450
20240118,11:25:00,0.35,500,2357450
20240118,11:25:01,0.35,700,2357450
20240118,11:25:02,0.35,50,2357450
20240118,11:25:03,0.4,550,2357450
20240118,11:25:04,0.35,50,2357450
20240118,11:25:05,0.4,2600,2357450
20240118,11:25:06,0.4,350,2357450
20240118,11:25:13,0.4,2150,2357450
20240118,11:25:16,0.4,1500,2357450
20240118,11:25:18,0.4,300,2357450
20240118,11:25:19,0.4,1800,2357450
20240118,11:25:25,0.35,1800,2357450
20240118,11:25:26,0.35,650,2357450
20240118,11:25:27,0.4,1600,2357450
20240118,11:25:28,0.35,1800,2357450
20240118,11:25:32,0.4,1400,2357450
20240118,11:25:33,0.35,5600,2357450
20240118,11:25:34,0.4,400,2357450
20240118,11:25:37,0.4,2700,2357450
20240118,11:25:40,0.4,350,2357450
20240118,11:25:42,0.35,300,2357450
20240118,11:25:43,0.35,300,2357450
20240118,11:25:44,0.35,500,2357450
20240118,11:25:45,0.35,1500,2357450
20240118,11:25:45,0.35,3300,2357450
20240118,11:25:46,0.35,100,2357450
20240118,11:25:50,0.4,600,2357450
20240118,11:25:54,0.4,550,2357450
20240118,11:25:55,0.4,1950,2357450
20240118,11:25:56,0.4,1800,2357450
20240118,11:26:00,0.35,1000,2357450
20240118,11:26:07,0.4,4950,2357450
20240118,11:26:08,0.4,1800,2357450
20240118,11:26:09,0.4,350,2357450
20240118,11:26:11,0.35,700,2357450
20240118,11:26:13,0.35,50,2357450
20240118,11:26:14,0.4,2150,2357450
20240118,11:26:16,0.4,1100,2357450
20240118,11:26:17,0.4,150,2357450
20240118,11:26:19,0.4,42200,2357450
20240118,11:26:21,0.4,1800,2357450
20240118,11:26:22,0.4,50,2357450
20240118,11:26:25,0.35,50,2357450
20240118,11:26:27,0.4,1000,2357450
20240118,11:26:42,0.4,50,2357450
20240118,11:26:43,0.35,100,2357450
20240118,11:26:44,0.35,1000,2357450
20240118,11:26:49,0.35,250,2357450
20240118,11:26:52,0.4,400,2357450
20240118,11:26:54,0.35,50,2320950
20240118,11:26:58,0.35,1800,2320950
20240118,11:27:02,0.4,100,2320950
20240118,11:27:14,0.35,600,2320950
20240118,11:27:16,0.4,950,2320950
20240118,11:27:17,0.35,50,2320950
20240118,11:27:19,0.4,500,2320950
20240118,11:27:21,0.35,300,2320950
20240118,11:27:22,0.35,550,2320950
20240118,11:27:24,0.35,550,2320950
20240118,11:27:27,0.35,300,2320950
20240118,11:27:28,0.35,550,2320950
20240118,11:27:30,0.35,500,2320950
20240118,11:27:35,0.4,350,2320950
20240118,11:27:37,0.35,650,2320950
20240118,11:27:38,0.4,750,2320950
20240118,11:27:39,0.4,500,2320950
20240118,11:27:42,0.35,600,2320950
20240118,11:27:44,0.35,550,2320950
20240118,11:27:48,0.35,600,2320950
20240118,11:27:50,0.35,600,2320950
20240118,11:27:52,0.35,100,2320950
20240118,11:27:53,0.35,600,2320950
20240118,11:27:55,0.35,300,2320950
20240118,11:27:56,0.35,100,2320950
20240118,11:27:57,0.35,600,2320950
20240118,11:28:00,0.35,600,2320950
20240118,11:28:01,0.35,300,2320950
20240118,11:28:02,0.4,50,2320950
20240118,11:28:04,0.4,350,2320950
20240118,11:28:06,0.35,300,2320950
20240118,11:28:07,0.35,750,2320950
20240118,11:28:09,0.35,700,2320950
20240118,11:28:11,0.35,600,2320950
20240118,11:28:13,0.35,750,2320950
20240118,11:28:16,0.35,650,2320950
20240118,11:28:18,0.35,3750,2320950
20240118,11:28:20,0.35,1800,2320950
20240118,11:28:21,0.4,4750,2320950
20240118,11:28:26,0.4,1400,2320950
20240118,11:28:28,0.4,250,2320950
20240118,11:28:30,0.4,100,2320950
20240118,11:28:31,0.4,550,2320950
20240118,11:28:33,0.4,1300,2320950
20240118,11:28:35,0.4,500,2320950
20240118,11:28:36,0.35,100,2320950
20240118,11:28:38,0.4,550,2320950
20240118,11:28:42,0.4,600,2320950
20240118,11:28:43,0.4,550,2320950
20240118,11:28:44,0.4,350,2320950
20240118,11:28:46,0.4,650,2320950
20240118,11:28:47,0.4,450,2320950
20240118,11:28:48,0.4,900,2320950
20240118,11:28:51,0.4,600,2320950
20240118,11:28:52,0.35,4500,2320950
20240118,11:28:53,0.4,2000,2320950
20240118,11:28:54,0.4,250,2320950
20240118,11:28:55,0.4,1100,2320950
20240118,11:28:58,0.4,600,2320950
20240118,11:28:59,0.35,50,2320950
20240118,11:29:01,0.4,1300,2320950
20240118,11:29:04,0.4,650,2320950
20240118,11:29:07,0.35,500,2320950
20240118,11:29:18,0.4,900,2320950
20240118,11:29:30,0.35,450,2320950
20240118,11:29:32,0.4,900,2320950
20240118,11:29:38,0.4,250,2320950
20240118,11:29:39,0.35,1000,2320950
20240118,11:29:52,0.35,50,2320950
20240118,11:29:58,0.35,10800,2323750
20240118,11:29:59,0.35,7200,2323750
20240118,11:30:00,0.35,50400,2323750
20240118,11:30:01,0.35,25150,2323750
20240118,11:30:03,0.35,200,2323750
20240118,11:30:06,0.35,1050,2323750
20240118,11:30:07,0.35,250,2323750
20240118,11:30:08,0.35,6100,2323750
20240118,11:30:09,0.35,3100,2323750
20240118,11:30:11,0.35,1850,2323750
20240118,11:30:12,0.35,500,2323750
20240118,11:30:13,0.35,1300,2323750
20240118,11:30:28,0.35,350,2323750
20240118,11:30:31,0.3,950,2323750
20240118,11:30:36,0.35,200,2323750
20240118,11:30:37,0.35,100,2323750
20240118,11:30:38,0.35,850,2323750
20240118,11:30:41,0.35,50,2323750
20240118,11:30:48,0.35,50,2323750
20240118,11:30:53,0.35,50,2323750
20240118,11:30:56,0.3,500,2323750
20240118,11:31:03,0.35,50,2323750
20240118,11:31:04,0.35,300,2323750
20240118,11:31:07,0.3,300,2323750
20240118,11:31:08,0.3,450,2323750
20240118,11:31:13,0.3,500,2323750
20240118,11:31:16,0.35,100,2323750
20240118,11:31:20,0.3,50,2323750
20240118,11:31:25,0.35,7350,2323750
20240118,11:31:27,0.35,3000,2323750
20240118,11:31:29,0.3,3650,2323750
20240118,11:31:29,0.4,200300,2323750
20240118,11:31:30,0.4,1500,2323750
20240118,11:31:31,0.4,3000,2323750
20240118,11:31:32,0.4,1500,2323750
20240118,11:31:33,0.4,4500,2323750
20240118,11:31:34,0.4,3050,2323750
20240118,11:31:35,0.4,3000,2323750
20240118,11:31:36,0.4,3000,2323750
20240118,11:31:37,0.4,1500,2323750
20240118,11:31:38,0.4,4500,2323750
20240118,11:31:39,0.4,5300,2323750
20240118,11:31:40,0.4,2500,2323750
20240118,11:31:55,0.35,1200,2323750
20240118,11:31:59,0.35,300,2323750
20240118,11:32:00,0.35,1600,2323750
20240118,11:32:02,0.4,2000,2323750
20240118,11:32:10,0.4,100,2323750
20240118,11:32:11,0.35,450,2323750
20240118,11:32:12,0.4,100,2323750
20240118,11:32:18,0.4,100,2323750
20240118,11:32:19,0.4,150,2323750
20240118,11:32:20,0.35,300,2323750
20240118,11:32:21,0.35,650,2323750
20240118,11:32:22,0.35,700,2323750
20240118,11:32:23,0.35,650,2323750
20240118,11:32:26,0.35,1400,2323750
20240118,11:32:28,0.35,1350,2323750
20240118,11:32:29,0.4,1050,2323750
20240118,11:32:30,0.35,850,2323750
20240118,11:32:31,0.35,1100,2323750
20240118,11:32:33,0.35,750,2323750
20240118,11:32:35,0.35,800,2323750
20240118,11:32:37,0.35,750,2323750
20240118,11:32:38,0.35,550,2323750
20240118,11:32:40,0.35,700,2323750
20240118,11:32:42,0.35,600,2323750
20240118,11:32:47,0.35,750,2323750
20240118,11:32:48,0.4,1250,2323750
20240118,11:32:50,0.35,600,2323750
20240118,11:32:51,0.4,300,2323750
20240118,11:32:53,0.35,500,2323750
20240118,11:32:54,0.4,550,2328600
20240118,11:32:54,0.4,500,2328600
20240118,11:32:55,0.35,600,2328600
20240118,11:32:57,0.35,850,2328600
20240118,11:32:59,0.35,2650,2328600
20240118,11:33:00,0.4,1800,2328600
20240118,11:33:01,0.35,750,2328600
20240118,11:33:01,0.35,1850,2328600
20240118,11:33:02,0.4,11550,2328600
20240118,11:33:03,0.4,550,2328600
20240118,11:33:06,0.4,750,2328600
20240118,11:33:07,0.4,750,2328600
20240118,11:33:07,0.35,450,2328600
20240118,11:33:08,0.4,600,2328600
20240118,11:33:09,0.4,500,2328600
20240118,11:33:10,0.4,750,2328600
20240118,11:33:11,0.4,600,2328600
20240118,11:33:13,0.4,550,2328600
20240118,11:33:13,0.35,3000,2328600
20240118,11:33:15,0.4,750,2328600
20240118,11:33:16,0.4,1600,2328600
20240118,11:33:17,0.4,750,2328600
20240118,11:33:18,0.4,500,2328600
20240118,11:33:19,0.4,850,2328600
20240118,11:33:21,0.4,750,2328600
20240118,11:33:23,0.4,600,2328600
20240118,11:33:25,0.4,800,2328600
20240118,11:33:26,0.4,600,2328600
20240118,11:33:27,0.35,100,2328600
20240118,11:33:28,0.4,750,2328600
20240118,11:33:30,0.4,650,2328600
20240118,11:33:33,0.4,550,2328600
20240118,11:33:34,0.35,50,2328600
20240118,11:33:35,0.4,300,2328600
20240118,11:33:37,0.4,550,2328600
20240118,11:33:42,0.4,100,2328600
20240118,11:33:43,0.4,100,2328600
20240118,11:33:45,0.4,600,2328600
20240118,11:33:55,0.35,1500,2328600
20240118,11:33:56,0.35,1000,2328600
20240118,11:34:08,0.4,500,2328600
20240118,11:34:13,0.4,10800,2328600
20240118,11:34:30,0.35,750,2328600
20240118,11:34:32,0.35,600,2328600
20240118,11:34:33,0.4,12600,2328600
20240118,11:34:34,0.4,1800,2328600
20240118,11:34:35,0.35,2400,2328600
20240118,11:34:38,0.35,700,2328600
20240118,11:34:40,0.35,550,2328600
20240118,11:34:42,0.35,100,2328600
20240118,11:34:43,0.35,500,2328600
20240118,11:34:46,0.35,550,2328600
20240118,11:34:48,0.4,10800,2328600
20240118,11:34:49,0.35,700,2328600
20240118,11:34:53,0.35,300,2328600
20240118,11:34:56,0.4,600,2328600
20240118,11:34:59,0.35,650,2328600
20240118,11:34:59,0.4,12600,2328600
20240118,11:35:00,0.4,1800,2328600
20240118,11:35:01,0.35,750,2328600
20240118,11:35:03,0.4,50,2328600
20240118,11:35:06,0.4,450,2328600
20240118,11:35:08,0.4,300,2328600
20240118,11:35:09,0.4,700,2328600
20240118,11:35:11,0.4,900,2328600
20240118,11:35:12,0.4,600,2328600
20240118,11:35:13,0.4,300,2328600
20240118,11:35:14,0.4,15000,2328600
20240118,11:35:15,0.4,1800,2328600
20240118,11:35:16,0.4,750,2328600
20240118,11:35:18,0.4,600,2328600
20240118,11:35:20,0.4,11350,2328600
20240118,11:35:23,0.4,600,2328600
20240118,11:35:25,0.4,12600,2328600
20240118,11:35:27,0.4,9550,2328600
20240118,11:35:28,0.4,12300,2328600
20240118,11:35:29,0.4,5750,2328600
20240118,11:35:30,0.4,1800,2328600
20240118,11:35:31,0.4,200,2328600
20240118,11:35:32,0.35,200,2328600
20240118,11:35:33,0.35,1400,2328600
20240118,11:35:35,0.4,14950,2328600
20240118,11:35:37,0.35,3150,2328600
20240118,11:35:38,0.4,2600,2328600
20240118,11:35:39,0.4,20100,2328600
20240118,11:35:40,0.4,7150,2328600
20240118,11:35:41,0.45,1200,2328600
20240118,11:35:42,0.4,1000,2328600
20240118,11:35:43,0.4,1500,2328600
20240118,11:35:44,0.4,1250,2328600
20240118,11:35:45,0.4,750,2328600
20240118,11:35:46,0.4,550,2328600
20240118,11:35:47,0.4,600,2328600
20240118,11:35:49,0.4,1900,2328600
20240118,11:35:50,0.4,1100,2328600
20240118,11:35:51,0.4,1550,2328600
20240118,11:35:52,0.4,1000,2328600
20240118,11:35:53,0.4,300,2328600
20240118,11:35:54,0.4,600,2328600
20240118,11:35:55,0.4,1050,2347500
20240118,11:35:56,0.4,550,2347500
20240118,11:35:57,0.4,600,2347500
20240118,11:35:58,0.4,600,2347500
20240118,11:35:59,0.4,600,2347500
20240118,11:36:00,0.4,1050,2347500
20240118,11:36:01,0.4,900,2347500
20240118,11:36:02,0.45,500,2347500
20240118,11:36:03,0.45,50,2347500
20240118,11:36:04,0.45,400,2347500
20240118,11:36:05,0.45,500,2347500
20240118,11:36:07,0.45,700,2347500
20240118,11:36:08,0.4,450,2347500
20240118,11:36:09,0.45,550,2347500
20240118,11:36:11,0.4,700,2347500
20240118,11:36:13,0.45,550,2347500
20240118,11:36:15,0.45,100,2347500
20240118,11:36:16,0.45,550,2347500
20240118,11:36:17,0.4,300,2347500
20240118,11:36:18,0.45,1500,2347500
20240118,11:36:20,0.45,600,2347500
20240118,11:36:22,0.45,600,2347500
20240118,11:36:23,0.4,750,2347500
20240118,11:36:24,0.45,700,2347500
20240118,11:36:26,0.45,550,2347500
20240118,11:36:28,0.45,600,2347500
20240118,11:36:30,0.45,100,2347500
20240118,11:36:31,0.45,600,2347500
20240118,11:36:35,0.4,300,2347500
20240118,11:36:36,0.4,300,2347500
20240118,11:36:38,0.4,750,2347500
20240118,11:36:39,0.45,2600,2347500
20240118,11:36:40,0.4,1000,2347500
20240118,11:36:41,0.45,1500,2347500
20240118,11:36:42,0.45,550,2347500
20240118,11:36:44,0.45,650,2347500
20240118,11:36:46,0.45,600,2347500
20240118,11:36:49,0.4,900,2347500
20240118,11:36:54,0.4,50,2347500
20240118,11:36:58,0.45,100,2347500
20240118,11:37:01,0.45,200,2347500
20240118,11:37:03,0.45,500,2347500
20240118,11:37:06,0.45,100,2347500
20240118,11:37:06,0.4,450,2347500
20240118,11:37:08,0.45,100,2347500
20240118,11:37:10,0.4,4100,2347500
20240118,11:37:11,0.45,1250,2347500
20240118,11:37:12,0.45,50,2347500
20240118,11:37:13,0.45,300,2347500
20240118,11:37:16,0.45,1000,2347500
20240118,11:37:22,0.45,500,2347500
20240118,11:37:26,0.4,900,2347500
20240118,11:37:26,0.4,600,2347500
20240118,11:37:34,0.4,50,2347500
20240118,11:37:36,0.4,350,2347500
20240118,11:37:37,0.4,300,2347500
20240118,11:37:38,0.4,1800,2347500
20240118,11:37:43,0.45,50,2347500
20240118,11:37:46,0.45,3000,2347500
20240118,11:37:47,0.45,750,2347500
20240118,11:37:48,0.4,300,2347500
20240118,11:37:50,0.45,50,2347500
20240118,11:37:50,0.45,250,2347500
20240118,11:37:51,0.45,1000,2347500
20240118,11:37:52,0.4,450,2347500
20240118,11:37:55,0.4,250,2347500
20240118,11:37:55,0.45,400,2347500
20240118,11:37:59,0.4,100,2347500
20240118,11:38:05,0.45,1000,2347500
20240118,11:38:06,0.45,3600,2347500
20240118,11:38:07,0.45,1000,2347500
20240118,11:38:09,0.45,1800,2347500
20240118,11:38:11,0.4,450,2347500
20240118,11:38:16,0.45,250,2347500
20240118,11:38:21,0.45,3600,2347500
20240118,11:38:53,0.45,50,2347500
20240118,11:38:55,0.4,900,2355500
20240118,11:39:01,0.4,50,2355500
20240118,11:39:02,0.45,7200,2355500
20240118,11:39:03,0.45,5500,2355500
20240118,11:39:03,0.45,1800,2355500
20240118,11:39:05,0.45,23450,2355500
20240118,11:39:06,0.45,3700,2355500
20240118,11:39:07,0.4,450,2355500
20240118,11:39:08,0.45,500,2355500
20240118,11:39:11,0.45,150,2355500
20240118,11:39:14,0.45,500,2355500
20240118,11:39:20,0.45,1800,2355500
20240118,11:39:21,0.45,3600,2355500
20240118,11:39:22,0.4,1850,2355500
20240118,11:39:25,0.45,1800,2355500
20240118,11:39:26,0.45,1800,2355500
20240118,11:39:27,0.45,3600,2355500
20240118,11:39:38,0.4,1500,2355500
20240118,11:39:38,0.4,500,2355500
20240118,11:39:51,0.4,250,2355500
20240118,11:39:52,0.4,250,2355500
20240118,11:39:53,0.4,500,2355500
20240118,11:40:21,0.4,1000,2355500
20240118,11:40:24,0.45,2000,2355500
20240118,11:40:32,0.4,500,2355500
20240118,11:40:33,0.45,550,2355500
20240118,11:40:34,0.4,50,2355500
20240118,11:40:35,0.4,2500,2355500
20240118,11:40:36,0.45,1700,2355500
20240118,11:40:37,0.4,400,2355500
20240118,11:40:38,0.45,50,2355500
20240118,11:40:51,0.45,150,2355500
20240118,11:40:55,0.4,50,2355500
20240118,11:40:57,0.45,500,2355500
20240118,11:41:08,0.4,450,2355500
20240118,11:41:13,0.45,800,2355500
20240118,11:41:14,0.45,250,2355500
20240118,11:41:15,0.45,250,2355500
20240118,11:41:16,0.45,250,2355500
20240118,11:41:17,0.45,250,2355500
20240118,11:41:22,0.45,50,2355500
20240118,11:41:25,0.45,300,2355500
20240118,11:41:31,0.4,50,2355500
20240118,11:41:32,0.45,1400,2355500
20240118,11:41:43,0.45,1800,2355500
20240118,11:41:49,0.4,350,2355500
20240118,11:41:53,0.45,1000,2355500
20240118,11:41:55,0.45,1300,2369100
20240118,11:41:56,0.45,7200,2369100
20240118,11:41:57,0.45,2700,2369100
20240118,11:41:58,0.45,9000,2369100
20240118,11:41:59,0.45,3600,2369100
20240118,11:42:00,0.45,1800,2369100
20240118,11:42:01,0.45,1850,2369100
20240118,11:42:03,0.4,50,2369100
20240118,11:42:07,0.45,2450,2369100
20240118,11:42:29,0.4,750,2369100
20240118,11:42:31,0.45,300,2369100
20240118,11:42:34,0.45,300,2369100
20240118,11:42:35,0.4,350,2369100
20240118,11:42:37,0.4,250,2369100
20240118,11:42:38,0.45,150,2369100
20240118,11:42:39,0.45,300,2369100
20240118,11:42:40,0.4,50,2369100
20240118,11:42:41,0.45,500,2369100
20240118,11:42:50,0.4,1200,2369100
20240118,11:42:51,0.4,900,2369100
20240118,11:42:53,0.45,600,2369100
20240118,11:42:54,0.4,500,2369100
20240118,11:42:55,0.4,1000,2369100
20240118,11:42:56,0.4,250,2369100
20240118,11:42:57,0.4,50,2369100
20240118,11:43:01,0.4,1000,2369100
20240118,11:43:02,0.4,50750,2369100
20240118,11:43:04,0.4,1950,2369100
20240118,11:43:05,0.4,17000,2369100
20240118,11:43:12,0.4,450,2369100
20240118,11:43:15,0.4,650,2369100
20240118,11:43:25,0.4,1100,2369100
20240118,11:43:31,0.4,150,2369100
20240118,11:43:39,0.4,250,2369100
20240118,11:43:42,0.45,1600,2369100
20240118,11:43:44,0.4,2700,2369100
20240118,11:43:45,0.4,6300,2369100
20240118,11:43:46,0.4,6300,2369100
20240118,11:43:47,0.4,2700,2369100
20240118,11:43:52,0.4,1800,2369100
20240118,11:43:53,0.4,1900,2369100
20240118,11:43:55,0.45,700,2369100
20240118,11:44:09,0.4,2250,2369100
20240118,11:44:16,0.45,1250,2369100
20240118,11:44:20,0.4,2200,2369100
20240118,11:44:21,0.4,50,2369100
20240118,11:44:23,0.4,100,2369100
20240118,11:44:23,0.4,150,2369100
20240118,11:44:34,0.4,700,2369100
20240118,11:44:35,0.4,1800,2369100
20240118,11:44:37,0.4,800,2369100
20240118,11:44:38,0.4,600,2369100
20240118,11:44:41,0.4,600,2369100
20240118,11:44:44,0.4,700,2369100
20240118,11:44:49,0.4,700,2369100
20240118,11:44:56,0.4,1800,2369100
20240118,11:45:00,0.4,500,2340000
20240118,11:45:01,0.4,500,2340000
20240118,11:45:02,0.4,1800,2340000
20240118,11:45:03,0.4,700,2340000
20240118,11:45:04,0.45,1500,2340000
20240118,11:45:05,0.4,100,2340000
20240118,11:45:06,0.4,600,2340000
20240118,11:45:08,0.4,600,2340000
20240118,11:45:11,0.4,300,2340000
20240118,11:45:12,0.45,1500,2340000
20240118,11:45:13,0.4,600,2340000
20240118,11:45:15,0.4,500,2340000
20240118,11:45:18,0.4,600,2340000
20240118,11:45:21,0.4,600,2340000
20240118,11:45:23,0.4,1800,2340000
20240118,11:45:24,0.4,800,2340000
20240118,11:45:27,0.4,550,2340000
20240118,11:45:28,0.45,50,2340000
20240118,11:45:29,0.4,450,2340000
20240118,11:45:31,0.4,600,2340000
20240118,11:45:31,0.4,400,2340000
20240118,11:45:33,0.4,300,2340000
20240118,11:45:34,0.45,900,2340000
20240118,11:45:35,0.4,1800,2340000
20240118,11:45:37,0.4,2100,2340000
20240118,11:45:38,0.4,1800,2340000
20240118,11:45:39,0.4,300,2340000
20240118,11:45:40,0.4,7300,2340000
20240118,11:45:41,0.4,5900,2340000
20240118,11:45:42,0.4,18400,2340000
20240118,11:45:43,0.4,18000,2340000
20240118,11:45:44,0.4,8600,2340000
20240118,11:45:46,0.4,1800,2340000
20240118,11:45:47,0.4,9050,2340000
20240118,11:45:48,0.45,50,2340000
20240118,11:45:49,0.4,650,2340000
20240118,11:45:51,0.4,500,2340000
20240118,11:45:52,0.45,1900,2340000
20240118,11:45:53,0.4,1800,2340000
20240118,11:45:54,0.4,2200,2340000
20240118,11:45:57,0.45,700,2340000
20240118,11:45:58,0.4,1800,2340000
20240118,11:46:00,0.45,13200,2340000
20240118,11:46:01,0.45,1950,2340000
20240118,11:46:03,0.45,550,2340000
20240118,11:46:05,0.45,7800,2340000
20240118,11:46:06,0.4,450,2340000
20240118,11:46:08,0.45,800,2340000
20240118,11:46:10,0.45,550,2340000
20240118,11:46:12,0.45,11450,2340000
20240118,11:46:14,0.45,2350,2340000
20240118,11:46:15,0.45,9600,2340000
20240118,11:46:16,0.45,2100,2340000
20240118,11:46:17,0.45,2650,2340000
20240118,11:46:19,0.4,1050,2340000
20240118,11:46:19,0.45,1800,2340000
20240118,11:46:20,0.45,2550,2340000
20240118,11:46:22,0.4,850,2340000
20240118,11:46:24,0.45,40750,2340000
20240118,11:46:25,0.45,200,2340000
20240118,11:46:26,0.45,4150,2340000
20240118,11:46:27,0.45,100,2340000
20240118,11:46:28,0.45,550,2340000
20240118,11:46:30,0.45,5700,2340000
20240118,11:46:31,0.45,600,2340000
20240118,11:46:32,0.45,100,2340000
20240118,11:46:33,0.45,100,2340000
20240118,11:46:34,0.45,550,2340000
20240118,11:46:34,0.45,250,2340000
20240118,11:46:36,0.45,50,2340000
20240118,11:46:38,0.45,900,2340000
20240118,11:46:39,0.45,9150,2340000
20240118,11:46:40,0.5,4150,2340000
20240118,11:46:42,0.45,700,2340000
20240118,11:46:44,0.45,600,2340000
20240118,11:46:46,0.45,4250,2340000
20240118,11:46:49,0.45,1750,2340000
20240118,11:46:51,0.45,5850,2340000
20240118,11:46:51,0.45,900,2340000
20240118,11:46:54,0.4,6600,2340000
20240118,11:46:55,0.4,5350,2340000
20240118,11:46:56,0.4,4050,2340000
20240118,11:46:57,0.45,5000,2340000
20240118,11:46:59,0.45,27250,2340000
20240118,11:47:00,0.45,1900,2340000
20240118,11:47:01,0.45,4250,2340000
20240118,11:47:03,0.45,3600,2340000
20240118,11:47:04,0.5,10400,2340000
20240118,11:47:04,0.45,3600,2340000
20240118,11:47:06,0.45,11550,2340000
20240118,11:47:06,0.45,3600,2340000
20240118,11:47:08,0.4,25150,2340000
20240118,11:47:11,0.4,500,2340000
20240118,11:47:14,0.4,600,2340000
20240118,11:47:15,0.45,900,2340000
20240118,11:47:18,0.4,650,2340000
20240118,11:47:19,0.4,300,2340000
20240118,11:47:21,0.4,600,2340000
20240118,11:47:22,0.45,50,2340000
20240118,11:47:29,0.45,50,2340000
20240118,11:47:30,0.4,500,2340000
20240118,11:47:32,0.45,300,2340000
20240118,11:47:34,0.45,600,2340000
20240118,11:47:36,0.45,10800,2340000
20240118,11:47:38,0.45,300,2340000
20240118,11:47:39,0.45,600,2340000
20240118,11:47:42,0.45,650,2340000
20240118,11:47:43,0.45,1800,2340000
20240118,11:47:43,0.45,700,2340000
20240118,11:47:45,0.45,550,2340000
20240118,11:47:46,0.45,19550,2340000
20240118,11:47:47,0.45,4250,2340000
20240118,11:47:48,0.45,2150,2340000
20240118,11:47:49,0.5,3200,2340000
20240118,11:47:50,0.45,850,2340000
20240118,11:47:54,0.5,4100,2340000
20240118,11:47:55,0.45,3600,2340000
20240118,11:47:56,0.45,12800,2359750
20240118,11:47:57,0.45,200,2359750
20240118,11:47:58,0.45,350,2359750
20240118,11:48:00,0.4,2350,2359750
20240118,11:48:00,0.4,1800,2359750
20240118,11:48:01,0.4,1800,2359750
20240118,11:48:03,0.45,300,2359750
20240118,11:48:04,0.45,100,2359750
20240118,11:48:05,0.45,4500,2359750
20240118,11:48:06,0.45,2150,2359750
20240118,11:48:07,0.45,550,2359750
20240118,11:48:09,0.45,4700,2359750
20240118,11:48:11,0.45,600,2359750
20240118,11:48:12,0.45,11400,2359750
20240118,11:48:14,0.45,5650,2359750
20240118,11:48:15,0.45,1150,2359750
20240118,11:48:17,0.4,900,2359750
20240118,11:48:18,0.45,1000,2359750
20240118,11:48:19,0.4,600,2359750
20240118,11:48:21,0.4,650,2359750
20240118,11:48:22,0.45,1800,2359750
20240118,11:48:23,0.45,24050,2359750
20240118,11:48:24,0.5,3600,2359750
20240118,11:48:25,0.5,3600,2359750
20240118,11:48:26,0.45,700,2359750
20240118,11:48:30,0.45,600,2359750
20240118,11:48:33,0.45,600,2359750
20240118,11:48:36,0.45,1350,2359750
20240118,11:48:39,0.45,300,2359750
20240118,11:48:40,0.5,10800,2359750
20240118,11:48:41,0.45,1800,2359750
20240118,11:48:42,0.45,8750,2359750
20240118,11:48:45,0.45,600,2359750
20240118,11:48:47,0.45,350,2359750
20240118,11:48:48,0.45,600,2359750
20240118,11:48:49,0.45,750,2359750
20240118,11:48:49,0.45,500,2359750
20240118,11:48:51,0.45,100,2359750
20240118,11:48:53,0.45,550,2359750
20240118,11:48:54,0.45,1800,2359750
20240118,11:48:54,0.45,2050,2359750
20240118,11:48:55,0.45,6800,2359750
20240118,11:48:57,0.45,50,2359750
20240118,11:48:58,0.4,550,2359750
20240118,11:49:00,0.4,600,2359750
20240118,11:49:03,0.4,650,2359750
20240118,11:49:05,0.45,200,2359750
20240118,11:49:06,0.4,600,2359750
20240118,11:49:07,0.4,15400,2359750
20240118,11:49:08,0.45,5400,2359750
20240118,11:49:09,0.45,6600,2359750
20240118,11:49:09,0.45,1800,2359750
20240118,11:49:11,0.4,6100,2359750
20240118,11:49:12,0.45,5400,2359750
20240118,11:49:13,0.45,2700,2359750
20240118,11:49:15,0.45,2500,2359750
20240118,11:49:18,0.4,1400,2359750
20240118,11:49:19,0.45,300,2359750
20240118,11:49:22,0.45,500,2359750
20240118,11:49:25,0.45,550,2359750
20240118,11:49:26,0.45,500,2359750
20240118,11:49:29,0.45,500,2359750
20240118,11:49:31,0.45,500,2359750
20240118,11:49:34,0.45,600,2359750
20240118,11:49:36,0.45,300,2359750
20240118,11:49:38,0.45,24350,2359750
20240118,11:49:41,0.45,4250,2359750
20240118,11:49:44,0.45,650,2359750
20240118,11:49:45,0.45,21600,2359750
20240118,11:49:45,0.45,1850,2359750
20240118,11:49:46,0.45,2350,2359750
20240118,11:49:48,0.45,600,2359750
20240118,11:49:51,0.4,100,2359750
20240118,11:49:52,0.4,700,2359750
20240118,11:49:55,0.4,550,2359750
20240118,11:49:58,0.4,100,2359750
20240118,11:49:59,0.4,100,2359750
20240118,11:50:00,0.4,600,2359750
20240118,11:50:03,0.4,600,2359750
20240118,11:50:05,0.45,500,2359750
20240118,11:50:06,0.4,550,2359750
20240118,11:50:07,0.45,9000,2359750
20240118,11:50:08,0.4,2400,2359750
20240118,11:50:11,0.4,600,2359750
20240118,11:50:14,0.4,100,2359750
20240118,11:50:15,0.4,1000,2359750
20240118,11:50:20,0.45,200,2359750
20240118,11:50:23,0.45,1100,2359750
20240118,11:50:26,0.45,550,2359750
20240118,11:50:30,0.45,1500,2359750
20240118,11:50:32,0.45,300,2359750
20240118,11:50:34,0.45,650,2359750
20240118,11:50:35,0.45,2100,2359750
20240118,11:50:37,0.45,12600,2359750
20240118,11:50:38,0.4,900,2359750
20240118,11:50:39,0.45,200,2359750
20240118,11:50:40,0.45,600,2359750
20240118,11:50:45,0.4,1400,2359750
20240118,11:50:47,0.45,550,2359750
20240118,11:50:48,0.45,600,2359750
20240118,11:50:50,0.45,600,2359750
20240118,11:50:51,0.5,15450,2359750
20240118,11:50:52,0.5,12500,2359750
20240118,11:50:54,0.5,600,2359750
20240118,11:50:56,0.45,1450,2427900
20240118,11:50:57,0.5,100,2427900
20240118,11:50:58,0.5,1400,2427900
20240118,11:51:00,0.5,600,2427900
20240118,11:51:03,0.5,700,2427900
20240118,11:51:05,0.5,700,2427900
20240118,11:51:06,0.5,2800,2427900
20240118,11:51:07,0.5,600,2427900
20240118,11:51:09,0.5,900,2427900
20240118,11:51:13,0.45,800,2427900
20240118,11:51:17,0.45,600,2427900
20240118,11:51:19,0.5,1800,2427900
20240118,11:51:20,0.45,100,2427900
20240118,11:51:21,0.45,300,2427900
20240118,11:51:23,0.45,550,2427900
20240118,11:51:26,0.45,650,2427900
20240118,11:51:29,0.45,100,2427900
20240118,11:51:30,0.45,300,2427900
20240118,11:51:32,0.45,500,2427900
20240118,11:51:34,0.45,500,2427900
20240118,11:51:35,0.45,600,2427900
20240118,11:51:37,0.45,300,2427900
20240118,11:51:39,0.45,550,2427900
20240118,11:51:40,0.45,900,2427900
20240118,11:51:42,0.45,100,2427900
20240118,11:51:43,0.45,550,2427900
20240118,11:51:46,0.45,1900,2427900
20240118,11:51:47,0.45,5700,2427900
20240118,11:51:51,0.45,600,2427900
20240118,11:51:53,0.5,3600,2427900
20240118,11:51:54,0.45,500,2427900
20240118,11:51:56,0.45,100,2427900
20240118,11:51:57,0.45,600,2427900
20240118,11:51:59,0.45,2300,2427900
20240118,11:52:01,0.45,600,2427900
20240118,11:52:03,0.45,700,2427900
20240118,11:52:05,0.45,700,2427900
20240118,11:52:07,0.5,50,2427900
20240118,11:52:09,0.5,550,2427900
20240118,11:52:10,0.45,600,2427900
20240118,11:52:11,0.5,600,2427900
20240118,11:52:13,0.5,550,2427900
20240118,11:52:15,0.45,900,2427900
20240118,11:52:16,0.5,600,2427900
20240118,11:52:17,0.5,1800,2427900
20240118,11:52:19,0.45,2350,2427900
20240118,11:52:20,0.45,2200,2427900
20240118,11:52:23,0.5,550,2427900
20240118,11:52:27,0.5,600,2427900
20240118,11:52:32,0.5,500,2427900
20240118,11:52:35,0.5,100,2427900
20240118,11:52:37,0.5,350,2427900
20240118,11:52:38,0.45,1850,2427900
20240118,11:52:40,0.5,100,2427900
20240118,11:52:41,0.5,750,2427900
20240118,11:52:44,0.45,500,2427900
20240118,11:52:45,0.5,1800,2427900
20240118,11:52:46,0.5,550,2427900
20240118,11:52:50,0.5,500,2427900
20240118,11:52:52,0.5,300,2427900
20240118,11:52:53,0.5,650,2427900
20240118,11:52:54,0.45,1800,2427900
20240118,11:52:56,0.5,50,2427900
20240118,11:52:57,0.5,550,2427900
20240118,11:53:00,0.5,600,2427900
20240118,11:53:02,0.5,100,2427900
20240118,11:53:03,0.5,300,2427900
20240118,11:53:06,0.5,650,2427900
20240118,11:53:08,0.5,600,2427900
20240118,11:53:11,0.5,550,2427900
20240118,11:53:14,0.45,1000,2427900
20240118,11:53:15,0.5,600,2427900
20240118,11:53:17,0.5,600,2427900
20240118,11:53:19,0.5,700,2427900
20240118,11:53:20,0.5,550,2427900
20240118,11:53:23,0.5,700,2427900
20240118,11:53:24,0.5,550,2427900
20240118,11:53:26,0.5,700,2427900
20240118,11:53:28,0.5,600,2427900
20240118,11:53:31,0.5,300,2427900
20240118,11:53:36,0.5,300,2427900
20240118,11:53:37,0.5,300,2427900
20240118,11:53:40,0.45,1500,2427900
20240118,11:53:45,0.5,3600,2427900
20240118,11:53:46,0.5,1400,2427900
20240118,11:53:49,0.5,5000,2427900
20240118,11:53:50,0.5,5000,2427900
20240118,11:53:53,0.5,3600,2427900
20240118,11:53:54,0.5,45500,2427900
20240118,11:53:57,0.5,3000,2427900
20240118,11:54:01,0.5,1800,2435700
20240118,11:54:02,0.55,5300,2435700
20240118,11:54:05,0.55,50,2435700
20240118,11:54:07,0.5,2550,2435700
20240118,11:54:08,0.5,50,2435700
20240118,11:54:09,0.5,1250,2435700
20240118,11:54:10,0.5,2700,2435700
20240118,11:54:11,0.5,1800,2435700
20240118,11:54:30,0.45,500,2435700
20240118,11:54:32,0.45,1800,2435700
20240118,11:54:33,0.45,1500,2435700
20240118,11:54:35,0.5,500,2435700
20240118,11:54:40,0.5,200,2435700
20240118,11:54:43,0.45,1500,2435700
20240118,11:54:47,0.5,200,2435700
20240118,11:54:53,0.45,1000,2435700
20240118,11:54:59,0.45,1800,2435700
20240118,11:55:00,0.45,2350,2435700
20240118,11:55:01,0.45,600,2435700
20240118,11:55:02,0.45,700,2435700
20240118,11:55:03,0.45,600,2435700
20240118,11:55:05,0.5,700,2435700
20240118,11:55:06,0.5,100,2435700
20240118,11:55:07,0.5,700,2435700
20240118,11:55:08,0.5,300,2435700
20240118,11:55:11,0.45,1600,2435700
20240118,11:55:13,0.45,600,2435700
20240118,11:55:14,0.45,1400,2435700
20240118,11:55:25,0.5,2800,2435700
20240118,11:55:30,0.45,600,2435700
20240118,11:55:31,0.45,400,2435700
20240118,11:55:34,0.5,1800,2435700
20240118,11:55:35,0.5,2000,2435700
20240118,11:55:36,0.5,2200,2435700
20240118,11:55:37,0.5,100,2435700
20240118,11:55:44,0.5,3000,2435700
20240118,11:55:46,0.45,1000,2435700
20240118,11:55:49,0.45,1000,2435700
20240118,11:55:53,0.5,700,2435700
20240118,11:55:54,0.5,200,2435700
20240118,11:55:55,0.5,1100,2435700
20240118,11:55:56,0.5,2000,2435700
20240118,11:56:01,0.5,1800,2435700
20240118,11:56:03,0.5,2800,2435700
20240118,11:56:10,0.5,250,2435700
20240118,11:56:11,0.5,1500,2435700
20240118,11:56:12,0.5,500,2435700
20240118,11:56:15,0.5,300,2435700
20240118,11:56:16,0.5,250,2435700
20240118,11:56:19,0.5,1000,2435700
20240118,11:56:34,0.5,1350,2435700
20240118,11:56:42,0.5,50,2435700
20240118,11:56:50,0.5,3600,2435700
20240118,11:56:54,0.5,50,2435700
20240118,11:57:05,0.45,50,2458150
20240118,11:57:07,0.45,400,2458150
20240118,11:57:19,0.45,1500,2458150
20240118,11:57:20,0.45,1500,2458150
20240118,11:57:21,0.45,6000,2458150
20240118,11:57:22,0.45,6000,2458150
20240118,11:57:23,0.45,6000,2458150
20240118,11:57:24,0.45,6000,2458150
20240118,11:57:42,0.45,1200,2458150
20240118,11:57:45,0.45,4300,2458150
20240118,11:57:55,0.45,1000,2458150
20240118,11:58:02,0.5,1800,2458150
20240118,11:58:03,0.5,3600,2458150
20240118,11:58:04,0.45,1800,2458150
20240118,11:58:11,0.45,25400,2458150
20240118,11:58:17,0.4,1550,2458150
20240118,11:58:20,0.4,1500,2458150
20240118,11:58:23,0.4,1500,2458150
20240118,11:58:29,0.45,1000,2458150
20240118,11:58:32,0.45,1000,2458150
20240118,11:58:33,0.4,1800,2458150
20240118,11:58:34,0.45,50,2458150
20240118,11:58:36,0.45,150,2458150
20240118,11:58:47,0.4,50,2458150
20240118,11:58:51,0.4,1800,2458150
20240118,11:58:52,0.4,2300,2458150
20240118,11:58:56,0.45,550,2458150
20240118,11:58:59,0.4,1800,2458150
20240118,11:59:00,0.4,1800,2458150
20240118,11:59:01,0.4,1800,2458150
20240118,11:59:02,0.4,1000,2458150
20240118,11:59:04,0.4,2650,2458150
20240118,11:59:05,0.45,500,2458150
20240118,11:59:09,0.45,1050,2458150
20240118,11:59:11,0.4,400,2458150
20240118,11:59:12,0.45,3650,2458150
20240118,11:59:13,0.45,5500,2458150
20240118,11:59:14,0.4,1800,2458150
20240118,11:59:16,0.4,250,2458150
20240118,11:59:20,0.4,1800,2458150
20240118,11:59:21,0.45,450,2458150
20240118,11:59:23,0.4,1800,2458150
20240118,11:59:25,0.4,4850,2458150
20240118,11:59:26,0.45,5100,2458150
20240118,11:59:27,0.4,2350,2458150
20240118,11:59:28,0.4,1800,2458150
20240118,11:59:29,0.45,3600,2458150
20240118,11:59:30,0.4,2400,2458150
20240118,11:59:31,0.4,1500,2458150
20240118,11:59:32,0.4,2050,2458150
20240118,11:59:34,0.4,5700,2458150
20240118,11:59:35,0.45,1400,2458150
20240118,11:59:36,0.4,4200,2458150
20240118,11:59:39,0.4,600,2458150
20240118,11:59:39,0.4,3600,2458150
20240118,11:59:40,0.4,4450,2458150
20240118,11:59:41,0.4,6000,2458150
20240118,11:59:43,0.4,3750,2458150
20240118,11:59:44,0.4,900,2458150
20240118,11:59:45,0.4,1900,2458150
20240118,11:59:46,0.4,3300,2458150
20240118,11:59:47,0.4,2850,2458150
20240118,11:59:49,0.4,1950,2458150
20240118,11:59:50,0.4,50,2458150
20240118,11:59:56,0.4,500,2458150
20240118,11:59:57,0.4,1800,2458150
20240118,11:59:58,0.4,2400,2443600
20240118,11:59:59,0.4,1800,2443600
20240118,12:00:00,0.4,1800,2443600
20240118,12:00:01,0.4,14600,2443600
20240118,12:00:02,0.35,19050,2443600
20240118,12:00:03,0.4,6350,2443600
20240118,12:00:04,0.4,2200,2443600
20240118,12:00:05,0.35,2500,2443600
20240118,12:00:06,0.35,2400,2443600
20240118,12:00:07,0.35,2150,2443600
20240118,12:00:09,0.4,4300,2443600
20240118,12:00:09,0.35,1800,2443600
20240118,12:00:11,0.4,500,2443600
20240118,12:00:11,0.4,17200,2443600
20240118,12:00:13,0.35,1800,2443600
20240118,12:00:15,0.35,1800,2443600
20240118,12:00:17,0.4,2200,2443600
20240118,12:00:18,0.35,950,2443600
20240118,12:00:18,0.35,1800,2443600
20240118,12:00:20,0.35,4500,2443600
20240118,12:00:21,0.35,650,2443600
20240118,12:00:23,0.35,2400,2443600
20240118,12:00:23,0.35,2800,2443600
20240118,12:00:24,0.35,2300,2443600
20240118,12:00:25,0.35,5000,2443600
20240118,12:00:26,0.4,50,2443600
20240118,12:00:27,0.35,650,2443600
20240118,12:00:29,0.35,1800,2443600
20240118,12:00:30,0.35,550,2443600
20240118,12:00:32,0.35,1800,2443600
20240118,12:00:35,0.35,4150,2443600
20240118,12:00:35,0.35,200,2443600
20240118,12:00:36,0.35,4200,2443600
20240118,12:00:37,0.4,1850,2443600
20240118,12:00:39,0.35,1800,2443600
20240118,12:00:39,0.4,50,2443600
20240118,12:00:40,0.35,600,2443600
20240118,12:00:42,0.4,3050,2443600
20240118,12:00:42,0.4,850,2443600
20240118,12:00:43,0.4,1100,2443600
20240118,12:00:45,0.35,3850,2443600
20240118,12:00:46,0.35,600,2443600
20240118,12:00:47,0.35,4750,2443600
20240118,12:00:49,0.35,1850,2443600
20240118,12:00:50,0.35,42900,2443600
20240118,12:00:52,0.4,2600,2443600
20240118,12:00:53,0.4,1800,2443600
20240118,12:00:55,0.35,2450,2443600
20240118,12:00:57,0.4,3100,2443600
20240118,12:00:59,0.4,4250,2443600
20240118,12:01:00,0.35,5400,2443600
20240118,12:01:01,0.35,1900,2443600
20240118,12:01:01,0.35,2100,2443600
20240118,12:01:03,0.35,2750,2443600
20240118,12:01:05,0.35,3350,2443600
20240118,12:01:06,0.35,2400,2443600
20240118,12:01:07,0.35,3300,2443600
20240118,12:01:08,0.35,5300,2443600
20240118,12:01:09,0.35,1800,2443600
20240118,12:01:10,0.35,2550,2443600
20240118,12:01:11,0.35,1850,2443600
20240118,12:01:12,0.35,950,2443600
20240118,12:01:13,0.35,28950,2443600
20240118,12:01:14,0.3,8900,2443600
20240118,12:01:15,0.3,2550,2443600
20240118,12:01:16,0.3,3600,2443600
20240118,12:01:16,0.3,1800,2443600
20240118,12:01:18,0.35,1850,2443600
20240118,12:01:19,0.3,1850,2443600
20240118,12:01:21,0.3,600,2443600
20240118,12:01:22,0.3,3600,2443600
20240118,12:01:23,0.3,2150,2443600
20240118,12:01:26,0.3,3850,2443600
20240118,12:01:28,0.3,1800,2443600
20240118,12:01:29,0.35,2300,2443600
20240118,12:01:30,0.3,1800,2443600
20240118,12:01:32,0.3,1800,2443600
20240118,12:01:33,0.3,100,2443600
20240118,12:01:36,0.3,3300,2443600
20240118,12:01:39,0.3,300,2443600
20240118,12:01:41,0.35,3000,2443600
20240118,12:01:42,0.35,4850,2443600
20240118,12:01:49,0.3,4150,2443600
20240118,12:01:54,0.3,5400,2443600
20240118,12:01:55,0.35,5850,2443600
20240118,12:01:56,0.3,6450,2443600
20240118,12:01:57,0.3,2350,2443600
20240118,12:01:57,0.3,5950,2443600
20240118,12:02:01,0.3,3300,2443600
20240118,12:02:01,0.3,1800,2443600
20240118,12:02:02,0.35,500,2443600
20240118,12:02:06,0.3,1000,2443600
20240118,12:02:06,0.35,1800,2443600
20240118,12:02:09,0.3,500,2443600
20240118,12:02:09,0.35,1000,2443600
20240118,12:02:10,0.3,4950,2443600
20240118,12:02:13,0.3,6750,2443600
20240118,12:02:13,0.3,3750,2443600
20240118,12:02:15,0.3,1800,2443600
20240118,12:02:16,0.3,9000,2443600
20240118,12:02:16,0.3,19000,2443600
20240118,12:02:18,0.3,6450,2443600
20240118,12:02:19,0.25,36850,2443600
20240118,12:02:20,0.3,4600,2443600
20240118,12:02:21,0.25,4700,2443600
20240118,12:02:22,0.25,7900,2443600
20240118,12:02:23,0.25,3600,2443600
20240118,12:02:24,0.25,600,2443600
20240118,12:02:25,0.25,1800,2443600
20240118,12:02:26,0.25,1800,2443600
20240118,12:02:28,0.25,3600,2443600
20240118,12:02:29,0.25,3800,2443600
20240118,12:02:30,0.25,7200,2443600
20240118,12:02:31,0.3,5600,2443600
20240118,12:02:32,0.3,3900,2443600
20240118,12:02:33,0.3,6000,2443600
20240118,12:02:35,0.3,700,2443600
20240118,12:02:37,0.25,1800,2443600
20240118,12:02:39,0.25,2550,2443600
20240118,12:02:41,0.25,2300,2443600
20240118,12:02:42,0.25,1800,2443600
20240118,12:02:43,0.25,2800,2443600
20240118,12:02:44,0.25,900,2443600
20240118,12:02:45,0.3,1550,2443600
20240118,12:02:47,0.25,900,2443600
20240118,12:02:48,0.25,1000,2443600
20240118,12:02:49,0.25,1800,2443600
20240118,12:02:50,0.25,3350,2443600
20240118,12:02:51,0.25,1800,2443600
20240118,12:02:52,0.25,1800,2443600
20240118,12:02:53,0.25,650,2443600
20240118,12:02:54,0.3,500,2443600
20240118,12:02:56,0.25,4850,2443600
20240118,12:02:57,0.3,7750,2443600
20240118,12:02:58,0.25,1800,2443600
20240118,12:02:59,0.25,1800,2446900
20240118,12:03:00,0.25,1800,2446900
20240118,12:03:01,0.3,500,2446900
20240118,12:03:02,0.25,1800,2446900
20240118,12:03:03,0.3,1000,2446900
20240118,12:03:04,0.3,450,2446900
20240118,12:03:05,0.3,7200,2446900
20240118,12:03:06,0.25,8750,2446900
20240118,12:03:07,0.25,2300,2446900
20240118,12:03:09,0.25,2400,2446900
20240118,12:03:10,0.25,2200,2446900
20240118,12:03:11,0.25,2350,2446900
20240118,12:03:12,0.25,3600,2446900
20240118,12:03:13,0.25,5500,2446900
20240118,12:03:14,0.3,5200,2446900
20240118,12:03:15,0.25,1900,2446900
20240118,12:03:16,0.25,550,2446900
20240118,12:03:17,0.25,44050,2446900
20240118,12:03:18,0.3,50,2446900
20240118,12:03:20,0.25,3600,2446900
20240118,12:03:21,0.25,9600,2446900
20240118,12:03:22,0.25,4100,2446900
20240118,12:03:23,0.25,5650,2446900
20240118,12:03:24,0.25,5400,2446900
20240118,12:03:25,0.25,126000,2446900
20240118,12:03:26,0.25,7200,2446900
20240118,12:03:27,0.25,34650,2446900
20240118,12:03:28,0.25,30600,2446900
20240118,12:03:29,0.25,29400,2446900
20240118,12:03:30,0.25,29950,2446900
20240118,12:03:31,0.2,14600,2446900
20240118,12:03:32,0.2,2400,2446900
20240118,12:03:33,0.2,7250,2446900
20240118,12:03:34,0.2,3650,2446900
20240118,12:03:35,0.2,1800,2446900
20240118,12:03:36,0.2,6100,2446900
20240118,12:03:37,0.25,12600,2446900
20240118,12:03:38,0.25,5450,2446900
20240118,12:03:39,0.2,1800,2446900
20240118,12:03:40,0.2,12650,2446900
20240118,12:03:41,0.2,14900,2446900
20240118,12:03:42,0.2,20000,2446900
20240118,12:03:43,0.2,21600,2446900
20240118,12:03:44,0.2,18000,2446900
20240118,12:03:45,0.2,7200,2446900
20240118,12:03:47,0.2,300,2446900
20240118,12:03:52,0.2,100,2446900
20240118,12:03:55,0.2,300,2446900
20240118,12:03:56,0.2,800,2446900
20240118,12:03:59,0.25,50,2446900
20240118,12:04:03,0.2,1750,2446900
20240118,12:04:04,0.2,3550,2446900
20240118,12:04:06,0.2,1800,2446900
20240118,12:04:07,0.2,3500,2446900
20240118,12:04:08,0.25,50,2446900
20240118,12:04:10,0.25,50,2446900
20240118,12:04:13,0.25,10000,2446900
20240118,12:04:14,0.25,50,2446900
20240118,12:04:17,0.25,650,2446900
20240118,12:04:18,0.2,2850,2446900
20240118,12:04:19,0.25,600,2446900
20240118,12:04:21,0.2,550,2446900
20240118,12:04:22,0.25,800,2446900
20240118,12:04:23,0.25,600,2446900
20240118,12:04:25,0.2,550,2446900
20240118,12:04:26,0.2,1200,2446900
20240118,12:04:31,0.25,200,2446900
20240118,12:04:35,0.2,1800,2446900
20240118,12:04:37,0.2,950,2446900
20240118,12:04:42,0.2,6000,2446900
20240118,12:04:46,0.2,100,2446900
20240118,12:04:48,0.25,1400,2446900
20240118,12:04:49,0.2,500,2446900
20240118,12:04:50,0.25,550,2446900
20240118,12:04:52,0.25,500,2446900
20240118,12:04:55,0.25,600,2446900
20240118,12:04:57,0.25,2050,2446900
20240118,12:04:59,0.2,50,2446900
20240118,12:04:59,0.25,300,2446900
20240118,12:05:00,0.25,700,2446900
20240118,12:05:01,0.25,22300,2446900
20240118,12:05:03,0.25,200,2446900
20240118,12:05:08,0.25,400,2446900
20240118,12:05:09,0.25,600,2446900
20240118,12:05:10,0.25,50,2446900
20240118,12:05:11,0.25,100,2446900
20240118,12:05:12,0.25,500,2446900
20240118,12:05:14,0.25,600,2446900
20240118,12:05:15,0.25,600,2446900
20240118,12:05:17,0.2,1000,2446900
20240118,12:05:18,0.25,600,2446900
20240118,12:05:20,0.2,1000,2446900
20240118,12:05:21,0.2,1000,2446900
20240118,12:05:26,0.25,600,2446900
20240118,12:05:26,0.2,1000,2446900
20240118,12:05:28,0.2,400,2446900
20240118,12:05:31,0.25,600,2446900
20240118,12:05:33,0.2,250,2446900
20240118,12:05:34,0.2,1900,2446900
20240118,12:05:37,0.25,300,2446900
20240118,12:05:39,0.25,1600,2446900
20240118,12:05:41,0.25,500,2446900
20240118,12:05:42,0.2,700,2446900
20240118,12:05:43,0.2,2100,2446900
20240118,12:05:44,0.25,100,2446900
20240118,12:05:45,0.25,600,2446900
20240118,12:05:48,0.25,600,2446900
20240118,12:05:52,0.25,600,2446900
20240118,12:05:53,0.2,1000,2446900
20240118,12:05:55,0.25,6600,2446900
20240118,12:05:56,0.25,850,2446900
20240118,12:05:58,0.25,4350,2446900
20240118,12:05:59,0.25,300,2425550
20240118,12:06:00,0.25,550,2425550
20240118,12:06:03,0.25,600,2425550
20240118,12:06:04,0.25,300,2425550
20240118,12:06:05,0.25,300,2425550
20240118,12:06:06,0.25,1150,2425550
20240118,12:06:08,0.25,600,2425550
20240118,12:06:10,0.2,150,2425550
20240118,12:06:11,0.25,500,2425550
20240118,12:06:13,0.25,600,2425550
20240118,12:06:15,0.25,600,2425550
20240118,12:06:15,0.2,500,2425550
20240118,12:06:17,0.25,1500,2425550
20240118,12:06:18,0.25,600,2425550
20240118,12:06:20,0.25,600,2425550
20240118,12:06:21,0.2,750,2425550
20240118,12:06:24,0.25,400,2425550
20240118,12:06:24,0.25,150,2425550
20240118,12:06:25,0.25,800,2425550
20240118,12:06:26,0.25,450,2425550
20240118,12:06:27,0.25,600,2425550
20240118,12:06:28,0.25,250,2425550
20240118,12:06:30,0.2,500,2425550
20240118,12:06:33,0.25,300,2425550
20240118,12:06:34,0.25,550,2425550
20240118,12:06:37,0.25,250,2425550
20240118,12:06:37,0.2,200,2425550
20240118,12:06:38,0.25,500,2425550
20240118,12:06:41,0.25,900,2425550
20240118,12:06:42,0.25,100,2425550
20240118,12:06:43,0.2,300,2425550
20240118,12:06:44,0.2,400,2425550
20240118,12:06:45,0.2,2900,2425550
20240118,12:06:49,0.25,850,2425550
20240118,12:06:51,0.2,550,2425550
20240118,12:06:52,0.25,500,2425550
20240118,12:06:53,0.25,650,2425550
20240118,12:06:54,0.25,6550,2425550
20240118,12:06:55,0.25,750,2425550
20240118,12:06:56,0.25,1200,2425550
20240118,12:06:58,0.25,1200,2425550
20240118,12:07:00,0.25,1750,2425550
20240118,12:07:01,0.2,650,2425550
20240118,12:07:02,0.2,950,2425550
20240118,12:07:03,0.2,950,2425550
20240118,12:07:04,0.2,1950,2425550
20240118,12:07:05,0.25,1800,2425550
20240118,12:07:06,0.2,1950,2425550
20240118,12:07:07,0.2,108950,2425550
20240118,12:07:08,0.15,15500,2425550
20240118,12:07:09,0.2,2250,2425550
20240118,12:07:11,0.15,600,2425550
20240118,12:07:12,0.2,450,2425550
20240118,12:07:13,0.15,1250,2425550
20240118,12:07:14,0.15,4200,2425550
20240118,12:07:15,0.2,450,2425550
20240118,12:07:16,0.2,1350,2425550
20240118,12:07:17,0.15,650,2425550
20240118,12:07:19,0.15,800,2425550
20240118,12:07:20,0.15,550,2425550
20240118,12:07:21,0.2,250,2425550
20240118,12:07:22,0.15,700,2425550
20240118,12:07:24,0.2,150,2425550
20240118,12:07:25,0.15,550,2425550
20240118,12:07:27,0.2,800,2425550
20240118,12:07:29,0.2,6600,2425550
20240118,12:07:31,0.15,550,2425550
20240118,12:07:33,0.15,550,2425550
20240118,12:07:35,0.15,600,2425550
20240118,12:07:38,0.2,250,2425550
20240118,12:07:40,0.15,50,2425550
20240118,12:07:42,0.15,500,2425550
20240118,12:07:45,0.15,600,2425550
20240118,12:07:49,0.15,300,2425550
20240118,12:07:50,0.2,1000,2425550
20240118,12:07:51,0.15,750,2425550
20240118,12:07:54,0.15,700,2425550
20240118,12:07:56,0.15,550,2425550
20240118,12:07:59,0.15,650,2425550
20240118,12:08:01,0.15,500,2425550
20240118,12:08:04,0.15,600,2425550
20240118,12:08:05,0.2,100,2425550
20240118,12:08:06,0.15,100,2425550
20240118,12:08:07,0.15,550,2425550
20240118,12:08:14,0.2,1000,2425550
20240118,12:08:15,0.15,300,2425550
20240118,12:08:17,0.2,50,2425550
20240118,12:08:21,0.15,500,2425550
20240118,12:08:23,0.15,50,2425550
20240118,12:08:25,0.15,1000,2425550
20240118,12:08:37,0.15,1000,2425550
20240118,12:08:39,0.15,100,2425550
20240118,12:08:41,0.15,6000,2425550
20240118,12:08:42,0.2,50,2425550
20240118,12:08:48,0.15,500,2425550
20240118,12:08:51,0.2,1000,2425550
20240118,12:08:53,0.15,400,2425550
20240118,12:08:53,0.2,200,2425550
20240118,12:08:54,0.2,300,2425550
20240118,12:09:00,0.2,50,2416550
20240118,12:09:01,0.2,1000,2416550
20240118,12:09:07,0.2,1000,2416550
20240118,12:09:11,0.2,500,2416550
20240118,12:09:12,0.15,400,2416550
20240118,12:09:14,0.2,200,2416550
20240118,12:09:22,0.15,500,2416550
20240118,12:09:30,0.15,550,2416550
20240118,12:09:40,0.2,300,2416550
20240118,12:09:52,0.15,300,2416550
20240118,12:09:55,0.15,50,2416550
20240118,12:09:59,0.2,50,2416550
20240118,12:10:01,0.15,3000,2416550
20240118,12:10:04,0.15,50,2416550
20240118,12:10:05,0.15,50,2416550
20240118,12:10:07,0.2,550,2416550
20240118,12:10:11,0.2,500,2416550
20240118,12:10:12,0.2,150,2416550
20240118,12:10:18,0.15,3300,2416550
20240118,12:10:18,0.15,450,2416550
20240118,12:10:25,0.15,150,2416550
20240118,12:10:30,0.2,1500,2416550
20240118,12:10:30,0.15,200,2416550
20240118,12:10:34,0.2,3600,2416550
20240118,12:10:34,0.2,50,2416550
20240118,12:10:40,0.15,3000,2416550
20240118,12:10:45,0.2,200,2416550
20240118,12:10:48,0.2,200,2416550
20240118,12:10:50,0.2,200,2416550
20240118,12:10:52,0.15,500,2416550
20240118,12:10:55,0.15,500,2416550
20240118,12:11:00,0.15,250,2416550
20240118,12:11:08,0.2,200,2416550
20240118,12:11:09,0.2,1500,2416550
20240118,12:11:11,0.15,50,2416550
20240118,12:11:12,0.15,1800,2416550
20240118,12:11:13,0.15,5850,2416550
20240118,12:11:15,0.15,5400,2416550
20240118,12:11:15,0.15,5600,2416550
20240118,12:11:17,0.2,150,2416550
20240118,12:11:18,0.2,150,2416550
20240118,12:11:21,0.15,500,2416550
20240118,12:11:25,0.15,500,2416550
20240118,12:11:26,0.15,14400,2416550
20240118,12:11:26,0.15,3600,2416550
20240118,12:11:27,0.15,550,2416550
20240118,12:11:29,0.15,150,2416550
20240118,12:11:39,0.15,250,2416550
20240118,12:11:41,0.15,2800,2416550
20240118,12:11:42,0.15,1800,2416550
20240118,12:11:44,0.15,1800,2416550
20240118,12:11:46,0.15,3600,2416550
20240118,12:11:48,0.15,250,2416550
20240118,12:11:48,0.15,1700,2416550
20240118,12:11:49,0.15,500,2416550
20240118,12:11:51,0.15,18000,2416550
20240118,12:11:53,0.15,3400,2416550
20240118,12:11:54,0.15,6450,2416550
20240118,12:11:55,0.15,250,2416550
20240118,12:11:55,0.15,1000,2416550
20240118,12:11:56,0.15,19000,2416550
20240118,12:11:57,0.15,9500,2416550
20240118,12:11:59,0.15,1800,2416550
20240118,12:11:59,0.15,11000,2419600
20240118,12:12:01,0.15,4800,2419600
20240118,12:12:02,0.15,15950,2419600
20240118,12:12:04,0.15,1200,2419600
20240118,12:12:05,0.15,13450,2419600
20240118,12:12:08,0.15,550,2419600
20240118,12:12:11,0.15,1800,2419600
20240118,12:12:12,0.15,5400,2419600
20240118,12:12:12,0.15,10150,2419600
20240118,12:12:13,0.15,2800,2419600
20240118,12:12:17,0.15,650,2419600
20240118,12:12:17,0.15,10100,2419600
20240118,12:12:22,0.15,9000,2419600
20240118,12:12:23,0.15,18000,2419600
20240118,12:12:25,0.15,2600,2419600
20240118,12:12:25,0.15,3600,2419600
20240118,12:12:26,0.15,7200,2419600
20240118,12:12:27,0.15,23300,2419600
20240118,12:12:28,0.15,9000,2419600
20240118,12:12:30,0.15,36600,2419600
20240118,12:12:30,0.1,1500,2419600
20240118,12:12:57,0.1,200,2419600
20240118,12:13:10,0.1,400,2419600
20240118,12:13:12,0.15,50,2419600
20240118,12:13:14,0.1,7200,2419600
20240118,12:13:19,0.1,350,2419600
20240118,12:13:20,0.1,50,2419600
20240118,12:13:21,0.15,600,2419600
20240118,12:13:22,0.15,50,2419600
20240118,12:14:12,0.15,1000,2419600
20240118,12:14:17,0.15,1200,2419600
20240118,12:14:20,0.15,1000,2419600
20240118,12:14:34,0.15,1000,2419600
20240118,12:14:35,0.15,1000,2419600
20240118,12:14:36,0.15,1000,2419600
20240118,12:14:39,0.15,1000,2419600
20240118,12:14:43,0.15,1000,2419600
20240118,12:14:45,0.15,2500,2419600
20240118,12:14:58,0.1,50,2419600
20240118,12:15:19,0.1,1000,2419600
20240118,12:15:24,0.1,50,2401050
20240118,12:15:28,0.1,400,2401050
20240118,12:15:42,0.1,600,2401050
20240118,12:16:01,0.15,300,2401050
20240118,12:16:03,0.15,300,2401050
20240118,12:16:18,0.15,500,2401050
20240118,12:16:55,0.15,5000,2401050
20240118,12:17:09,0.1,400,2401050
20240118,12:17:18,0.15,200,2401050
20240118,12:17:44,0.1,1750,2401050
20240118,12:17:46,0.1,150,2401050
20240118,12:17:49,0.1,750,2401050
20240118,12:17:54,0.15,600,2401050
20240118,12:17:58,0.15,1100,2401050
20240118,12:18:16,0.15,150,2395550
20240118,12:18:20,0.15,1800,2395550
20240118,12:18:32,0.1,1500,2395550
20240118,12:18:37,0.15,100,2395550
20240118,12:18:43,0.1,11100,2395550
20240118,12:18:52,0.1,200,2395550
20240118,12:18:55,0.15,300,2395550
20240118,12:18:57,0.1,500,2395550
20240118,12:19:02,0.1,300,2395550
20240118,12:19:06,0.1,300,2395550
20240118,12:19:07,0.1,400,2395550
20240118,12:19:10,0.15,350,2395550
20240118,12:19:12,0.15,100,2395550
20240118,12:19:16,0.15,300,2395550
20240118,12:19:19,0.15,200,2395550
20240118,12:19:19,0.1,600,2395550
20240118,12:19:20,0.1,250,2395550
20240118,12:19:21,0.15,500,2395550
20240118,12:19:31,0.15,500,2395550
20240118,12:19:32,0.1,1250,2395550
20240118,12:19:35,0.1,50,2395550
20240118,12:19:46,0.15,1250,2395550
20240118,12:19:56,0.1,50,2395550
20240118,12:20:11,0.1,1800,2395550
20240118,12:20:14,0.15,500,2395550
20240118,12:20:21,0.1,2000,2395550
20240118,12:20:22,0.1,600,2395550
20240118,12:20:22,0.1,1100,2395550
20240118,12:20:23,0.1,600,2395550
20240118,12:20:27,0.15,500,2395550
20240118,12:20:28,0.1,350,2395550
20240118,12:20:44,0.1,2450,2395550
20240118,12:20:45,0.1,1050,2395550
20240118,12:20:46,0.1,50,2395550
20240118,12:20:50,0.15,5000,2395550
20240118,12:20:53,0.15,200,2395550
20240118,12:20:54,0.15,1850,2395550
20240118,12:20:58,0.15,200,2395550
20240118,12:21:04,0.15,50,2386150
20240118,12:21:10,0.1,450,2386150
20240118,12:21:13,0.15,50,2386150
20240118,12:21:16,0.15,50,2386150
20240118,12:21:18,0.15,50,2386150
20240118,12:21:19,0.1,300,2386150
20240118,12:21:20,0.15,500,2386150
20240118,12:21:22,0.15,50,2386150
20240118,12:21:25,0.15,50,2386150
20240118,12:21:27,0.15,50,2386150
20240118,12:21:28,0.1,300,2386150
20240118,12:21:28,0.1,250,2386150
20240118,12:21:30,0.15,50,2386150
20240118,12:21:35,0.15,50,2386150
20240118,12:21:39,0.1,1800,2386150
20240118,12:21:40,0.1,650,2386150
20240118,12:21:41,0.15,150,2386150
20240118,12:21:44,0.15,300,2386150
20240118,12:21:48,0.1,150,2386150
20240118,12:21:49,0.1,1850,2386150
20240118,12:21:51,0.15,50,2386150
20240118,12:21:53,0.15,50,2386150
20240118,12:21:55,0.15,50,2386150
20240118,12:21:56,0.15,50,2386150
20240118,12:21:58,0.15,50,2386150
20240118,12:21:59,0.15,150,2386150
20240118,12:22:01,0.15,400,2386150
20240118,12:22:03,0.15,650,2386150
20240118,12:22:06,0.15,650,2386150
20240118,12:22:07,0.15,50,2386150
20240118,12:22:08,0.15,550,2386150
20240118,12:22:12,0.15,600,2386150
20240118,12:22:15,0.15,550,2386150
20240118,12:22:17,0.15,550,2386150
20240118,12:22:20,0.15,550,2386150
20240118,12:22:22,0.1,50,2386150
20240118,12:22:23,0.15,650,2386150
20240118,12:22:26,0.15,600,2386150
20240118,12:22:29,0.15,950,2386150
20240118,12:22:32,0.15,600,2386150
20240118,12:22:35,0.15,850,2386150
20240118,12:22:37,0.15,600,2386150
20240118,12:22:39,0.15,550,2386150
20240118,12:22:42,0.15,1900,2386150
20240118,12:22:43,0.15,950,2386150
20240118,12:22:45,0.1,850,2386150
20240118,12:22:46,0.1,200,2386150
20240118,12:22:47,0.15,750,2386150
20240118,12:22:49,0.1,2550,2386150
20240118,12:22:49,0.15,1000,2386150
20240118,12:22:51,0.1,750,2386150
20240118,12:22:51,0.1,950,2386150
20240118,12:22:52,0.15,250,2386150
20240118,12:22:53,0.15,850,2386150
20240118,12:22:54,0.15,600,2386150
20240118,12:22:55,0.1,600,2386150
20240118,12:22:57,0.1,1300,2386150
20240118,12:22:58,0.1,600,2386150
20240118,12:22:59,0.1,650,2386150
20240118,12:23:00,0.1,850,2386150
20240118,12:23:02,0.1,1500,2386150
20240118,12:23:04,0.1,750,2386150
20240118,12:23:06,0.1,650,2386150
20240118,12:23:08,0.1,1250,2386150
20240118,12:23:10,0.15,2450,2386150
20240118,12:23:10,0.15,200,2386150
20240118,12:23:11,0.15,750,2386150
20240118,12:23:12,0.15,300,2386150
20240118,12:23:13,0.15,250,2386150
20240118,12:23:15,0.15,350,2386150
20240118,12:23:15,0.15,100,2386150
20240118,12:23:24,0.15,100,2386150
20240118,12:23:31,0.1,500,2386150
20240118,12:23:32,0.1,1000,2386150
20240118,12:23:34,0.1,1000,2386150
20240118,12:23:35,0.1,1000,2386150
20240118,12:23:36,0.1,1000,2386150
20240118,12:23:36,0.15,1500,2386150
20240118,12:23:37,0.1,7000,2386150
20240118,12:23:38,0.1,1000,2386150
20240118,12:23:40,0.1,1000,2386150
20240118,12:23:42,0.1,1000,2386150
20240118,12:23:43,0.15,550,2386150
20240118,12:23:55,0.15,300,2386150
20240118,12:23:56,0.15,450,2386150
20240118,12:24:01,0.1,50,2384450
20240118,12:24:10,0.15,50,2384450
20240118,12:24:11,0.1,1800,2384450
20240118,12:24:12,0.1,2700,2384450
20240118,12:24:15,0.1,400,2384450
20240118,12:24:31,0.1,50,2384450
20240118,12:24:43,0.1,100,2384450
20240118,12:25:32,0.1,450,2384450
20240118,12:25:33,0.1,50,2384450
20240118,12:25:34,0.1,200,2384450
20240118,12:25:35,0.1,200,2384450
20240118,12:25:36,0.1,200,2384450
20240118,12:25:37,0.1,200,2384450
20240118,12:25:38,0.1,50,2384450
20240118,12:25:40,0.1,50,2384450
20240118,12:25:41,0.1,50,2384450
20240118,12:25:42,0.1,50,2384450
20240118,12:25:43,0.1,50,2384450
20240118,12:25:44,0.1,250,2384450
20240118,12:25:45,0.1,50,2384450
20240118,12:25:46,0.1,50,2384450
20240118,12:25:47,0.1,50,2384450
20240118,12:25:48,0.1,50,2384450
20240118,12:25:49,0.1,50,2384450
20240118,12:25:50,0.1,50,2384450
20240118,12:25:51,0.1,50,2384450
20240118,12:25:52,0.1,50,2384450
20240118,12:25:53,0.1,50,2384450
20240118,12:25:54,0.1,50,2384450
20240118,12:25:55,0.1,50,2384450
20240118,12:25:56,0.1,50,2384450
20240118,12:25:57,0.1,50,2384450
20240118,12:25:58,0.1,50,2384450
20240118,12:25:59,0.1,50,2384450
20240118,12:26:00,0.1,50,2384450
20240118,12:26:01,0.1,50,2384450
20240118,12:26:02,0.15,1050,2384450
20240118,12:26:03,0.1,50,2384450
20240118,12:26:04,0.1,50,2384450
20240118,12:26:05,0.1,50,2384450
20240118,12:26:06,0.1,1700,2384450
20240118,12:26:07,0.1,50,2384450
20240118,12:26:08,0.1,4050,2384450
20240118,12:26:09,0.1,200,2384450
20240118,12:26:10,0.1,200,2384450
20240118,12:26:11,0.1,200,2384450
20240118,12:26:12,0.1,200,2384450
20240118,12:26:17,0.1,50,2384450
20240118,12:26:18,0.15,500,2384450
20240118,12:26:19,0.1,50,2384450
20240118,12:26:20,0.1,50,2384450
20240118,12:26:21,0.1,50,2384450
20240118,12:26:22,0.1,50,2384450
20240118,12:26:23,0.1,200,2384450
20240118,12:26:24,0.1,200,2384450
20240118,12:26:25,0.1,200,2384450
20240118,12:26:26,0.1,200,2384450
20240118,12:26:27,0.1,200,2384450
20240118,12:26:28,0.1,550,2384450
20240118,12:26:29,0.1,50,2384450
20240118,12:26:30,0.1,50,2384450
20240118,12:26:31,0.1,200,2384450
20240118,12:26:32,0.1,200,2384450
20240118,12:26:33,0.1,200,2384450
20240118,12:26:34,0.1,200,2384450
20240118,12:26:35,0.1,50,2384450
20240118,12:26:36,0.1,50,2384450
20240118,12:26:37,0.1,50,2384450
20240118,12:26:38,0.1,50,2384450
20240118,12:26:39,0.15,1050,2384450
20240118,12:26:40,0.1,50,2384450
20240118,12:26:41,0.1,50,2384450
20240118,12:26:42,0.1,50,2384450
20240118,12:26:43,0.1,50,2384450
20240118,12:26:44,0.1,200,2384450
20240118,12:26:45,0.1,600,2384450
20240118,12:26:46,0.1,200,2384450
20240118,12:26:47,0.1,50,2384450
20240118,12:26:48,0.1,750,2384450
20240118,12:26:49,0.1,50,2384450
20240118,12:26:50,0.1,950,2384450
20240118,12:26:51,0.1,50,2384450
20240118,12:26:52,0.1,400,2384450
20240118,12:26:53,0.1,300,2384450
20240118,12:26:54,0.1,650,2384450
20240118,12:26:55,0.1,550,2384450
20240118,12:26:56,0.1,1050,2384450
20240118,12:26:57,0.1,50,2384450
20240118,12:26:58,0.15,650,2384450
20240118,12:26:59,0.15,300,2384450
20240118,12:27:00,0.15,500,2384450
20240118,12:27:01,0.1,2550,2384450
20240118,12:27:02,0.1,800,2384250
20240118,12:27:03,0.1,1900,2384250
20240118,12:27:08,0.1,450,2384250
20240118,12:27:09,0.1,700,2384250
20240118,12:27:10,0.1,350,2384250
20240118,12:27:11,0.1,750,2384250
20240118,12:27:15,0.1,50,2384250
20240118,12:27:16,0.1,50,2384250
20240118,12:27:17,0.1,50,2384250
20240118,12:27:18,0.1,50,2384250
20240118,12:27:19,0.1,50,2384250
20240118,12:27:20,0.1,50,2384250
20240118,12:27:21,0.15,1300,2384250
20240118,12:27:22,0.1,50,2384250
20240118,12:27:23,0.1,1200,2384250
20240118,12:27:24,0.1,1300,2384250
20240118,12:27:25,0.1,200,2384250
20240118,12:27:26,0.1,8100,2384250
20240118,12:27:27,0.1,100,2384250
20240118,12:27:28,0.1,100,2384250
20240118,12:27:29,0.15,5000,2384250
20240118,12:27:30,0.1,100,2384250
20240118,12:27:31,0.1,100,2384250
20240118,12:27:32,0.15,500,2384250
20240118,12:27:33,0.15,1050,2384250
20240118,12:27:40,0.1,1000,2384250
20240118,12:27:41,0.1,1000,2384250
20240118,12:27:50,0.1,400,2384250
20240118,12:27:54,0.1,2250,2384250
20240118,12:27:59,0.1,600,2384250
20240118,12:28:07,0.1,500,2384250
20240118,12:28:11,0.15,2050,2384250
20240118,12:28:12,0.1,2850,2384250
20240118,12:28:18,0.15,600,2384250
20240118,12:28:22,0.1,3600,2384250
20240118,12:28:59,0.1,1100,2384250
20240118,12:29:10,0.1,400,2384250
20240118,12:29:16,0.15,1800,2384250
20240118,12:29:16,0.15,1200,2384250
20240118,12:29:17,0.15,100,2384250
20240118,12:29:27,0.15,1750,2384250
20240118,12:29:29,0.15,350,2384250
20240118,12:29:30,0.1,50,2384250
20240118,12:29:38,0.1,200,2384250
20240118,12:29:40,0.1,200,2384250
20240118,12:29:44,0.1,200,2384250
20240118,12:29:51,0.1,50,2384250
20240118,12:29:52,0.15,50,2384250
20240118,12:30:12,0.15,1800,2384250
20240118,12:30:14,0.15,200,2371500
20240118,12:30:20,0.15,400,2371500
20240118,12:30:24,0.1,1000,2371500
20240118,12:30:30,0.1,50,2371500
20240118,12:30:33,0.1,50,2371500
20240118,12:30:35,0.1,100,2371500
20240118,12:30:36,0.1,200,2371500
20240118,12:30:37,0.1,50,2371500
20240118,12:30:45,0.15,50,2371500
20240118,12:30:49,0.15,50,2371500
20240118,12:30:51,0.1,50,2371500
20240118,12:30:55,0.15,50,2371500
20240118,12:30:55,0.1,400,2371500
20240118,12:31:02,0.15,50,2371500
20240118,12:31:05,0.15,50,2371500
20240118,12:31:08,0.1,400,2371500
20240118,12:31:09,0.1,400,2371500
20240118,12:31:10,0.15,1800,2371500
20240118,12:31:13,0.1,1800,2371500
20240118,12:31:15,0.1,1000,2371500
20240118,12:31:17,0.1,300,2371500
20240118,12:31:22,0.1,800,2371500
20240118,12:31:23,0.1,1000,2371500
20240118,12:31:27,0.1,1000,2371500
20240118,12:31:32,0.1,100,2371500
20240118,12:31:53,0.15,200,2371500
20240118,12:31:58,0.15,500,2371500
20240118,12:32:07,0.15,200,2371500
20240118,12:32:28,0.15,400,2371500
20240118,12:32:30,0.1,100,2371500
20240118,12:33:07,0.1,7600,2371500
20240118,12:33:07,0.1,10800,2365600
20240118,12:33:09,0.1,50,2365600
20240118,12:33:13,0.15,1000,2365600
20240118,12:33:14,0.15,1000,2365600
20240118,12:33:20,0.15,1000,2365600
20240118,12:33:25,0.15,550,2365600
20240118,12:33:40,0.15,1000,2365600
20240118,12:33:48,0.1,900,2365600
20240118,12:34:01,0.15,50,2365600
20240118,12:34:07,0.1,600,2365600
20240118,12:34:08,0.1,1500,2365600
20240118,12:34:13,0.15,300,2365600
20240118,12:34:13,0.1,500,2365600
20240118,12:34:14,0.15,50,2365600
20240118,12:34:16,0.15,100,2365600
20240118,12:34:17,0.15,50,2365600
20240118,12:34:18,0.15,50,2365600
20240118,12:34:19,0.15,50,2365600
20240118,12:34:21,0.15,150,2365600
20240118,12:34:23,0.15,850,2365600
20240118,12:34:23,0.15,950,2365600
20240118,12:34:24,0.15,950,2365600
20240118,12:34:25,0.1,1450,2365600
20240118,12:34:27,0.15,1900,2365600
20240118,12:34:27,0.15,50,2365600
20240118,12:34:28,0.15,950,2365600
20240118,12:34:29,0.15,950,2365600
20240118,12:34:30,0.15,950,2365600
20240118,12:34:32,0.15,1550,2365600
20240118,12:34:33,0.15,600,2365600
20240118,12:34:35,0.15,650,2365600
20240118,12:34:37,0.15,650,2365600
20240118,12:34:45,0.15,500,2365600
20240118,12:34:49,0.15,100,2365600
20240118,12:34:52,0.15,500,2365600
20240118,12:34:53,0.1,100,2365600
20240118,12:34:54,0.15,500,2365600
20240118,12:35:10,0.15,300,2365600
20240118,12:35:13,0.15,1750,2365600
20240118,12:35:14,0.15,1300,2365600
20240118,12:35:15,0.15,2350,2365600
20240118,12:35:32,0.15,100,2365600
20240118,12:35:35,0.15,100,2365600
20240118,12:35:37,0.1,200,2365600
20240118,12:35:38,0.15,650,2365600
20240118,12:35:41,0.15,500,2365600
20240118,12:35:48,0.1,400,2365600
20240118,12:35:55,0.1,800,2365600
20240118,12:35:56,0.1,1950,2365600
20240118,12:35:57,0.1,2100,2365600
20240118,12:35:58,0.1,950,2365600
20240118,12:35:59,0.1,1250,2365600
20240118,12:36:00,0.1,1050,2365600
20240118,12:36:01,0.1,100,2365600
20240118,12:36:03,0.15,150,2365600
20240118,12:36:05,0.1,1300,2365600
20240118,12:36:06,0.1,600,2365600
20240118,12:36:07,0.1,1000,2365600
20240118,12:36:09,0.1,650,2365600
20240118,12:36:12,0.15,750,2365600
20240118,12:36:13,0.1,600,2365600
20240118,12:36:14,0.1,550,2365600
20240118,12:36:15,0.1,600,2365600
20240118,12:36:16,0.1,600,2365600
20240118,12:36:17,0.15,650,2365600
20240118,12:36:18,0.15,1900,2365600
20240118,12:36:19,0.1,1800,2365600
20240118,12:36:20,0.1,650,2365600
20240118,12:36:21,0.1,700,2365600
20240118,12:36:22,0.1,5050,2365600
20240118,12:36:23,0.15,1650,2365600
20240118,12:36:24,0.1,1800,2365600
20240118,12:36:25,0.1,650,2365600
20240118,12:36:26,0.1,750,2365600
20240118,12:36:27,0.1,950,2365600
20240118,12:36:28,0.1,50,2365600
20240118,12:36:29,0.1,800,2365600
20240118,12:36:30,0.1,250,2365600
20240118,12:36:31,0.1,500,2365600
20240118,12:36:32,0.1,250,2365600
20240118,12:36:33,0.1,1300,2365600
20240118,12:36:37,0.15,1800,2365600
20240118,12:36:39,0.1,50,2365600
20240118,12:36:42,0.15,50,2365600
20240118,12:36:44,0.1,250,2365600
20240118,12:36:46,0.1,100,2365600
20240118,12:36:47,0.1,1050,2365600
20240118,12:36:48,0.1,1050,2365600
20240118,12:36:50,0.1,700,2365600
20240118,12:36:51,0.1,400,2365600
20240118,12:36:52,0.1,650,2365600
20240118,12:36:53,0.1,300,2365600
20240118,12:36:54,0.1,1000,2365600
20240118,12:37:00,0.1,350,2365600
20240118,12:37:02,0.1,900,2365600
20240118,12:37:03,0.1,400,2365600
20240118,12:37:04,0.1,500,2365600
20240118,12:37:07,0.1,350,2365600
20240118,12:37:08,0.1,1000,2365600
20240118,12:37:14,0.1,250,2365600
20240118,12:37:15,0.1,400,2365600
20240118,12:37:17,0.1,600,2365600
20240118,12:37:18,0.1,250,2365600
20240118,12:37:20,0.1,650,2365600
20240118,12:37:23,0.15,50,2365600
20240118,12:37:25,0.15,50,2365600
20240118,12:37:27,0.15,50,2365600
20240118,12:37:29,0.15,50,2365600
20240118,12:37:31,0.15,50,2365600
20240118,12:37:32,0.15,50,2365600
20240118,12:37:33,0.1,300,2365600
20240118,12:37:37,0.15,50,2365600
20240118,12:37:44,0.1,450,2365600
20240118,12:37:45,0.1,250,2365600
20240118,12:37:46,0.1,5500,2365600
20240118,12:37:47,0.1,100,2365600
20240118,12:37:54,0.1,1500,2365600
20240118,12:37:55,0.1,9000,2365600
20240118,12:37:56,0.1,9050,2365600
20240118,12:38:00,0.15,100,2365600
20240118,12:38:03,0.1,450,2365600
20240118,12:38:05,0.1,300,2365600
20240118,12:38:07,0.1,50,2365600
20240118,12:38:17,0.1,50,2365600
20240118,12:38:28,0.1,750,2365600
20240118,12:38:29,0.1,1200,2365600
20240118,12:38:31,0.1,100,2365600
20240118,12:38:47,0.1,500,2365600
20240118,12:39:07,0.1,400,2365500
20240118,12:39:27,0.1,50,2365500
20240118,12:39:28,0.1,50,2365500
20240118,12:39:31,0.15,1800,2365500
20240118,12:39:42,0.1,1800,2365500
20240118,12:39:49,0.15,1500,2365500
20240118,12:40:26,0.15,500,2365500
20240118,12:40:37,0.15,3600,2365500
20240118,12:40:37,0.15,1800,2365500
20240118,12:40:38,0.15,3250,2365500
20240118,12:40:39,0.15,1750,2365500
20240118,12:40:40,0.15,100,2365500
20240118,12:40:42,0.15,50,2365500
20240118,12:40:43,0.15,50,2365500
20240118,12:40:45,0.15,50,2365500
20240118,12:40:46,0.15,50,2365500
20240118,12:40:46,0.15,1000,2365500
20240118,12:40:47,0.15,50,2365500
20240118,12:40:48,0.15,19700,2365500
20240118,12:40:49,0.15,1050,2365500
20240118,12:40:50,0.15,1050,2365500
20240118,12:40:52,0.15,50,2365500
20240118,12:40:53,0.15,200,2365500
20240118,12:40:55,0.15,300,2365500
20240118,12:40:57,0.15,750,2365500
20240118,12:40:58,0.15,650,2365500
20240118,12:40:59,0.15,600,2365500
20240118,12:41:00,0.15,850,2365500
20240118,12:41:01,0.15,950,2365500
20240118,12:41:02,0.15,950,2365500
20240118,12:41:03,0.15,950,2365500
20240118,12:41:04,0.15,950,2365500
20240118,12:41:05,0.1,1400,2365500
20240118,12:41:06,0.15,950,2365500
20240118,12:41:07,0.15,950,2365500
20240118,12:41:08,0.15,950,2365500
20240118,12:41:10,0.15,1900,2365500
20240118,12:41:11,0.15,1350,2365500
20240118,12:41:12,0.15,950,2365500
20240118,12:41:13,0.15,700,2365500
20240118,12:41:15,0.15,300,2365500
20240118,12:41:19,0.15,50,2365500
20240118,12:41:21,0.1,50,2365500
20240118,12:41:24,0.1,6200,2365500
20240118,12:41:26,0.1,4100,2365500
20240118,12:41:26,0.1,1800,2365500
20240118,12:41:31,0.1,250,2365500
20240118,12:41:32,0.15,250,2365500
20240118,12:41:33,0.1,200,2365500
20240118,12:41:38,0.15,250,2365500
20240118,12:41:43,0.15,250,2365500
20240118,12:41:44,0.15,100,2365500
20240118,12:41:46,0.1,50,2365500
20240118,12:41:47,0.15,100,2365500
20240118,12:41:49,0.15,1100,2365500
20240118,12:41:51,0.1,750,2365500
20240118,12:41:52,0.1,1900,2365500
20240118,12:41:53,0.1,2200,2365500
20240118,12:41:54,0.15,350,2365500
20240118,12:41:55,0.15,1450,2365500
20240118,12:41:56,0.15,700,2365500
20240118,12:41:57,0.15,850,2365500
20240118,12:41:59,0.15,800,2365500
20240118,12:42:02,0.15,550,2365500
20240118,12:42:03,0.15,250,2348150
20240118,12:42:11,0.1,400,2348150
20240118,12:42:12,0.1,350,2348150
20240118,12:42:13,0.15,100,2348150
20240118,12:42:14,0.1,1400,2348150
20240118,12:42:15,0.1,250,2348150
20240118,12:42:16,0.1,100,2348150
20240118,12:42:24,0.15,250,2348150
20240118,12:42:29,0.15,300,2348150
20240118,12:42:32,0.15,100,2348150
20240118,12:42:34,0.1,600,2348150
20240118,12:42:36,0.15,550,2348150
20240118,12:42:38,0.1,50,2348150
20240118,12:42:40,0.1,600,2348150
20240118,12:42:44,0.15,500,2348150
20240118,12:42:46,0.15,1650,2348150
20240118,12:42:48,0.1,1000,2348150
20240118,12:42:49,0.15,1150,2348150
20240118,12:42:50,0.1,500,2348150
20240118,12:42:51,0.1,600,2348150
20240118,12:42:52,0.15,2600,2348150
20240118,12:42:54,0.1,600,2348150
20240118,12:42:55,0.15,7450,2348150
20240118,12:42:56,0.15,2500,2348150
20240118,12:43:02,0.15,400,2348150
20240118,12:43:06,0.15,600,2348150
20240118,12:43:12,0.15,300,2348150
20240118,12:43:14,0.15,300,2348150
20240118,12:43:18,0.1,600,2348150
20240118,12:43:24,0.1,1000,2348150
20240118,12:43:30,0.1,400,2348150
20240118,12:43:31,0.1,50,2348150
20240118,12:43:34,0.1,900,2348150
20240118,12:43:47,0.15,1050,2348150
20240118,12:44:07,0.15,500,2348150
20240118,12:44:08,0.15,100,2348150
20240118,12:44:12,0.1,600,2348150
20240118,12:44:25,0.15,500,2348150
20240118,12:44:37,0.15,550,2348150
20240118,12:44:48,0.15,100,2348150
20240118,12:44:51,0.1,2500,2348150
20240118,12:44:52,0.15,500,2348150
20240118,12:44:55,0.1,500,2348150
20240118,12:44:59,0.15,400,2348150
20240118,12:45:01,0.15,700,2348150
20240118,12:45:01,0.15,3150,2348150
20240118,12:45:03,0.15,550,2348150
20240118,12:45:09,0.15,50,2348150
20240118,12:45:11,0.15,1000,2347300
20240118,12:45:14,0.15,100,2347300
20240118,12:45:15,0.1,300,2347300
20240118,12:45:18,0.15,550,2347300
20240118,12:45:20,0.15,400,2347300
20240118,12:45:25,0.15,1000,2347300
20240118,12:45:26,0.1,500,2347300
20240118,12:45:28,0.15,500,2347300
20240118,12:45:35,0.1,400,2347300
20240118,12:45:35,0.1,550,2347300
20240118,12:45:36,0.1,850,2347300
20240118,12:45:37,0.1,3600,2347300
20240118,12:45:38,0.1,3500,2347300
20240118,12:45:40,0.1,3700,2347300
20240118,12:45:40,0.1,150,2347300
20240118,12:45:44,0.1,1000,2347300
20240118,12:45:45,0.15,250,2347300
20240118,12:45:48,0.1,50,2347300
20240118,12:45:50,0.15,550,2347300
20240118,12:45:52,0.1,1000,2347300
20240118,12:45:54,0.15,250,2347300
20240118,12:45:55,0.15,2100,2347300
20240118,12:45:56,0.15,500,2347300
20240118,12:45:57,0.15,650,2347300
20240118,12:45:58,0.15,600,2347300
20240118,12:46:00,0.15,950,2347300
20240118,12:46:01,0.15,1400,2347300
20240118,12:46:03,0.15,2050,2347300
20240118,12:46:04,0.15,1000,2347300
20240118,12:46:05,0.1,3050,2347300
20240118,12:46:06,0.15,600,2347300
20240118,12:46:10,0.1,50,2347300
20240118,12:46:11,0.15,2200,2347300
20240118,12:46:12,0.15,1950,2347300
20240118,12:46:13,0.15,650,2347300
20240118,12:46:18,0.15,1000,2347300
20240118,12:46:21,0.15,200,2347300
20240118,12:46:33,0.15,50,2347300
20240118,12:46:34,0.1,1050,2347300
20240118,12:46:35,0.1,1000,2347300
20240118,12:46:36,0.1,1000,2347300
20240118,12:46:37,0.1,2000,2347300
20240118,12:46:38,0.15,500,2347300
20240118,12:46:39,0.1,2000,2347300
20240118,12:46:40,0.1,2000,2347300
20240118,12:46:48,0.1,2100,2347300
20240118,12:47:01,0.1,3750,2347300
20240118,12:47:04,0.15,100,2347300
20240118,12:47:06,0.15,550,2347300
20240118,12:47:08,0.1,400,2347300
20240118,12:47:10,0.15,250,2347300
20240118,12:47:12,0.15,750,2347300
20240118,12:47:20,0.15,600,2347300
20240118,12:47:22,0.15,500,2347300
20240118,12:47:23,0.15,650,2347300
20240118,12:47:29,0.15,550,2347300
20240118,12:47:30,0.15,700,2347300
20240118,12:47:32,0.15,2000,2347300
20240118,12:47:34,0.15,500,2347300
20240118,12:47:36,0.15,500,2347300
20240118,12:47:42,0.15,300,2347300
20240118,12:47:44,0.1,150,2347300
20240118,12:47:45,0.15,600,2347300
20240118,12:47:46,0.15,600,2347300
20240118,12:47:50,0.15,2200,2347300
20240118,12:47:51,0.1,1000,2347300
20240118,12:47:58,0.15,1050,2347300
20240118,12:48:09,0.15,250,2346550
20240118,12:48:10,0.15,300,2346550
20240118,12:48:14,0.15,250,2346550
20240118,12:48:15,0.1,1000,2346550
20240118,12:48:17,0.15,1000,2346550
20240118,12:48:18,0.15,2500,2346550
20240118,12:48:19,0.15,1000,2346550
20240118,12:48:44,0.1,100,2346550
20240118,12:48:45,0.15,300,2346550
20240118,12:48:46,0.15,300,2346550
20240118,12:48:51,0.15,700,2346550
20240118,12:48:54,0.15,500,2346550
20240118,12:48:58,0.15,50,2346550
20240118,12:48:59,0.15,1500,2346550
20240118,12:49:02,0.15,600,2346550
20240118,12:49:04,0.15,300,2346550
20240118,12:49:05,0.15,300,2346550
20240118,12:49:06,0.15,550,2346550
20240118,12:49:08,0.1,400,2346550
20240118,12:49:09,0.1,400,2346550
20240118,12:49:10,0.15,550,2346550
20240118,12:49:11,0.15,2850,2346550
20240118,12:49:12,0.15,1050,2346550
20240118,12:49:14,0.15,4350,2346550
20240118,12:49:15,0.15,3350,2346550
20240118,12:49:19,0.15,550,2346550
20240118,12:49:23,0.15,7950,2346550
20240118,12:49:25,0.15,5650,2346550
20240118,12:49:26,0.15,1000,2346550
20240118,12:49:27,0.1,50,2346550
20240118,12:49:37,0.1,50,2346550
20240118,12:49:43,0.15,50,2346550
20240118,12:50:07,0.15,1850,2346550
20240118,12:50:13,0.15,500,2346550
20240118,12:50:14,0.15,200,2346550
20240118,12:50:15,0.15,500,2346550
20240118,12:50:16,0.15,3500,2346550
20240118,12:50:17,0.15,1800,2346550
20240118,12:50:18,0.15,200,2346550
20240118,12:50:24,0.15,50,2346550
20240118,12:50:32,0.15,1800,2346550
20240118,12:50:36,0.15,300,2346550
20240118,12:50:42,0.1,50,2346550
20240118,12:50:45,0.1,50,2346550
20240118,12:50:49,0.15,1800,2346550
20240118,12:50:50,0.15,6400,2346550
20240118,12:50:53,0.1,900,2346550
20240118,12:50:54,0.1,900,2346550
20240118,12:50:56,0.1,900,2346550
20240118,12:50:57,0.1,400,2346550
20240118,12:51:06,0.1,1000,2344750
20240118,12:51:07,0.15,500,2344750
20240118,12:51:09,0.1,10000,2344750
20240118,12:51:11,0.1,400,2344750
20240118,12:51:23,0.1,500,2344750
20240118,12:51:29,0.1,100,2344750
20240118,12:51:32,0.15,150,2344750
20240118,12:51:32,0.1,7200,2344750
20240118,12:51:36,0.15,500,2344750
20240118,12:51:42,0.15,900,2344750
20240118,12:51:44,0.15,100,2344750
20240118,12:51:57,0.15,300,2344750
20240118,12:52:00,0.15,50,2344750
20240118,12:52:07,0.1,600,2344750
20240118,12:52:14,0.15,50,2344750
20240118,12:52:26,0.15,1800,2344750
20240118,12:52:27,0.15,1000,2344750
20240118,12:52:30,0.15,200,2344750
20240118,12:52:31,0.1,50,2344750
20240118,12:53:10,0.1,400,2344750
20240118,12:53:13,0.1,3750,2344750
20240118,12:53:45,0.15,1000,2344750
20240118,12:53:48,0.15,100,2344750
20240118,12:53:51,0.15,500,2344750
20240118,12:53:52,0.15,1800,2344750
20240118,12:53:53,0.15,7200,2344750
20240118,12:53:56,0.15,300,2344750
20240118,12:53:56,0.15,1200,2344750
20240118,12:54:00,0.1,100,2344750
20240118,12:54:11,0.15,50,2335750
20240118,12:54:29,0.1,500,2335750
20240118,12:54:44,0.1,300,2335750
20240118,12:54:58,0.15,50,2335750
20240118,12:55:26,0.1,800,2335750
20240118,12:55:28,0.15,1000,2335750
20240118,12:55:29,0.1,400,2335750
20240118,12:55:36,0.15,1000,2335750
20240118,12:55:36,0.15,100,2335750
20240118,12:55:42,0.1,200,2335750
20240118,12:55:44,0.1,800,2335750
20240118,12:55:51,0.15,2200,2335750
20240118,12:56:07,0.15,5000,2335750
20240118,12:56:09,0.15,5000,2335750
20240118,12:56:16,0.1,500,2335750
20240118,12:56:19,0.15,5000,2335750
20240118,12:56:20,0.15,5000,2335750
20240118,12:56:31,0.1,500,2335750
20240118,12:56:49,0.1,500,2335750
20240118,12:57:09,0.1,500,2335750
20240118,12:57:10,0.1,400,2335750
20240118,12:57:15,0.15,22800,2335750
20240118,12:57:16,0.1,1100,2335750
20240118,12:57:17,0.1,200,2335750
20240118,12:57:30,0.15,150,2335750
20240118,12:57:40,0.15,5000,2335750
20240118,12:57:52,0.1,5000,2335750
20240118,12:58:00,0.15,1000,2335750
20240118,12:58:04,0.1,500,2335750
20240118,12:58:05,0.1,250,2335750
20240118,12:58:07,0.1,200,2335750
20240118,12:58:13,0.1,500,2335750
20240118,12:58:21,0.15,750,2335750
20240118,12:58:32,0.1,3600,2335750
20240118,12:58:55,0.1,900,2335750
20240118,12:58:58,0.15,450,2335750
20240118,12:59:10,0.1,1000,2335750
20240118,12:59:11,0.15,250,2335750
20240118,12:59:12,0.1,250,2335750
20240118,12:59:13,0.15,650,2335750
20240118,12:59:14,0.1,200,2335750
20240118,12:59:15,0.1,1100,2335750
20240118,12:59:22,0.15,400,2335750
20240118,12:59:25,0.15,400,2335750
20240118,12:59:26,0.15,300,2335750
20240118,12:59:27,0.15,1150,2335750
20240118,12:59:28,0.1,1800,2335750
20240118,12:59:29,0.15,1800,2335750
20240118,12:59:30,0.15,1800,2335750
20240118,12:59:32,0.15,250,2335750
20240118,12:59:35,0.15,2100,2335750
20240118,12:59:36,0.15,3100,2335750
20240118,12:59:37,0.15,5400,2335750
20240118,12:59:38,0.15,7200,2335750
20240118,12:59:39,0.15,377400,2335750
20240118,12:59:40,0.2,5400,2335750
20240118,12:59:42,0.2,5400,2335750
20240118,12:59:43,0.15,14400,2335750
20240118,12:59:47,0.15,500,2335750
20240118,12:59:48,0.15,2000,2335750
20240118,12:59:49,0.15,2000,2335750
20240118,12:59:50,0.15,2500,2335750
20240118,12:59:51,0.15,1500,2335750
20240118,12:59:54,0.15,1000,2335750
20240118,12:59:57,0.15,200,2335750
20240118,13:00:13,0.2,500,2333500
20240118,13:00:15,0.15,100,2333500
20240118,13:00:20,0.2,500,2333500
20240118,13:00:22,0.2,500,2333500
20240118,13:00:26,0.2,600,2333500
20240118,13:00:31,0.2,500,2333500
20240118,13:00:32,0.2,500,2333500
20240118,13:00:35,0.2,25000,2333500
20240118,13:00:36,0.2,6400,2333500
20240118,13:00:37,0.2,1800,2333500
20240118,13:00:38,0.2,2050,2333500
20240118,13:00:39,0.2,33950,2333500
20240118,13:00:40,0.15,18200,2333500
20240118,13:00:42,0.15,1300,2333500
20240118,13:00:42,0.15,100,2333500
20240118,13:00:45,0.2,500,2333500
20240118,13:00:48,0.2,250,2333500
20240118,13:00:49,0.2,200,2333500
20240118,13:00:51,0.2,1000,2333500
20240118,13:00:55,0.15,1000,2333500
20240118,13:00:57,0.2,250,2333500
20240118,13:00:59,0.2,250,2333500
20240118,13:01:02,0.2,500,2333500
20240118,13:01:04,0.2,100,2333500
20240118,13:01:06,0.15,500,2333500
20240118,13:01:08,0.15,400,2333500
20240118,13:01:09,0.2,500,2333500
20240118,13:01:10,0.2,50,2333500
20240118,13:01:20,0.15,100,2333500
20240118,13:01:20,0.15,300,2333500
20240118,13:01:24,0.15,200,2333500
20240118,13:01:33,0.15,50,2333500
20240118,13:01:45,0.2,1000,2333500
20240118,13:02:05,0.2,400,2333500
20240118,13:02:07,0.2,700,2333500
20240118,13:02:09,0.2,1850,2333500
20240118,13:02:10,0.2,2550,2333500
20240118,13:02:11,0.2,1100,2333500
20240118,13:02:13,0.2,1150,2333500
20240118,13:02:14,0.2,650,2333500
20240118,13:02:15,0.2,250,2333500
20240118,13:02:17,0.2,500,2333500
20240118,13:02:18,0.2,500,2333500
20240118,13:02:19,0.2,500,2333500
20240118,13:02:20,0.2,500,2333500
20240118,13:02:30,0.15,250,2333500
20240118,13:02:31,0.15,450,2333500
20240118,13:02:36,0.2,500,2333500
20240118,13:02:38,0.2,1000,2333500
20240118,13:02:40,0.15,300,2333500
20240118,13:02:59,0.2,900,2333500
20240118,13:03:00,0.2,2500,2333500
20240118,13:03:05,0.15,9000,2333500
20240118,13:03:05,0.15,1800,2333500
20240118,13:03:07,0.15,700,2333250
20240118,13:03:08,0.2,1200,2333250
20240118,13:03:09,0.15,400,2333250
20240118,13:03:11,0.2,350,2333250
20240118,13:03:17,0.15,50,2333250
20240118,13:03:18,0.15,50,2333250
20240118,13:03:32,0.2,500,2333250
20240118,13:03:33,0.2,500,2333250
20240118,13:03:49,0.2,500,2333250
20240118,13:03:50,0.2,550,2333250
20240118,13:03:56,0.2,50,2333250
20240118,13:04:01,0.15,1800,2333250
20240118,13:04:01,0.15,1700,2333250
20240118,13:04:10,0.15,1000,2333250
20240118,13:04:12,0.2,200,2333250
20240118,13:04:16,0.2,900,2333250
20240118,13:04:24,0.15,200,2333250
20240118,13:04:42,0.2,500,2333250
20240118,13:05:02,0.15,500,2333250
20240118,13:05:13,0.15,300,2333250
20240118,13:05:19,0.15,100,2333250
20240118,13:05:23,0.2,4950,2333250
20240118,13:05:25,0.15,500,2333250
20240118,13:05:26,0.2,2600,2333250
20240118,13:05:27,0.2,3300,2333250
20240118,13:05:32,0.2,200,2333250
20240118,13:05:33,0.2,100,2333250
20240118,13:05:37,0.2,100,2333250
20240118,13:05:53,0.15,250,2333250
20240118,13:05:53,0.2,2400,2333250
20240118,13:05:54,0.2,1400,2333250
20240118,13:05:56,0.2,3100,2333250
20240118,13:05:56,0.2,1000,2333250
20240118,13:06:06,0.2,250,2333250
20240118,13:06:17,0.2,4500,2333250
20240118,13:06:47,0.2,300,2333250
20240118,13:06:48,0.2,400,2333250
20240118,13:06:48,0.2,250,2333250
20240118,13:06:52,0.2,300,2333250
20240118,13:06:53,0.2,800,2333250
20240118,13:07:02,0.2,50,2333250
20240118,13:07:06,0.2,1550,2333250
20240118,13:07:07,0.2,450,2333250
20240118,13:07:09,0.2,550,2333250
20240118,13:07:10,0.2,600,2333250
20240118,13:07:10,0.2,450,2333250
20240118,13:07:25,0.15,450,2333250
20240118,13:07:26,0.15,50,2333250
20240118,13:07:34,0.2,50,2333250
20240118,13:07:45,0.15,100,2333250
20240118,13:07:49,0.2,500,2333250
20240118,13:07:51,0.15,100,2333250
20240118,13:07:54,0.15,50,2333250
20240118,13:07:55,0.15,50,2333250
20240118,13:07:56,0.15,100,2333250
20240118,13:08:02,0.15,100,2333250
20240118,13:08:07,0.15,100,2333250
20240118,13:08:08,0.2,50,2333250
20240118,13:08:13,0.15,100,2333250
20240118,13:08:19,0.15,100,2333250
20240118,13:08:20,0.15,1650,2333250
20240118,13:08:26,0.15,100,2333250
20240118,13:08:32,0.15,100,2333250
20240118,13:08:35,0.2,50,2333250
20240118,13:08:38,0.15,100,2333250
20240118,13:08:43,0.15,100,2333250
20240118,13:08:49,0.15,100,2333250
20240118,13:08:50,0.15,50,2333250
20240118,13:08:55,0.15,100,2333250
20240118,13:08:56,0.15,100,2333250
20240118,13:09:01,0.15,100,2333250
20240118,13:09:02,0.15,1350,2333250
20240118,13:09:07,0.15,100,2333250
20240118,13:09:11,0.15,50,2333250
20240118,13:09:12,0.15,100,2334850
20240118,13:09:18,0.15,100,2334850
20240118,13:09:23,0.15,100,2334850
20240118,13:09:29,0.15,1900,2334850
20240118,13:09:30,0.15,5400,2334850
20240118,13:09:31,0.15,9050,2334850
20240118,13:09:33,0.15,3600,2334850
20240118,13:09:37,0.2,250,2334850
20240118,13:09:39,0.15,22750,2334850
20240118,13:09:40,0.15,2250,2334850
20240118,13:09:43,0.15,1400,2334850
20240118,13:09:45,0.15,3200,2334850
20240118,13:09:47,0.15,50,2334850
20240118,13:09:51,0.15,300,2334850
20240118,13:09:56,0.15,1100,2334850
20240118,13:09:57,0.15,2150,2334850
20240118,13:09:58,0.15,3650,2334850
20240118,13:10:05,0.1,50,2334850
20240118,13:10:35,0.15,2150,2334850
20240118,13:10:44,0.1,200,2334850
20240118,13:10:59,0.15,100,2334850
20240118,13:11:06,0.1,1000,2334850
20240118,13:11:07,0.1,50,2334850
20240118,13:11:08,0.15,1800,2334850
20240118,13:11:10,0.15,1600,2334850
20240118,13:11:15,0.15,1200,2334850
20240118,13:11:16,0.15,2850,2334850
20240118,13:11:26,0.15,550,2334850
20240118,13:11:27,0.15,8200,2334850
20240118,13:11:28,0.15,600,2334850
20240118,13:11:30,0.15,600,2334850
20240118,13:11:32,0.15,600,2334850
20240118,13:11:33,0.15,1200,2334850
20240118,13:11:34,0.15,150,2334850
20240118,13:11:41,0.15,300,2334850
20240118,13:11:42,0.15,550,2334850
20240118,13:11:43,0.15,450,2334850
20240118,13:11:45,0.1,50,2334850
20240118,13:11:46,0.15,2550,2334850
20240118,13:11:47,0.15,6300,2334850
20240118,13:11:48,0.15,1050,2334850
20240118,13:11:49,0.15,4050,2334850
20240118,13:11:50,0.15,5300,2334850
20240118,13:11:51,0.15,9000,2334850
20240118,13:11:52,0.15,3600,2334850
20240118,13:11:53,0.15,7200,2334850
20240118,13:11:54,0.15,11400,2334850
20240118,13:11:55,0.15,6950,2334850
20240118,13:11:56,0.15,700,2334850
20240118,13:11:58,0.15,50,2334850
20240118,13:11:59,0.2,300,2334850
20240118,13:12:00,0.2,600,2334850
20240118,13:12:03,0.2,600,2334850
20240118,13:12:06,0.2,600,2334850
20240118,13:12:07,0.2,600,2328750
20240118,13:12:09,0.2,350,2328750
20240118,13:12:10,0.2,1200,2328750
20240118,13:12:11,0.2,600,2328750
20240118,13:12:12,0.2,600,2328750
20240118,13:12:13,0.2,450,2328750
20240118,13:12:14,0.2,600,2328750
20240118,13:12:16,0.2,600,2328750
20240118,13:12:17,0.2,300,2328750
20240118,13:12:18,0.2,1350,2328750
20240118,13:12:20,0.2,1950,2328750
20240118,13:12:20,0.2,1350,2328750
20240118,13:12:21,0.2,1350,2328750
20240118,13:12:23,0.2,450,2328750
20240118,13:12:25,0.2,600,2328750
20240118,13:12:26,0.2,450,2328750
20240118,13:12:27,0.2,600,2328750
20240118,13:12:28,0.2,1200,2328750
20240118,13:12:30,0.2,750,2328750
20240118,13:12:36,0.2,600,2328750
20240118,13:12:37,0.2,450,2328750
20240118,13:12:38,0.2,600,2328750
20240118,13:12:40,0.2,600,2328750
20240118,13:12:47,0.15,3600,2328750
20240118,13:12:47,0.15,400,2328750
20240118,13:12:49,0.2,450,2328750
20240118,13:12:52,0.2,150,2328750
20240118,13:12:54,0.2,750,2328750
20240118,13:12:55,0.2,600,2328750
20240118,13:12:57,0.2,600,2328750
20240118,13:12:59,0.2,600,2328750
20240118,13:13:00,0.2,300,2328750
20240118,13:13:01,0.2,600,2328750
20240118,13:13:03,0.2,600,2328750
20240118,13:13:04,0.2,300,2328750
20240118,13:13:05,0.2,700,2328750
20240118,13:13:06,0.2,150,2328750
20240118,13:13:08,0.2,450,2328750
20240118,13:13:09,0.2,150,2328750
20240118,13:13:10,0.2,2850,2328750
20240118,13:13:11,0.2,1200,2328750
20240118,13:13:12,0.2,1050,2328750
20240118,13:13:13,0.2,150,2328750
20240118,13:13:15,0.2,600,2328750
20240118,13:13:16,0.2,150,2328750
20240118,13:13:24,0.2,150,2328750
20240118,13:13:26,0.2,150,2328750
20240118,13:13:27,0.2,150,2328750
20240118,13:13:35,0.15,300,2328750
20240118,13:13:47,0.2,1000,2328750
20240118,13:13:48,0.15,3500,2328750
20240118,13:13:49,0.15,3600,2328750
20240118,13:13:54,0.15,1050,2328750
20240118,13:13:55,0.15,750,2328750
20240118,13:13:58,0.15,39900,2328750
20240118,13:13:59,0.15,113650,2328750
20240118,13:14:08,0.15,2050,2328750
20240118,13:14:09,0.15,1550,2328750
20240118,13:14:10,0.15,300,2328750
20240118,13:14:11,0.15,3050,2328750
20240118,13:14:12,0.15,250,2328750
20240118,13:14:14,0.15,1800,2328750
20240118,13:14:17,0.15,550,2328750
20240118,13:14:17,0.15,1200,2328750
20240118,13:14:18,0.15,5050,2328750
20240118,13:14:19,0.15,450,2328750
20240118,13:14:26,0.15,150,2328750
20240118,13:14:27,0.15,2400,2328750
20240118,13:14:28,0.15,250,2328750
20240118,13:14:30,0.15,1050,2328750
20240118,13:14:30,0.15,2150,2328750
20240118,13:14:31,0.15,1500,2328750
20240118,13:14:32,0.15,5200,2328750
20240118,13:14:33,0.2,27000,2328750
20240118,13:14:36,0.2,2600,2328750
20240118,13:14:37,0.2,3750,2328750
20240118,13:14:44,0.15,1000,2328750
20240118,13:14:55,0.2,4950,2328750
20240118,13:14:55,0.2,1050,2328750
20240118,13:15:11,0.15,1000,2328600
20240118,13:15:11,0.2,1650,2328600
20240118,13:15:13,0.2,600,2328600
20240118,13:15:15,0.2,600,2328600
20240118,13:15:16,0.2,600,2328600
20240118,13:15:18,0.2,600,2328600
20240118,13:15:20,0.2,600,2328600
20240118,13:15:21,0.2,750,2328600
20240118,13:15:27,0.15,1000,2328600
20240118,13:15:34,0.2,300,2328600
20240118,13:15:55,0.15,1800,2328600
20240118,13:16:06,0.15,200,2328600
20240118,13:17:12,0.15,1000,2328600
20240118,13:17:26,0.15,1000,2328600
20240118,13:17:29,0.15,50,2328600
20240118,13:17:33,0.2,100,2328600
20240118,13:17:35,0.15,95350,2328600
20240118,13:17:36,0.15,700,2328600
20240118,13:17:42,0.15,16700,2328600
20240118,13:17:45,0.15,14650,2328600
20240118,13:17:55,0.15,50,2328600
20240118,13:17:58,0.15,50,2328600
20240118,13:17:59,0.15,1400,2328600
20240118,13:18:00,0.15,3600,2328600
20240118,13:18:23,0.15,250,2328750
20240118,13:18:27,0.2,200,2328750
20240118,13:18:40,0.15,50,2328750
20240118,13:18:41,0.15,1800,2328750
20240118,13:18:44,0.15,700,2328750
20240118,13:18:46,0.15,800,2328750
20240118,13:18:52,0.15,200,2328750
20240118,13:18:59,0.15,1000,2328750
20240118,13:19:08,0.2,1750,2328750
20240118,13:19:10,0.15,200,2328750
20240118,13:19:12,0.15,200,2328750
20240118,13:19:40,0.15,1000,2328750
20240118,13:19:49,0.15,1500,2328750
20240118,13:19:53,0.15,200,2328750
20240118,13:20:32,0.15,1800,2328750
20240118,13:20:33,0.2,200,2328750
20240118,13:20:34,0.2,100,2328750
20240118,13:20:54,0.15,100,2328750
20240118,13:20:55,0.15,700,2328750
20240118,13:21:08,0.2,150,2328750
20240118,13:21:12,0.15,50,2328750
20240118,13:21:13,0.15,50,2328750
20240118,13:21:25,0.15,200,2328750
20240118,13:21:33,0.15,200,2328750
20240118,13:21:35,0.15,121050,2328750
20240118,13:21:36,0.15,3100,2328750
20240118,13:21:37,0.15,2100,2328750
20240118,13:21:38,0.15,8100,2328750
20240118,13:21:40,0.15,1100,2328750
20240118,13:21:41,0.15,400,2328750
20240118,13:21:42,0.15,250,2328750
20240118,13:21:43,0.15,250,2328750
20240118,13:21:44,0.15,1900,2328750
20240118,13:21:54,0.15,5400,2328750
20240118,13:21:55,0.15,1800,2328750
20240118,13:21:56,0.15,10350,2328750
20240118,13:21:57,0.1,200,2328750
20240118,13:22:16,0.15,50,2328750
20240118,13:22:50,0.1,1200,2328750
20240118,13:22:58,0.15,250,2328750
20240118,13:22:59,0.15,200,2328750
20240118,13:23:22,0.15,100,2328750
20240118,13:23:26,0.15,1800,2328750
20240118,13:23:30,0.15,100,2328750
20240118,13:23:47,0.15,400,2328750
20240118,13:24:22,0.1,1000,2328750
20240118,13:24:45,0.15,100,2322100
20240118,13:25:04,0.15,1800,2322100
20240118,13:25:15,0.1,50,2322100
20240118,13:25:19,0.1,1600,2322100
20240118,13:25:32,0.15,3600,2322100
20240118,13:25:33,0.15,3600,2322100
20240118,13:25:34,0.15,2250,2322100
20240118,13:25:35,0.15,3600,2322100
20240118,13:25:36,0.15,1300,2322100
20240118,13:26:03,0.1,3500,2322100
20240118,13:26:24,0.15,1650,2322100
20240118,13:26:58,0.15,100,2322100
20240118,13:27:18,0.15,50,2318650
20240118,13:27:30,0.1,500,2318650
20240118,13:28:01,0.1,150,2318650
20240118,13:28:14,0.1,1500,2318650
20240118,13:28:17,0.15,1400,2318650
20240118,13:28:25,0.15,50,2318650
20240118,13:28:34,0.1,1500,2318650
20240118,13:28:40,0.15,100,2318650
20240118,13:28:43,0.1,500,2318650
20240118,13:28:49,0.15,700,2318650
20240118,13:29:24,0.1,1500,2318650
20240118,13:29:25,0.1,250,2318650
20240118,13:29:26,0.1,6800,2318650
20240118,13:29:27,0.1,750,2318650
20240118,13:29:28,0.1,1250,2318650
20240118,13:29:29,0.1,12350,2318650
20240118,13:29:30,0.1,1750,2318650
20240118,13:29:31,0.1,3400,2318650
20240118,13:29:34,0.1,3350,2318650
20240118,13:29:35,0.1,3400,2318650
20240118,13:29:37,0.1,650,2318650
20240118,13:29:38,0.1,3350,2318650
20240118,13:29:39,0.1,3450,2318650
20240118,13:29:48,0.15,200,2318650
20240118,13:29:51,0.1,1200,2318650
20240118,13:29:52,0.15,500,2318650
20240118,13:29:54,0.15,500,2318650
20240118,13:29:59,0.1,2000,2318650
20240118,13:30:06,0.1,50,2318650
20240118,13:30:08,0.15,100,2318650
20240118,13:30:23,0.1,150,2318650
20240118,13:30:26,0.1,200,2317250
20240118,13:30:40,0.1,850,2317250
20240118,13:30:41,0.1,800,2317250
20240118,13:30:42,0.1,2800,2317250
20240118,13:30:43,0.1,3600,2317250
20240118,13:30:44,0.1,3500,2317250
20240118,13:30:45,0.1,2350,2317250
20240118,13:30:46,0.1,3000,2317250
20240118,13:30:47,0.1,100,2317250
20240118,13:30:48,0.15,200,2317250
20240118,13:31:36,0.15,50,2317250
20240118,13:31:39,0.1,50,2317250
20240118,13:32:02,0.1,5200,2317250
20240118,13:32:03,0.1,500,2317250
20240118,13:32:15,0.1,250,2317250
20240118,13:32:16,0.1,100,2317250
20240118,13:32:24,0.1,50,2317250
20240118,13:32:38,0.15,50,2317250
20240118,13:32:39,0.15,250,2317250
20240118,13:32:40,0.1,250,2317250
20240118,13:32:42,0.1,200,2317250
20240118,13:33:10,0.1,500,2317250
20240118,13:33:16,0.15,3600,2317450
20240118,13:33:17,0.15,11050,2317450
20240118,13:33:18,0.15,1800,2317450
20240118,13:33:24,0.15,15000,2317450
20240118,13:33:25,0.15,15000,2317450
20240118,13:33:26,0.15,30000,2317450
20240118,13:33:27,0.1,150,2317450
20240118,13:33:31,0.15,1800,2317450
20240118,13:34:12,0.15,800,2317450
20240118,13:34:46,0.15,50,2317450
20240118,13:34:50,0.1,50,2317450
20240118,13:34:57,0.15,1800,2317450
20240118,13:35:10,0.1,3000,2317450
20240118,13:35:18,0.15,1800,2317450
20240118,13:35:19,0.15,1800,2317450
20240118,13:35:21,0.15,1850,2317450
20240118,13:35:31,0.15,200,2317450
20240118,13:35:40,0.15,1800,2317450
20240118,13:36:25,0.15,1500,2300800
20240118,13:36:27,0.15,1500,2300800
20240118,13:36:44,0.15,1500,2300800
20240118,13:36:45,0.15,1800,2300800
20240118,13:37:01,0.15,50,2300800
20240118,13:37:16,0.15,900,2300800
20240118,13:37:17,0.15,5400,2300800
20240118,13:37:18,0.15,500,2300800
20240118,13:37:25,0.15,167550,2300800
20240118,13:37:38,0.15,650,2300800
20240118,13:37:38,0.15,16900,2300800
20240118,13:37:41,0.15,15000,2300800
20240118,13:37:41,0.15,2750,2300800
20240118,13:37:43,0.2,50,2300800
20240118,13:37:46,0.15,1500,2300800
20240118,13:37:51,0.15,750,2300800
20240118,13:37:52,0.15,1350,2300800
20240118,13:37:56,0.15,50,2300800
20240118,13:38:05,0.15,2350,2300800
20240118,13:38:06,0.15,3250,2300800
20240118,13:38:08,0.2,1250,2300800
20240118,13:38:24,0.2,200,2300800
20240118,13:38:25,0.2,600,2300800
20240118,13:38:25,0.2,400,2300800
20240118,13:38:28,0.2,200,2300800
20240118,13:38:31,0.2,200,2300800
20240118,13:38:31,0.2,400,2300800
20240118,13:38:32,0.2,500,2300800
20240118,13:38:52,0.15,250,2300800
20240118,13:38:53,0.15,400,2300800
20240118,13:38:53,0.2,600,2300800
20240118,13:38:55,0.2,3950,2300800
20240118,13:38:56,0.2,600,2300800
20240118,13:38:57,0.2,500,2300800
20240118,13:38:57,0.2,3000,2300800
20240118,13:39:01,0.2,500,2300800
20240118,13:39:23,0.15,3750,2299300
20240118,13:39:28,0.2,50,2299300
20240118,13:39:29,0.2,50,2299300
20240118,13:39:32,0.15,50,2299300
20240118,13:39:58,0.2,500,2299300
20240118,13:40:05,0.15,100,2299300
20240118,13:40:14,0.2,500,2299300
20240118,13:40:22,0.15,3100,2299300
20240118,13:40:37,0.15,300,2299300
20240118,13:40:50,0.15,250,2299300
20240118,13:41:14,0.2,500,2299300
20240118,13:41:23,0.15,400,2299300
20240118,13:41:30,0.2,1800,2299300
20240118,13:41:38,0.2,800,2299300
20240118,13:41:50,0.2,1000,2299300
20240118,13:42:09,0.15,450,2299300
20240118,13:42:14,0.2,50,2299300
20240118,13:42:20,0.15,100,2298800
20240118,13:42:22,0.15,1800,2298800
20240118,13:42:24,0.2,1800,2298800
20240118,13:42:41,0.15,50,2298800
20240118,13:42:52,0.2,50,2298800
20240118,13:43:11,0.15,300,2298800
20240118,13:43:27,0.2,50,2298800
20240118,13:43:32,0.2,50,2298800
20240118,13:43:35,0.2,1500,2298800
20240118,13:43:44,0.2,100,2298800
20240118,13:44:10,0.2,150,2298800
20240118,13:44:18,0.2,50,2298800
20240118,13:44:21,0.15,50,2298800
20240118,13:44:23,0.2,1200,2298800
20240118,13:45:06,0.2,50,2298800
20240118,13:45:08,0.15,50,2298800
20240118,13:45:09,0.2,50,2298800
20240118,13:45:11,0.15,50,2298800
20240118,13:45:32,0.2,1350,2298800
20240118,13:45:33,0.2,4650,2298800
20240118,13:45:34,0.15,1600,2298800
20240118,13:45:35,0.15,600,2298800
20240118,13:45:36,0.15,50,2298800
20240118,13:45:37,0.2,500,2298800
20240118,13:45:39,0.2,50,2298800
20240118,13:45:40,0.2,500,2298800
20240118,13:45:42,0.2,500,2298800
20240118,13:45:46,0.2,3150,2298800
20240118,13:45:48,0.2,900,2298800
20240118,13:45:49,0.2,50,2298800
20240118,13:45:50,0.2,1050,2298800
20240118,13:45:51,0.15,2000,2298800
20240118,13:45:54,0.2,13650,2298800
20240118,13:45:56,0.2,3300,2298800
20240118,13:45:57,0.2,6350,2298800
20240118,13:45:59,0.2,50,2298800
20240118,13:46:00,0.2,50,2298800
20240118,13:46:02,0.2,50,2298800
20240118,13:46:04,0.2,50,2298800
20240118,13:46:05,0.2,50,2298800
20240118,13:46:07,0.2,100,2298800
20240118,13:46:08,0.2,1500,2298800
20240118,13:46:09,0.2,38100,2298800
20240118,13:46:11,0.2,500,2298800
20240118,13:46:29,0.2,400,2298800
20240118,13:46:30,0.2,100,2298800
20240118,13:46:59,0.15,1200,2298800
20240118,13:47:00,0.2,200,2298800
20240118,13:47:17,0.2,1600,2298800
20240118,13:47:27,0.15,250,2298800
20240118,13:47:40,0.2,200,2298800
20240118,13:47:44,0.2,200,2298800
20240118,13:47:49,0.2,1500,2298800
20240118,13:47:54,0.2,450,2298800
20240118,13:47:54,0.2,200,2298800
20240118,13:47:59,0.2,1900,2298800
20240118,13:47:59,0.15,250,2298800
20240118,13:48:04,0.15,700,2298800
20240118,13:48:06,0.15,600,2298800
20240118,13:48:07,0.2,200,2298800
20240118,13:48:09,0.15,600,2298800
20240118,13:48:10,0.15,600,2298800
20240118,13:48:11,0.15,1100,2298800
20240118,13:48:13,0.15,150,2298950
20240118,13:48:14,0.15,450,2298950
20240118,13:48:16,0.2,3150,2298950
20240118,13:48:22,0.2,500,2298950
20240118,13:48:25,0.15,600,2298950
20240118,13:48:25,0.15,900,2298950
20240118,13:48:32,0.2,450,2298950
20240118,13:48:33,0.2,1050,2298950
20240118,13:48:36,0.2,500,2298950
20240118,13:48:37,0.2,1000,2298950
20240118,13:48:48,0.2,500,2298950
20240118,13:48:50,0.2,300,2298950
20240118,13:48:54,0.2,500,2298950
20240118,13:49:15,0.2,50,2298950
20240118,13:49:43,0.2,300,2298950
20240118,13:49:43,0.2,50,2298950
20240118,13:49:44,0.2,1800,2298950
20240118,13:49:49,0.15,50,2298950
20240118,13:49:50,0.2,750,2298950
20240118,13:50:00,0.15,100,2298950
20240118,13:50:06,0.2,150,2298950
20240118,13:50:18,0.15,1200,2298950
20240118,13:50:19,0.15,4800,2298950
20240118,13:50:27,0.2,450,2298950
20240118,13:50:27,0.2,5550,2298950
20240118,13:50:32,0.2,200,2298950
20240118,13:50:46,0.2,50,2298950
20240118,13:51:01,0.2,450,2298950
20240118,13:51:03,0.2,1500,2298950
20240118,13:51:19,0.15,100,2298950
20240118,13:51:21,0.2,1500,2298950
20240118,13:51:41,0.2,300,2298950
20240118,13:51:51,0.15,50,2298950
20240118,13:52:05,0.2,1000,2298950
20240118,13:52:11,0.2,1350,2298950
20240118,13:52:12,0.2,150,2298950
20240118,13:52:13,0.2,1500,2298950
20240118,13:52:16,0.15,1800,2298950
20240118,13:52:21,0.15,50,2298950
20240118,13:52:22,0.2,50,2298950
20240118,13:52:37,0.2,500,2298950
20240118,13:52:42,0.15,1000,2298950
20240118,13:52:44,0.15,1000,2298950
20240118,13:52:45,0.15,1000,2298950
20240118,13:52:46,0.15,1000,2298950
20240118,13:52:47,0.15,1450,2298950
20240118,13:53:32,0.2,400,2298950
20240118,13:53:32,0.2,1800,2298950
20240118,13:53:33,0.2,50,2298950
20240118,13:53:37,0.15,1800,2298950
20240118,13:54:08,0.15,5000,2298950
20240118,13:54:10,0.15,81600,2298950
20240118,13:54:11,0.15,1600,2298950
20240118,13:54:12,0.15,5550,2298950
20240118,13:54:13,0.15,650,2298950
20240118,13:54:14,0.15,850,2298550
20240118,13:54:15,0.15,3950,2298550
20240118,13:54:19,0.15,1950,2298550
20240118,13:54:20,0.15,1350,2298550
20240118,13:54:23,0.15,1800,2298550
20240118,13:54:28,0.15,50,2298550
20240118,13:54:29,0.15,950,2298550
20240118,13:54:33,0.15,1050,2298550
20240118,13:54:33,0.15,1500,2298550
20240118,13:54:36,0.15,2800,2298550
20240118,13:54:38,0.15,56000,2298550
20240118,13:54:39,0.15,3600,2298550
20240118,13:54:40,0.15,7650,2298550
20240118,13:54:41,0.2,1800,2298550
20240118,13:54:46,0.15,50,2298550
20240118,13:54:49,0.2,6050,2298550
20240118,13:54:52,0.15,900,2298550
20240118,13:54:54,0.2,150,2298550
20240118,13:54:57,0.15,2400,2298550
20240118,13:55:01,0.2,600,2298550
20240118,13:55:04,0.15,300,2298550
20240118,13:55:05,0.15,5700,2298550
20240118,13:55:15,0.2,3600,2298550
20240118,13:55:20,0.2,600,2298550
20240118,13:55:22,0.15,1000,2298550
20240118,13:55:33,0.2,3350,2298550
20240118,13:55:35,0.15,1600,2298550
20240118,13:55:38,0.15,3000,2298550
20240118,13:55:48,0.15,50,2298550
20240118,13:56:05,0.2,2100,2298550
20240118,13:56:35,0.2,1800,2298550
20240118,13:56:41,0.2,1800,2298550
20240118,13:56:43,0.2,1000,2298550
20240118,13:56:45,0.2,900,2298550
20240118,13:56:46,0.15,600,2298550
20240118,13:57:04,0.2,500,2298550
20240118,13:57:06,0.15,50,2298550
20240118,13:57:12,0.15,300,2298550
20240118,13:57:28,0.15,1000,2298550
20240118,13:57:46,0.15,900,2299150
20240118,13:57:48,0.15,150,2299150
20240118,13:58:02,0.15,1000,2299150
20240118,13:58:06,0.2,1500,2299150
20240118,13:58:07,0.15,1000,2299150
20240118,13:58:12,0.2,3600,2299150
20240118,13:58:24,0.2,250,2299150
20240118,13:58:25,0.2,250,2299150
20240118,13:58:26,0.2,50,2299150
20240118,13:58:27,0.2,600,2299150
20240118,13:58:43,0.2,500,2299150
20240118,13:58:50,0.2,500,2299150
20240118,13:58:53,0.2,500,2299150
20240118,13:58:53,0.2,1950,2299150
20240118,13:58:54,0.2,500,2299150
20240118,13:59:02,0.15,450,2299150
20240118,13:59:03,0.15,1000,2299150
20240118,13:59:11,0.2,500,2299150
20240118,13:59:13,0.2,500,2299150
20240118,13:59:26,0.2,700,2299150
20240118,13:59:42,0.15,200,2299150
20240118,13:59:57,0.2,2500,2299150
20240118,14:00:10,0.2,500,2299150
20240118,14:00:11,0.2,500,2299150
20240118,14:00:26,0.2,550,2299150
20240118,14:00:27,0.15,7400,2294950
20240118,14:00:28,0.2,2000,2294950
20240118,14:00:30,0.15,500,2294950
20240118,14:00:33,0.2,2300,2294950
20240118,14:00:36,0.2,200,2294950
20240118,14:00:38,0.2,200,2294950
20240118,14:00:41,0.2,200,2294950
20240118,14:00:54,0.15,150,2294950
20240118,14:00:55,0.15,900,2294950
20240118,14:00:56,0.15,7200,2294950
20240118,14:00:57,0.15,750,2294950
20240118,14:01:04,0.2,3000,2294950
20240118,14:01:07,0.2,1200,2294950
20240118,14:01:08,0.2,1200,2294950
20240118,14:01:12,0.2,3000,2294950
20240118,14:01:15,0.2,900,2294950
20240118,14:01:16,0.2,150,2294950
20240118,14:01:18,0.15,4000,2294950
20240118,14:01:25,0.2,100,2294950
20240118,14:01:30,0.15,600,2294950
20240118,14:01:33,0.15,600,2294950
20240118,14:01:35,0.15,1200,2294950
20240118,14:01:36,0.15,600,2294950
20240118,14:01:36,0.2,6000,2294950
20240118,14:01:58,0.15,350,2294950
20240118,14:02:00,0.15,500,2294950
20240118,14:02:01,0.15,750,2294950
20240118,14:02:02,0.15,250,2294950
20240118,14:02:04,0.15,450,2294950
20240118,14:02:20,0.15,50,2294950
20240118,14:02:22,0.15,1300,2294950
20240118,14:02:23,0.15,600,2294950
20240118,14:02:24,0.15,250,2294950
20240118,14:02:27,0.15,1050,2294950
20240118,14:02:38,0.2,750,2294950
20240118,14:02:43,0.2,150,2294950
20240118,14:02:45,0.15,100,2294950
20240118,14:02:46,0.2,200,2294950
20240118,14:03:03,0.2,1000,2294950
20240118,14:03:04,0.15,50,2294950
20240118,14:03:12,0.15,50,2294950
20240118,14:03:13,0.2,1500,2294950
20240118,14:03:18,0.15,50,2294250
20240118,14:03:21,0.15,50,2294250
20240118,14:03:23,0.2,200,2294250
20240118,14:03:31,0.15,50,2294250
20240118,14:03:33,0.2,1800,2294250
20240118,14:03:37,0.15,500,2294250
20240118,14:03:43,0.2,200,2294250
20240118,14:03:45,0.15,1450,2294250
20240118,14:03:50,0.2,600,2294250
20240118,14:04:21,0.2,2600,2294250
20240118,14:04:32,0.15,50,2294250
20240118,14:04:40,0.15,350,2294250
20240118,14:04:53,0.2,150,2294250
20240118,14:05:03,0.2,500,2294250
20240118,14:05:06,0.15,50,2294250
20240118,14:05:10,0.15,500,2294250
20240118,14:05:12,0.15,50,2294250
20240118,14:05:13,0.15,1500,2294250
20240118,14:05:23,0.15,250,2294250
20240118,14:05:31,0.15,50,2294250
20240118,14:05:32,0.15,2200,2294250
20240118,14:05:33,0.15,1050,2294250
20240118,14:05:45,0.2,500,2294250
20240118,14:05:47,0.2,300,2294250
20240118,14:05:59,0.15,50,2294250
20240118,14:06:06,0.15,50,2294250
20240118,14:06:14,0.15,750,2294250
20240118,14:06:15,0.15,50,2294250
20240118,14:06:17,0.15,3000,2294200
20240118,14:06:18,0.15,37100,2294200
20240118,14:06:19,0.1,700,2294200
20240118,14:06:25,0.1,50,2294200
20240118,14:06:26,0.1,50,2294200
20240118,14:06:33,0.1,50,2294200
20240118,14:06:35,0.1,150,2294200
20240118,14:06:39,0.1,50,2294200
20240118,14:06:40,0.1,50,2294200
20240118,14:06:41,0.15,600,2294200
20240118,14:06:43,0.15,50,2294200
20240118,14:06:43,0.15,150,2294200
20240118,14:06:47,0.1,50,2294200
20240118,14:06:48,0.1,150,2294200
20240118,14:06:49,0.1,800,2294200
20240118,14:07:18,0.1,700,2294200
20240118,14:07:27,0.15,1000,2294200
20240118,14:07:32,0.1,1000,2294200
20240118,14:07:36,0.15,1000,2294200
20240118,14:07:55,0.15,200,2294200
20240118,14:08:06,0.15,600,2294200
20240118,14:08:07,0.15,500,2294200
20240118,14:08:08,0.15,2100,2294200
20240118,14:08:09,0.15,300,2294200
20240118,14:08:10,0.15,1400,2294200
20240118,14:08:11,0.15,600,2294200
20240118,14:08:13,0.15,1400,2294200
20240118,14:08:14,0.15,1100,2294200
20240118,14:08:16,0.15,5850,2294200
20240118,14:08:17,0.15,18550,2294200
20240118,14:08:20,0.1,200,2294200
20240118,14:08:22,0.1,200,2294200
20240118,14:08:24,0.15,800,2294200
20240118,14:08:40,0.15,1200,2294200
20240118,14:08:42,0.15,500,2294200
20240118,14:09:03,0.15,1500,2294200
20240118,14:09:04,0.15,450,2294200
20240118,14:09:09,0.1,150,2294200
20240118,14:09:18,0.15,2000,2292250
20240118,14:09:29,0.15,1000,2292250
20240118,14:09:38,0.15,4000,2292250
20240118,14:09:55,0.1,150,2292250
20240118,14:09:56,0.1,750,2292250
20240118,14:10:00,0.15,1000,2292250
20240118,14:10:01,0.15,550,2292250
20240118,14:10:03,0.1,250,2292250
20240118,14:10:06,0.1,50,2292250
20240118,14:10:09,0.1,250,2292250
20240118,14:10:12,0.1,50,2292250
20240118,14:10:17,0.1,250,2292250
20240118,14:10:22,0.1,50,2292250
20240118,14:10:23,0.15,1000,2292250
20240118,14:10:25,0.1,200,2292250
20240118,14:10:32,0.15,2000,2292250
20240118,14:10:36,0.1,1900,2292250
20240118,14:11:08,0.15,2000,2292250
20240118,14:11:09,0.15,1000,2292250
20240118,14:11:15,0.15,1800,2292250
20240118,14:11:15,0.15,700,2292250
20240118,14:11:28,0.15,1000,2292250
20240118,14:11:29,0.1,800,2292250
20240118,14:11:40,0.15,9000,2292250
20240118,14:12:10,0.15,3750,2292250
20240118,14:12:24,0.15,450,2292250
20240118,14:12:25,0.15,600,2292250
20240118,14:12:27,0.15,200,2292250
20240118,14:12:28,0.15,25000,2292250
20240118,14:12:29,0.15,16300,2292250
20240118,14:12:30,0.2,1100,2292250
20240118,14:12:34,0.2,500,2292250
20240118,14:12:49,0.15,1800,2292250
20240118,14:12:49,0.15,200,2292250
20240118,14:13:04,0.15,1100,2292250
20240118,14:13:18,0.1,500,2292250
20240118,14:13:21,0.1,500,2292250
20240118,14:13:25,0.1,500,2292250
20240118,14:13:26,0.1,500,2292250
20240118,14:13:29,0.1,1350,2292250
20240118,14:13:34,0.15,750,2292250
20240118,14:13:38,0.1,550,2292250
20240118,14:13:42,0.15,1750,2292250
20240118,14:13:43,0.15,1100,2292250
20240118,14:13:44,0.1,850,2292250
20240118,14:13:45,0.15,200,2292250
20240118,14:13:48,0.1,350,2292250
20240118,14:13:49,0.15,600,2292250
20240118,14:13:57,0.1,1000,2292250
20240118,14:14:04,0.1,600,2292250
20240118,14:14:08,0.15,4000,2292250
20240118,14:14:15,0.15,150,2292250
20240118,14:14:25,0.15,500,2292250
20240118,14:14:32,0.15,1800,2292250
20240118,14:14:35,0.1,4000,2292250
20240118,14:14:53,0.15,600,2292250
20240118,14:15:00,0.15,1000,2292250
20240118,14:15:10,0.15,500,2292250
20240118,14:15:19,0.15,500,2292250
20240118,14:15:20,0.15,300,2292250
20240118,14:15:35,0.15,900,2292250
20240118,14:15:36,0.15,1950,2292250
20240118,14:15:37,0.15,650,2292250
20240118,14:15:45,0.15,47900,2292250
20240118,14:15:53,0.15,1000,2292250
20240118,14:15:59,0.15,50,2292250
20240118,14:16:00,0.15,1900,2292250
20240118,14:16:03,0.15,7350,2292250
20240118,14:16:09,0.15,50,2292250
20240118,14:16:11,0.15,250,2292250
20240118,14:16:13,0.1,200,2292250
20240118,14:16:21,0.1,50,2292250
20240118,14:16:23,0.1,4500,2292250
20240118,14:16:26,0.1,50,2292250
20240118,14:16:28,0.1,500,2292250
20240118,14:16:30,0.15,100,2292250
20240118,14:16:32,0.1,150,2292250
20240118,14:16:33,0.1,7550,2292250
20240118,14:16:37,0.1,50,2292250
20240118,14:16:41,0.1,50,2292250
20240118,14:16:46,0.1,50,2292250
20240118,14:16:48,0.15,150,2292250
20240118,14:16:52,0.15,50,2292250
20240118,14:16:53,0.15,150,2292250
20240118,14:16:55,0.1,50,2292250
20240118,14:16:59,0.1,50,2292250
20240118,14:17:02,0.1,500,2292250
20240118,14:17:04,0.1,50,2292250
20240118,14:17:11,0.1,50,2292250
20240118,14:17:15,0.15,1000,2292250
20240118,14:17:16,0.1,50,2292250
20240118,14:17:19,0.1,300,2292250
20240118,14:17:21,0.1,1050,2292250
20240118,14:17:26,0.1,1150,2292250
20240118,14:17:30,0.15,1000,2292250
20240118,14:17:31,0.1,50,2292250
20240118,14:17:34,0.1,500,2292250
20240118,14:17:35,0.1,50,2292250
20240118,14:17:37,0.15,1800,2292250
20240118,14:17:37,0.15,2700,2292250
20240118,14:17:45,0.15,500,2292250
20240118,14:17:46,0.15,500,2292250
20240118,14:17:47,0.1,1500,2292250
20240118,14:17:48,0.1,300,2292250
20240118,14:17:53,0.15,500,2292250
20240118,14:18:10,0.15,1200,2292250
20240118,14:18:23,0.1,3000,2292850
20240118,14:18:25,0.1,5400,2292850
20240118,14:18:26,0.1,3600,2292850
20240118,14:18:32,0.1,50,2292850
20240118,14:18:33,0.1,1500,2292850
20240118,14:18:34,0.15,6000,2292850
20240118,14:18:50,0.15,6000,2292850
20240118,14:19:06,0.15,300,2292850
20240118,14:19:06,0.15,1200,2292850
20240118,14:19:08,0.15,600,2292850
20240118,14:19:09,0.15,1200,2292850
20240118,14:19:15,0.1,50,2292850
20240118,14:19:21,0.1,1800,2292850
20240118,14:19:24,0.15,2500,2292850
20240118,14:19:26,0.15,1050,2292850
20240118,14:19:27,0.15,950,2292850
20240118,14:19:49,0.1,500,2292850
20240118,14:19:50,0.1,500,2292850
20240118,14:20:00,0.15,1800,2292850
20240118,14:20:01,0.15,1000,2292850
20240118,14:20:13,0.1,500,2292850
20240118,14:20:16,0.15,50,2292850
20240118,14:20:18,0.1,600,2292850
20240118,14:20:20,0.1,900,2292850
20240118,14:20:27,0.1,5100,2292850
20240118,14:20:28,0.1,1000,2292850
20240118,14:20:29,0.1,450,2292850
20240118,14:20:31,0.1,1100,2292850
20240118,14:20:32,0.1,5450,2292850
20240118,14:20:33,0.1,2850,2292850
20240118,14:20:34,0.1,1400,2292850
20240118,14:20:38,0.1,1100,2292850
20240118,14:20:52,0.1,500,2292850
20240118,14:20:53,0.1,50,2292850
20240118,14:20:58,0.1,500,2292850
20240118,14:21:00,0.1,600,2292850
20240118,14:21:03,0.15,800,2292850
20240118,14:21:05,0.1,600,2292850
20240118,14:21:06,0.1,600,2292850
20240118,14:21:07,0.1,200,2292850
20240118,14:21:14,0.1,300,2292850
20240118,14:21:26,0.1,550,2293300
20240118,14:21:27,0.1,500,2293300
20240118,14:21:29,0.1,50,2293300
20240118,14:21:36,0.1,800,2293300
20240118,14:21:37,0.1,50,2293300
20240118,14:21:38,0.1,800,2293300
20240118,14:21:41,0.1,900,2293300
20240118,14:21:41,0.1,300,2293300
20240118,14:21:42,0.1,150,2293300
20240118,14:21:45,0.1,50,2293300
20240118,14:21:46,0.1,600,2293300
20240118,14:21:46,0.1,750,2293300
20240118,14:21:47,0.1,1800,2293300
20240118,14:21:48,0.1,2400,2293300
20240118,14:21:54,0.1,2700,2293300
20240118,14:21:54,0.15,750,2293300
20240118,14:22:00,0.1,50,2293300
20240118,14:22:06,0.1,500,2293300
20240118,14:22:10,0.15,1800,2293300
20240118,14:22:17,0.1,1800,2293300
20240118,14:22:21,0.1,900,2293300
20240118,14:22:29,0.15,50,2293300
20240118,14:22:42,0.1,700,2293300
20240118,14:22:42,0.1,1800,2293300
20240118,14:22:54,0.1,350,2293300
20240118,14:22:55,0.1,900,2293300
20240118,14:23:05,0.1,1350,2293300
20240118,14:23:06,0.1,2550,2293300
20240118,14:23:13,0.1,200,2293300
20240118,14:23:41,0.1,3000,2293300
20240118,14:23:48,0.15,150,2293300
20240118,14:23:49,0.15,300,2293300
20240118,14:23:52,0.15,150,2293300
20240118,14:23:59,0.15,150,2293300
20240118,14:24:02,0.15,1650,2293300
20240118,14:24:04,0.15,150,2293300
20240118,14:24:05,0.15,350,2293300
20240118,14:24:06,0.1,300,2293300
20240118,14:24:07,0.1,500,2293300
20240118,14:24:10,0.1,5600,2293300
20240118,14:24:11,0.1,3600,2293300
20240118,14:24:15,0.15,3000,2293300
20240118,14:24:22,0.15,3750,2293250
20240118,14:24:30,0.15,150,2293250
20240118,14:24:31,0.1,2400,2293250
20240118,14:24:38,0.15,150,2293250
20240118,14:25:07,0.15,1000,2293250
20240118,14:25:12,0.1,1800,2293250
20240118,14:25:15,0.1,300,2293250
20240118,14:25:39,0.1,100,2293250
20240118,14:25:40,0.1,50,2293250
20240118,14:26:00,0.15,150,2293250
20240118,14:26:02,0.1,1000,2293250
20240118,14:26:26,0.15,250,2293250
20240118,14:26:29,0.15,600,2293250
20240118,14:26:30,0.15,900,2293250
20240118,14:26:31,0.15,5850,2293250
20240118,14:26:32,0.1,250,2293250
20240118,14:26:40,0.15,450,2293250
20240118,14:26:51,0.15,300,2293250
20240118,14:26:52,0.15,1150,2293250
20240118,14:26:53,0.15,300,2293250
20240118,14:26:54,0.1,900,2293250
20240118,14:26:57,0.15,300,2293250
20240118,14:26:59,0.15,1200,2293250
20240118,14:27:00,0.15,150,2293250
20240118,14:27:01,0.15,6300,2293250
20240118,14:27:04,0.1,1700,2293250
20240118,14:27:08,0.1,600,2293250
20240118,14:27:09,0.1,3000,2293250
20240118,14:27:10,0.15,450,2293250
20240118,14:27:11,0.15,500,2293250
20240118,14:27:20,0.1,150,2293250
20240118,14:27:22,0.1,600,2293250
20240118,14:27:22,0.1,150,2293250
20240118,14:27:25,0.1,150,2293250
20240118,14:27:27,0.1,1000,2293250
20240118,14:27:30,0.1,600,2293250
20240118,14:27:31,0.1,8500,2293250
20240118,14:27:32,0.1,1500,2293250
20240118,14:27:33,0.1,3400,2293250
20240118,14:27:34,0.1,500,2293250
20240118,14:27:40,0.15,53500,2293250
20240118,14:27:45,0.1,50,2293250
20240118,14:27:47,0.15,4050,2293250
20240118,14:27:54,0.1,200,2293250
20240118,14:27:55,0.1,200,2293250
20240118,14:27:57,0.1,200,2293250
20240118,14:28:07,0.15,450,2293250
20240118,14:28:36,0.15,300,2293250
20240118,14:28:37,0.15,150,2293250
20240118,14:28:54,0.15,300,2293250
20240118,14:28:55,0.15,3450,2293250
20240118,14:28:57,0.1,2400,2293250
20240118,14:28:57,0.1,600,2293250
20240118,14:29:07,0.1,1100,2293250
20240118,14:29:08,0.1,150,2293250
20240118,14:29:09,0.1,3600,2293250
20240118,14:29:11,0.1,1900,2293250
20240118,14:29:13,0.15,300,2293250
20240118,14:29:16,0.15,1800,2293250
20240118,14:29:17,0.1,150,2293250
20240118,14:29:20,0.1,7050,2293250
20240118,14:29:21,0.1,4800,2293250
20240118,14:29:34,0.15,300,2293250
20240118,14:29:35,0.15,300,2293250
20240118,14:29:40,0.15,300,2293250
20240118,14:29:43,0.1,1650,2293250
20240118,14:29:51,0.15,300,2293250
20240118,14:29:56,0.15,300,2293250
20240118,14:29:59,0.1,450,2293250
20240118,14:30:10,0.15,750,2293250
20240118,14:30:11,0.15,150,2293250
20240118,14:30:24,0.1,700,2295050
20240118,14:30:30,0.15,2850,2295050
20240118,14:30:32,0.15,900,2295050
20240118,14:30:36,0.15,1400,2295050
20240118,14:30:39,0.15,500,2295050
20240118,14:30:41,0.1,1000,2295050
20240118,14:30:42,0.15,1350,2295050
20240118,14:30:49,0.15,900,2295050
20240118,14:30:50,0.1,1200,2295050
20240118,14:30:57,0.15,1500,2295050
20240118,14:30:58,0.15,2400,2295050
20240118,14:30:59,0.15,6300,2295050
20240118,14:31:00,0.15,4750,2295050
20240118,14:31:02,0.15,2700,2295050
20240118,14:31:12,0.1,1350,2295050
20240118,14:31:13,0.15,450,2295050
20240118,14:31:18,0.1,50,2295050
20240118,14:31:19,0.1,4750,2295050
20240118,14:31:20,0.1,450,2295050
20240118,14:31:21,0.1,4150,2295050
20240118,14:31:22,0.1,150,2295050
20240118,14:31:23,0.1,400,2295050
20240118,14:31:47,0.15,450,2295050
20240118,14:31:48,0.15,1050,2295050
20240118,14:31:50,0.15,150,2295050
20240118,14:31:52,0.15,600,2295050
20240118,14:31:53,0.15,600,2295050
20240118,14:31:54,0.15,5000,2295050
20240118,14:32:03,0.15,50,2295050
20240118,14:32:06,0.1,600,2295050
20240118,14:32:08,0.15,450,2295050
20240118,14:32:15,0.1,600,2295050
20240118,14:32:16,0.1,600,2295050
20240118,14:32:18,0.15,50,2295050
20240118,14:32:18,0.1,700,2295050
20240118,14:32:21,0.1,600,2295050
20240118,14:32:22,0.1,1850,2295050
20240118,14:32:22,0.1,1200,2295050
20240118,14:32:23,0.1,2100,2295050
20240118,14:32:25,0.1,900,2295050
20240118,14:32:32,0.15,50,2295050
20240118,14:32:35,0.1,750,2295050
20240118,14:32:37,0.1,3600,2295050
20240118,14:32:39,0.1,6500,2295050
20240118,14:32:41,0.1,1950,2295050
20240118,14:32:42,0.15,200,2295050
20240118,14:32:43,0.1,5250,2295050
20240118,14:32:44,0.1,650,2295050
20240118,14:32:48,0.15,50,2295050
20240118,14:32:50,0.1,50,2295050
20240118,14:32:51,0.15,2000,2295050
20240118,14:32:54,0.1,3050,2295050
20240118,14:32:57,0.15,200,2295050
20240118,14:33:03,0.15,50,2295050
20240118,14:33:13,0.15,500,2295050
20240118,14:33:17,0.1,1750,2295050
20240118,14:33:18,0.1,750,2295050
20240118,14:33:21,0.15,50,2295050
20240118,14:33:25,0.15,2950,2299000
20240118,14:33:27,0.1,1250,2299000
20240118,14:33:27,0.1,1950,2299000
20240118,14:33:28,0.1,250,2299000
20240118,14:33:37,0.15,200,2299000
20240118,14:33:38,0.1,100,2299000
20240118,14:33:44,0.1,300,2299000
20240118,14:33:47,0.1,1500,2299000
20240118,14:33:48,0.1,600,2299000
20240118,14:33:49,0.1,2800,2299000
20240118,14:33:50,0.15,50,2299000
20240118,14:33:52,0.1,600,2299000
20240118,14:33:52,0.1,1200,2299000
20240118,14:33:55,0.1,1750,2299000
20240118,14:33:56,0.1,4400,2299000
20240118,14:33:57,0.1,5250,2299000
20240118,14:33:58,0.1,4400,2299000
20240118,14:34:01,0.1,1750,2299000
20240118,14:34:07,0.1,50,2299000
20240118,14:34:08,0.15,450,2299000
20240118,14:34:09,0.15,100,2299000
20240118,14:34:15,0.1,900,2299000
20240118,14:34:16,0.1,50,2299000
20240118,14:34:18,0.1,600,2299000
20240118,14:34:19,0.1,1350,2299000
20240118,14:34:21,0.1,4500,2299000
20240118,14:34:22,0.1,6750,2299000
20240118,14:34:24,0.1,6000,2299000
20240118,14:34:28,0.1,900,2299000
20240118,14:34:30,0.1,2400,2299000
20240118,14:34:34,0.1,1800,2299000
20240118,14:34:35,0.15,100,2299000
20240118,14:34:39,0.1,650,2299000
20240118,14:34:39,0.1,600,2299000
20240118,14:34:40,0.15,50,2299000
20240118,14:34:43,0.1,500,2299000
20240118,14:34:45,0.1,50,2299000
20240118,14:34:48,0.15,900,2299000
20240118,14:34:50,0.15,500,2299000
20240118,14:34:55,0.15,500,2299000
20240118,14:34:56,0.1,600,2299000
20240118,14:35:02,0.1,50,2299000
20240118,14:35:06,0.15,300,2299000
20240118,14:35:13,0.15,100,2299000
20240118,14:35:17,0.15,4950,2299000
20240118,14:35:18,0.15,150,2299000
20240118,14:35:19,0.15,1000,2299000
20240118,14:35:20,0.15,900,2299000
20240118,14:35:21,0.1,450,2299000
20240118,14:35:22,0.1,1350,2299000
20240118,14:35:23,0.1,3450,2299000
20240118,14:35:25,0.1,200,2299000
20240118,14:36:03,0.15,1050,2299000
20240118,14:36:04,0.1,1650,2299000
20240118,14:36:06,0.1,600,2299000
20240118,14:36:15,0.15,1050,2299000
20240118,14:36:16,0.15,2500,2299000
20240118,14:36:17,0.15,2500,2299000
20240118,14:36:30,0.15,900,2299000
20240118,14:36:31,0.15,1800,2289850
20240118,14:36:35,0.15,600,2289850
20240118,14:36:40,0.15,150,2289850
20240118,14:36:46,0.15,10000,2289850
20240118,14:37:01,0.1,200,2289850
20240118,14:37:05,0.1,1800,2289850
20240118,14:37:06,0.15,900,2289850
20240118,14:37:07,0.15,900,2289850
20240118,14:37:08,0.15,450,2289850
20240118,14:37:09,0.15,900,2289850
20240118,14:37:27,0.1,900,2289850
20240118,14:37:28,0.1,900,2289850
20240118,14:37:30,0.1,900,2289850
20240118,14:37:45,0.1,5000,2289850
20240118,14:37:50,0.15,2500,2289850
20240118,14:37:51,0.15,2500,2289850
20240118,14:37:54,0.1,5400,2289850
20240118,14:37:54,0.1,1800,2289850
20240118,14:37:55,0.1,2800,2289850
20240118,14:38:35,0.15,600,2289850
20240118,14:38:40,0.1,800,2289850
20240118,14:38:41,0.15,50,2289850
20240118,14:38:43,0.1,2300,2289850
20240118,14:38:44,0.15,5700,2289850
20240118,14:38:45,0.1,250,2289850
20240118,14:38:46,0.1,600,2289850
20240118,14:38:47,0.1,2100,2289850
20240118,14:38:48,0.1,1000,2289850
20240118,14:38:49,0.1,40300,2289850
20240118,14:38:50,0.1,1800,2289850
20240118,14:38:52,0.1,400,2289850
20240118,14:38:53,0.1,150,2289850
20240118,14:38:56,0.1,1000,2289850
20240118,14:39:00,0.1,600,2289850
20240118,14:39:05,0.1,250,2289850
20240118,14:39:14,0.1,100,2289850
20240118,14:39:30,0.1,1700,2256350
20240118,14:39:31,0.1,8900,2256350
20240118,14:39:33,0.15,6200,2256350
20240118,14:39:34,0.15,1500,2256350
20240118,14:39:35,0.15,2700,2256350
20240118,14:39:38,0.15,8400,2256350
20240118,14:39:41,0.1,550,2256350
20240118,14:39:43,0.1,550,2256350
20240118,14:39:44,0.1,550,2256350
20240118,14:39:45,0.1,150,2256350
20240118,14:39:46,0.1,200,2256350
20240118,14:39:47,0.15,5550,2256350
20240118,14:39:51,0.1,300,2256350
20240118,14:39:52,0.1,5450,2256350
20240118,14:39:53,0.1,300,2256350
20240118,14:39:55,0.15,750,2256350
20240118,14:39:56,0.15,1800,2256350
20240118,14:39:57,0.15,1050,2256350
20240118,14:40:06,0.1,9300,2256350
20240118,14:40:08,0.1,300,2256350
20240118,14:40:09,0.15,600,2256350
20240118,14:40:12,0.1,1800,2256350
20240118,14:40:14,0.1,250,2256350
20240118,14:40:14,0.15,2450,2256350
20240118,14:40:15,0.15,6450,2256350
20240118,14:40:16,0.15,600,2256350
20240118,14:40:17,0.15,600,2256350
20240118,14:40:25,0.15,2700,2256350
20240118,14:40:25,0.15,1050,2256350
20240118,14:40:26,0.15,10650,2256350
20240118,14:40:31,0.1,900,2256350
20240118,14:40:31,0.1,300,2256350
20240118,14:40:32,0.1,1300,2256350
20240118,14:40:33,0.1,3300,2256350
20240118,14:40:34,0.1,3300,2256350
20240118,14:40:35,0.1,4450,2256350
20240118,14:40:36,0.1,3450,2256350
20240118,14:40:37,0.15,1850,2256350
20240118,14:40:41,0.1,250,2256350
20240118,14:40:42,0.1,700,2256350
20240118,14:40:43,0.15,5850,2256350
20240118,14:40:44,0.1,550,2256350
20240118,14:40:46,0.1,300,2256350
20240118,14:40:47,0.1,3400,2256350
20240118,14:40:52,0.1,1000,2256350
20240118,14:40:54,0.1,650,2256350
20240118,14:40:58,0.15,150,2256350
20240118,14:40:59,0.1,950,2256350
20240118,14:41:07,0.1,50,2256350
20240118,14:41:11,0.1,100,2256350
20240118,14:41:19,0.15,600,2256350
20240118,14:41:21,0.1,200,2256350
20240118,14:41:22,0.1,50,2256350
20240118,14:41:24,0.1,200,2256350
20240118,14:41:24,0.1,100,2256350
20240118,14:41:26,0.1,200,2256350
20240118,14:41:49,0.1,50,2256350
20240118,14:41:52,0.1,2500,2256350
20240118,14:41:52,0.1,7500,2256350
20240118,14:42:07,0.1,6000,2256350
20240118,14:42:09,0.1,1000,2256350
20240118,14:42:13,0.1,900,2256350
20240118,14:42:15,0.1,2100,2256350
20240118,14:42:22,0.1,1500,2256350
20240118,14:42:22,0.1,8550,2256350
20240118,14:42:23,0.1,1650,2186450
20240118,14:42:24,0.1,800,2186450
20240118,14:42:25,0.15,100,2186450
20240118,14:42:28,0.1,300,2186450
20240118,14:42:30,0.1,400,2186450
20240118,14:42:33,0.1,1500,2186450
20240118,14:42:34,0.1,350,2186450
20240118,14:42:36,0.1,300,2186450
20240118,14:42:45,0.1,2000,2186450
20240118,14:42:45,0.1,8000,2186450
20240118,14:42:48,0.1,2600,2186450
20240118,14:42:49,0.1,5000,2186450
20240118,14:42:51,0.1,200,2186450
20240118,14:42:54,0.1,1100,2186450
20240118,14:42:55,0.1,650,2186450
20240118,14:42:56,0.1,1600,2186450
20240118,14:42:57,0.15,50,2186450
20240118,14:42:58,0.15,2200,2186450
20240118,14:43:04,0.15,7700,2186450
20240118,14:43:09,0.15,100,2186450
20240118,14:43:11,0.1,500,2186450
20240118,14:43:21,0.1,500,2186450
20240118,14:43:21,0.15,200,2186450
20240118,14:43:22,0.1,200,2186450
20240118,14:43:24,0.1,6700,2186450
20240118,14:43:25,0.1,6700,2186450
20240118,14:43:26,0.1,200,2186450
20240118,14:43:28,0.1,12400,2186450
20240118,14:43:28,0.1,1000,2186450
20240118,14:43:29,0.1,5000,2186450
20240118,14:43:31,0.1,2550,2186450
20240118,14:43:31,0.1,1000,2186450
20240118,14:43:33,0.1,450,2186450
20240118,14:43:33,0.1,1000,2186450
20240118,14:43:34,0.1,3800,2186450
20240118,14:43:35,0.1,200,2186450
20240118,14:43:36,0.1,1200,2186450
20240118,14:43:37,0.1,200,2186450
20240118,14:43:38,0.1,2200,2186450
20240118,14:43:40,0.1,200,2186450
20240118,14:43:45,0.1,50,2186450
20240118,14:43:46,0.1,3900,2186450
20240118,14:43:48,0.1,3600,2186450
20240118,14:43:50,0.1,150,2186450
20240118,14:43:53,0.15,50,2186450
20240118,14:44:04,0.1,100,2186450
20240118,14:44:06,0.1,300,2186450
20240118,14:44:10,0.1,150,2186450
20240118,14:44:12,0.1,50,2186450
20240118,14:44:19,0.1,1200,2186450
20240118,14:44:22,0.1,1500,2186450
20240118,14:44:24,0.1,500,2186450
20240118,14:44:29,0.1,1000,2186450
20240118,14:44:30,0.1,1000,2186450
20240118,14:44:41,0.1,200,2186450
20240118,14:44:42,0.15,1000,2186450
20240118,14:44:44,0.15,1000,2186450
20240118,14:44:48,0.1,200,2186450
20240118,14:44:52,0.1,400,2186450
20240118,14:44:55,0.1,1000,2186450
20240118,14:44:56,0.1,1000,2186450
20240118,14:44:57,0.1,1000,2186450
20240118,14:44:58,0.1,1000,2186450
20240118,14:44:59,0.1,2000,2186450
20240118,14:45:00,0.1,1000,2186450
20240118,14:45:01,0.1,1000,2186450
20240118,14:45:02,0.1,1000,2186450
20240118,14:45:03,0.1,2500,2186450
20240118,14:45:05,0.15,500,2186450
20240118,14:45:06,0.1,7850,2186450
20240118,14:45:12,0.1,1000,2186450
20240118,14:45:15,0.15,1000,2186450
20240118,14:45:17,0.15,150,2186450
20240118,14:45:19,0.15,50,2186450
20240118,14:45:22,0.15,1700,2068700
20240118,14:45:24,0.1,500,2068700
20240118,14:45:28,0.1,600,2068700
20240118,14:45:28,0.15,3600,2068700
20240118,14:45:31,0.1,600,2068700
20240118,14:45:32,0.1,1000,2068700
20240118,14:45:33,0.1,750,2068700
20240118,14:45:34,0.1,600,2068700
20240118,14:45:34,0.1,1700,2068700
20240118,14:45:35,0.1,1150,2068700
20240118,14:45:36,0.15,4400,2068700
20240118,14:45:38,0.15,3600,2068700
20240118,14:45:39,0.1,6100,2068700
20240118,14:45:40,0.15,2250,2068700
20240118,14:45:41,0.15,3600,2068700
20240118,14:45:42,0.15,3500,2068700
20240118,14:45:47,0.1,300,2068700
20240118,14:45:50,0.1,450,2068700
20240118,14:45:54,0.15,600,2068700
20240118,14:45:58,0.15,1500,2068700
20240118,14:46:01,0.1,200,2068700
20240118,14:46:04,0.15,500,2068700
20240118,14:46:05,0.1,100,2068700
20240118,14:46:06,0.1,1800,2068700
20240118,14:46:07,0.1,1800,2068700
20240118,14:46:10,0.1,1500,2068700
20240118,14:46:12,0.1,100,2068700
20240118,14:46:14,0.15,600,2068700
20240118,14:46:15,0.1,1250,2068700
20240118,14:46:16,0.15,1800,2068700
20240118,14:46:17,0.1,6000,2068700
20240118,14:46:18,0.1,650,2068700
20240118,14:46:19,0.1,19600,2068700
20240118,14:46:20,0.1,4950,2068700
20240118,14:46:21,0.1,1650,2068700
20240118,14:46:22,0.15,1350,2068700
20240118,14:46:23,0.1,500,2068700
20240118,14:46:24,0.1,650,2068700
20240118,14:46:25,0.1,3000,2068700
20240118,14:46:26,0.1,850,2068700
20240118,14:46:27,0.1,100,2068700
20240118,14:46:28,0.1,6850,2068700
20240118,14:46:29,0.1,500,2068700
20240118,14:46:31,0.1,650,2068700
20240118,14:46:32,0.1,550,2068700
20240118,14:46:34,0.1,600,2068700
20240118,14:46:36,0.1,800,2068700
20240118,14:46:37,0.15,100,2068700
20240118,14:46:38,0.1,6500,2068700
20240118,14:46:44,0.15,500,2068700
20240118,14:46:45,0.15,600,2068700
20240118,14:46:47,0.15,750,2068700
20240118,14:46:48,0.15,950,2068700
20240118,14:46:49,0.15,950,2068700
20240118,14:46:50,0.15,950,2068700
20240118,14:46:51,0.15,850,2068700
20240118,14:46:53,0.15,750,2068700
20240118,14:46:55,0.15,600,2068700
20240118,14:46:57,0.15,300,2068700
20240118,14:46:58,0.15,500,2068700
20240118,14:47:02,0.15,550,2068700
20240118,14:47:06,0.15,600,2068700
20240118,14:47:11,0.1,750,2068700
20240118,14:47:13,0.1,850,2068700
20240118,14:47:14,0.1,600,2068700
20240118,14:47:15,0.1,100,2068700
20240118,14:47:16,0.1,700,2068700
20240118,14:47:18,0.1,750,2068700
20240118,14:47:20,0.1,550,2068700
20240118,14:47:22,0.1,550,2068700
20240118,14:47:24,0.1,1100,2068700
20240118,14:47:26,0.1,600,2068700
20240118,14:47:28,0.1,4300,2068700
20240118,14:47:29,0.15,5000,2068700
20240118,14:47:30,0.1,3550,2068700
20240118,14:47:33,0.1,1250,2068700
20240118,14:47:34,0.1,600,2068700
20240118,14:47:35,0.1,3000,2068700
20240118,14:47:36,0.1,250,2068700
20240118,14:47:37,0.1,1000,2068700
20240118,14:47:38,0.1,650,2068700
20240118,14:47:40,0.1,500,2068700
20240118,14:47:41,0.1,550,2068700
20240118,14:47:42,0.1,700,2068700
20240118,14:47:45,0.15,100,2068700
20240118,14:47:48,0.1,100,2068700
20240118,14:47:49,0.1,550,2068700
20240118,14:47:51,0.1,600,2068700
20240118,14:47:52,0.1,200,2068700
20240118,14:47:55,0.1,400,2068700
20240118,14:47:58,0.1,500,2068700
20240118,14:47:59,0.1,100,2068700
20240118,14:48:00,0.15,100,2068700
20240118,14:48:01,0.15,750,2068700
20240118,14:48:03,0.15,750,2068700
20240118,14:48:05,0.15,700,2068700
20240118,14:48:07,0.1,950,2068700
20240118,14:48:08,0.1,100,2068700
20240118,14:48:09,0.1,700,2068700
20240118,14:48:10,0.1,300,2068700
20240118,14:48:11,0.1,250,2068700
20240118,14:48:12,0.1,650,2068700
20240118,14:48:13,0.1,1200,2068700
20240118,14:48:16,0.1,550,2068700
20240118,14:48:19,0.1,250,2068700
20240118,14:48:20,0.1,1100,2068700
20240118,14:48:22,0.1,600,2030900
20240118,14:48:23,0.1,100,2030900
20240118,14:48:25,0.1,550,2030900
20240118,14:48:26,0.1,500,2030900
20240118,14:48:29,0.1,1250,2030900
20240118,14:48:30,0.1,300,2030900
20240118,14:48:32,0.1,4800,2030900
20240118,14:48:33,0.05,600,2030900
20240118,14:48:35,0.05,100,2030900
20240118,14:48:36,0.05,400,2030900
20240118,14:48:38,0.05,500,2030900
20240118,14:48:42,0.05,550,2030900
20240118,14:48:43,0.05,2400,2030900
20240118,14:48:44,0.05,2950,2030900
20240118,14:48:45,0.05,1650,2030900
20240118,14:48:46,0.05,650,2030900
20240118,14:48:48,0.05,1200,2030900
20240118,14:48:50,0.05,950,2030900
20240118,14:48:51,0.05,750,2030900
20240118,14:48:52,0.05,650,2030900
20240118,14:48:53,0.05,650,2030900
20240118,14:48:54,0.05,550,2030900
20240118,14:48:56,0.1,1000,2030900
20240118,14:48:59,0.1,9000,2030900
20240118,14:49:17,0.05,1600,2030900
20240118,14:49:21,0.05,1000,2030900
20240118,14:49:22,0.05,900,2030900
20240118,14:49:26,0.1,500,2030900
20240118,14:49:31,0.05,150,2030900
20240118,14:50:03,0.05,600,2030900
20240118,14:50:26,0.05,950,2030900
20240118,14:50:27,0.05,800,2030900
20240118,14:50:31,0.05,100,2030900
20240118,14:50:34,0.05,1800,2030900
20240118,14:50:35,0.05,1150,2030900
20240118,14:50:36,0.05,1350,2030900
20240118,14:50:47,0.1,50,2030900
20240118,14:51:03,0.05,500,2030900
20240118,14:51:06,0.05,300,2030900
20240118,14:51:07,0.05,50,2030900
20240118,14:51:16,0.1,4750,2030900
20240118,14:51:16,0.1,500,2030900
20240118,14:51:17,0.05,200,2030900
20240118,14:51:30,0.05,150,2030900
20240118,14:51:31,0.05,6300,2011650
20240118,14:51:50,0.05,2000,2011650
20240118,14:52:15,0.05,50,2011650
20240118,14:52:34,0.05,4000,2011650
20240118,14:52:35,0.05,6000,2011650
20240118,14:52:43,0.1,250,2011650
20240118,14:52:56,0.05,50,2011650
20240118,14:52:57,0.05,400,2011650
20240118,14:53:47,0.05,100,2011650
20240118,14:54:00,0.05,500,2011650
20240118,14:54:01,0.05,1200,2011650
20240118,14:54:05,0.05,200,2011650
20240118,14:54:24,0.05,50,2011650
20240118,14:54:29,0.05,1000,2010550
20240118,14:54:38,0.05,50,2010550
20240118,14:54:57,0.1,100,2010550
20240118,14:55:01,0.05,1800,2010550
20240118,14:55:01,0.05,700,2010550
20240118,14:55:11,0.1,50,2010550
20240118,14:55:12,0.1,50,2010550
20240118,14:55:13,0.1,100,2010550
20240118,14:55:14,0.1,100,2010550
20240118,14:55:14,0.1,50,2010550
20240118,14:55:15,0.1,100,2010550
20240118,14:55:16,0.1,100,2010550
20240118,14:55:17,0.1,100,2010550
20240118,14:55:18,0.1,100,2010550
20240118,14:55:19,0.1,100,2010550
20240118,14:55:20,0.1,150,2010550
20240118,14:55:21,0.1,100,2010550
20240118,14:55:23,0.1,200,2010550
20240118,14:55:24,0.1,100,2010550
20240118,14:55:25,0.1,100,2010550
20240118,14:55:26,0.1,100,2010550
20240118,14:55:27,0.1,100,2010550
20240118,14:55:28,0.1,100,2010550
20240118,14:55:29,0.1,100,2010550
20240118,14:55:30,0.1,100,2010550
20240118,14:55:31,0.1,100,2010550
20240118,14:55:32,0.1,100,2010550
20240118,14:55:33,0.05,200,2010550
20240118,14:55:35,0.05,3800,2010550
20240118,14:55:35,0.05,1800,2010550
20240118,14:55:36,0.05,5500,2010550
20240118,14:55:37,0.05,3250,2010550
20240118,14:55:38,0.05,3600,2010550
20240118,14:55:39,0.1,400,2010550
20240118,14:55:40,0.1,100,2010550
20240118,14:55:42,0.1,200,2010550
20240118,14:55:43,0.1,100,2010550
20240118,14:55:44,0.1,100,2010550
20240118,14:55:45,0.1,100,2010550
20240118,14:55:46,0.1,100,2010550
20240118,14:55:47,0.1,100,2010550
20240118,14:55:48,0.1,100,2010550
20240118,14:55:50,0.1,200,2010550
20240118,14:55:51,0.1,100,2010550
20240118,14:55:52,0.1,100,2010550
20240118,14:55:53,0.1,100,2010550
20240118,14:55:54,0.1,100,2010550
20240118,14:55:55,0.1,100,2010550
20240118,14:55:56,0.1,100,2010550
20240118,14:55:57,0.1,100,2010550
20240118,14:55:58,0.1,100,2010550
20240118,14:55:59,0.1,100,2010550
20240118,14:56:00,0.1,100,2010550
20240118,14:56:01,0.1,100,2010550
20240118,14:56:02,0.1,100,2010550
20240118,14:56:03,0.1,100,2010550
20240118,14:56:04,0.1,100,2010550
20240118,14:56:05,0.1,100,2010550
20240118,14:56:07,0.1,200,2010550
20240118,14:56:08,0.1,100,2010550
20240118,14:56:09,0.1,100,2010550
20240118,14:56:10,0.1,100,2010550
20240118,14:56:11,0.1,100,2010550
20240118,14:56:12,0.1,150,2010550
20240118,14:56:13,0.1,50,2010550
20240118,14:56:14,0.1,100,2010550
20240118,14:56:18,0.1,100,2010550
20240118,14:56:20,0.1,150,2010550
20240118,14:56:26,0.05,1000,2010550
20240118,14:56:27,0.1,350,2010550
20240118,14:56:33,0.1,550,2010550
20240118,14:56:37,0.1,50,2010550
20240118,14:56:42,0.05,1000,2010550
20240118,14:56:43,0.1,50,2010550
20240118,14:56:45,0.1,100,2010550
20240118,14:56:50,0.1,100,2010550
20240118,14:56:53,0.1,100,2010550
20240118,14:56:59,0.1,100,2010550
20240118,14:57:04,0.1,750,2010550
20240118,14:57:05,0.1,700,2010550
20240118,14:57:06,0.05,3000,2010550
20240118,14:57:10,0.05,900,2010550
20240118,14:57:11,0.05,600,2010550
20240118,14:57:12,0.05,3900,2010550
20240118,14:57:13,0.05,4200,2010550
20240118,14:57:14,0.1,100,2010550
20240118,14:57:15,0.05,1200,2010550
20240118,14:57:16,0.05,3000,2010550
20240118,14:57:18,0.05,150,2010550
20240118,14:57:20,0.1,100,2010550
20240118,14:57:22,0.1,550,2010550
20240118,14:57:32,0.05,50,2010550
20240118,14:57:33,0.05,1800,2009400
20240118,14:57:37,0.05,500,2009400
20240118,14:57:38,0.1,100,2009400
20240118,14:57:53,0.05,550,2009400
20240118,14:57:55,0.1,100,2009400
20240118,14:57:58,0.05,50,2009400
20240118,14:58:03,0.1,100,2009400
20240118,14:58:08,0.1,100,2009400
20240118,14:58:09,0.05,450,2009400
20240118,14:58:11,0.05,600,2009400
20240118,14:58:14,0.05,4800,2009400
20240118,14:58:15,0.05,4800,2009400
20240118,14:58:16,0.05,600,2009400
20240118,14:58:18,0.05,4200,2009400
20240118,14:58:19,0.1,2350,2009400
20240118,14:58:21,0.05,1800,2009400
20240118,14:58:25,0.05,150,2009400
20240118,14:58:27,0.05,500,2009400
20240118,14:58:28,0.05,1000,2009400
20240118,14:58:29,0.05,2500,2009400
20240118,14:58:30,0.05,2500,2009400
20240118,14:58:31,0.05,1000,2009400
20240118,14:58:36,0.05,500,2009400
20240118,14:58:37,0.05,500,2009400
20240118,14:58:38,0.05,2000,2009400
20240118,14:58:40,0.05,600,2009400
20240118,14:58:45,0.1,500,2009400
20240118,14:58:46,0.05,900,2009400
20240118,14:58:52,0.1,100,2009400
20240118,14:58:55,0.1,100,2009400
20240118,14:59:02,0.1,3600,2009400
20240118,14:59:07,0.1,100,2009400
20240118,14:59:07,0.05,1800,2009400
20240118,14:59:09,0.1,450,2009400
20240118,14:59:40,0.1,100,2009400
20240118,14:59:41,0.05,50,2009400
20240118,14:59:43,0.05,3600,2009400
20240118,14:59:48,0.05,50,2009400
20240118,15:00:07,0.05,5900,2009400
20240118,15:00:11,0.05,1050,2009400
20240118,15:00:21,0.1,100,2009400
20240118,15:00:26,0.1,100,2009400
20240118,15:00:30,0.05,200,2009400
20240118,15:00:49,0.05,1800,2009400
20240118,15:01:02,0.05,50,2009400
20240118,15:01:08,0.05,3000,2009400
20240118,15:01:12,0.1,100,2009400
20240118,15:01:15,0.05,1000,2009400
20240118,15:01:21,0.1,100,2009400
20240118,15:01:24,0.1,100,2009400
20240118,15:01:26,0.05,1800,2009400
20240118,15:01:31,0.05,600,2009400
20240118,15:01:36,0.05,1800,2009400
20240118,15:01:37,0.05,3600,2009400
20240118,15:01:42,0.05,3000,2009400
20240118,15:01:46,0.05,200,2009400
20240118,15:01:50,0.05,4800,2009400
20240118,15:01:52,0.1,100,2009400
20240118,15:01:55,0.1,100,2009400
20240118,15:01:57,0.05,1800,2009400
20240118,15:01:58,0.05,50,2009400
20240118,15:02:01,0.05,3750,2009400
20240118,15:02:02,0.05,750,2009400
20240118,15:02:08,0.05,3000,2009400
20240118,15:02:22,0.1,100,2009400
20240118,15:02:28,0.1,100,2009400
20240118,15:02:28,0.05,250,2009400
20240118,15:02:38,0.05,1000,2009400
20240118,15:02:44,0.1,100,2009400
20240118,15:02:45,0.05,300,2009400
20240118,15:02:47,0.05,2700,2009400
20240118,15:02:48,0.05,100,2009400
20240118,15:02:49,0.1,100,2009400
20240118,15:03:06,0.05,50,2009400
20240118,15:03:24,0.1,100,2009400
20240118,15:03:29,0.05,100,2009400
20240118,15:03:37,0.05,1000,2009400
20240118,15:03:38,0.05,2000,2009400
20240118,15:03:39,0.05,3000,2009400
20240118,15:03:40,0.05,3000,2009400
20240118,15:03:41,0.05,1000,2009400
20240118,15:03:42,0.05,1800,2009400
20240118,15:03:44,0.05,14350,2009400
20240118,15:03:45,0.05,2700,2009400
20240118,15:03:46,0.05,1950,2009400
20240118,15:03:51,0.1,600,2009400
20240118,15:03:51,0.05,100,2009400
20240118,15:03:52,0.1,1800,2009400
20240118,15:03:54,0.05,500,2009400
20240118,15:03:57,0.1,100,2009400
20240118,15:04:01,0.05,1900,2009400
20240118,15:04:01,0.05,5500,2009400
20240118,15:04:02,0.05,5050,2009400
20240118,15:04:05,0.1,100,2009400
20240118,15:04:06,0.05,1800,2009400
20240118,15:04:07,0.1,100,2009400
20240118,15:04:08,0.05,900,2009400
20240118,15:04:09,0.05,250,2009400
20240118,15:04:11,0.05,1800,2009400
20240118,15:04:12,0.1,700,2009400
20240118,15:04:50,0.05,50,2009400
20240118,15:05:01,0.05,150,2009400
20240118,15:05:31,0.1,100,2009400
20240118,15:05:33,0.05,800,2009400
20240118,15:05:38,0.05,1800,2009400
20240118,15:05:39,0.05,1800,2009400
20240118,15:05:40,0.05,1800,2009400
20240118,15:05:41,0.05,1000,2009400
20240118,15:05:41,0.05,800,2009400
20240118,15:05:46,0.05,1800,2009400
20240118,15:05:49,0.05,1800,2009400
20240118,15:05:51,0.05,50,2009400
20240118,15:05:52,0.05,1800,2009400
20240118,15:05:55,0.05,250,2009400
20240118,15:05:56,0.1,100,2009400
20240118,15:06:06,0.05,100,2009400
20240118,15:06:16,0.1,1150,2009400
20240118,15:06:17,0.1,600,2009400
20240118,15:06:18,0.1,600,2009400
20240118,15:06:20,0.1,700,2009400
20240118,15:06:21,0.1,700,2009400
20240118,15:06:23,0.05,15000,2009400
20240118,15:06:23,0.05,10800,2009400
20240118,15:06:25,0.1,2500,2009400
20240118,15:06:28,0.1,2550,2007600
20240118,15:06:30,0.1,800,2007600
20240118,15:06:30,0.05,1800,2007600
20240118,15:06:32,0.05,9650,2007600
20240118,15:06:33,0.1,550,2007600
20240118,15:06:35,0.05,200,2007600
20240118,15:06:37,0.1,1450,2007600
20240118,15:06:39,0.1,850,2007600
20240118,15:06:41,0.1,500,2007600
20240118,15:06:44,0.1,300,2007600
20240118,15:06:46,0.1,600,2007600
20240118,15:06:47,0.1,600,2007600
20240118,15:06:48,0.1,550,2007600
20240118,15:06:50,0.1,650,2007600
20240118,15:06:52,0.1,700,2007600
20240118,15:06:56,0.1,600,2007600
20240118,15:06:58,0.05,1300,2007600
20240118,15:07:01,0.05,1800,2007600
20240118,15:07:02,0.1,600,2007600
20240118,15:07:05,0.1,100,2007600
20240118,15:07:08,0.05,500,2007600
20240118,15:07:09,0.05,500,2007600
20240118,15:07:12,0.05,500,2007600
20240118,15:07:14,0.05,500,2007600
20240118,15:07:16,0.05,100,2007600
20240118,15:07:17,0.05,300,2007600
20240118,15:07:22,0.05,500,2007600
20240118,15:07:26,0.05,300,2007600
20240118,15:07:41,0.05,1500,2007600
20240118,15:07:42,0.1,3000,2007600
20240118,15:07:47,0.1,8400,2007600
20240118,15:07:48,0.1,600,2007600
20240118,15:07:49,0.05,1500,2007600
20240118,15:07:50,0.05,600,2007600
20240118,15:07:58,0.05,50,2007600
20240118,15:07:59,0.05,300,2007600
20240118,15:08:00,0.05,50,2007600
20240118,15:08:01,0.05,11250,2007600
20240118,15:08:02,0.1,1000,2007600
20240118,15:08:09,0.1,450,2007600
20240118,15:08:14,0.05,150,2007600
20240118,15:08:19,0.05,1600,2007600
20240118,15:08:22,0.05,800,2007600
20240118,15:08:23,0.05,50,2007600
20240118,15:08:24,0.05,50,2007600
20240118,15:08:25,0.05,1850,2007600
20240118,15:08:30,0.05,50,2007600
20240118,15:08:31,0.05,1200,2007600
20240118,15:08:32,0.05,50,2007600
20240118,15:08:45,0.05,50,2007600
20240118,15:08:46,0.05,1650,2007600
20240118,15:08:47,0.05,1400,2007600
20240118,15:08:48,0.05,350,2007600
20240118,15:08:49,0.05,2000,2007600
20240118,15:08:52,0.05,2150,2007600
20240118,15:08:54,0.05,450,2007600
20240118,15:08:55,0.05,1800,2007600
20240118,15:08:56,0.05,300,2007600
20240118,15:09:02,0.05,3250,2007600
20240118,15:09:09,0.05,1800,2007600
20240118,15:09:12,0.05,350,2007600
20240118,15:09:18,0.05,500,2007600
20240118,15:09:19,0.05,1250,2007600
20240118,15:09:23,0.05,200,2007600
20240118,15:09:25,0.05,400,2007600
20240118,15:09:28,0.05,550,2007600
20240118,15:09:29,0.05,3600,2016750
20240118,15:09:30,0.05,19800,2016750
20240118,15:09:31,0.05,8800,2016750
20240118,15:09:32,0.05,5400,2016750
20240118,15:09:33,0.05,12600,2016750
20240118,15:09:37,0.05,1800,2016750
20240118,15:09:38,0.1,21600,2016750
20240118,15:09:39,0.1,1000,2016750
20240118,15:09:40,0.1,1000,2016750
20240118,15:09:41,0.1,1000,2016750
20240118,15:09:42,0.1,1000,2016750
20240118,15:09:43,0.1,1000,2016750
20240118,15:09:44,0.1,48450,2016750
20240118,15:09:45,0.1,500,2016750
20240118,15:09:46,0.1,50,2016750
20240118,15:09:50,0.05,1800,2016750
20240118,15:09:56,0.05,16500,2016750
20240118,15:09:57,0.05,8800,2016750
20240118,15:09:58,0.05,5400,2016750
20240118,15:09:59,0.05,1800,2016750
20240118,15:10:00,0.05,10800,2016750
20240118,15:10:02,0.05,5400,2016750
20240118,15:10:03,0.05,500,2016750
20240118,15:10:12,0.05,5400,2016750
20240118,15:10:12,0.05,9000,2016750
20240118,15:10:13,0.05,21400,2016750
20240118,15:10:14,0.05,16200,2016750
20240118,15:10:15,0.05,14400,2016750
20240118,15:10:16,0.05,3600,2016750
20240118,15:10:17,0.05,18000,2016750
20240118,15:10:18,0.05,36250,2016750
20240118,15:10:28,0.05,50,2016750
20240118,15:10:29,0.05,50,2016750
20240118,15:11:04,0.05,1500,2016750
20240118,15:11:06,0.05,1500,2016750
20240118,15:11:08,0.05,1500,2016750
20240118,15:11:11,0.05,1500,2016750
20240118,15:11:15,0.05,1500,2016750
20240118,15:11:17,0.05,1500,2016750
20240118,15:11:19,0.05,1500,2016750
20240118,15:11:37,0.05,100,2016750
20240118,15:11:48,0.05,50,2016750
20240118,15:12:06,0.05,100,2016750
20240118,15:13:08,0.05,2500,1865850
20240118,15:13:27,0.05,50,1865850
20240118,15:13:30,0.05,100,1865850
20240118,15:15:12,0.05,50,1865850
20240118,15:17:28,0.05,1550,1863250
20240118,15:18:37,0.05,1000,1863250
20240118,15:21:13,0.05,900,1863250
20240118,15:21:22,0.05,1000,1863250
20240118,15:21:30,0.05,1400,1863250
20240118,15:23:11,0.05,12600,1861350
20240118,15:25:03,0.05,200,1861350
20240118,15:25:13,0.05,150,1846350
20240118,15:25:15,0.05,50,1846350
20240118,15:25:31,0.05,500,1846350
20240118,15:25:36,0.05,1800,1846350
20240118,15:25:37,0.05,1800,1846350
20240118,15:25:42,0.05,650,1846350
20240118,15:27:56,0.05,500,1846350
20240118,15:28:01,0.05,1000,1845000
20240118,15:28:06,0.05,1000,1845000
20240118,15:28:10,0.05,1000,1845000
20240118,15:28:14,0.05,250,1845000
