date,time,tick_price,volume,open_interest
20240118,09:51:34,23.0,100,100
20240118,10:07:44,32.55,100,100
20240118,10:55:30,32.55,400,100
20240118,12:12:23,32.55,50,400
20240118,13:04:21,25.1,50,400
20240118,14:41:56,25.0,300,450
20240118,14:42:19,25.0,200,450
20240118,14:44:21,23.95,300,600
20240118,15:18:35,25.2,50,350
20240118,15:24:10,22.65,500,350
20240119,09:15:05,23.8,1,800
20240119,09:15:05,23.8,50,800
20240119,10:22:26,14.0,150,850
20240119,11:15:56,14.0,250,950
20240119,11:16:36,20.5,50,950
20240119,11:27:58,21.0,100,1200
20240119,11:29:58,15.4,100,1300
20240119,14:15:18,19.5,100,1300
20240123,09:38:57,4.5,1000,1250
20240123,09:39:18,9.5,650,1250
20240123,09:39:31,9.65,100,1250
20240123,11:41:25,20.75,100,1700
20240123,11:42:31,9.65,100,1600
20240123,11:46:43,22.0,50,1650
20240123,11:47:47,21.6,50,1650
20240123,11:48:05,21.65,200,1650
20240123,11:53:45,20.75,50,1750
20240123,11:54:02,20.85,1550,1800
20240123,11:54:08,21.25,200,1800
20240123,11:56:46,22.6,1450,1800
20240123,11:56:50,21.5,1000,1800
20240123,11:57:04,22.6,1000,4600
20240123,11:57:26,23.05,1000,4600
20240123,11:58:04,23.4,700,4600
20240123,11:59:59,22.65,400,4600
20240123,12:00:14,22.6,250,7550
20240123,12:04:46,24.2,1800,7350
20240123,12:05:14,24.55,2100,7350
20240123,12:05:32,24.2,550,7350
20240123,12:09:38,27.6,1000,3850
20240123,12:11:39,26.35,50,3850
20240123,12:15:45,24.25,450,4400
20240123,12:15:53,24.2,100,4400
20240123,12:21:21,25.15,100,4900
20240123,12:21:33,25.4,50,4900
20240123,12:22:09,19.45,200,4900
20240123,12:30:30,20.35,50,4800
20240123,12:31:54,25.0,500,4800
20240123,12:36:18,23.75,50,5350
20240123,12:45:46,25.6,800,5350
20240123,12:46:00,26.3,1300,5350
20240123,12:46:10,26.35,350,5350
20240123,12:55:32,27.0,100,6200
20240123,12:56:44,27.0,50,6200
20240123,12:59:35,30.35,100,6200
20240123,13:15:33,28.05,250,6300
20240123,13:16:17,28.05,250,6300
20240123,13:16:45,28.05,250,6300
20240123,13:17:21,28.5,350,6300
20240123,13:19:22,27.65,200,6650
20240123,13:19:38,27.55,250,6650
20240123,13:20:07,27.4,250,6650
20240123,13:26:33,29.65,150,6550
20240123,13:28:19,29.0,50,6700
20240123,13:28:51,28.7,600,6700
20240123,13:29:30,28.85,150,6700
20240123,13:31:23,28.5,400,6900
20240123,13:31:38,28.45,50,6900
20240123,13:31:52,28.95,150,6900
20240123,13:32:01,28.45,50,6900
20240123,13:34:31,28.95,50,7500
20240123,13:37:08,28.1,100,7550
20240123,13:37:42,28.25,50,7550
20240123,13:39:04,28.65,150,7550
20240123,13:40:01,28.65,150,7750
20240123,13:40:30,28.5,200,7750
20240123,13:46:12,28.15,500,8100
20240123,13:49:07,26.0,250,8600
20240123,13:49:37,28.15,50,8600
20240123,13:50:38,29.0,2600,8600
20240123,13:50:51,29.0,3850,8600
20240123,13:50:57,29.0,850,8600
20240123,13:51:11,30.0,3700,8600
20240123,13:51:37,30.0,1800,15950
20240123,13:51:49,30.25,500,15950
20240123,13:53:00,30.05,150,15950
20240123,13:53:11,30.0,1050,15950
20240123,13:53:15,30.0,1150,15950
20240123,13:53:35,29.85,200,15950
20240123,13:53:49,29.55,50,15950
20240123,13:53:59,29.75,400,15950
20240123,13:54:12,29.0,3600,15950
20240123,13:54:18,29.1,1800,15950
20240123,13:54:30,29.1,3600,17300
20240123,13:54:43,29.0,2450,17300
20240123,13:54:49,28.95,900,17300
20240123,13:55:01,28.95,200,17300
20240123,13:55:15,29.25,550,17300
20240123,13:55:16,29.0,1800,17300
20240123,13:55:55,29.25,100,17300
20240123,13:56:09,29.4,300,17300
20240123,13:56:34,29.75,100,17300
20240123,14:01:24,29.85,200,8950
20240123,14:03:00,29.75,50,8950
20240123,14:05:11,29.05,100,9050
20240123,14:05:17,28.85,100,9050
20240123,14:07:00,28.05,100,8950
20240123,14:07:44,28.5,250,8950
20240123,14:12:38,29.7,500,8950
20240123,14:12:57,29.7,100,8950
20240123,14:14:58,29.15,1000,8950
20240123,14:15:04,29.85,100,8950
20240123,14:16:06,30.4,200,9100
20240123,14:16:12,30.5,50,9100
20240123,14:18:04,30.2,50,9100
20240123,14:18:28,30.4,150,9050
20240123,14:19:29,31.25,50,9050
20240123,14:19:35,30.7,150,9050
20240123,14:20:48,31.5,150,9050
20240123,14:20:54,31.7,200,9050
20240123,14:21:52,33.0,200,9100
20240123,14:22:12,33.15,100,9100
20240123,14:22:20,33.05,300,9100
20240123,14:22:35,34.55,150,9100
20240123,14:22:47,35.3,500,9100
20240123,14:23:06,33.85,100,9100
20240123,14:23:09,33.8,250,9100
20240123,14:23:27,33.0,650,9100
20240123,14:23:32,33.25,100,9100
20240123,14:24:09,33.25,100,9100
20240123,14:25:03,34.0,100,9100
20240123,14:25:25,34.65,150,9450
20240123,14:26:20,35.15,50,9450
20240123,14:26:31,35.3,150,9450
20240123,14:29:28,37.25,150,9500
20240123,14:29:38,37.35,200,9500
20240123,14:30:40,35.9,50,9750
20240123,14:30:50,35.05,350,9750
20240123,14:31:07,35.0,50,9750
20240123,14:32:11,33.35,50,9750
20240123,14:32:21,33.65,50,9750
20240123,14:34:22,34.65,50,9750
20240123,14:35:18,34.95,150,9750
20240123,14:35:22,35.0,50,9750
20240123,14:37:15,36.5,50,9800
20240123,14:37:38,36.3,50,9800
20240123,14:37:52,35.75,50,9800
20240123,14:38:17,35.0,50,9800
20240123,14:39:05,36.25,100,9800
20240123,14:40:32,34.35,50,9850
20240123,14:42:01,34.8,50,9850
20240123,14:43:51,36.45,150,9900
20240123,14:44:04,36.5,50,9900
20240123,14:47:24,36.85,100,9850
20240123,14:48:56,34.8,100,9900
20240123,14:49:31,34.6,250,9900
20240123,14:50:05,34.45,50,9900
20240123,14:52:01,32.55,500,9650
20240123,14:54:00,34.7,50,9650
20240123,14:55:49,34.6,50,9200
20240123,14:57:01,37.3,100,9200
20240123,14:57:22,37.1,50,9200
20240123,14:57:29,37.05,200,9250
20240123,14:59:45,35.45,50,9250
20240123,15:00:08,35.45,100,9250
20240123,15:00:19,35.85,350,9250
20240123,15:01:19,34.85,100,9100
20240123,15:04:04,36.35,100,9000
20240123,15:05:03,38.15,50,9000
20240123,15:05:33,36.85,50,9000
20240123,15:06:24,37.8,50,9000
20240123,15:07:15,37.55,50,9050
20240123,15:07:43,36.0,700,9050
20240123,15:08:00,35.55,1100,9050
20240123,15:08:37,34.5,150,9050
20240123,15:15:28,35.55,350,9300
20240123,15:19:01,34.5,950,9650
20240123,15:19:21,34.55,200,9650
20240123,15:19:41,34.6,350,9650
20240123,15:20:00,34.5,650,9650
20240123,15:21:08,33.7,50,9650
20240123,15:21:25,33.25,250,9650
20240123,15:21:48,33.0,50,11450
20240123,15:21:55,33.05,400,11450
20240123,15:22:18,33.15,100,11450
20240123,15:25:04,34.5,50,11750
20240123,15:25:20,34.35,50,11750
20240123,15:26:01,34.35,50,11750
20240123,15:26:05,34.35,50,11750
20240123,15:27:15,34.15,100,11750
20240123,15:28:43,32.15,50,11950
20240123,15:28:56,32.95,100,11950
20240123,15:29:30,32.95,50,11950
20240123,15:29:59,34.95,1,11900
20240124,09:22:35,32.45,1,11900
20240124,09:22:35,32.45,50,11900
20240124,09:24:58,34.05,1500,11900
20240124,09:25:08,32.45,1500,11900
20240124,09:25:51,34.6,500,11900
20240124,09:26:12,35.05,100,11900
20240124,09:27:05,37.15,50,14600
20240124,09:27:24,37.15,50,14600
20240124,09:36:01,34.6,500,14550
20240124,09:36:11,34.15,450,14550
20240124,09:36:20,33.8,400,14550
20240124,09:36:30,34.05,100,14550
20240124,09:36:50,34.1,100,14550
20240124,09:36:59,34.05,500,14550
20240124,09:37:36,34.05,900,14550
20240124,09:37:46,34.05,1600,14550
20240124,09:37:56,33.65,1050,14550
20240124,09:38:07,33.75,100,14550
20240124,09:40:33,29.4,800,16150
20240124,09:46:47,30.35,200,16050
20240124,09:47:33,29.4,350,16050
20240124,09:47:43,29.0,50,16050
20240124,09:49:05,29.0,200,15600
20240124,09:49:37,30.0,200,15600
20240124,09:50:06,30.0,50,15600
20240124,09:50:26,29.5,200,15600
20240124,09:50:36,29.5,50,15600
20240124,09:50:55,29.5,50,15600
20240124,09:51:23,30.0,50,15850
20240124,09:54:09,28.75,50,15800
20240124,09:54:38,28.75,50,15800
20240124,09:58:00,28.25,50,15700
20240124,09:58:30,26.9,500,15700
20240124,09:58:51,26.85,250,15700
20240124,09:59:46,26.15,250,15700
20240124,10:00:16,25.5,250,16100
20240124,10:00:40,24.95,1000,16100
20240124,10:01:25,25.0,700,16100
20240124,10:04:08,29.0,3800,16350
20240124,10:04:19,29.55,200,16350
20240124,10:05:04,29.95,100,16350
20240124,10:05:39,28.7,150,16350
20240124,10:06:01,27.95,100,19350
20240124,10:06:23,27.85,100,19350
20240124,10:06:45,27.85,50,19350
20240124,10:07:32,27.8,50,19350
20240124,10:08:12,27.3,150,19350
20240124,10:09:37,28.2,1700,19400
20240124,10:09:46,28.25,100,19400
20240124,10:10:19,29.55,500,19400
20240124,10:10:41,29.95,50,19400
20240124,10:11:02,30.3,1200,19400
20240124,10:11:13,32.15,1800,19400
20240124,10:12:00,32.4,600,19400
20240124,10:12:11,32.15,50,18050
20240124,10:12:42,31.85,250,18050
20240124,10:14:53,31.0,150,18050
20240124,10:15:03,30.75,1350,17750
20240124,10:15:13,30.75,350,17750
20240124,10:15:46,29.75,100,17750
20240124,10:15:58,28.5,100,17750
20240124,10:16:29,28.5,100,17750
20240124,10:17:19,29.0,200,17750
20240124,10:17:40,27.75,250,17750
20240124,10:18:40,27.5,350,17550
20240124,10:18:52,27.9,1950,17550
20240124,10:19:04,27.85,450,17550
20240124,10:19:15,27.65,500,17550
20240124,10:19:24,27.3,150,17550
20240124,10:21:03,25.85,200,17550
20240124,10:22:04,25.5,300,16750
20240124,10:23:28,25.5,50,16750
20240124,10:24:27,25.75,50,16650
20240124,10:25:56,25.4,50,16650
20240124,10:26:16,25.4,50,16650
20240124,10:26:25,25.5,100,16650
20240124,10:27:37,25.0,150,16850
20240124,10:29:33,25.15,150,16850
20240124,10:29:52,25.25,300,16850
20240124,10:30:33,25.5,600,17300
20240124,10:31:56,25.0,250,17300
20240124,10:34:02,25.4,50,17500
20240124,10:35:04,25.0,250,17500
20240124,10:37:08,25.0,50,17750
20240124,10:38:18,24.8,300,17750
20240124,10:38:28,24.5,800,17750
20240124,10:43:47,24.5,100,18900
20240124,10:44:17,25.7,400,18900
20240124,10:44:49,25.9,400,18900
20240124,10:46:25,26.7,400,19700
20240124,10:51:42,26.25,100,20100
20240124,10:52:01,25.65,50,20100
20240124,10:53:48,25.85,50,20100
20240124,10:56:23,24.05,150,20150
20240124,10:59:11,24.05,50,20000
20240124,11:05:12,25.5,200,20000
20240124,11:07:47,25.45,200,20000
20240124,11:09:42,25.5,200,20200
20240124,11:23:45,25.85,100,20400
20240124,11:25:56,27.0,50,20450
20240124,11:32:46,33.3,50,20500
20240124,11:33:28,30.95,50,20500
20240124,11:34:31,31.85,450,20500
20240124,11:38:59,33.3,50,20450
20240124,11:50:45,33.05,50,20500
20240124,12:01:10,31.0,50,20550
20240124,12:05:04,33.1,50,20600
20240124,12:06:38,34.2,50,20600
20240124,12:08:34,34.1,150,20600
20240124,12:10:53,32.95,200,20650
20240124,12:11:12,32.7,100,20650
20240124,12:14:56,32.45,150,20450
20240124,12:15:14,32.3,150,20450
20240124,12:15:31,33.55,200,20300
20240124,12:15:50,33.3,250,20300
20240124,12:26:51,33.3,200,20450
20240124,12:27:20,34.35,50,20450
20240124,12:28:57,35.0,250,20450
20240124,12:29:19,33.6,50,20450
20240124,12:32:26,33.6,100,20350
20240124,12:34:49,35.4,50,20450
20240124,12:38:28,34.8,50,20450
20240124,12:38:37,34.95,50,20450
20240124,12:54:49,35.35,100,20450
20240124,13:02:07,27.75,50,20500
20240124,13:06:48,29.5,50,20550
20240124,13:15:06,29.5,250,20550
20240124,13:18:45,30.05,150,20450
20240124,13:20:50,27.25,250,20450
20240124,13:27:31,28.55,400,20050
20240124,13:28:17,28.0,50,20050
20240124,13:48:48,27.45,250,19650
20240124,13:58:56,28.0,50,19400
20240124,14:05:44,25.0,500,19400
20240124,14:06:44,26.35,100,18900
20240124,14:13:22,27.7,150,18900
20240124,14:15:31,26.05,50,18900
20240124,14:15:41,26.0,450,18950
20240124,14:18:04,27.7,50,18950
20240124,14:22:31,25.2,250,18900
20240124,14:28:01,25.2,100,18900
20240124,14:28:53,25.0,150,18900
20240124,14:29:52,24.8,300,18900
20240124,14:30:39,24.35,250,18900
20240124,14:31:12,23.5,50,18900
20240124,14:33:20,23.5,250,18900
20240124,14:39:00,23.3,50,18750
20240124,14:39:29,23.3,50,18750
20240124,14:41:50,22.2,100,18750
20240124,14:43:25,21.0,50,18800
20240124,14:44:21,21.0,50,18800
20240124,14:44:41,21.0,150,18800
20240124,14:45:10,21.0,50,18800
20240124,14:47:31,22.75,250,18750
20240124,14:49:52,22.75,700,18800
20240124,14:51:45,22.8,1850,19000
20240124,14:51:55,22.8,1800,19000
20240124,14:52:05,22.8,950,19000
20240124,14:54:33,22.9,250,19000
20240124,14:54:42,22.8,250,19000
20240124,14:55:03,22.8,250,21050
20240124,14:59:46,22.8,1050,21300
20240124,14:59:56,22.8,1450,21300
20240124,15:00:08,22.85,150,21300
20240124,15:00:19,22.8,500,21300
20240124,15:00:30,22.8,1000,21300
20240124,15:00:41,22.8,1000,21300
20240124,15:02:49,23.35,200,25550
20240124,15:03:46,25.05,200,25550
20240124,15:04:50,23.5,50,25550
20240124,15:07:29,23.5,500,25600
20240124,15:07:48,23.05,400,25600
20240124,15:08:08,22.4,150,25600
20240124,15:10:56,22.4,50,26100
20240124,15:11:51,22.15,150,26100
20240124,15:12:19,21.85,700,26100
20240124,15:13:44,22.05,50,26100
20240124,15:14:02,22.05,150,26100
20240124,15:15:50,21.0,100,26200
20240124,15:17:06,20.2,50,26200
20240124,15:17:38,20.1,50,26200
20240124,15:17:59,19.7,150,26200
20240124,15:18:11,19.3,350,26200
20240124,15:19:48,19.0,400,26350
20240124,15:21:07,19.15,50,26350
20240124,15:22:41,19.2,150,26600
20240124,15:22:49,19.3,200,26600
20240124,15:23:24,19.4,200,26600
20240124,15:25:18,19.5,50,26850
20240124,15:25:27,19.4,50,26850
20240124,15:27:01,17.0,1800,26850
20240124,15:27:11,17.0,700,26850
20240124,15:28:19,18.35,100,24600
20240124,15:29:32,18.8,50,24600
20240124,15:29:54,18.4,50,24600
20240125,09:20:35,20.65,1,24550
20240125,09:20:35,20.65,50,24550
20240125,09:21:04,22.4,150,24550
20240125,09:21:33,22.4,50,24550
20240125,09:21:42,21.2,200,24550
20240125,09:21:51,21.05,50,24550
20240125,09:22:11,21.6,50,24550
20240125,09:23:20,21.85,250,24550
20240125,09:24:12,23.75,150,24550
20240125,09:24:24,25.25,1050,24550
20240125,09:25:26,25.25,500,24550
20240125,09:26:56,24.1,150,24550
20240125,09:28:43,22.2,150,26050
20240125,09:28:53,21.95,550,26050
20240125,09:29:16,19.95,1500,26050
20240125,09:36:10,19.95,50,25300
20240125,09:36:59,24.3,100,25300
20240125,09:38:27,23.75,50,25300
20240125,09:40:33,23.0,150,25500
20240125,09:47:03,25.45,1000,25500
20240125,09:47:25,25.45,50,25500
20240125,09:48:38,24.8,100,26350
20240125,09:53:21,25.7,50,26450
20240125,09:53:43,25.9,50,26450
20240125,09:56:59,25.9,50,26550
20240125,10:25:06,28.0,50,26550
20240125,10:25:57,28.05,250,26550
20240125,10:26:32,27.0,150,26550
20240125,10:27:52,27.35,150,26650
20240125,10:30:07,26.5,50,26650
20240125,10:30:28,26.15,250,26550
20240125,10:31:39,26.8,100,26550
20240125,10:34:44,27.5,300,26450
20240125,10:37:02,28.0,50,26450
20240125,10:43:48,28.0,100,26450
20240125,10:53:53,29.0,100,26350
20240125,10:54:37,30.0,200,26250
20240125,10:55:23,30.0,50,26250
20240125,10:58:53,30.3,100,26200
20240125,11:00:25,30.25,100,26200
20240125,11:00:58,30.0,200,26200
20240125,11:03:13,30.0,100,26200
20240125,11:07:45,28.65,150,25850
20240125,11:10:28,27.65,100,25750
20240125,11:10:46,28.65,1000,25750
20240125,11:11:58,27.7,50,25750
20240125,11:12:09,26.4,500,25750
20240125,11:18:24,28.0,50,24950
20240125,11:18:58,26.7,300,24950
20240125,11:21:05,26.4,50,24950
20240125,11:23:55,26.35,50,24850
20240125,11:24:35,26.35,50,24800
20240125,11:24:45,26.4,200,24800
20240125,11:26:25,26.0,150,24800
20240125,11:38:22,24.95,150,24700
20240125,11:38:34,25.0,150,24700
20240125,11:39:05,24.1,150,24700
20240125,11:39:29,23.7,150,24400
20240125,11:40:15,23.0,550,24400
20240125,11:40:27,23.2,50,24400
20240125,11:43:12,23.4,100,24700
20240125,11:43:22,23.2,250,24700
20240125,11:43:33,23.4,300,24700
20240125,11:43:53,22.55,100,24700
20240125,11:46:01,22.5,50,25150
20240125,11:49:15,23.95,50,25150
20240125,11:49:26,24.1,50,25150
20240125,11:50:34,26.0,300,25150
20240125,11:51:07,27.1,100,25150
20240125,11:54:36,27.0,50,25000
20240125,12:00:15,24.85,50,24950
20240125,12:00:25,26.15,50,24950
20240125,12:01:16,27.25,50,24950
20240125,12:06:35,28.0,50,25000
20240125,12:07:04,26.85,50,25000
20240125,12:09:22,27.1,50,25000
20240125,12:17:44,29.0,900,25000
20240125,12:21:13,29.0,250,25900
20240125,12:36:23,24.0,1800,26050
20240125,12:36:45,24.1,1800,25850
20240125,12:37:03,23.95,1800,25850
20240125,12:37:12,24.15,100,25850
20240125,12:37:21,24.05,2000,25850
20240125,12:37:31,24.05,50,25850
20240125,12:37:48,23.85,1150,25850
20240125,12:38:06,23.6,600,25850
20240125,12:38:26,23.75,2400,25850
20240125,12:38:35,23.75,250,25850
20240125,12:40:31,23.5,50,23300
20240125,12:41:18,23.7,250,23300
20240125,12:46:47,24.3,50,23300
20240125,12:53:10,26.1,50,23300
20240125,12:55:53,25.7,100,23300
20240125,12:56:40,25.45,50,23300
20240125,12:59:00,25.7,450,23300
20240125,13:00:45,26.25,400,23300
20240125,13:01:05,25.5,200,23300
20240125,13:02:49,25.5,300,23300
20240125,13:05:27,23.8,250,22900
20240125,13:11:42,25.4,250,22700
20240125,13:11:51,25.05,50,22700
20240125,13:12:35,24.95,250,22700
20240125,13:15:06,23.65,250,22400
20240125,13:16:06,23.5,300,22150
20240125,13:20:45,25.0,50,21900
20240125,13:22:32,23.5,50,21900
20240125,13:29:11,25.1,400,21900
20240125,13:29:20,25.0,100,21900
20240125,13:34:04,25.0,50,21500
20240125,13:35:58,26.0,200,21500
20240125,13:36:16,24.55,50,21500
20240125,13:40:09,24.0,200,21650
20240125,13:50:11,23.5,200,21650
20240125,13:50:21,23.5,950,21650
20240125,13:50:31,23.35,1150,21650
20240125,13:51:33,23.3,250,21650
20240125,13:51:43,23.5,250,21650
20240125,13:52:03,23.75,250,21550
20240125,13:52:13,23.9,500,21550
20240125,13:56:12,24.05,100,22050
20240125,13:56:22,24.0,550,22050
20240125,13:56:41,23.9,250,22050
20240125,13:57:21,23.6,50,22050
20240125,14:00:35,24.55,200,21300
20240125,14:01:42,23.55,50,21400
20240125,14:05:11,24.0,50,21450
20240125,14:05:56,23.5,50,21450
20240125,14:06:24,22.55,50,21450
20240125,14:06:34,22.5,300,21450
20240125,14:15:40,24.15,50,21550
20240125,14:17:22,24.2,100,21550
20240125,14:17:31,24.0,50,21550
20240125,14:20:38,24.7,50,21600
20240125,14:23:52,24.35,600,21650
20240125,14:24:19,24.5,150,21650
20240125,14:25:20,24.7,450,20900
20240125,14:26:53,24.7,200,20900
20240125,14:27:40,24.65,200,20900
20240125,14:28:16,24.9,400,20800
20240125,14:28:25,24.9,250,20800
20240125,14:28:34,24.9,350,20800
20240125,14:29:10,24.65,150,20800
20240125,14:31:48,24.1,200,19900
20240125,14:33:22,24.95,50,19900
20240125,14:34:07,24.35,50,19800
20240125,14:34:35,24.0,50,19800
20240125,14:35:39,24.85,50,19800
20240125,14:36:34,24.6,50,19800
20240125,14:38:57,25.0,350,19750
20240125,14:39:45,25.05,100,19750
20240125,14:42:19,24.95,50,20050
20240125,14:42:28,25.55,50,20050
20240125,14:45:32,25.6,50,20050
20240125,15:00:04,22.7,250,20100
20240125,15:00:14,22.55,650,20100
20240125,15:00:43,22.5,250,20100
20240125,15:00:54,21.35,450,20100
20240125,15:02:07,20.2,100,20250
20240125,15:03:28,20.0,50,20250
20240125,15:05:46,18.0,750,20150
20240125,15:08:06,18.8,50,20500
20240125,15:08:37,18.3,50,20500
20240125,15:09:09,18.1,250,20500
20240125,15:10:16,19.55,700,20300
20240125,15:11:41,18.75,500,20300
20240125,15:12:25,18.75,100,20300
20240125,15:12:48,18.05,50,20300
20240125,15:12:59,18.0,50,20300
20240125,15:13:20,17.7,600,20900
20240125,15:13:53,17.25,100,20900
20240125,15:14:25,17.25,100,20900
20240125,15:14:35,17.9,100,20900
20240125,15:16:11,17.9,50,20700
20240125,15:20:11,17.65,500,20750
20240125,15:21:09,17.1,150,20750
20240125,15:21:28,17.0,50,20750
20240125,15:22:08,16.05,200,21300
20240125,15:23:14,16.05,50,21300
20240125,15:23:56,17.0,150,21300
20240125,15:25:24,17.05,100,21450
20240125,15:26:22,17.05,800,21450
20240125,15:27:02,18.1,150,21450
20240125,15:27:48,16.8,100,21450
20240129,09:16:11,16.8,1,22100
20240129,09:16:11,16.8,50,22100
20240129,09:16:18,15.85,100,22100
20240129,09:16:52,15.5,400,22100
20240129,09:16:58,13.75,100,22100
20240129,09:17:12,13.75,150,22150
20240129,09:17:20,15.6,150,22150
20240129,09:18:00,14.25,500,22150
20240129,09:19:49,15.15,50,22150
20240129,09:20:14,15.2,50,21650
20240129,09:20:41,15.45,150,21650
20240129,09:20:52,15.5,250,21650
20240129,09:21:31,15.15,450,21650
20240129,09:22:07,15.0,250,21650
20240129,09:23:15,15.0,500,21900
20240129,09:23:31,14.95,50,21900
20240129,09:23:39,14.95,250,21900
20240129,09:24:18,14.6,500,21900
20240129,09:24:53,14.55,450,21900
20240129,09:26:20,14.55,150,23600
20240129,09:26:40,14.5,300,23600
20240129,09:27:44,14.75,50,23600
20240129,09:28:26,14.75,50,23600
20240129,09:28:45,14.55,50,23600
20240129,09:29:41,15.35,50,24050
20240129,09:29:57,15.35,500,24050
20240129,09:31:42,15.35,100,24050
20240129,09:34:48,14.3,1800,24400
20240129,09:35:05,16.65,50,24400
20240129,09:35:41,16.1,200,24350
20240129,09:36:28,16.2,250,24350
20240129,09:36:37,16.1,1250,24350
20240129,09:36:47,16.15,100,24350
20240129,09:37:10,16.15,750,24350
20240129,09:37:52,16.0,300,24350
20240129,09:39:29,16.3,250,26850
20240129,09:39:59,16.3,250,26850
20240129,09:40:24,16.1,250,26850
20240129,09:40:33,16.1,250,26850
20240129,09:40:41,16.05,300,26850
20240129,09:41:55,15.6,300,28150
20240129,09:45:36,15.55,50,28450
20240129,09:47:36,15.75,50,28450
20240129,09:47:43,15.5,50,28450
20240129,09:49:13,16.3,50,28450
20240129,09:49:59,16.3,50,28450
20240129,09:50:31,16.0,250,28650
20240129,09:51:26,16.1,50,28650
20240129,09:54:54,16.1,50,28950
20240129,09:55:36,15.85,50,28950
20240129,09:57:27,15.6,50,28950
20240129,09:57:43,15.4,600,28950
20240129,09:57:56,15.4,350,28950
20240129,10:01:38,15.15,350,29850
20240129,10:02:38,15.65,50,30100
20240129,10:07:59,16.2,500,30150
20240129,10:12:59,15.65,50,29850
20240129,10:17:14,15.65,50,29850
20240129,10:23:16,15.65,50,29850
20240129,10:24:32,15.65,100,29800
20240129,10:25:51,15.2,250,29800
20240129,10:26:07,14.3,100,29800
20240129,10:26:59,15.2,100,29900
20240129,10:27:18,15.25,100,29900
20240129,10:29:00,15.0,100,29900
20240129,10:31:13,15.0,100,30100
20240129,10:31:44,15.0,100,30100
20240129,10:32:09,14.85,50,30100
20240129,10:33:54,15.75,500,30250
20240129,10:36:56,15.75,50,30300
20240129,10:39:49,15.6,150,30300
20240129,10:46:21,15.65,200,30300
20240129,10:46:30,15.65,250,30300
20240129,10:49:26,16.0,50,30100
20240129,10:49:56,15.4,250,30100
20240129,10:50:04,15.4,100,30100
20240129,10:59:10,15.0,50,30250
20240129,11:02:32,15.35,50,30250
20240129,11:02:49,15.25,150,30250
20240129,11:06:19,15.0,50,30300
20240129,11:16:08,14.05,50,30300
20240129,11:16:16,14.25,100,30300
20240129,11:16:24,14.25,100,30300
20240129,11:16:48,14.25,200,30300
20240129,11:19:48,14.3,1000,30350
20240129,11:20:07,14.2,1250,30350
20240129,11:20:33,14.3,200,30350
20240129,11:21:10,14.9,300,32800
20240129,11:21:18,14.85,200,32800
20240129,11:22:14,14.85,500,32800
20240129,11:22:22,14.85,1350,32800
20240129,11:22:59,14.95,1400,32800
20240129,11:24:50,14.95,50,36350
20240129,11:27:16,14.5,150,36350
20240129,11:29:40,13.8,200,36500
20240129,11:30:21,13.8,50,36500
20240129,11:34:36,13.85,400,36350
20240129,11:34:47,13.8,250,36350
20240129,11:36:45,13.8,50,36700
20240129,11:37:22,13.7,700,36700
20240129,11:39:41,13.7,100,37450
20240129,11:39:51,13.7,400,37450
20240129,11:40:01,13.7,100,37450
20240129,11:42:07,13.7,250,38050
20240129,11:42:26,13.85,150,38050
20240129,11:47:21,13.7,500,38450
20240129,11:48:58,13.7,400,38950
20240129,11:49:14,14.25,150,38950
20240129,11:52:32,13.9,50,39450
20240129,11:53:29,13.4,250,39450
20240129,11:55:05,13.4,50,39500
20240129,11:55:16,13.4,100,39500
20240129,11:55:25,13.4,100,39500
20240129,11:55:33,13.4,150,39500
20240129,11:55:43,13.4,200,39500
20240129,11:55:52,13.0,750,39500
20240129,12:00:35,13.4,400,40650
20240129,12:01:20,13.4,200,40650
20240129,12:01:57,13.4,300,40650
20240129,12:03:11,13.5,50,41550
20240129,12:03:36,13.55,150,41550
20240129,12:03:45,13.5,200,41550
20240129,12:04:02,13.55,200,41550
20240129,12:04:36,13.65,150,41550
20240129,12:05:19,13.6,50,41550
20240129,12:05:36,13.6,100,41900
20240129,12:05:44,13.6,50,41900
20240129,12:09:17,13.6,100,42000
20240129,12:11:29,13.5,100,42000
20240129,12:14:00,13.6,50,42200
20240129,12:17:13,13.35,400,42200
20240129,12:17:22,13.4,650,42200
20240129,12:17:58,13.4,600,43050
20240129,12:18:15,13.4,50,43050
20240129,12:24:18,13.6,50,43700
20240129,12:25:37,13.4,600,43700
20240129,12:25:45,13.5,1100,43700
20240129,12:26:01,13.5,450,43700
20240129,12:26:38,13.5,450,43700
20240129,12:26:58,13.5,1450,46300
20240129,12:31:24,13.5,50,47300
20240129,12:32:01,13.85,50,47300
20240129,12:35:41,13.35,100,47300
20240129,12:38:52,13.25,100,47300
20240129,12:43:53,13.15,100,47300
20240129,12:45:45,13.15,50,47400
20240129,12:48:00,13.1,1250,47400
20240129,12:49:19,13.2,800,47400
20240129,12:49:45,13.15,150,47400
20240129,12:51:50,13.15,50,49600
20240129,12:52:35,13.1,400,49600
20240129,12:53:02,13.25,200,49600
20240129,12:53:31,13.3,1500,49600
20240129,12:53:47,13.3,1500,51750
20240129,12:53:56,13.3,1300,51750
20240129,12:54:21,13.3,200,51750
20240129,12:56:08,13.55,400,51750
20240129,12:57:51,13.25,50,54350
20240129,12:59:09,13.25,250,54350
20240129,12:59:19,13.3,150,54350
20240129,12:59:29,13.3,150,54350
20240129,13:01:46,13.4,500,54850
20240129,13:02:16,13.55,400,54850
20240129,13:02:46,13.45,50,54850
20240129,13:02:55,13.55,400,54800
20240129,13:03:14,13.55,200,54800
20240129,13:07:02,13.55,50,54200
20240129,13:09:51,13.85,50,54200
20240129,13:11:56,13.85,50,54200
20240129,13:12:29,13.6,200,54200
20240129,13:12:49,13.7,200,54200
20240129,13:12:57,13.65,50,54200
20240129,13:22:27,13.9,50,54150
20240129,13:24:41,14.9,50,54150
20240129,13:26:35,14.3,300,54150
20240129,13:28:19,14.25,50,54150
20240129,13:32:31,13.9,300,54200
20240129,13:32:39,14.25,50,54200
20240129,13:33:05,14.1,250,54100
20240129,13:33:24,14.05,450,54100
20240129,13:36:16,14.0,200,53400
20240129,13:37:55,14.0,50,53400
20240129,13:38:55,14.0,200,53400
20240129,13:42:00,13.95,200,53400
20240129,13:42:25,14.0,100,53400
20240129,13:43:15,13.95,100,53400
20240129,13:44:04,13.85,50,53400
20240129,13:48:02,13.75,100,53650
20240129,13:48:11,13.55,250,53650
20240129,13:58:29,13.55,400,53700
20240129,13:58:45,13.55,50,53700
20240129,13:59:11,13.5,50,53700
20240129,14:00:36,13.1,100,53500
20240129,14:03:02,13.25,50,53600
20240129,14:10:36,13.8,50,53550
20240129,14:14:32,13.45,150,53550
20240129,14:16:23,13.55,300,53400
20240129,14:19:21,13.45,300,53100
20240129,14:19:30,13.45,450,53100
20240129,14:20:06,13.3,650,53100
20240129,14:20:15,13.3,50,53100
20240129,14:21:16,13.2,250,51750
20240129,14:23:09,13.35,300,51750
20240129,14:24:24,13.3,200,51200
20240129,14:26:38,13.25,50,51200
20240129,14:31:55,13.75,200,51150
20240129,14:35:07,13.55,50,51150
20240129,14:36:19,13.25,50,51100
20240129,14:37:47,12.95,400,51100
20240129,14:39:29,12.8,250,50800
20240129,14:41:15,12.8,50,50800
20240129,14:51:23,13.9,50,50550
20240129,14:52:21,13.3,50,50550
20240129,14:54:25,13.4,150,50550
20240129,14:55:05,12.55,50,50550
20240129,14:56:26,12.55,150,50550
20240129,14:57:30,13.35,50,50700
20240129,14:57:46,13.5,50,50700
20240129,15:00:59,13.4,300,50750
20240129,15:02:26,12.35,450,50750
20240129,15:02:55,12.35,200,50750
20240129,15:03:06,13.0,400,50400
20240129,15:04:01,13.25,750,50400
20240129,15:04:12,13.15,250,50400
20240129,15:04:21,13.1,500,50400
20240129,15:04:29,13.1,250,50400
20240129,15:04:47,13.25,150,50400
20240129,15:04:56,13.4,150,50400
20240129,15:05:17,13.35,100,50400
20240129,15:05:55,13.15,550,50400
20240129,15:06:41,13.15,1600,49400
20240129,15:07:10,13.05,550,49400
20240129,15:07:47,12.65,50,49400
20240129,15:11:12,12.4,100,47500
20240129,15:12:11,12.4,1000,47500
20240129,15:13:45,12.8,400,47500
20240129,15:13:54,12.8,150,47500
20240129,15:14:22,13.0,50,47500
20240129,15:14:50,12.7,400,47500
20240129,15:15:10,12.75,400,47100
20240129,15:18:42,12.85,50,46700
20240129,15:19:21,12.75,250,46700
20240129,15:19:31,12.7,450,46700
20240129,15:19:50,12.65,200,46700
20240129,15:20:00,12.65,300,46700
20240129,15:20:20,12.75,700,46700
20240129,15:20:31,12.8,150,46700
20240129,15:20:41,12.8,800,46700
20240129,15:20:51,12.75,250,46700
20240129,15:21:10,12.75,750,44000
20240129,15:21:20,12.6,50,44000
20240129,15:21:32,12.6,100,44000
20240129,15:21:52,12.55,400,44000
20240129,15:22:11,12.5,250,44000
20240129,15:23:01,12.35,250,44000
20240129,15:24:37,12.45,300,42450
20240129,15:24:47,12.25,1000,42450
20240129,15:25:07,12.05,50,42450
20240129,15:26:42,12.05,150,42450
20240129,15:27:48,12.0,250,41550
20240129,15:28:57,12.0,50,41550
20240129,15:29:09,11.7,350,41550
20240129,15:29:22,11.7,200,41550
20240130,09:15:32,11.75,1,41300
20240130,09:15:32,11.75,100,41300
20240130,09:17:16,10.55,50,41300
20240130,09:17:27,10.55,300,41300
20240130,09:17:46,12.05,250,41300
20240130,09:17:56,12.05,50,41300
20240130,09:18:07,12.0,100,41300
20240130,09:19:51,12.0,100,41300
20240130,09:20:23,12.75,100,41350
20240130,09:20:34,12.75,50,41350
20240130,09:23:05,13.0,100,41350
20240130,09:23:37,13.0,50,41400
20240130,09:24:36,13.05,50,41400
20240130,09:24:46,13.45,200,41400
20240130,09:24:56,13.45,300,41400
20240130,09:25:06,13.2,200,41400
20240130,09:27:20,14.4,450,40850
20240130,09:27:32,14.4,250,40850
20240130,09:28:36,14.4,50,40850
20240130,09:28:48,14.6,150,40850
20240130,09:29:00,14.7,350,40850
20240130,09:29:11,14.7,50,40850
20240130,09:30:50,14.7,50,40850
20240130,09:31:03,15.0,300,40850
20240130,09:31:15,15.0,200,40850
20240130,09:31:37,13.2,150,40850
20240130,09:31:47,13.85,50,40850
20240130,09:32:41,14.45,50,40850
20240130,09:33:56,14.7,250,40850
20240130,09:34:28,15.0,150,40850
20240130,09:34:38,15.05,600,40850
20240130,09:34:58,15.05,250,40850
20240130,09:35:30,14.65,100,40900
20240130,09:35:40,14.45,100,40900
20240130,09:36:13,14.5,300,40900
20240130,09:36:44,15.1,100,40900
20240130,09:37:16,15.1,100,40900
20240130,09:39:01,14.4,100,40500
20240130,09:40:05,14.55,200,40500
20240130,09:41:10,15.0,100,40500
20240130,09:43:02,13.4,150,40500
20240130,09:43:49,13.0,250,40500
20240130,09:53:44,14.2,100,40500
20240130,09:55:21,14.2,100,40500
20240130,09:55:42,14.2,100,40500
20240130,09:56:28,14.25,100,40700
20240130,09:56:40,14.4,50,40700
20240130,09:57:33,14.4,100,40700
20240130,09:58:36,13.8,100,40700
20240130,10:04:06,11.95,600,40850
20240130,10:04:47,13.2,700,40850
20240130,10:04:58,13.0,750,40850
20240130,10:05:20,12.9,100,40850
20240130,10:05:42,13.15,50,42650
20240130,10:06:15,13.0,200,42650
20240130,10:07:31,13.2,150,42650
20240130,10:08:53,13.25,50,42750
20240130,10:09:24,13.2,50,42750
20240130,10:09:34,13.35,50,42750
20240130,10:09:44,12.8,50,42750
20240130,10:10:14,13.4,50,42750
20240130,10:10:34,12.85,50,42750
20240130,10:11:55,12.85,100,42700
20240130,10:12:56,12.85,350,42700
20240130,10:13:06,12.8,50,42700
20240130,10:13:26,12.75,150,42700
20240130,10:13:49,12.5,50,42700
20240130,10:36:32,12.6,50,42550
20240130,10:37:23,12.6,50,42550
20240130,10:37:33,12.5,50,42550
20240130,10:50:21,14.15,500,42550
20240130,10:50:45,13.6,250,42750
20240130,10:53:32,13.6,100,42750
20240130,10:55:04,13.6,50,43000
20240130,10:57:40,13.5,50,43050
20240130,10:58:48,13.5,50,43050
20240130,10:59:19,13.95,300,43050
20240130,11:04:13,13.85,50,43250
20240130,11:06:12,13.5,100,43250
20240130,11:06:33,13.6,100,43250
20240130,11:06:53,13.7,50,43250
20240130,11:07:30,14.0,200,43250
20240130,11:07:41,13.75,50,43250
20240130,11:08:15,13.7,100,43250
20240130,11:08:48,13.85,100,43450
20240130,11:09:55,14.0,500,43450
20240130,11:10:50,13.75,200,43450
20240130,11:11:55,13.8,200,43750
20240130,11:17:17,13.8,50,43750
20240130,11:20:24,13.95,100,43750
20240130,11:28:38,12.9,100,43750
20240130,11:29:10,13.0,400,43750
20240130,11:29:30,13.55,50,43750
20240130,11:29:56,12.85,50,43750
20240130,11:36:31,12.3,100,43750
20240130,11:47:58,12.45,50,43750
20240130,11:48:06,12.45,350,43750
20240130,11:48:15,12.5,250,43750
20240130,11:49:42,12.5,300,43750
20240130,11:53:25,12.85,50,44500
20240130,11:59:44,12.1,50,44500
20240130,12:00:25,12.15,100,44500
20240130,12:01:12,12.15,200,44500
20240130,12:07:28,12.35,100,44300
20240130,12:09:08,12.65,50,44400
20240130,12:10:40,12.55,100,44400
20240130,12:11:51,12.5,50,44400
20240130,12:12:34,12.45,50,44400
20240130,12:18:57,12.45,50,44400
20240130,12:19:43,12.35,50,44400
20240130,12:20:20,12.3,50,44400
20240130,12:21:53,12.3,50,44400
20240130,12:23:00,12.05,50,44400
20240130,12:25:28,12.9,50,44400
20240130,12:28:44,12.5,250,44400
20240130,12:30:22,12.5,850,44400
20240130,12:32:44,12.25,50,44400
20240130,12:37:48,12.25,50,44400
20240130,12:40:41,12.0,200,44400
20240130,12:47:28,12.9,50,44350
20240130,13:05:29,12.05,50,44350
20240130,13:09:51,12.05,50,44350
20240130,13:15:53,12.05,700,44350
20240130,13:26:26,12.1,200,44350
20240130,13:26:36,12.0,50,44350
20240130,13:29:44,11.5,400,44350
20240130,13:35:51,11.5,500,44350
20240130,13:41:18,11.1,50,44100
20240130,13:43:32,12.0,150,44100
20240130,13:44:33,11.75,100,44100
20240130,13:44:52,11.25,200,44100
20240130,13:49:10,11.25,500,44100
20240130,13:55:44,12.3,50,44450
20240130,14:02:03,11.6,50,44450
20240130,14:04:47,11.55,450,44450
20240130,14:07:51,11.35,50,44450
20240130,14:10:12,12.0,50,44450
20240130,14:10:29,12.0,50,44400
20240130,14:12:27,12.0,50,44400
20240130,14:14:01,11.55,50,44400
20240130,14:14:11,11.55,250,44400
20240130,14:14:31,11.55,200,44400
20240130,14:15:03,11.55,50,44400
20240130,14:23:47,11.85,50,44400
20240130,14:29:46,12.7,50,44400
20240130,14:30:07,12.8,50,44400
20240130,14:30:19,12.95,100,44400
20240130,14:30:45,13.0,50,44400
20240130,14:35:45,14.4,600,44450
20240130,14:35:57,14.25,650,44450
20240130,14:36:09,14.35,150,44450
20240130,14:37:41,14.35,300,43550
20240130,14:37:53,14.35,50,43550
20240130,14:38:24,14.3,50,43550
20240130,14:38:46,14.15,50,43550
20240130,14:39:09,13.4,50,43550
20240130,14:39:20,13.6,50,43550
20240130,14:39:30,13.45,350,43550
20240130,14:39:40,13.35,150,43550
20240130,14:40:04,13.15,150,43550
20240130,14:40:25,13.6,550,43550
20240130,14:40:35,13.55,300,43550
20240130,14:40:46,13.85,500,43550
20240130,14:40:57,13.75,500,43550
20240130,14:41:15,14.55,50,43550
20240130,14:42:03,13.7,50,43550
20240130,14:42:08,13.55,250,43550
20240130,14:42:25,13.5,500,43100
20240130,14:42:29,13.55,500,43100
20240130,14:42:49,13.5,500,43100
20240130,14:46:24,13.9,50,43200
20240130,14:47:17,14.5,1700,43200
20240130,14:47:28,13.75,50,43200
20240130,14:48:12,13.45,450,41550
20240130,14:48:21,13.55,450,41550
20240130,14:48:31,13.55,50,41550
20240130,14:49:51,13.2,200,41550
20240130,14:50:00,13.2,200,41550
20240130,14:50:21,13.55,750,41550
20240130,14:50:31,13.55,200,41550
20240130,14:50:42,13.45,200,41550
20240130,14:51:02,13.15,100,41550
20240130,14:51:07,13.5,100,40500
20240130,14:51:52,13.15,50,40500
20240130,14:52:13,13.45,450,40500
20240130,14:52:23,13.6,50,40500
20240130,14:52:33,13.45,150,40500
20240130,14:52:43,13.35,500,40500
20240130,14:55:06,13.8,50,39550
20240130,14:55:10,13.85,100,39550
20240130,14:57:19,13.5,50,39600
20240130,14:59:24,13.5,1600,39600
20240130,14:59:43,13.6,500,39600
20240130,14:59:53,13.45,100,39600
20240130,15:02:03,14.1,150,37650
20240130,15:02:15,14.2,150,37650
20240130,15:02:33,14.15,250,37650
20240130,15:02:56,13.9,150,37650
20240130,15:03:03,13.85,200,37650
20240130,15:03:37,13.7,250,36900
20240130,15:03:57,13.7,200,36900
20240130,15:04:08,13.85,250,36900
20240130,15:04:50,14.0,50,36900
20240130,15:05:30,14.0,50,36900
20240130,15:05:40,14.85,250,36900
20240130,15:07:26,14.35,50,36400
20240130,15:10:38,14.35,300,36350
20240130,15:10:48,14.35,150,36350
20240130,15:11:04,14.35,300,36350
20240130,15:11:29,14.35,250,36350
20240130,15:11:34,14.35,50,36350
20240130,15:12:39,14.95,50,35450
20240130,15:12:48,14.95,100,35450
20240130,15:14:07,14.75,50,35450
20240130,15:18:09,14.15,500,35650
20240130,15:19:41,14.7,400,35450
20240130,15:20:09,14.1,50,35450
20240130,15:20:20,14.7,250,35450
20240130,15:20:31,14.75,250,35450
20240130,15:21:00,14.95,300,35450
20240130,15:22:22,14.1,500,35350
20240130,15:22:57,14.1,50,35350
20240130,15:23:16,14.15,100,35350
20240130,15:23:23,14.3,200,35350
20240130,15:23:24,14.3,100,35350
20240130,15:24:09,14.55,50,35350
20240130,15:25:52,14.0,50,34850
20240130,15:26:33,13.85,100,34850
20240130,15:28:04,13.75,250,34850
20240130,15:28:25,13.8,200,34850
20240130,15:29:30,14.05,50,34850
20240131,09:18:46,14.25,1,34850
20240131,09:18:46,14.25,150,34850
20240131,09:18:54,14.25,50,34850
20240131,09:24:50,14.35,50,34850
20240131,09:26:45,15.6,50,34850
20240131,09:27:55,15.6,400,34850
20240131,09:28:25,15.6,200,34850
20240131,09:29:10,14.3,400,34850
20240131,09:30:38,14.85,300,35150
20240131,09:31:05,15.0,50,35150
20240131,09:32:46,15.7,50,35200
20240131,09:32:55,15.7,50,35200
20240131,09:33:38,15.7,500,35200
20240131,09:37:15,13.9,250,35250
20240131,09:37:33,13.85,100,35250
20240131,09:37:52,13.75,50,35250
20240131,09:39:01,13.75,50,35500
20240131,09:41:07,13.85,150,35500
20240131,09:41:25,13.8,50,35500
20240131,09:41:33,13.75,50,35550
20240131,09:43:37,12.0,50,35550
20240131,09:44:39,12.0,50,35550
20240131,09:45:25,12.5,50,35550
20240131,09:45:54,12.8,50,35550
20240131,09:46:21,12.9,100,35550
20240131,09:47:06,12.9,50,35550
20240131,09:47:43,12.95,50,35800
20240131,09:48:00,12.9,50,35800
20240131,09:48:09,13.05,100,35800
20240131,09:48:52,13.3,250,35800
20240131,09:55:19,14.0,250,36250
20240131,09:56:40,13.9,50,36500
20240131,09:59:42,13.85,50,36550
20240131,10:03:24,14.0,250,36600
20240131,10:03:33,13.85,100,36600
20240131,10:03:52,13.0,50,36600
20240131,10:04:11,14.45,150,36600
20240131,10:05:15,14.0,50,36600
20240131,10:07:51,12.65,150,36550
20240131,10:08:01,12.65,150,36550
20240131,10:09:13,11.9,150,36700
20240131,10:10:38,11.5,50,36700
20240131,10:11:29,11.5,50,36700
20240131,10:14:05,12.05,50,36750
20240131,10:15:36,12.05,50,36800
20240131,10:16:35,12.85,50,36800
20240131,10:16:54,12.7,100,36800
20240131,10:17:20,12.45,50,36800
20240131,10:19:17,12.35,100,37000
20240131,10:20:08,12.4,100,37000
20240131,10:20:17,12.45,100,37000
20240131,10:20:34,12.4,300,37000
20240131,10:22:48,12.4,50,37100
20240131,10:22:57,12.7,50,37100
20240131,10:26:19,12.75,50,37150
20240131,10:30:54,11.25,50,37200
20240131,10:34:38,11.1,250,37200
20240131,10:35:04,11.1,250,37200
20240131,10:39:09,11.0,50,37200
20240131,10:39:35,11.0,100,37200
20240131,10:39:51,11.2,50,37200
20240131,10:43:46,12.05,50,37200
20240131,10:47:38,12.05,50,37150
20240131,10:48:02,12.0,500,37150
20240131,10:50:03,11.85,50,37150
20240131,10:53:22,12.0,50,37150
20240131,10:54:24,12.0,150,37150
20240131,10:54:31,12.0,150,37150
20240131,10:58:06,11.8,50,37150
20240131,10:59:01,11.7,50,37150
20240131,11:00:50,11.0,500,37150
20240131,11:02:23,11.75,500,37150
20240131,11:07:47,11.05,200,37900
20240131,11:17:21,10.65,500,37800
20240131,11:17:57,10.65,500,37800
20240131,11:21:13,11.2,50,37700
20240131,11:30:19,11.65,50,37700
20240131,11:30:56,11.2,50,37700
20240131,11:36:35,11.3,150,37700
20240131,11:37:09,11.15,100,37700
20240131,11:38:25,11.25,50,37700
20240131,11:38:43,11.3,50,37700
20240131,11:40:50,10.55,500,37900
20240131,11:40:59,10.55,500,37900
20240131,11:42:10,11.1,50,37950
20240131,11:49:42,10.75,450,38000
20240131,11:50:43,11.1,50,38000
20240131,11:50:51,11.1,50,38500
20240131,11:50:59,11.0,250,38500
20240131,11:53:56,10.7,50,38800
20240131,11:54:05,10.7,50,38800
20240131,11:54:14,10.65,50,38800
20240131,11:56:02,10.65,250,38800
20240131,11:56:18,11.2,50,38800
20240131,11:57:21,10.7,50,39200
20240131,11:58:12,10.65,50,39200
20240131,11:58:29,10.35,100,39200
20240131,12:05:35,10.35,350,39250
20240131,12:05:44,10.6,300,39250
20240131,12:05:53,10.25,200,39350
20240131,12:06:23,10.2,150,39350
20240131,12:07:36,10.2,50,39350
20240131,12:10:39,10.2,50,39100
20240131,12:11:52,10.3,500,39100
20240131,12:12:41,10.35,150,39100
20240131,12:12:57,10.3,300,39100
20240131,12:15:46,10.5,500,39200
20240131,12:18:39,10.6,350,39200
20240131,12:18:48,10.6,550,39200
20240131,12:25:47,10.2,150,40100
20240131,12:27:35,10.9,100,40000
20240131,12:36:38,12.5,50,40100
20240131,12:37:53,12.2,100,40100
20240131,12:43:58,10.95,50,40150
20240131,12:44:45,13.0,1000,40150
20240131,12:45:19,12.0,50,40500
20240131,12:51:02,12.0,50,40500
20240131,12:51:27,12.0,50,40500
20240131,12:55:25,12.0,50,40450
20240131,12:56:59,12.85,50,40450
20240131,13:03:13,11.05,250,40500
20240131,13:05:33,11.0,50,40500
20240131,13:11:23,11.0,200,40450
20240131,13:13:11,10.9,100,40450
20240131,13:14:43,11.65,50,40450
20240131,13:14:58,10.9,50,40450
20240131,13:15:41,10.9,50,40500
20240131,13:23:17,10.0,1050,40500
20240131,13:25:09,10.35,1250,40500
20240131,13:32:33,10.3,200,40150
20240131,13:33:25,10.3,250,40150
20240131,13:34:05,10.4,50,40150
20240131,13:34:47,10.7,100,40150
20240131,13:35:44,10.75,50,40150
20240131,13:36:36,10.8,250,40300
20240131,13:36:45,11.05,100,40300
20240131,13:39:00,11.25,50,40300
20240131,13:53:20,11.3,200,40550
20240131,13:53:36,11.3,200,40550
20240131,13:53:44,11.25,50,40550
20240131,13:54:18,11.5,500,40350
20240131,13:54:35,11.5,500,40350
20240131,13:55:01,11.5,500,40350
20240131,13:56:17,11.5,50,40350
20240131,13:56:35,11.1,100,40350
20240131,13:56:43,11.5,250,40350
20240131,13:57:08,11.65,500,40350
20240131,13:57:24,11.1,50,40850
20240131,13:58:45,11.1,750,40850
20240131,13:59:01,11.1,500,40850
20240131,13:59:48,11.45,50,40850
20240131,14:00:36,11.3,200,40550
20240131,14:01:01,12.0,250,40550
20240131,14:01:49,11.95,100,40550
20240131,14:05:17,11.45,200,40950
20240131,14:08:56,11.45,500,41150
20240131,14:09:35,10.5,200,41150
20240131,14:10:55,10.85,100,41150
20240131,14:13:45,11.05,100,40950
20240131,14:14:17,10.8,50,40950
20240131,14:31:06,11.85,50,40950
20240131,14:31:55,10.05,500,40950
20240131,14:35:30,11.1,50,40700
20240131,14:36:11,11.1,100,40700
20240131,14:46:16,11.0,700,40750
20240131,14:46:24,11.0,50,40750
20240131,14:48:38,11.5,50,40300
20240131,14:49:19,11.2,250,40300
20240131,14:51:16,11.35,200,40050
20240131,14:56:59,11.3,100,40150
20240131,15:01:36,11.3,50,40250
20240131,15:02:20,11.1,300,40250
20240131,15:02:47,11.15,200,40250
20240131,15:03:22,11.1,50,40500
20240131,15:06:34,11.1,50,40550
20240131,15:07:41,11.15,150,40550
20240131,15:07:49,11.1,50,40550
20240131,15:08:32,11.4,800,40550
20240131,15:10:08,11.4,350,40750
20240131,15:12:01,11.25,650,40750
20240131,15:12:51,11.25,200,40550
20240131,15:12:59,11.25,350,40550
20240131,15:14:21,11.15,750,40550
20240131,15:14:37,11.45,100,40550
20240131,15:15:56,11.5,50,41450
20240131,15:16:22,11.45,300,41450
20240131,15:19:11,11.75,50,41500
20240131,15:19:43,11.6,250,41500
20240131,15:20:39,11.7,50,41500
20240131,15:20:47,11.7,450,41500
20240131,15:21:49,11.45,50,41750
20240131,15:21:57,11.05,150,41750
20240131,15:22:12,11.05,50,41750
20240131,15:22:27,10.65,400,41750
20240131,15:25:06,11.95,100,41550
20240131,15:26:01,11.55,250,41550
20240131,15:26:08,11.55,150,41550
20240131,15:26:31,11.55,50,41550
20240131,15:28:34,11.45,250,41800
20240131,15:29:09,11.65,200,41800
20240201,09:15:00,11.75,1,39900
20240201,09:15:00,11.75,50,39900
20240201,09:15:09,11.35,50,39900
20240201,09:15:53,11.35,50,39900
20240201,09:16:21,12.0,150,39900
20240201,09:16:39,9.95,100,39900
20240201,09:17:49,11.75,150,40000
20240201,09:18:10,11.75,50,40000
20240201,09:18:19,11.75,800,40000
20240201,09:18:29,11.25,1600,40000
20240201,09:18:50,11.9,650,40000
20240201,09:19:01,11.9,250,40000
20240201,09:19:19,11.4,500,40000
20240201,09:19:41,12.0,600,40000
20240201,09:21:16,11.6,850,42600
20240201,09:21:34,11.8,250,42600
20240201,09:21:44,11.8,750,42600
20240201,09:21:53,12.0,1050,42600
20240201,09:22:12,11.75,100,42600
20240201,09:22:22,11.7,50,42600
20240201,09:22:41,11.6,400,42600
20240201,09:23:00,11.5,250,42600
20240201,09:23:10,11.5,650,42600
20240201,09:23:57,11.8,200,44250
20240201,09:24:17,11.8,50,44250
20240201,09:24:26,11.8,150,44250
20240201,09:24:55,12.0,300,44250
20240201,09:25:51,11.5,150,44250
20240201,09:27:00,12.3,250,43900
20240201,09:27:45,12.4,100,43900
20240201,09:28:12,12.4,100,43900
20240201,09:28:41,11.85,500,43900
20240201,09:29:08,11.8,50,43900
20240201,09:29:17,12.1,200,43900
20240201,09:30:03,11.7,500,43550
20240201,09:30:21,11.75,250,43550
20240201,09:30:38,11.75,650,43550
20240201,09:31:50,11.8,750,43550
20240201,09:32:00,11.8,350,43550
20240201,09:32:27,12.0,1150,43550
20240201,09:32:37,12.0,50,43450
20240201,09:33:40,11.5,200,43450
20240201,09:33:49,11.2,1400,43450
20240201,09:33:58,11.2,400,43450
20240201,09:34:16,11.85,100,43450
20240201,09:34:51,11.25,250,43450
20240201,09:34:59,11.3,150,43450
20240201,09:36:03,11.3,100,44050
20240201,09:36:12,11.25,50,44050
20240201,09:36:49,11.3,100,44050
20240201,09:36:57,11.55,100,44050
20240201,09:39:29,11.35,100,44200
20240201,09:40:10,11.3,150,44200
20240201,09:40:59,10.9,200,44200
20240201,09:41:37,10.1,50,44150
20240201,09:45:11,10.9,50,44150
20240201,09:47:55,10.9,150,44150
20240201,09:48:48,11.0,50,44150
20240201,09:49:59,10.2,250,44150
20240201,09:51:20,10.15,100,44400
20240201,09:51:29,10.5,50,44400
20240201,09:55:41,10.0,300,44450
20240201,09:55:50,9.95,150,44450
20240201,10:01:40,10.35,50,44750
20240201,10:02:34,10.0,100,44750
20240201,10:04:51,10.0,250,44750
20240201,10:05:08,10.45,1000,44750
20240201,10:06:07,10.0,150,43550
20240201,10:06:16,10.0,150,43550
20240201,10:06:59,9.9,250,43550
20240201,10:07:07,9.95,200,43550
20240201,10:08:02,9.65,50,43550
20240201,10:08:22,9.6,950,43550
20240201,10:08:33,9.6,300,43550
20240201,10:11:47,9.6,400,45050
20240201,10:13:33,9.5,200,45050
20240201,10:16:22,9.35,200,45450
20240201,10:16:31,9.0,150,45450
20240201,10:17:41,9.0,50,45650
20240201,10:17:59,10.1,100,45650
20240201,10:19:42,9.5,200,45650
20240201,10:20:15,9.5,200,45650
20240201,10:21:56,9.8,250,46150
20240201,10:24:28,9.8,500,46150
20240201,10:26:33,10.1,150,46150
20240201,10:29:36,9.2,300,46250
20240201,10:31:58,9.25,50,46550
20240201,10:32:24,9.3,50,46550
20240201,10:32:42,9.25,100,46550
20240201,10:33:16,9.9,50,46550
20240201,10:35:59,9.8,50,46500
20240201,10:36:44,9.25,50,46500
20240201,10:38:03,9.55,500,46500
20240201,10:42:48,9.55,150,46700
20240201,10:47:00,9.05,150,46850
20240201,10:51:31,10.1,50,46900
20240201,10:53:31,10.0,100,46900
20240201,11:00:41,9.35,350,47000
20240201,11:02:36,9.3,50,47000
20240201,11:09:14,9.5,50,47050
20240201,11:17:23,11.45,100,47050
20240201,11:18:26,11.5,500,46950
20240201,11:18:46,11.45,50,46950
20240201,11:19:34,11.5,350,46950
20240201,11:19:42,11.45,150,46950
20240201,11:21:43,11.15,550,47300
20240201,11:24:09,11.0,750,46950
20240201,11:24:19,11.0,300,46950
20240201,11:26:41,11.75,100,46950
20240201,11:27:39,11.05,100,47950
20240201,11:28:05,11.0,400,47950
20240201,11:42:54,10.95,750,48450
20240201,11:55:25,10.25,1600,48250
20240201,11:58:18,10.2,250,49250
20240201,11:58:27,10.2,100,49250
20240201,11:58:38,10.25,1000,49250
20240201,12:01:37,9.55,150,48100
20240201,12:01:46,9.55,400,48100
20240201,12:01:55,10.75,100,48100
20240201,12:02:06,9.15,150,48100
20240201,12:02:15,9.15,1400,48100
20240201,12:02:24,9.15,350,48100
20240201,12:02:53,10.15,700,48100
20240201,12:03:24,11.3,50,47450
20240201,12:03:45,10.0,2950,47450
20240201,12:03:56,10.65,100,47450
20240201,12:05:18,9.8,100,47450
20240201,12:05:28,9.75,250,47450
20240201,12:06:06,9.5,250,44500
20240201,12:06:25,9.5,250,44500
20240201,12:07:03,9.3,750,44500
20240201,12:07:13,9.3,300,44500
20240201,12:07:23,9.2,250,44500
20240201,12:07:33,9.2,450,44500
20240201,12:08:04,9.05,1000,44500
20240201,12:08:22,8.9,550,44500
20240201,12:09:07,8.85,250,45850
20240201,12:09:25,8.7,200,45850
20240201,12:09:34,8.6,1000,45850
20240201,12:09:43,8.6,500,45850
20240201,12:09:52,8.55,350,45850
20240201,12:10:01,8.5,250,45850
20240201,12:10:37,8.0,1800,45850
20240201,12:11:13,7.8,400,45850
20240201,12:11:31,7.55,450,45850
20240201,12:11:40,7.5,1000,45850
20240201,12:12:17,7.5,50,44450
20240201,12:12:43,7.5,350,44450
20240201,12:12:53,7.5,100,44450
20240201,12:13:01,7.5,1450,44450
20240201,12:13:28,7.25,50,44450
20240201,12:13:38,7.2,450,44450
20240201,12:14:33,7.15,850,44450
20240201,12:14:43,7.15,50,44450
20240201,12:14:53,7.15,350,44450
20240201,12:16:33,7.1,900,45550
20240201,12:16:43,6.9,900,45550
20240201,12:17:09,6.85,250,45550
20240201,12:17:30,6.8,1150,45550
20240201,12:17:40,6.8,550,45550
20240201,12:18:16,7.0,50,44500
20240201,12:18:43,7.2,1000,44500
20240201,12:18:54,6.85,100,44500
20240201,12:21:00,7.05,750,43400
20240201,12:21:09,6.95,450,43400
20240201,12:21:18,6.95,400,43400
20240201,12:21:27,6.95,50,43400
20240201,12:21:45,6.95,1200,43400
20240201,12:21:54,6.95,200,43400
20240201,12:22:03,6.95,300,43400
20240201,12:22:32,6.9,300,43400
20240201,12:22:42,7.1,400,43400
20240201,12:23:33,7.1,700,43400
20240201,12:24:00,7.1,50,40900
20240201,12:24:28,7.15,100,40900
20240201,12:25:23,7.4,150,40900
20240201,12:25:32,7.2,300,40900
20240201,12:26:53,7.2,300,40900
20240201,12:27:11,7.1,50,41250
20240201,12:29:07,6.9,250,41250
20240201,12:29:24,7.1,100,41250
20240201,12:30:44,6.85,50,41300
20240201,12:34:01,7.25,50,41350
20240201,12:34:27,7.0,600,41350
20240201,12:35:12,7.0,50,41350
20240201,12:35:47,6.95,600,41350
20240201,12:36:04,7.0,400,41250
20240201,12:36:21,7.05,200,41250
20240201,12:37:35,7.0,150,41250
20240201,12:37:45,6.75,250,41250
20240201,12:37:54,6.7,50,41250
20240201,12:38:13,6.65,400,41250
20240201,12:38:58,6.65,400,41250
20240201,12:40:45,6.4,100,40400
20240201,12:46:59,6.85,50,40350
20240201,12:48:19,6.75,300,40300
20240201,12:48:46,6.8,200,40300
20240201,12:50:30,6.5,100,40300
20240201,12:50:39,6.5,100,40300
20240201,12:50:48,6.5,100,40300
20240201,12:50:57,6.5,100,40300
20240201,12:51:06,6.5,50,40500
20240201,12:51:16,6.45,550,40500
20240201,12:51:34,5.75,350,40500
20240201,12:53:03,5.75,500,40500
20240201,12:53:30,6.5,300,40500
20240201,12:56:00,6.5,300,40150
20240201,12:59:53,6.4,500,40150
20240201,13:00:46,6.45,50,39750
20240201,13:01:35,6.7,100,39750
20240201,13:01:44,6.45,100,39750
20240201,13:03:14,6.2,100,39750
20240201,13:03:31,6.15,500,39750
20240201,13:05:38,6.5,50,39750
20240201,13:06:30,6.25,100,40150
20240201,13:08:31,6.5,50,40150
20240201,13:10:48,6.45,50,40150
20240201,13:13:23,6.45,100,40150
20240201,13:13:32,6.4,850,40150
20240201,13:14:49,6.4,100,40150
20240201,13:14:57,6.4,100,40150
20240201,13:18:45,6.25,50,39950
20240201,13:21:00,6.35,800,39950
20240201,13:25:18,6.4,50,39550
20240201,13:26:09,6.25,50,39550
20240201,13:26:26,6.4,450,39550
20240201,13:26:52,6.25,800,39550
20240201,13:27:09,6.15,1200,39850
20240201,13:28:01,6.4,250,39850
20240201,13:29:05,6.4,400,39850
20240201,13:29:32,6.35,200,39850
20240201,13:30:48,6.45,500,40300
20240201,13:31:43,6.35,50,40300
20240201,13:33:17,6.45,150,40400
20240201,13:33:27,6.5,50,40400
20240201,13:33:37,6.6,850,40400
20240201,13:34:05,6.65,400,40400
20240201,13:34:14,6.7,1000,40400
20240201,13:34:32,6.7,50,40400
20240201,13:34:58,6.75,250,40400
20240201,13:35:06,6.8,50,40400
20240201,13:35:32,6.9,1000,40400
20240201,13:35:58,6.9,550,40400
20240201,13:36:07,6.75,500,40400
20240201,13:36:16,6.9,950,44000
20240201,13:36:25,6.9,50,44000
20240201,13:37:15,6.95,400,44000
20240201,13:41:27,6.9,250,45600
20240201,13:45:34,6.6,100,45850
20240201,13:45:42,6.5,200,45850
20240201,13:45:59,6.45,500,45850
20240201,13:46:22,6.75,3200,45850
20240201,13:46:38,6.75,650,45850
20240201,13:47:10,6.75,1300,45850
20240201,13:47:19,6.75,50,45850
20240201,13:47:36,6.75,200,45850
20240201,13:49:42,6.35,200,50650
20240201,13:53:29,6.3,200,50650
20240201,13:54:01,6.35,50,50650
20240201,13:54:57,6.35,250,50500
20240201,13:56:38,6.35,100,50500
20240201,13:57:18,6.3,50,50850
20240201,13:57:50,6.1,50,50850
20240201,13:58:52,6.1,400,50850
20240201,13:59:50,6.05,50,50850
20240201,14:02:25,6.2,700,50850
20240201,14:02:40,6.2,300,50850
20240201,14:03:02,6.0,300,50850
20240201,14:04:40,6.85,200,51450
20240201,14:05:37,6.15,400,51450
20240201,14:07:43,6.15,150,51750
20240201,14:09:48,5.8,500,51900
20240201,14:10:53,6.35,1000,51900
20240201,14:12:12,6.35,50,51900
20240201,14:13:24,5.8,500,52750
20240201,14:15:51,5.85,450,52850
20240201,14:19:59,5.75,500,52800
20240201,14:20:16,5.6,50,52800
20240201,14:20:24,5.55,350,52800
20240201,14:20:31,5.8,50,52800
20240201,14:23:49,6.0,800,52550
20240201,14:24:29,5.55,500,53350
20240201,14:25:09,5.5,1000,53350
20240201,14:26:04,5.5,100,53350
20240201,14:26:12,5.5,150,53350
20240201,14:26:43,5.5,100,53350
20240201,14:26:51,5.5,100,53350
20240201,14:27:44,5.5,1200,53650
20240201,14:27:57,5.6,50,53650
20240201,14:28:46,6.0,250,53650
20240201,14:31:44,5.25,350,53900
20240201,14:35:20,5.25,200,53550
20240201,14:35:27,6.0,500,53550
20240201,14:36:39,6.0,100,54250
20240201,14:40:46,6.0,50,54350
20240201,14:42:43,5.4,100,54400
20240201,14:45:41,6.0,50,54400
20240201,14:45:50,6.0,50,54400
20240201,14:46:31,6.0,100,54400
20240201,14:48:26,6.0,100,54600
20240201,14:51:34,6.0,800,54700
20240201,14:51:43,6.0,200,54700
20240201,14:53:06,5.8,250,54700
20240201,14:53:46,5.95,500,54700
20240201,14:58:36,5.6,500,56200
20240201,14:59:40,5.7,50,56200
20240201,14:59:49,5.65,700,56200
20240201,15:04:08,5.9,50,55750
20240201,15:04:17,5.9,400,55750
20240201,15:05:29,5.4,50,55750
20240201,15:06:12,5.85,50,55750
20240201,15:08:30,5.85,250,56250
20240201,15:10:54,5.85,200,56500
20240201,15:11:43,5.35,400,56500
20240201,15:12:29,5.8,50,56700
20240201,15:13:29,5.8,100,56700
20240201,15:13:45,5.85,200,56700
20240201,15:16:13,5.4,150,56750
20240201,15:16:54,5.35,50,56750
20240201,15:18:37,5.4,50,56600
20240201,15:19:31,5.4,50,56600
20240201,15:19:46,5.35,50,56600
20240201,15:23:37,5.35,300,56650
20240201,15:24:06,5.35,50,56650
20240201,15:24:43,5.35,50,57000
20240201,15:26:20,5.35,50,57000
20240201,15:26:28,5.5,1200,57000
20240201,15:26:42,5.8,350,57000
20240201,15:26:57,5.25,350,57000
20240201,15:27:05,5.25,100,57000
20240201,15:27:13,5.25,100,57000
20240201,15:27:28,5.25,300,57550
20240201,15:27:51,5.25,300,57550
20240201,15:27:59,5.8,550,57550
20240201,15:28:56,5.8,100,57550
20240201,15:29:12,5.8,50,57550
20240201,15:29:36,5.8,400,57550
20240201,15:29:45,5.8,50,57550
20240201,15:29:55,5.9,300,57550
20240201,15:30:02,5.2,50,57550
20240202,09:15:03,6.75,1,58850
20240202,09:15:03,6.75,100,58850
20240202,09:15:23,4.55,50,58850
20240202,09:15:28,4.55,600,58850
20240202,09:15:58,4.55,150,58850
20240202,09:16:26,4.25,350,58850
20240202,09:16:37,4.25,150,58850
20240202,09:16:49,4.25,50,58850
20240202,09:17:10,4.25,150,58850
20240202,09:17:21,4.55,800,59600
20240202,09:17:26,4.45,50,59600
20240202,09:18:16,4.65,100,59600
20240202,09:18:28,4.75,600,59600
20240202,09:19:02,4.55,500,59600
20240202,09:19:14,4.6,50,59600
20240202,09:19:25,4.65,100,59600
20240202,09:19:58,4.65,100,59600
20240202,09:20:10,4.65,1150,59600
20240202,09:20:22,4.8,1550,60300
20240202,09:20:33,4.8,50,60300
20240202,09:20:44,4.85,1000,60300
20240202,09:21:17,4.85,150,60300
20240202,09:21:51,4.8,100,60300
20240202,09:22:01,4.75,150,60300
20240202,09:22:55,4.65,100,60300
20240202,09:23:27,4.6,1000,61300
20240202,09:23:37,4.5,300,61300
20240202,09:24:19,4.7,100,61300
20240202,09:24:30,4.55,300,61300
20240202,09:24:50,4.55,300,61300
20240202,09:25:01,4.75,100,61300
20240202,09:25:56,4.65,100,61300
20240202,09:26:18,4.4,2750,60950
20240202,09:26:28,4.4,250,60950
20240202,09:27:12,4.35,250,60950
20240202,09:28:04,4.25,1600,60950
20240202,09:28:15,4.25,500,60950
20240202,09:28:56,4.25,250,60950
20240202,09:29:16,4.3,50,60950
20240202,09:30:18,4.3,550,58900
20240202,09:30:29,4.2,600,58900
20240202,09:30:40,4.25,50,58900
20240202,09:31:10,4.2,50,58900
20240202,09:31:21,4.15,50,58900
20240202,09:31:52,4.15,50,58900
20240202,09:32:22,4.15,50,59500
20240202,09:32:32,4.15,150,59500
20240202,09:32:43,4.15,50,59500
20240202,09:32:53,4.15,50,59500
20240202,09:33:25,4.15,500,59500
20240202,09:34:18,4.15,650,59500
20240202,09:34:29,4.2,100,59500
20240202,09:34:39,4.2,300,59500
20240202,09:34:49,4.2,50,59500
20240202,09:34:59,4.2,50,59500
20240202,09:35:09,4.2,1200,59500
20240202,09:36:41,4.3,300,61050
20240202,09:37:02,4.3,50,61050
20240202,09:38:55,4.35,50,60950
20240202,09:39:25,4.45,1800,60950
20240202,09:39:36,4.45,50,60950
20240202,09:40:07,4.45,100,60950
20240202,09:40:38,4.45,50,60950
20240202,09:40:57,4.45,150,60950
20240202,09:41:48,4.5,100,62700
20240202,09:42:38,4.55,250,62700
20240202,09:46:03,4.4,100,62600
20240202,09:46:13,4.45,50,62600
20240202,09:46:33,4.45,50,62600
20240202,09:47:14,4.3,1500,62600
20240202,09:48:42,4.3,750,61350
20240202,09:49:02,4.3,850,61350
20240202,09:49:20,4.3,300,61350
20240202,09:49:30,4.2,500,61350
20240202,09:51:11,4.25,50,61500
20240202,09:51:21,4.2,600,61500
20240202,09:51:31,4.25,350,61500
20240202,09:52:00,4.25,50,61500
20240202,09:52:09,4.3,600,61500
20240202,09:52:37,4.35,550,61500
20240202,09:53:17,4.25,50,61500
20240202,09:53:26,4.25,100,62550
20240202,09:55:15,4.3,50,62550
20240202,09:55:56,4.3,100,62550
20240202,09:56:17,4.3,150,62550
20240202,09:58:07,4.25,50,62650
20240202,09:58:26,4.2,1500,62650
20240202,09:58:35,4.2,50,62650
20240202,09:58:54,4.35,1300,62650
20240202,09:59:04,4.25,2200,62650
20240202,10:00:22,4.25,50,62800
20240202,10:01:32,4.2,50,62800
20240202,10:01:43,4.25,200,62800
20240202,10:03:05,4.3,100,62800
20240202,10:04:46,4.3,50,62800
20240202,10:05:06,4.25,400,62800
20240202,10:05:16,4.2,550,62800
20240202,10:10:55,4.1,50,63000
20240202,10:11:13,4.1,50,63000
20240202,10:13:54,4.1,300,63050
20240202,10:16:05,4.05,250,63050
20240202,10:16:23,4.05,50,63050
20240202,10:16:41,4.05,250,63050
20240202,10:18:37,4.05,100,63400
20240202,10:19:21,4.05,700,63400
20240202,10:20:47,4.15,50,63750
20240202,10:24:17,4.15,50,63750
20240202,10:24:34,4.2,200,63750
20240202,10:24:42,4.2,50,63750
20240202,10:25:14,4.25,300,63750
20240202,10:25:23,4.3,550,63750
20240202,10:26:38,4.2,1550,63400
20240202,10:28:06,4.35,50,63400
20240202,10:29:05,4.25,50,63400
20240202,10:30:59,4.25,350,63150
20240202,10:31:06,4.25,250,63150
20240202,10:32:06,4.2,1200,63150
20240202,10:33:18,4.2,50,63700
20240202,10:34:08,4.25,100,63700
20240202,10:35:10,4.25,50,63700
20240202,10:35:44,4.2,1450,63600
20240202,10:36:31,4.2,50,63600
20240202,10:38:01,4.2,250,63600
20240202,10:39:07,4.2,50,64000
20240202,10:39:14,4.2,50,64000
20240202,10:39:46,4.15,100,64000
20240202,10:40:35,4.15,100,64000
20240202,10:41:03,4.15,50,64000
20240202,10:41:53,4.2,250,63950
20240202,10:43:10,4.15,50,63950
20240202,10:45:20,4.15,100,63950
20240202,10:45:39,4.15,50,63950
20240202,10:45:58,4.2,500,63950
20240202,10:46:11,4.1,500,63950
20240202,10:47:21,4.15,50,63950
20240202,10:47:28,4.15,50,63900
20240202,10:47:53,4.15,100,63900
20240202,10:48:13,4.15,100,63900
20240202,10:48:19,4.15,100,63900
20240202,10:48:42,4.1,50,63900
20240202,10:49:01,4.15,50,63900
20240202,10:49:40,4.15,150,63900
20240202,10:50:04,4.15,50,63900
20240202,10:50:10,4.15,50,63900
20240202,10:51:15,4.15,50,63600
20240202,10:51:21,4.15,100,63600
20240202,10:51:28,4.15,150,63600
20240202,10:51:34,4.15,50,63600
20240202,10:51:40,4.15,100,63600
20240202,10:51:46,4.15,150,63600
20240202,10:51:53,4.15,50,63600
20240202,10:53:00,4.1,200,63600
20240202,10:56:39,4.0,2300,63000
20240202,10:59:39,4.0,350,63450
20240202,11:00:26,4.05,100,63450
20240202,11:00:31,4.1,600,63450
20240202,11:00:37,4.0,50,63450
20240202,11:00:50,4.05,100,63450
20240202,11:00:56,4.05,50,63450
20240202,11:02:41,4.05,50,62850
20240202,11:03:40,4.0,1850,62850
20240202,11:04:14,4.0,1500,62850
20240202,11:05:50,4.0,1050,64650
20240202,11:06:15,4.05,800,64650
20240202,11:06:28,4.05,800,64650
20240202,11:07:46,4.15,1000,64650
20240202,11:11:43,3.95,1000,67450
20240202,11:13:45,3.95,50,67450
20240202,11:13:55,3.95,100,67450
20240202,11:14:57,4.0,100,68250
20240202,11:15:08,4.0,150,68250
20240202,11:15:40,3.95,50,68250
20240202,11:16:00,4.0,50,68250
20240202,11:16:11,4.0,200,68250
20240202,11:16:21,4.05,50,68250
20240202,11:16:44,4.05,100,68250
20240202,11:17:06,4.05,100,68250
20240202,11:18:14,4.05,100,68250
20240202,11:19:11,4.05,50,68250
20240202,11:19:22,4.0,1950,68250
20240202,11:19:34,4.2,1800,68250
20240202,11:20:29,4.05,200,68250
20240202,11:22:26,4.2,250,70800
20240202,11:22:38,4.2,100,70800
20240202,11:23:53,4.25,800,70800
20240202,11:24:14,4.2,250,70800
20240202,11:25:19,4.25,50,70800
20240202,11:25:52,4.3,100,70800
20240202,11:26:33,4.35,50,71300
20240202,11:27:28,4.35,50,71300
20240202,11:28:18,4.35,50,71300
20240202,11:28:28,4.25,100,71300
20240202,11:29:00,4.25,150,71300
20240202,11:29:21,4.25,150,71300
20240202,11:29:33,4.2,1000,71200
20240202,11:30:05,4.3,1050,71200
20240202,11:30:27,4.2,50,71200
20240202,11:31:01,4.3,200,71200
20240202,11:34:00,4.3,50,71400
20240202,11:34:36,4.25,100,71400
20240202,11:35:24,4.25,50,71400
20240202,11:35:35,4.25,800,71400
20240202,11:35:58,4.3,50,72150
20240202,11:37:18,4.25,50,72150
20240202,11:37:42,4.3,300,72150
20240202,11:38:18,4.3,50,72150
20240202,11:38:55,4.2,1850,72100
20240202,11:39:08,4.15,800,72100
20240202,11:39:33,4.3,250,72100
20240202,11:40:47,4.3,50,72100
20240202,11:41:00,4.3,500,72100
20240202,11:41:24,4.3,50,72100
20240202,11:41:47,4.3,600,72100
20240202,11:42:09,4.35,250,72100
20240202,11:42:20,4.4,1300,72100
20240202,11:42:32,4.35,250,72100
20240202,11:42:55,4.35,100,72100
20240202,11:43:18,4.25,600,72100
20240202,11:43:30,4.35,50,72100
20240202,11:43:41,4.3,50,72100
20240202,11:44:39,4.3,50,70550
20240202,11:46:00,4.3,50,70550
20240202,11:46:23,4.3,750,70550
20240202,11:46:57,4.3,50,70550
20240202,11:47:08,4.3,350,70550
20240202,11:47:20,4.3,850,70550
20240202,11:47:32,4.3,200,70550
20240202,11:47:43,4.25,50,71800
20240202,11:47:54,4.25,100,71800
20240202,11:50:35,4.25,500,71800
20240202,11:50:46,4.15,50,71850
20240202,11:50:57,4.15,550,71850
20240202,11:51:31,4.15,50,71850
20240202,11:52:16,4.2,1050,71850
20240202,11:53:34,4.2,50,71850
20240202,11:53:55,4.2,350,72150
20240202,11:54:06,4.2,450,72150
20240202,11:54:17,4.2,600,72150
20240202,11:54:29,4.2,250,72150
20240202,11:54:39,4.2,550,72150
20240202,11:55:01,4.35,1000,72150
20240202,11:55:13,4.2,350,72150
20240202,11:55:23,4.2,150,72150
20240202,11:57:11,4.25,650,72100
20240202,11:59:32,4.25,50,72100
20240202,11:59:53,4.15,300,71550
20240202,12:00:04,4.15,200,71550
20240202,12:02:24,4.1,200,71550
20240202,12:06:31,4.0,50,71450
20240202,12:06:48,4.0,100,71450
20240202,12:07:13,4.05,150,71450
20240202,12:07:46,4.05,50,71450
20240202,12:08:02,4.05,50,71450
20240202,12:09:04,4.0,50,71550
20240202,12:10:37,4.05,150,71550
20240202,12:14:08,4.0,50,71550
20240202,12:15:07,3.95,50,71550
20240202,12:15:22,4.05,50,71550
20240202,12:22:05,4.0,50,71600
20240202,12:22:47,3.95,50,71600
20240202,12:24:37,3.95,100,71600
20240202,12:24:53,3.95,50,71600
20240202,12:25:10,3.95,100,71600
20240202,12:25:17,3.9,50,71600
20240202,12:25:25,3.9,50,71600
20240202,12:25:33,3.9,50,71600
20240202,12:25:41,3.85,150,71600
20240202,12:27:01,3.85,100,71350
20240202,12:27:09,3.85,50,71350
20240202,12:28:21,3.9,100,71350
20240202,12:28:37,3.9,100,71350
20240202,12:28:45,3.9,100,71350
20240202,12:29:10,3.95,50,71350
20240202,12:29:46,3.95,400,71200
20240202,12:29:54,3.95,50,71200
20240202,12:30:02,3.9,100,71200
20240202,12:30:12,3.9,50,71200
20240202,12:30:32,3.95,200,71200
20240202,12:30:43,4.0,600,71200
20240202,12:30:52,3.95,50,71200
20240202,12:31:19,3.85,200,71200
20240202,12:31:38,3.9,50,71200
20240202,12:32:08,3.9,250,71200
20240202,12:32:38,3.85,50,71200
20240202,12:32:48,3.85,50,70900
20240202,12:34:03,3.8,150,70900
20240202,12:34:12,3.8,50,70900
20240202,12:34:23,3.8,300,70900
20240202,12:34:32,3.8,200,70900
20240202,12:34:53,3.75,300,70900
20240202,12:35:04,3.75,1300,70900
20240202,12:35:13,3.7,100,70900
20240202,12:35:23,3.7,50,70900
20240202,12:35:51,3.6,150,72400
20240202,12:36:01,3.6,50,72400
20240202,12:36:11,3.7,50,72400
20240202,12:36:20,3.65,200,72400
20240202,12:36:30,3.65,200,72400
20240202,12:36:49,3.5,200,72400
20240202,12:37:36,3.5,100,72400
20240202,12:37:44,3.5,200,72400
20240202,12:37:53,3.5,50,72400
20240202,12:38:03,3.45,300,72400
20240202,12:38:42,3.45,50,72400
20240202,12:39:21,3.5,1400,72200
20240202,12:39:31,3.55,150,72200
20240202,12:39:40,3.45,250,72200
20240202,12:40:01,3.5,250,72200
20240202,12:40:11,3.5,150,72200
20240202,12:40:43,3.5,250,72200
20240202,12:40:54,3.5,1050,72200
20240202,12:41:05,3.5,250,72200
20240202,12:41:15,3.55,100,72200
20240202,12:41:25,3.55,400,72200
20240202,12:41:35,3.55,50,72200
20240202,12:42:53,3.55,800,73950
20240202,12:43:03,3.55,50,73950
20240202,12:43:13,3.55,50,73950
20240202,12:45:29,3.6,150,74200
20240202,12:45:39,3.65,200,74200
20240202,12:46:53,3.65,50,74200
20240202,12:50:24,3.75,50,74200
20240202,12:50:33,3.85,50,74200
20240202,12:51:15,3.85,300,74200
20240202,12:51:23,3.85,500,74200
20240202,12:51:50,3.7,600,74200
20240202,12:52:34,3.75,100,74200
20240202,12:53:47,3.75,150,74200
20240202,12:56:08,3.8,100,74200
20240202,12:56:42,3.75,50,74050
20240202,12:56:51,3.75,50,74050
20240202,12:58:44,3.75,50,74050
20240202,12:59:34,3.75,50,74050
20240202,13:00:33,3.8,250,74000
20240202,13:00:41,3.75,50,74000
20240202,13:00:50,3.75,50,74000
20240202,13:01:16,3.75,50,74000
20240202,13:02:56,3.7,50,74200
20240202,13:03:56,3.75,50,74200
20240202,13:04:05,3.7,250,74200
20240202,13:04:32,3.7,50,74200
20240202,13:05:57,3.7,50,73800
20240202,13:06:47,3.65,150,73800
20240202,13:07:04,3.7,50,73800
20240202,13:08:27,3.6,800,73800
20240202,13:08:36,3.6,250,73800
20240202,13:08:43,3.6,250,73800
20240202,13:09:15,3.6,250,74400
20240202,13:09:50,3.6,300,74400
20240202,13:09:59,3.55,100,74400
20240202,13:10:15,3.55,50,74400
20240202,13:11:30,3.55,300,74400
20240202,13:11:38,3.55,600,74400
20240202,13:11:47,3.55,50,75100
20240202,13:11:56,3.6,700,75100
20240202,13:12:46,3.5,100,75100
20240202,13:14:10,3.65,100,75100
20240202,13:14:37,3.65,50,75100
20240202,13:14:46,3.65,50,75100
20240202,13:15:03,3.65,300,74900
20240202,13:15:12,3.65,400,74900
20240202,13:15:21,3.7,50,74900
20240202,13:15:30,3.7,100,74900
20240202,13:15:39,3.7,50,74900
20240202,13:15:49,3.7,450,74900
20240202,13:16:07,3.75,200,74900
20240202,13:16:17,3.75,100,74900
20240202,13:16:26,3.75,50,74900
20240202,13:17:05,3.7,800,74900
20240202,13:17:33,3.75,50,74900
20240202,13:18:11,3.75,200,75200
20240202,13:18:37,3.7,50,75200
20240202,13:19:13,3.65,100,75200
20240202,13:19:23,3.65,100,75200
20240202,13:19:32,3.65,50,75200
20240202,13:20:06,3.7,150,75200
20240202,13:20:22,3.7,50,75200
20240202,13:21:03,3.7,50,75150
20240202,13:21:11,3.75,150,75150
20240202,13:21:19,3.7,100,75150
20240202,13:21:43,3.8,2150,75150
20240202,13:21:51,3.8,150,75150
20240202,13:21:59,3.8,50,75150
20240202,13:22:07,3.75,50,75150
20240202,13:22:22,3.8,100,75150
20240202,13:22:29,3.8,400,75150
20240202,13:22:44,3.8,50,75150
20240202,13:23:07,3.8,2000,75150
20240202,13:23:15,3.8,1150,75150
20240202,13:23:38,3.8,150,75150
20240202,13:23:54,3.85,1150,75500
20240202,13:25:03,3.95,1400,75500
20240202,13:25:50,4.0,350,75500
20240202,13:26:00,4.05,500,75500
20240202,13:26:27,4.05,50,75500
20240202,13:26:36,4.0,50,75500
20240202,13:26:44,4.0,100,75500
20240202,13:27:16,4.05,150,77550
20240202,13:28:31,4.0,1100,77550
20240202,13:28:39,4.0,650,77550
20240202,13:28:56,4.0,50,77550
20240202,13:29:05,4.05,50,77550
20240202,13:29:21,4.0,250,77550
20240202,13:29:29,4.0,300,77550
20240202,13:29:38,4.0,50,77550
20240202,13:29:54,4.0,700,79100
20240202,13:30:02,4.0,1150,79100
20240202,13:30:10,4.0,4100,79100
20240202,13:30:17,3.95,300,79100
20240202,13:30:25,4.0,500,79100
20240202,13:30:41,4.05,1000,79100
20240202,13:30:49,4.05,200,79100
20240202,13:31:35,4.0,1050,79100
20240202,13:31:43,4.05,1750,79100
20240202,13:31:59,4.15,3000,79100
20240202,13:32:06,4.25,500,79100
20240202,13:32:28,4.2,3200,79100
20240202,13:32:46,4.3,900,79100
20240202,13:33:25,4.3,50,94900
20240202,13:33:33,4.3,1200,94900
20240202,13:33:41,4.25,550,94900
20240202,13:33:48,4.25,200,94900
20240202,13:33:56,4.35,1450,94900
20240202,13:34:04,4.35,450,94900
20240202,13:34:12,4.3,650,94900
20240202,13:34:29,4.3,1550,94900
20240202,13:34:36,4.35,450,94900
20240202,13:34:44,4.3,1000,94900
20240202,13:35:08,4.3,1600,94900
20240202,13:35:15,4.3,700,94900
20240202,13:35:32,4.3,200,94900
20240202,13:35:40,4.3,500,94900
20240202,13:35:59,4.25,50,100550
20240202,13:36:07,4.3,150,100550
20240202,13:36:16,4.3,2000,100550
20240202,13:36:24,4.35,500,100550
20240202,13:36:32,4.35,800,100550
20240202,13:36:40,4.35,50,100550
20240202,13:36:48,4.3,1050,100550
20240202,13:38:08,4.3,50,100550
20240202,13:38:26,4.2,1400,100550
20240202,13:38:36,4.2,50,100550
20240202,13:38:55,4.15,600,100550
20240202,13:39:12,4.15,300,104500
20240202,13:39:21,4.15,550,104500
20240202,13:39:30,4.15,350,104500
20240202,13:41:33,4.05,100,104500
20240202,13:41:41,4.05,250,104500
20240202,13:42:12,4.05,150,104600
20240202,13:42:44,4.0,250,104600
20240202,13:42:52,4.05,200,104600
20240202,13:48:00,4.05,50,104550
20240202,13:48:41,4.05,50,104550
20240202,13:49:03,3.95,100,104550
20240202,13:49:56,4.1,200,104550
20240202,13:50:18,4.05,50,104550
20240202,13:50:41,4.05,50,104550
20240202,13:50:56,4.05,100,104600
20240202,13:53:23,4.05,150,104600
20240202,13:53:29,4.1,50,104600
20240202,13:54:21,4.1,50,104700
20240202,13:55:22,3.95,100,104700
20240202,13:55:37,4.0,50,104700
20240202,13:56:35,3.95,50,104700
20240202,13:56:50,3.95,50,104700
20240202,13:57:36,3.95,100,104600
20240202,13:58:18,3.9,50,104600
20240202,13:58:55,3.85,50,104600
20240202,14:00:23,3.85,150,104700
20240202,14:00:44,3.9,100,104700
20240202,14:01:46,3.95,750,104700
20240202,14:03:37,3.85,150,104700
20240202,14:04:43,3.8,50,105350
20240202,14:04:50,3.75,200,105350
20240202,14:05:13,3.8,50,105350
20240202,14:05:34,3.75,50,105350
20240202,14:05:41,3.75,50,105350
20240202,14:06:47,3.75,50,105150
20240202,14:09:41,3.7,50,105150
20240202,14:10:55,3.75,200,105150
20240202,14:11:10,3.75,50,105150
20240202,14:11:36,3.75,50,105150
20240202,14:11:52,3.75,50,105150
20240202,14:12:01,3.75,50,105150
20240202,14:12:16,3.75,300,105150
20240202,14:13:03,3.75,100,105150
20240202,14:13:25,3.85,50,105150
20240202,14:17:41,3.9,100,105600
20240202,14:19:31,3.9,650,105650
20240202,14:20:00,3.9,100,105650
20240202,14:20:07,3.9,100,105650
20240202,14:20:13,3.9,50,105650
20240202,14:20:20,3.9,200,105650
20240202,14:20:33,3.95,500,105650
20240202,14:23:31,3.85,50,105400
20240202,14:24:14,3.9,50,105400
20240202,14:24:43,4.0,2050,105400
20240202,14:25:04,3.85,200,105400
20240202,14:25:58,3.8,50,105400
20240202,14:26:37,3.75,50,105400
20240202,14:27:18,3.85,150,106400
20240202,14:27:54,3.9,50,106400
20240202,14:28:15,3.9,150,106400
20240202,14:29:02,3.75,50,106400
20240202,14:30:07,3.95,100,106250
20240202,14:30:34,3.9,50,106250
20240202,14:30:40,3.85,350,106250
20240202,14:30:47,3.85,50,106250
20240202,14:31:22,3.85,200,106250
20240202,14:31:36,3.85,100,106250
20240202,14:31:42,3.8,50,106250
20240202,14:32:02,3.75,200,106250
20240202,14:34:47,3.85,50,106250
20240202,14:34:58,3.95,900,106250
20240202,14:36:18,3.85,50,107150
20240202,14:36:49,3.85,50,107150
20240202,14:37:14,3.85,100,107150
20240202,14:38:41,3.8,50,107150
20240202,14:39:01,3.8,50,107200
20240202,14:41:07,3.75,50,107200
20240202,14:41:13,3.75,50,107200
20240202,14:41:19,3.75,50,107200
20240202,14:41:36,3.7,50,107200
20240202,14:42:33,3.85,50,107250
20240202,14:43:37,3.7,50,107250
20240202,14:43:58,3.65,100,107250
20240202,14:44:18,3.65,100,107250
20240202,14:45:29,3.65,100,107500
20240202,14:47:23,3.6,300,107500
20240202,14:51:02,3.6,350,107600
20240202,14:52:14,3.85,200,107600
20240202,14:53:09,3.75,200,107600
20240202,14:53:32,3.9,100,107600
20240202,14:55:37,3.9,50,107500
20240202,14:56:03,3.9,50,107500
20240202,14:56:31,3.65,500,107500
20240202,14:57:01,3.9,100,107750
20240202,14:57:28,3.95,100,107750
20240202,14:57:38,3.95,50,107750
20240202,14:57:47,3.95,100,107750
20240202,14:58:06,3.95,350,107750
20240202,14:58:15,3.95,150,107750
20240202,14:59:02,3.95,50,107750
20240202,15:00:04,3.9,50,108000
20240202,15:00:24,3.8,100,108000
20240202,15:00:34,3.8,100,108000
20240202,15:02:18,3.8,50,108000
20240202,15:04:10,3.8,100,108000
20240202,15:04:20,3.9,100,108000
20240202,15:04:37,3.9,50,108000
20240202,15:05:21,3.95,50,108000
20240202,15:05:30,4.05,50,108000
20240202,15:05:38,4.05,250,108000
20240202,15:05:47,3.9,250,108000
20240202,15:06:22,3.9,350,108000
20240202,15:06:31,3.9,300,108000
20240202,15:06:49,3.85,50,108000
20240202,15:07:43,3.75,50,108000
20240202,15:09:25,3.8,200,108050
20240202,15:11:03,3.9,250,108050
20240202,15:11:12,3.95,100,108050
20240202,15:11:21,4.05,400,108050
20240202,15:11:39,3.85,50,108050
20240202,15:11:48,3.85,50,108050
20240202,15:13:50,4.0,250,107800
20240202,15:13:59,4.1,1250,107800
20240202,15:14:34,4.0,50,107800
20240202,15:14:52,4.0,50,107800
20240202,15:15:01,4.0,50,107800
20240202,15:15:11,4.0,200,107750
20240202,15:17:17,4.0,50,107750
20240202,15:17:52,4.1,100,107750
20240202,15:18:28,4.15,100,107600
20240202,15:18:37,4.15,150,107600
20240202,15:18:46,4.25,650,107600
20240202,15:19:11,4.05,50,107600
20240202,15:19:38,4.05,200,107600
20240202,15:19:55,4.05,100,107600
20240202,15:20:55,4.05,150,107600
20240202,15:21:03,4.05,50,107600
20240202,15:21:12,4.1,100,107850
20240202,15:22:27,4.05,50,107850
20240202,15:22:59,4.05,50,107850
20240202,15:23:55,4.0,50,107850
20240202,15:24:37,4.15,50,107900
20240202,15:25:02,4.1,100,107900
20240202,15:25:11,4.2,50,107900
20240202,15:25:45,3.95,900,107900
20240202,15:25:54,4.45,3000,107900
20240202,15:26:34,4.1,400,107900
20240202,15:27:16,4.05,50,110200
20240202,15:27:32,4.1,100,110200
20240202,15:28:10,4.1,50,110200
20240202,15:28:26,4.1,50,110200
20240202,15:28:35,4.05,50,110200
20240202,15:29:23,3.9,50,110200
20240202,15:29:32,4.8,3200,110200
20240202,15:30:01,3.7,1550,110200
20240205,09:15:18,3.6,1,112900
20240205,09:15:18,4.3,450,112900
20240205,09:15:57,4.35,150,112900
20240205,09:16:05,4.35,150,112900
20240205,09:16:15,4.35,300,112900
20240205,09:16:25,4.45,200,113350
20240205,09:16:34,4.3,900,113350
20240205,09:16:42,4.3,350,113350
20240205,09:16:53,4.35,50,113350
20240205,09:17:11,4.45,150,113350
20240205,09:17:19,4.45,150,113350
20240205,09:17:29,4.4,600,113350
20240205,09:17:38,4.5,1900,113350
20240205,09:17:54,4.5,100,113350
20240205,09:18:02,4.4,150,113350
20240205,09:18:25,4.35,300,113350
20240205,09:18:34,4.4,200,113350
20240205,09:18:50,4.35,300,113350
20240205,09:18:59,4.45,350,113350
20240205,09:19:24,4.4,300,115500
20240205,09:19:40,4.4,100,115500
20240205,09:19:48,4.4,50,115500
20240205,09:20:11,4.35,50,115500
20240205,09:20:19,4.5,250,115500
20240205,09:21:07,4.4,50,115500
20240205,09:21:15,4.5,800,115500
20240205,09:21:24,4.45,350,115500
20240205,09:22:00,4.2,1350,115500
20240205,09:23:00,4.25,150,116650
20240205,09:23:07,4.3,50,116650
20240205,09:23:29,4.3,100,116650
20240205,09:23:50,4.3,50,116650
20240205,09:24:04,4.3,300,116650
20240205,09:24:12,4.3,50,116650
20240205,09:24:35,4.35,100,116650
20240205,09:24:42,4.45,300,116650
20240205,09:24:50,4.35,50,116650
20240205,09:25:06,4.25,300,116650
20240205,09:25:37,4.3,1200,116550
20240205,09:25:44,4.25,200,116550
20240205,09:25:51,4.2,50,116550
20240205,09:26:00,4.2,450,116550
20240205,09:26:18,4.15,150,116550
20240205,09:27:19,4.15,150,116550
20240205,09:27:33,4.1,800,116550
20240205,09:27:40,4.1,50,116550
20240205,09:27:48,4.1,150,116550
20240205,09:28:01,4.0,150,116550
20240205,09:28:54,4.15,100,116300
20240205,09:30:05,4.2,150,116300
20240205,09:30:21,4.15,150,116300
20240205,09:31:05,4.2,50,116300
20240205,09:31:20,4.2,50,116250
20240205,09:31:42,4.2,50,116250
20240205,09:32:04,4.1,50,116250
20240205,09:32:19,4.15,50,116250
20240205,09:35:48,4.1,300,116200
20240205,09:36:08,4.1,50,116200
20240205,09:37:12,4.05,50,116200
20240205,09:37:27,4.0,150,116100
20240205,09:37:55,4.15,450,116100
20240205,09:38:02,3.9,250,116100
20240205,09:38:10,4.0,50,116100
20240205,09:39:16,3.95,150,116100
20240205,09:39:30,3.85,1000,116100
20240205,09:39:45,4.0,100,116100
20240205,09:39:52,3.85,150,116100
20240205,09:40:15,4.0,200,116100
20240205,09:40:32,4.0,50,116450
20240205,09:40:40,3.85,1800,116450
20240205,09:41:25,3.85,50,116450
20240205,09:41:33,3.8,1800,116450
20240205,09:41:49,3.95,50,116450
20240205,09:43:44,3.95,350,116000
20240205,09:43:58,3.95,250,116000
20240205,09:44:37,3.95,200,116000
20240205,09:47:04,4.0,100,115500
20240205,09:48:43,3.85,300,115500
20240205,09:50:04,3.9,200,115550
20240205,09:51:23,3.9,50,115550
20240205,09:51:32,3.85,50,115550
20240205,09:51:56,3.85,300,115550
20240205,09:53:07,3.85,650,115550
20240205,09:53:46,3.85,100,115550
20240205,09:56:43,3.8,100,116000
20240205,09:57:12,3.95,50,116000
20240205,09:57:52,3.9,50,116000
20240205,09:57:58,3.8,400,116000
20240205,09:58:48,3.8,100,115800
20240205,09:59:53,3.85,100,115800
20240205,10:01:59,3.8,300,115700
20240205,10:02:09,3.8,50,115700
20240205,10:04:01,3.7,300,115700
20240205,10:04:08,3.75,550,115700
20240205,10:04:26,3.8,50,115700
20240205,10:04:58,3.8,50,116350
20240205,10:05:18,3.8,50,116350
20240205,10:05:27,3.8,50,116350
20240205,10:07:45,3.7,100,116500
20240205,10:09:49,3.7,100,116500
20240205,10:10:36,3.7,1500,116500
20240205,10:11:02,3.8,250,116500
20240205,10:12:37,3.75,1400,116500
20240205,10:13:40,3.75,1400,115600
20240205,10:15:41,3.75,150,115600
20240205,10:16:00,3.75,600,115600
20240205,10:16:20,3.75,250,114700
20240205,10:16:59,3.8,150,114700
20240205,10:17:09,3.85,500,114700
20240205,10:17:19,3.85,100,114700
20240205,10:17:29,3.85,800,114700
20240205,10:17:39,3.85,50,114700
20240205,10:17:49,3.9,200,114700
20240205,10:18:10,3.85,1150,114700
20240205,10:18:20,3.85,50,114700
20240205,10:18:31,3.85,250,114700
20240205,10:18:42,3.8,450,114700
20240205,10:19:02,3.9,150,114700
20240205,10:19:22,3.9,200,114700
20240205,10:19:33,3.85,100,111900
20240205,10:19:43,3.9,400,111900
20240205,10:19:53,3.9,50,111900
20240205,10:21:02,3.8,50,111900
20240205,10:21:12,3.8,50,111900
20240205,10:21:22,3.85,50,111900
20240205,10:21:32,3.85,200,111900
20240205,10:21:51,3.8,700,111900
20240205,10:22:01,3.8,100,111900
20240205,10:22:10,3.8,250,111900
20240205,10:22:19,3.8,200,111900
20240205,10:22:37,3.8,50,112450
20240205,10:23:42,3.85,100,112450
20240205,10:24:00,3.9,300,112450
20240205,10:24:09,3.85,100,112450
20240205,10:24:37,3.85,450,112450
20240205,10:24:57,3.85,500,112450
20240205,10:25:06,3.85,50,112450
20240205,10:25:33,3.85,100,112350
20240205,10:26:08,3.8,600,112350
20240205,10:26:17,3.85,200,112350
20240205,10:27:59,3.85,100,112350
20240205,10:28:07,3.8,250,112350
20240205,10:30:15,3.75,1350,112450
20240205,10:31:10,3.85,150,112450
20240205,10:31:35,3.95,50,113650
20240205,10:33:40,3.9,150,113650
20240205,10:34:04,3.85,50,113650
20240205,10:34:19,3.8,50,113650
20240205,10:35:20,3.85,50,113600
20240205,10:35:43,3.95,50,113600
20240205,10:36:38,3.85,100,113600
20240205,10:37:36,3.85,50,113500
20240205,10:38:01,3.85,50,113500
20240205,10:38:10,3.8,50,113500
20240205,10:39:16,3.7,100,113500
20240205,10:39:31,3.75,50,113500
20240205,10:39:56,3.95,1500,113500
20240205,10:43:02,3.85,100,114100
20240205,10:43:24,3.85,50,114100
20240205,10:43:40,3.85,50,114150
20240205,10:45:20,3.85,300,114150
20240205,10:45:28,3.85,150,114150
20240205,10:45:46,3.85,200,114150
20240205,10:48:15,3.8,50,114300
20240205,10:48:59,3.8,50,114300
20240205,10:55:03,4.0,200,114350
20240205,11:07:03,3.85,50,114500
20240205,11:11:33,3.7,1600,114500
20240205,11:16:27,3.75,100,113650
20240205,11:17:01,3.7,50,113650
20240205,11:22:25,3.65,400,113650
20240205,11:23:40,3.7,100,113700
20240205,11:25:12,3.8,100,113700
20240205,11:26:25,3.8,50,113600
20240205,11:26:35,3.65,200,113600
20240205,11:31:59,3.75,50,113600
20240205,11:36:59,3.45,2450,113600
20240205,11:38:38,3.55,50,115250
20240205,11:39:25,3.55,50,115250
20240205,11:39:46,3.6,50,115250
20240205,11:39:51,3.55,50,115250
20240205,11:41:59,3.5,600,115200
20240205,11:42:18,3.5,500,115200
20240205,11:43:02,3.5,300,115200
20240205,11:45:21,3.5,1500,116350
20240205,11:46:25,3.5,300,116350
20240205,11:46:54,3.5,100,118150
20240205,11:51:16,3.65,300,118250
20240205,11:55:58,3.65,50,118500
20240205,12:07:20,3.65,100,118500
20240205,12:12:31,3.5,400,118550
20240205,12:12:36,3.5,200,118550
20240205,12:12:41,3.5,200,118550
20240205,12:12:46,3.5,100,118550
20240205,12:13:00,3.5,600,118550
20240205,12:13:06,3.45,200,118550
20240205,12:13:11,3.4,1650,118550
20240205,12:13:48,3.25,2150,115300
20240205,12:13:52,3.25,200,115300
20240205,12:14:11,3.25,800,115300
20240205,12:14:16,3.25,300,115300
20240205,12:14:22,3.3,350,115300
20240205,12:14:28,3.25,600,115300
20240205,12:14:33,3.25,50,115300
20240205,12:14:43,3.2,200,115300
20240205,12:15:09,3.2,450,115300
20240205,12:15:15,3.15,200,115300
20240205,12:15:21,3.15,1800,115300
20240205,12:15:26,3.15,200,115300
20240205,12:15:31,3.1,400,115300
20240205,12:15:36,3.1,200,115300
20240205,12:15:41,3.1,600,115300
20240205,12:16:01,3.05,1200,115300
20240205,12:16:06,3.05,1200,115300
20240205,12:16:11,3.05,400,115300
20240205,12:16:16,3.05,400,115300
20240205,12:16:20,3.0,400,115300
20240205,12:16:26,3.0,1300,115300
20240205,12:16:30,3.05,750,115300
20240205,12:16:34,3.0,200,115300
20240205,12:16:39,3.0,200,112300
20240205,12:16:43,3.0,2450,112300
20240205,12:16:48,3.0,1200,112300
20240205,12:16:53,3.05,3250,112300
20240205,12:16:58,3.0,1000,112300
20240205,12:17:02,3.0,1000,112300
20240205,12:17:07,3.0,600,112300
20240205,12:17:15,3.05,1200,112300
20240205,12:17:19,3.0,1550,112300
20240205,12:17:24,3.0,400,112300
20240205,12:17:29,3.0,600,112300
20240205,12:17:34,2.95,1000,112300
20240205,12:17:39,2.95,400,112300
20240205,12:17:45,2.95,1200,112300
20240205,12:17:52,3.0,600,112300
20240205,12:17:57,2.95,2000,112300
20240205,12:18:01,2.95,1850,112300
20240205,12:18:06,2.9,1200,112300
20240205,12:18:12,2.9,3600,112300
20240205,12:18:18,2.9,1550,112300
20240205,12:18:39,2.9,1050,112300
20240205,12:20:44,2.9,1400,111400
20240205,12:20:51,2.95,700,111400
20240205,12:21:20,3.0,50,111400
20240205,12:21:27,2.95,50,111400
20240205,12:22:24,2.95,50,111400
20240205,12:23:01,3.0,500,109300
20240205,12:23:44,3.0,50,109300
20240205,12:24:18,3.0,500,109300
20240205,12:25:06,3.0,50,109300
20240205,12:25:16,3.0,200,109300
20240205,12:25:48,3.0,200,110100
20240205,12:25:58,3.0,50,110100
20240205,12:26:22,3.05,450,110100
20240205,12:26:37,3.05,1050,110100
20240205,12:26:41,3.05,1050,110100
20240205,12:26:51,3.05,1000,110100
20240205,12:27:00,3.05,50,110100
20240205,12:31:20,3.05,50,106950
20240205,12:32:33,3.05,50,106950
20240205,12:32:42,3.05,50,106950
20240205,12:33:33,3.05,50,106950
20240205,12:35:10,3.05,50,106950
20240205,12:35:24,3.05,50,106950
20240205,12:36:07,3.0,100,106950
20240205,12:37:49,3.05,600,106850
20240205,12:38:34,3.0,50,106850
20240205,12:38:42,3.05,100,106850
20240205,12:39:26,3.05,50,106850
20240205,12:40:27,3.05,50,106850
20240205,12:41:07,3.1,650,106050
20240205,12:41:28,3.05,50,106050
20240205,12:41:35,3.0,150,106050
20240205,12:42:07,3.05,50,106050
20240205,12:42:51,3.05,100,106050
20240205,12:44:22,3.05,50,105350
20240205,12:45:07,3.05,50,105350
20240205,12:46:00,3.05,50,105350
20240205,12:46:24,3.05,50,105350
20240205,12:47:58,3.0,50,105150
20240205,12:49:02,3.05,900,105150
20240205,12:50:05,3.05,900,104250
20240205,12:50:36,3.05,200,104250
20240205,12:52:43,3.1,1550,104250
20240205,12:52:47,3.05,50,104250
20240205,12:56:04,3.05,200,103500
20240205,12:59:00,3.2,900,103500
20240205,13:00:27,3.15,50,103500
20240205,13:00:35,3.15,50,103500
20240205,13:00:39,3.15,50,103500
20240205,13:00:43,3.2,100,103500
20240205,13:00:48,3.15,50,103500
20240205,13:00:52,3.2,50,103500
20240205,13:00:55,3.2,50,103500
20240205,13:00:59,3.15,100,103500
20240205,13:01:03,3.15,50,103500
20240205,13:01:08,3.2,750,103500
20240205,13:01:13,3.15,50,103500
20240205,13:01:25,3.1,50,103500
20240205,13:02:08,3.05,50,103850
20240205,13:07:13,3.05,100,103800
20240205,13:07:41,3.0,300,103800
20240205,13:09:15,2.95,250,103650
20240205,13:12:00,2.9,150,103650
20240205,13:13:51,2.9,50,103650
20240205,13:14:11,2.9,150,103650
20240205,13:14:50,2.9,50,103650
20240205,13:15:13,2.9,50,103650
20240205,13:15:40,2.95,1150,103650
20240205,13:16:26,2.95,100,103650
20240205,13:17:36,2.95,50,102650
20240205,13:19:17,3.05,500,102650
20240205,13:19:21,3.0,50,102650
20240205,13:19:55,3.05,400,102650
20240205,13:20:26,3.05,650,102650
20240205,13:20:45,3.0,1500,102650
20240205,13:21:39,3.0,50,102650
20240205,13:23:08,3.0,50,101150
20240205,13:23:41,2.95,100,101150
20240205,13:23:48,2.95,50,101150
20240205,13:24:03,2.95,100,101150
20240205,13:25:56,3.0,50,101150
20240205,13:28:44,2.95,1600,101150
20240205,13:29:18,2.9,300,100250
20240205,13:29:34,2.85,300,100250
20240205,13:29:41,2.85,300,100250
20240205,13:29:47,2.85,200,100250
20240205,13:32:35,2.9,50,101200
20240205,13:34:16,2.95,1050,101200
20240205,13:34:57,2.95,50,101150
20240205,13:35:04,3.0,150,101150
20240205,13:35:12,3.0,500,101150
20240205,13:37:21,3.0,150,101150
20240205,13:38:27,2.85,300,101200
20240205,13:39:01,2.85,200,101200
20240205,13:41:40,2.95,50,101000
20240205,13:41:59,2.95,50,101000
20240205,13:45:45,2.9,150,101050
20240205,13:46:30,2.95,550,101050
20240205,13:46:34,3.0,1350,101050
20240205,13:47:05,2.95,50,101100
20240205,13:47:29,2.95,50,101100
20240205,13:48:17,3.0,100,101100
20240205,13:48:21,3.0,50,101100
20240205,13:48:25,3.0,200,101100
20240205,13:48:30,3.0,200,101100
20240205,13:48:34,2.95,800,101100
20240205,13:48:38,2.95,300,101100
20240205,13:49:38,2.95,400,101100
20240205,13:51:12,2.95,50,102100
20240205,13:51:24,2.95,150,102100
20240205,13:52:03,3.05,1000,102100
20240205,13:52:14,3.0,1050,102100
20240205,13:52:24,3.0,1000,102100
20240205,13:52:27,3.0,50,102100
20240205,13:52:34,3.05,1000,102100
20240205,13:52:44,3.0,50,102100
20240205,13:52:59,3.0,50,103750
20240205,13:53:30,3.0,450,103750
20240205,13:53:41,3.05,550,103750
20240205,13:53:48,3.05,500,103750
20240205,13:54:01,3.1,900,103750
20240205,13:54:19,3.1,100,103750
20240205,13:54:23,3.1,150,103750
20240205,13:58:34,3.25,2500,105150
20240205,14:03:01,3.25,100,105450
20240205,14:03:32,3.15,50,105450
20240205,14:04:21,3.15,50,105450
20240205,14:04:44,3.15,50,105450
20240205,14:04:53,3.1,100,105350
20240205,14:06:37,3.15,50,105350
20240205,14:06:42,3.15,150,105350
20240205,14:06:54,3.2,50,105350
20240205,14:07:18,3.2,150,105350
20240205,14:07:49,3.2,50,105350
20240205,14:07:59,3.2,50,105150
20240205,14:08:17,3.2,50,105150
20240205,14:08:50,3.25,50,105150
20240205,14:09:17,3.3,50,105150
20240205,14:09:30,3.25,50,105150
20240205,14:10:40,3.2,1000,105150
20240205,14:10:54,3.25,50,105150
20240205,14:11:10,3.3,100,104300
20240205,14:11:16,3.3,50,104300
20240205,14:11:57,3.35,50,104300
20240205,14:12:39,3.35,50,104300
20240205,14:12:59,3.1,100,104300
20240205,14:13:14,3.1,350,104300
20240205,14:13:22,3.1,50,104300
20240205,14:13:28,3.1,100,104300
20240205,14:16:10,3.15,50,103800
20240205,14:16:15,3.15,50,103800
20240205,14:16:19,3.1,50,103800
20240205,14:16:24,3.1,50,103800
20240205,14:16:33,3.15,50,103800
20240205,14:16:42,3.1,50,103800
20240205,14:16:46,3.15,50,103800
20240205,14:16:52,3.15,50,103800
20240205,14:16:57,3.1,50,104000
20240205,14:17:05,3.1,50,104000
20240205,14:18:06,3.1,50,104000
20240205,14:18:11,3.1,600,104000
20240205,14:18:16,3.15,250,104000
20240205,14:24:59,3.3,50,104150
20240205,14:25:11,3.3,50,104150
20240205,14:25:17,3.3,50,104150
20240205,14:25:25,3.3,50,104150
20240205,14:25:52,3.15,100,104150
20240205,14:26:16,3.3,50,104100
20240205,14:26:22,3.3,50,104100
20240205,14:26:28,3.3,100,104100
20240205,14:26:51,3.3,100,104100
20240205,14:27:49,3.3,50,104100
20240205,14:28:03,3.3,500,104100
20240205,14:29:27,3.35,50,103750
20240205,14:30:09,3.3,500,103750
20240205,14:30:35,3.4,300,103750
20240205,14:32:25,3.4,50,103300
20240205,14:33:08,3.4,50,103300
20240205,14:34:34,3.35,50,103300
20240205,14:35:00,3.35,100,103350
20240205,14:35:24,3.3,200,103350
20240205,14:35:51,3.3,50,103350
20240205,14:36:00,3.15,350,103350
20240205,14:36:09,3.3,50,103350
20240205,14:36:18,3.3,50,103350
20240205,14:36:37,3.3,50,103350
20240205,14:37:07,3.3,200,103350
20240205,14:37:26,3.3,50,103350
20240205,14:37:43,3.3,50,103350
20240205,14:38:29,3.2,300,103600
20240205,14:38:57,3.25,100,103600
20240205,14:39:06,3.2,50,103600
20240205,14:40:27,3.25,50,103600
20240205,14:41:11,3.2,250,103950
20240205,14:41:19,3.2,50,103950
20240205,14:41:37,3.15,50,103950
20240205,14:41:46,3.1,500,103950
20240205,14:41:54,3.1,300,103950
20240205,14:42:03,3.1,50,103950
20240205,14:42:13,3.1,50,103950
20240205,14:42:24,3.1,100,103950
20240205,14:42:35,3.0,850,103950
20240205,14:42:48,3.1,250,103950
20240205,14:42:58,3.15,150,103950
20240205,14:43:08,3.15,100,103950
20240205,14:43:19,3.2,400,103950
20240205,14:43:28,3.2,100,103950
20240205,14:43:38,3.25,350,103950
20240205,14:43:59,3.3,550,103950
20240205,14:44:08,3.3,400,103650
20240205,14:44:19,3.35,250,103650
20240205,14:44:30,3.35,300,103650
20240205,14:44:40,3.25,750,103650
20240205,14:45:01,3.3,50,103650
20240205,14:45:21,3.35,100,103650
20240205,14:45:33,3.4,1050,103650
20240205,14:45:44,3.4,50,103650
20240205,14:45:55,3.45,1050,103650
20240205,14:46:07,3.45,350,103650
20240205,14:46:17,3.35,150,103650
20240205,14:46:27,3.3,400,103650
20240205,14:47:49,3.25,250,103200
20240205,14:48:00,3.25,50,103200
20240205,14:48:11,3.3,200,103200
20240205,14:48:51,2.95,2750,103200
20240205,14:49:11,3.25,850,103200
20240205,14:49:21,3.2,900,103200
20240205,14:50:11,3.3,50,103250
20240205,14:50:41,3.35,50,103250
20240205,14:50:51,3.4,100,103250
20240205,14:51:20,3.45,100,103250
20240205,14:51:57,3.5,150,103250
20240205,14:52:06,3.35,200,103250
20240205,14:52:15,3.35,50,103250
20240205,14:52:34,3.3,100,103250
20240205,14:52:44,3.25,450,103250
20240205,14:52:54,3.45,350,103250
20240205,14:53:34,3.1,1000,103350
20240205,14:53:44,3.3,100,103350
20240205,14:54:03,3.3,100,103350
20240205,14:54:12,3.3,50,103350
20240205,14:54:49,3.25,50,103350
20240205,14:55:26,3.25,200,103350
20240205,14:57:24,3.45,200,104150
20240205,14:58:03,3.45,100,104150
20240205,14:58:21,3.4,250,104150
20240205,14:58:40,3.4,50,104150
20240205,14:58:59,3.4,1050,104150
20240205,14:59:45,3.45,950,103800
20240205,15:00:11,3.45,100,103800
20240205,15:00:31,3.4,300,103800
20240205,15:01:09,3.45,50,103800
20240205,15:01:46,3.45,50,103800
20240205,15:01:54,3.4,200,103800
20240205,15:02:38,3.4,1500,102600
20240205,15:03:13,3.3,50,102600
20240205,15:04:08,3.3,100,102600
20240205,15:04:36,3.3,50,102600
20240205,15:05:04,3.2,50,103800
20240205,15:05:13,3.25,100,103800
20240205,15:07:10,3.3,50,103800
20240205,15:07:40,3.25,150,103800
20240205,15:11:21,3.2,200,103850
20240205,15:11:41,3.0,200,103850
20240205,15:12:00,3.2,100,103850
20240205,15:12:20,3.25,250,103850
20240205,15:12:49,3.25,500,103850
20240205,15:12:59,3.25,300,103850
20240205,15:13:28,3.25,1000,103850
20240205,15:14:24,3.2,50,103950
20240205,15:14:32,3.4,1000,103950
20240205,15:15:29,3.25,450,103950
20240205,15:16:09,3.25,100,103950
20240205,15:16:18,3.15,100,103950
20240205,15:17:06,3.2,100,103950
20240205,15:17:16,3.25,150,103950
20240205,15:17:45,3.2,150,105100
20240205,15:18:13,3.25,150,105100
20240205,15:19:08,3.3,50,105100
20240205,15:20:20,3.35,800,105400
20240205,15:20:29,3.35,50,105400
20240205,15:21:34,3.35,50,105400
20240205,15:22:09,3.3,50,105400
20240205,15:22:29,3.3,400,105400
20240205,15:22:56,3.3,50,105400
20240205,15:24:14,3.2,100,104950
20240205,15:24:50,3.35,150,104950
20240205,15:24:58,3.35,100,104950
20240205,15:25:42,3.4,150,104950
20240205,15:25:51,3.15,2050,104950
20240205,15:26:33,3.3,50,104900
20240205,15:28:19,3.25,550,104900
20240205,15:28:28,3.2,50,104900
20240205,15:28:46,3.35,50,104900
20240205,15:29:13,3.35,100,104800
20240205,15:29:21,3.05,700,104800
20240205,15:29:39,3.45,300,104800
20240206,09:15:08,3.95,1,104700
20240206,09:15:08,3.95,50,104700
20240206,09:15:22,3.15,200,104700
20240206,09:15:32,3.3,150,104700
20240206,09:16:56,3.3,150,104950
20240206,09:17:08,3.35,50,104950
20240206,09:17:19,3.35,50,104950
20240206,09:17:48,3.35,550,104950
20240206,09:18:17,3.45,250,104950
20240206,09:18:27,3.45,250,104950
20240206,09:18:37,3.4,100,104950
20240206,09:19:24,3.4,1800,104950
20240206,09:19:33,3.3,250,106950
20240206,09:19:43,3.3,250,106950
20240206,09:20:11,3.35,50,106950
20240206,09:20:20,3.3,1800,106950
20240206,09:20:29,3.35,150,106950
20240206,09:20:39,3.4,50,106950
20240206,09:20:48,3.35,700,106950
20240206,09:21:15,3.35,150,106950
20240206,09:21:25,3.35,50,106950
20240206,09:21:33,3.35,1550,106950
20240206,09:22:51,3.35,50,110900
20240206,09:23:20,3.3,50,110900
20240206,09:23:29,3.45,1250,110900
20240206,09:23:54,3.25,50,110900
20240206,09:24:12,3.25,50,110900
20240206,09:24:37,3.25,50,110900
20240206,09:24:46,3.25,50,110900
20240206,09:25:05,3.3,100,110900
20240206,09:25:16,3.25,100,110900
20240206,09:26:05,3.25,300,112100
20240206,09:26:17,3.25,50,112100
20240206,09:26:28,3.3,550,112100
20240206,09:27:14,3.3,100,112100
20240206,09:27:25,3.3,150,112100
20240206,09:27:49,3.25,1250,112100
20240206,09:28:00,3.3,50,112100
20240206,09:28:23,3.2,200,112100
20240206,09:31:17,3.2,450,112700
20240206,09:31:28,3.2,300,112700
20240206,09:31:50,3.25,50,113450
20240206,09:32:00,3.2,50,113450
20240206,09:32:10,3.45,950,113450
20240206,09:32:21,3.25,250,113450
20240206,09:32:43,3.15,150,113450
20240206,09:32:55,3.1,50,113450
20240206,09:33:31,3.1,500,113450
20240206,09:34:26,3.1,50,113450
20240206,09:34:48,3.15,50,114550
20240206,09:35:20,3.1,100,114550
20240206,09:35:32,3.1,50,114550
20240206,09:36:02,3.1,50,114550
20240206,09:36:23,3.1,100,114550
20240206,09:36:54,3.0,2000,114550
20240206,09:37:04,3.0,1100,114550
20240206,09:37:14,2.9,1000,114550
20240206,09:37:23,2.9,1050,114550
20240206,09:37:33,2.8,2100,120500
20240206,09:37:43,2.8,100,120500
20240206,09:38:17,2.8,100,120500
20240206,09:38:30,2.8,100,120500
20240206,09:38:42,2.8,450,120500
20240206,09:39:06,2.8,50,120500
20240206,09:39:31,2.8,50,120500
20240206,09:39:43,2.75,950,120500
20240206,09:40:28,2.75,100,120500
20240206,09:40:40,2.95,600,121300
20240206,09:41:14,2.9,50,121300
20240206,09:41:36,2.95,500,121300
20240206,09:43:17,3.0,1600,121300
20240206,09:43:27,3.05,50,121300
20240206,09:44:09,3.0,800,121300
20240206,09:45:20,3.0,250,120050
20240206,09:46:17,3.0,100,120050
20240206,09:46:29,3.0,300,120050
20240206,09:46:50,3.0,1050,118650
20240206,09:47:11,3.0,250,118650
20240206,09:47:32,3.05,100,118650
20240206,09:48:04,2.9,1000,118650
20240206,09:48:46,2.9,50,118650
20240206,09:48:56,2.85,800,118650
20240206,09:49:05,2.95,50,118650
20240206,09:49:15,2.95,100,118650
20240206,09:50:46,2.9,100,119300
20240206,09:51:40,2.9,50,119300
20240206,09:52:12,2.9,1500,119300
20240206,09:52:23,2.9,50,119300
20240206,09:53:35,2.9,450,117750
20240206,09:53:56,2.85,100,117750
20240206,09:55:08,2.95,450,117750
20240206,09:55:41,2.95,550,117300
20240206,09:56:25,2.95,50,117300
20240206,09:56:35,2.95,300,117300
20240206,09:58:07,2.95,50,117300
20240206,09:58:53,3.0,650,117250
20240206,09:59:05,3.0,50,117250
20240206,09:59:27,3.05,250,117250
20240206,09:59:48,3.0,50,117250
20240206,09:59:58,3.0,50,117250
20240206,10:00:29,2.95,500,117250
20240206,10:00:39,2.95,500,117250
20240206,10:00:50,2.9,500,117250
20240206,10:01:00,2.9,500,117250
20240206,10:01:11,2.9,500,117250
20240206,10:01:21,2.85,500,117250
20240206,10:01:30,2.85,500,117250
20240206,10:01:40,2.85,500,117250
20240206,10:01:49,2.85,500,117850
20240206,10:01:58,2.8,500,117850
20240206,10:02:08,2.8,500,117850
20240206,10:02:18,2.8,500,117850
20240206,10:03:11,2.85,250,117850
20240206,10:04:22,2.85,50,117850
20240206,10:05:07,2.9,150,119800
20240206,10:05:30,2.85,500,119800
20240206,10:05:41,2.85,500,119800
20240206,10:05:53,2.8,1000,119800
20240206,10:06:04,2.85,550,119800
20240206,10:06:15,2.8,500,119800
20240206,10:06:26,2.75,500,119800
20240206,10:06:37,2.85,1800,119800
20240206,10:08:29,2.85,400,122550
20240206,10:08:40,2.8,1000,122550
20240206,10:09:21,2.85,1550,122550
20240206,10:09:31,2.85,100,122550
20240206,10:12:32,2.85,100,120800
20240206,10:13:54,2.85,50,120700
20240206,10:14:23,2.85,600,120700
20240206,10:15:24,2.8,1500,120700
20240206,10:15:35,2.9,1600,120700
20240206,10:19:01,2.9,250,120250
20240206,10:20:34,2.95,50,120150
20240206,10:24:00,2.9,100,120150
20240206,10:26:00,2.95,100,120050
20240206,10:26:40,2.95,50,120050
20240206,10:27:21,2.95,50,120050
20240206,10:28:25,2.95,250,120050
20240206,10:28:34,2.95,250,120050
20240206,10:29:04,2.95,250,120200
20240206,10:30:38,3.0,150,120200
20240206,10:30:58,3.0,50,120200
20240206,10:31:09,3.05,300,120200
20240206,10:31:40,3.0,150,120200
20240206,10:32:29,3.0,50,120050
20240206,10:33:16,3.1,250,120050
20240206,10:33:43,3.0,100,120050
20240206,10:34:02,3.0,50,120050
20240206,10:35:18,3.05,350,120050
20240206,10:35:27,3.05,200,120050
20240206,10:35:36,3.05,50,120050
20240206,10:35:46,3.05,100,120050
20240206,10:37:39,3.0,50,120050
20240206,10:37:59,3.15,500,119950
20240206,10:38:18,3.05,150,119950
20240206,10:39:02,3.0,50,119950
20240206,10:39:11,3.0,100,119950
20240206,10:40:40,2.95,50,119950
20240206,10:44:57,2.95,50,120150
20240206,10:45:08,2.95,100,120150
20240206,10:45:19,2.95,50,120150
20240206,10:45:38,2.95,250,120150
20240206,10:47:56,2.95,100,120300
20240206,10:50:40,2.95,250,120400
20240206,10:51:03,2.9,50,120400
20240206,11:01:12,2.9,1950,120300
20240206,11:01:21,2.9,250,120300
20240206,11:01:29,2.85,1200,120300
20240206,11:02:41,2.95,1050,122150
20240206,11:03:02,2.9,100,122150
20240206,11:04:19,2.9,450,122150
20240206,11:04:54,3.0,50,123000
20240206,11:05:55,2.95,1050,123000
20240206,11:06:20,2.9,500,123000
20240206,11:06:42,2.95,2050,123000
20240206,11:06:49,3.0,3650,123000
20240206,11:06:56,3.1,800,123000
20240206,11:07:11,3.05,850,123000
20240206,11:07:50,3.0,1500,123100
20240206,11:07:58,3.05,3050,123100
20240206,11:08:17,3.0,1950,123100
20240206,11:08:23,3.0,1250,123100
20240206,11:08:31,3.0,1950,123100
20240206,11:08:38,3.0,100,123100
20240206,11:08:44,3.0,900,123100
20240206,11:08:58,3.0,1100,123100
20240206,11:09:06,3.0,500,123100
20240206,11:10:17,3.05,150,123100
20240206,11:10:26,3.05,200,123100
20240206,11:11:29,3.05,1450,133800
20240206,11:11:57,3.1,750,133800
20240206,11:12:39,3.0,3000,133800
20240206,11:13:05,3.05,50,133800
20240206,11:14:22,3.05,300,136200
20240206,11:14:32,3.1,50,136200
20240206,11:17:38,3.05,50,136250
20240206,11:18:23,3.05,550,136250
20240206,11:18:41,3.1,50,136250
20240206,11:18:53,3.05,50,136250
20240206,11:19:00,3.05,50,136250
20240206,11:21:47,3.15,750,136500
20240206,11:22:05,3.1,50,136500
20240206,11:22:15,3.1,50,136500
20240206,11:27:28,3.1,300,136750
20240206,11:28:27,3.15,350,136750
20240206,11:32:30,3.15,50,136450
20240206,11:33:12,3.1,300,136450
20240206,11:33:40,3.05,50,136450
20240206,11:34:20,3.05,50,136450
20240206,11:35:16,3.05,50,136400
20240206,11:35:42,3.05,200,136400
20240206,11:35:54,3.05,50,136400
20240206,11:36:07,3.05,200,136400
20240206,11:36:56,3.05,50,136400
20240206,11:37:09,3.05,150,136400
20240206,11:42:06,3.15,500,136600
20240206,11:42:17,3.1,100,136600
20240206,11:42:27,3.05,500,136600
20240206,11:42:58,3.1,200,136600
20240206,11:44:16,3.1,50,136000
20240206,11:44:28,3.1,500,136000
20240206,11:45:37,3.1,450,136000
20240206,11:45:46,3.1,150,136000
20240206,11:46:17,3.05,50,136000
20240206,11:46:27,3.05,450,136000
20240206,11:46:38,3.05,250,136000
20240206,11:46:48,3.05,250,136000
20240206,11:46:58,3.1,600,134650
20240206,11:47:19,3.1,650,134650
20240206,11:47:48,3.15,800,134650
20240206,11:48:16,3.2,1300,134650
20240206,11:48:34,3.2,450,134650
20240206,11:48:44,3.15,50,134650
20240206,11:50:09,3.2,450,133000
20240206,11:50:40,3.2,300,133000
20240206,11:57:05,3.25,50,132650
20240206,11:57:11,3.25,50,132650
20240206,11:58:05,3.25,200,132650
20240206,11:59:40,3.25,900,132750
20240206,12:01:27,3.3,850,132750
20240206,12:04:41,3.3,250,132450
20240206,12:05:24,3.2,200,132500
20240206,12:06:53,3.15,50,132500
20240206,12:07:56,3.15,1500,132300
20240206,12:09:16,3.05,500,132300
20240206,12:09:31,3.1,500,132300
20240206,12:09:37,3.1,500,132300
20240206,12:09:50,3.05,500,132300
20240206,12:09:59,3.05,500,132300
20240206,12:10:08,3.05,500,132300
20240206,12:10:15,3.05,500,132300
20240206,12:10:32,3.05,500,132300
20240206,12:10:41,3.05,500,132300
20240206,12:10:50,3.05,500,132300
20240206,12:10:59,3.0,500,136400
20240206,12:11:09,3.05,500,136400
20240206,12:11:19,3.05,500,136400
20240206,12:11:32,3.05,500,136400
20240206,12:11:43,3.1,500,136400
20240206,12:11:53,3.05,500,136400
20240206,12:12:04,3.05,1000,136400
20240206,12:12:14,3.05,500,136400
20240206,12:12:25,3.0,500,136400
20240206,12:12:38,3.0,500,136400
20240206,12:12:50,3.05,500,136400
20240206,12:13:02,3.0,550,136400
20240206,12:13:15,3.0,1000,136400
20240206,12:13:26,3.0,500,136400
20240206,12:13:35,3.0,2000,136400
20240206,12:13:53,3.1,800,136400
20240206,12:14:01,3.0,500,145100
20240206,12:14:08,3.0,500,145100
20240206,12:14:16,3.0,500,145100
20240206,12:14:25,3.0,600,145100
20240206,12:14:43,3.05,600,145100
20240206,12:14:51,3.0,500,145100
20240206,12:14:59,3.0,500,145100
20240206,12:15:08,3.05,600,145100
20240206,12:15:15,3.0,500,145100
20240206,12:15:23,3.1,350,145100
20240206,12:15:33,3.0,500,145100
20240206,12:15:44,3.0,1000,145100
20240206,12:15:57,3.0,500,145100
20240206,12:16:07,3.0,500,145100
20240206,12:16:19,3.0,500,145100
20240206,12:16:27,3.0,500,145100
20240206,12:16:43,3.0,500,145100
20240206,12:17:13,3.0,750,152950
20240206,12:17:23,3.05,50,152950
20240206,12:17:30,3.1,900,152950
20240206,12:17:36,3.0,750,152950
20240206,12:17:43,3.0,750,152950
20240206,12:20:59,3.1,100,155400
20240206,12:21:09,3.15,50,155400
20240206,12:22:40,3.1,900,155400
20240206,12:24:53,3.1,600,156200
20240206,12:25:21,3.1,750,156200
20240206,12:25:38,3.05,300,156200
20240206,12:25:47,3.05,50,156200
20240206,12:26:13,3.05,150,156750
20240206,12:26:23,3.05,50,156750
20240206,12:26:31,3.05,250,156750
20240206,12:26:56,3.05,1450,156750
20240206,12:27:05,3.0,200,156750
20240206,12:27:43,3.05,100,156750
20240206,12:28:49,3.0,1150,156750
20240206,12:29:32,3.0,750,158900
20240206,12:30:08,3.05,50,158900
20240206,12:30:38,3.0,1250,158900
20240206,12:32:06,3.0,200,160100
20240206,12:32:59,3.0,500,160100
20240206,12:34:05,2.95,750,160100
20240206,12:36:25,3.0,250,160750
20240206,12:36:47,2.95,50,160750
20240206,12:37:13,3.0,350,160750
20240206,12:37:21,3.0,100,160750
20240206,12:37:34,3.0,50,160750
20240206,12:37:50,3.0,300,160750
20240206,12:38:06,3.0,300,160900
20240206,12:38:27,3.0,100,160900
20240206,12:38:35,3.05,200,160900
20240206,12:38:42,3.0,50,160900
20240206,12:38:51,3.0,250,160900
20240206,12:39:00,3.0,150,160900
20240206,12:39:30,3.0,50,160900
20240206,12:40:35,3.0,50,160900
20240206,12:41:10,3.05,300,160250
20240206,12:42:11,3.0,50,160250
20240206,12:43:45,3.05,150,160250
20240206,12:46:11,3.05,500,159900
20240206,12:46:52,2.95,50,159900
20240206,12:46:59,3.0,100,159900
20240206,12:47:05,3.0,50,159950
20240206,12:47:12,3.0,100,159950
20240206,12:47:37,3.05,50,159950
20240206,12:47:56,3.0,150,159950
20240206,12:48:03,3.0,300,159950
20240206,12:48:11,2.9,2050,159950
20240206,12:48:18,2.95,1800,159950
20240206,12:48:36,2.95,50,159950
20240206,12:48:46,2.95,400,159950
20240206,12:49:37,2.95,50,159950
20240206,12:49:59,3.05,50,159950
20240206,12:50:42,3.05,50,157650
20240206,12:51:41,3.05,500,157650
20240206,12:52:29,3.05,500,157650
20240206,12:53:29,3.0,100,158050
20240206,12:53:45,3.0,50,158050
20240206,12:56:13,2.95,200,158100
20240206,12:58:35,2.95,50,158100
20240206,12:59:11,2.95,50,158350
20240206,12:59:42,2.95,300,158350
20240206,13:01:25,2.9,850,158350
20240206,13:01:52,2.9,50,158350
20240206,13:02:04,2.85,150,159300
20240206,13:02:32,2.9,300,159300
20240206,13:02:38,2.95,750,159300
20240206,13:03:36,2.95,1500,159300
20240206,13:04:16,2.95,200,159300
20240206,13:04:53,2.9,100,159300
20240206,13:05:18,2.95,100,159500
20240206,13:05:39,2.95,150,159500
20240206,13:06:02,2.85,1000,159500
20240206,13:06:07,2.9,2550,159500
20240206,13:06:13,2.8,1000,159500
20240206,13:06:21,2.75,2100,159500
20240206,13:06:28,2.8,200,159500
20240206,13:06:35,2.8,50,159500
20240206,13:06:43,2.8,50,159500
20240206,13:06:51,2.8,100,159500
20240206,13:07:00,2.8,500,159500
20240206,13:07:07,2.8,50,159500
20240206,13:07:14,2.85,150,159500
20240206,13:08:23,2.85,600,164600
20240206,13:08:36,2.75,500,164600
20240206,13:08:42,2.75,500,164600
20240206,13:08:58,2.8,400,164600
20240206,13:09:31,2.8,100,164600
20240206,13:09:58,2.75,200,164600
20240206,13:10:21,2.8,100,164600
20240206,13:10:37,2.8,1150,164600
20240206,13:12:12,2.8,1500,164600
20240206,13:13:32,2.8,950,164600
20240206,13:14:02,2.8,300,164600
20240206,13:14:28,2.8,200,165500
20240206,13:14:37,2.7,100,165500
20240206,13:15:22,2.7,50,165500
20240206,13:16:15,2.8,350,165500
20240206,13:19:29,2.85,1250,166050
20240206,13:20:48,2.85,50,166500
20240206,13:22:19,2.85,50,166500
20240206,13:23:11,2.85,200,166400
20240206,13:25:23,2.85,50,166400
20240206,13:25:44,2.8,650,166400
20240206,13:26:04,2.75,450,166400
20240206,13:26:26,2.75,300,166400
20240206,13:26:42,2.8,100,166400
20240206,13:27:04,2.75,900,166400
20240206,13:27:25,2.75,100,166400
20240206,13:27:30,2.75,250,166400
20240206,13:28:47,2.75,50,166400
20240206,13:29:37,2.75,350,166400
20240206,13:30:09,2.75,400,166750
20240206,13:30:49,2.75,200,166750
20240206,13:31:25,2.75,350,166750
20240206,13:32:06,2.75,1000,166750
20240206,13:32:30,2.8,400,168150
20240206,13:34:14,2.8,400,168150
20240206,13:34:33,2.8,1000,168150
20240206,13:34:38,2.8,1300,168150
20240206,13:34:46,3.0,11100,168150
20240206,13:34:52,2.9,100,168150
20240206,13:35:07,2.95,1550,168150
20240206,13:35:20,3.0,1050,174700
20240206,13:35:33,3.0,50,174700
20240206,13:35:38,3.0,50,174700
20240206,13:35:43,3.0,50,174700
20240206,13:35:49,3.0,1050,174700
20240206,13:36:00,3.05,150,174700
20240206,13:36:17,3.05,650,174700
20240206,13:36:23,3.05,100,174700
20240206,13:37:15,3.05,1250,174700
20240206,13:38:19,3.05,50,172700
20240206,13:39:07,3.05,50,172700
20240206,13:39:22,3.05,100,172700
20240206,13:39:29,3.1,1500,172700
20240206,13:40:10,3.15,100,172700
20240206,13:44:33,3.05,100,174100
20240206,13:45:21,3.05,200,174100
20240206,13:45:29,3.05,50,174100
20240206,13:45:45,3.05,250,174100
20240206,13:47:07,3.05,200,174100
20240206,13:48:29,3.05,100,173600
20240206,13:49:01,3.05,100,173600
20240206,13:49:17,3.05,50,173600
20240206,13:50:06,3.05,50,173600
20240206,13:50:22,3.05,50,173400
20240206,13:50:30,3.05,50,173400
20240206,13:50:38,3.05,1000,173400
20240206,13:51:10,3.05,50,173400
20240206,13:51:21,3.05,750,173400
20240206,13:52:10,3.0,50,173400
20240206,13:52:19,3.0,3600,173400
20240206,13:52:29,3.0,500,173400
20240206,13:52:49,3.0,500,173400
20240206,13:53:07,3.0,750,173400
20240206,13:53:58,3.0,500,178200
20240206,13:54:33,3.05,50,178200
20240206,13:56:30,3.05,50,178700
20240206,13:56:55,3.05,100,178700
20240206,13:57:03,3.05,50,178700
20240206,13:58:33,3.15,700,178700
20240206,13:58:58,3.2,50,178700
20240206,13:59:31,3.15,300,179200
20240206,14:03:45,3.15,50,179200
20240206,14:04:16,3.15,50,179500
20240206,14:08:14,3.15,100,179400
20240206,14:09:21,3.15,400,179300
20240206,14:11:12,3.1,1300,179300
20240206,14:12:27,3.15,250,179050
20240206,14:13:26,3.15,250,179050
20240206,14:13:39,3.15,50,179050
20240206,14:14:32,3.25,250,179400
20240206,14:15:12,3.2,1800,179400
20240206,14:15:30,3.2,950,179400
20240206,14:16:24,3.2,200,179400
20240206,14:16:51,3.15,1000,179400
20240206,14:17:27,3.2,50,180350
20240206,14:17:36,3.2,250,180350
20240206,14:19:26,3.25,50,180350
20240206,14:19:56,3.15,1050,180350
20240206,14:21:07,3.25,400,180450
20240206,14:21:15,3.2,50,180450
20240206,14:21:33,3.2,50,180450
20240206,14:22:01,3.25,50,180450
20240206,14:22:24,3.3,200,180450
20240206,14:23:03,3.25,500,180450
20240206,14:23:31,3.25,1200,180700
20240206,14:23:54,3.25,100,180700
20240206,14:24:01,3.15,1100,180700
20240206,14:24:16,3.2,100,180700
20240206,14:27:04,3.25,150,183100
20240206,14:27:48,3.2,50,183100
20240206,14:27:56,3.2,50,183100
20240206,14:33:52,3.2,100,183100
20240206,14:34:00,3.25,2000,183100
20240206,14:34:07,3.25,800,183100
20240206,14:34:15,3.3,100,183100
20240206,14:36:14,3.25,200,182650
20240206,14:36:41,3.2,1000,182650
20240206,14:37:44,3.3,1900,182650
20240206,14:38:29,3.25,50,184950
20240206,14:38:48,3.25,50,184950
20240206,14:38:57,3.2,50,184950
20240206,14:39:15,3.2,150,184950
20240206,14:39:37,3.25,2850,184950
20240206,14:39:48,3.25,100,184950
20240206,14:39:56,3.25,150,184950
20240206,14:40:06,3.3,350,184950
20240206,14:40:15,3.3,50,184950
20240206,14:40:31,3.35,300,184950
20240206,14:41:04,3.35,150,184950
20240206,14:41:12,3.35,50,184950
20240206,14:41:42,3.3,500,185350
20240206,14:42:53,3.35,500,185350
20240206,14:43:23,3.35,200,185350
20240206,14:45:06,3.3,50,186050
20240206,14:45:24,3.3,1050,186050
20240206,14:47:39,3.3,150,186000
20240206,14:47:45,3.3,200,186000
20240206,14:48:46,3.3,50,186000
20240206,14:49:41,3.3,200,186000
20240206,14:50:08,3.3,50,186000
20240206,14:50:21,3.25,450,186150
20240206,14:51:21,3.25,400,186150
20240206,14:51:50,3.25,3200,186150
20240206,14:52:23,3.2,1850,186150
20240206,14:52:29,3.2,200,186150
20240206,14:52:43,3.2,450,186150
20240206,14:52:48,3.2,50,186150
20240206,14:53:06,3.15,750,186150
20240206,14:53:19,3.15,650,186150
20240206,14:53:26,3.1,4000,190150
20240206,14:53:33,3.05,200,190150
20240206,14:53:52,3.1,100,190150
20240206,14:53:58,3.1,50,190150
20240206,14:54:17,3.05,550,190150
20240206,14:54:25,3.05,50,190150
20240206,14:54:41,3.05,50,190150
20240206,14:55:09,3.05,250,190150
20240206,14:55:30,3.05,50,190150
20240206,14:55:54,3.1,2800,190150
20240206,14:56:00,3.1,450,190150
20240206,14:56:09,3.1,100,190150
20240206,14:56:42,3.15,50,196950
20240206,14:56:48,3.15,100,196950
20240206,14:57:30,3.1,250,196950
20240206,14:57:38,3.1,300,196950
20240206,14:58:00,3.05,50,196950
20240206,14:58:25,3.05,2450,196950
20240206,14:58:58,3.05,300,196950
20240206,14:59:04,3.0,850,196950
20240206,14:59:09,3.0,1800,196950
20240206,14:59:37,3.05,50,201100
20240206,14:59:49,3.1,700,201100
20240206,15:00:09,3.15,1100,201100
20240206,15:00:32,3.05,150,201100
20240206,15:00:41,3.0,50,201100
20240206,15:00:50,3.0,50,201100
20240206,15:01:06,3.15,500,201100
20240206,15:02:33,3.05,500,199850
20240206,15:02:47,3.0,1850,199850
20240206,15:03:01,3.0,100,199850
20240206,15:04:08,2.95,50,199850
20240206,15:04:15,2.95,100,199850
20240206,15:04:23,3.0,8400,199850
20240206,15:04:31,3.0,5400,199850
20240206,15:04:58,3.0,3750,199850
20240206,15:05:11,3.0,150,199850
20240206,15:05:35,3.0,50,218700
20240206,15:05:51,3.0,300,218700
20240206,15:05:56,3.0,900,218700
20240206,15:06:02,3.0,3850,218700
20240206,15:06:12,3.05,100,218700
20240206,15:06:22,3.05,50,218700
20240206,15:06:35,3.05,250,218700
20240206,15:06:41,3.05,100,218700
20240206,15:06:48,3.0,50,218700
20240206,15:07:02,3.05,100,218700
20240206,15:07:14,3.05,150,218700
20240206,15:07:24,3.0,4150,218700
20240206,15:07:30,3.0,50,218700
20240206,15:07:37,3.0,50,218700
20240206,15:07:42,3.0,8350,218700
20240206,15:08:15,3.0,1300,218700
20240206,15:08:59,3.05,200,237000
20240206,15:09:46,3.05,450,237000
20240206,15:11:16,3.1,50,237000
20240206,15:12:01,3.1,600,237000
20240206,15:13:02,3.1,100,237000
20240206,15:14:01,3.15,400,237000
20240206,15:14:09,3.15,100,237000
20240206,15:14:17,3.1,1100,237000
20240206,15:15:10,3.2,300,237400
20240206,15:15:42,3.15,50,237400
20240206,15:16:15,3.1,250,237400
20240206,15:16:21,3.15,400,237400
20240206,15:16:53,3.15,350,237400
20240206,15:17:00,3.15,150,237400
20240206,15:17:14,3.2,50,237400
20240206,15:17:43,3.2,500,237550
20240206,15:18:32,3.2,50,237550
20240206,15:19:12,3.2,250,237550
20240206,15:20:45,3.2,300,237600
20240206,15:21:08,3.2,50,237600
20240206,15:21:28,3.25,1450,237600
20240206,15:21:34,3.25,500,237600
20240206,15:22:03,3.2,700,237600
20240206,15:22:21,3.15,50,237600
20240206,15:22:32,3.25,2050,237600
20240206,15:23:01,3.25,100,237600
20240206,15:23:44,3.25,700,238450
20240206,15:24:05,3.25,100,238450
20240206,15:24:20,3.25,50,238450
20240206,15:25:07,3.25,200,238450
20240206,15:25:16,3.25,100,238450
20240206,15:25:25,3.25,300,238450
20240206,15:25:56,3.3,150,238450
20240206,15:26:17,3.3,1400,238450
20240206,15:27:26,3.3,300,238150
20240206,15:27:33,3.3,50,238150
20240206,15:27:52,3.3,150,238150
20240206,15:28:11,3.25,50,238150
20240206,15:29:07,3.2,1300,238150
20240206,15:29:21,3.3,100,238150
20240206,15:29:48,3.05,300,238100
20240207,09:15:20,2.45,1,238100
20240207,09:15:20,2.35,1,238100
20240207,09:15:20,2.4,400,238100
20240207,09:15:32,2.4,50,238100
20240207,09:15:46,2.4,150,238100
20240207,09:16:14,2.45,150,238100
20240207,09:16:28,2.4,850,238100
20240207,09:16:41,2.65,50,237850
20240207,09:16:53,2.65,50,237850
20240207,09:17:40,2.5,150,237850
20240207,09:18:15,2.6,250,237850
20240207,09:18:27,2.6,350,237850
20240207,09:18:37,2.6,650,237850
20240207,09:18:59,2.65,200,237850
20240207,09:19:10,2.65,50,237850
20240207,09:19:37,2.75,200,236850
20240207,09:19:56,2.75,50,236850
20240207,09:20:05,2.65,50,236850
20240207,09:20:46,2.65,800,236850
20240207,09:20:56,2.65,450,236850
20240207,09:21:14,2.65,50,236850
20240207,09:21:25,2.65,50,236850
20240207,09:21:46,2.65,350,236850
20240207,09:22:07,2.65,50,236850
20240207,09:22:16,2.65,50,236850
20240207,09:22:26,2.6,100,236850
20240207,09:22:37,2.6,450,237450
20240207,09:22:47,2.65,150,237450
20240207,09:22:58,2.65,150,237450
20240207,09:23:08,2.65,50,237450
20240207,09:23:18,2.65,100,237450
20240207,09:23:28,2.6,250,237450
20240207,09:24:08,2.65,300,237450
20240207,09:24:29,2.65,1000,237450
20240207,09:24:39,2.6,50,237450
20240207,09:24:50,2.6,50,237450
20240207,09:25:01,2.6,50,237450
20240207,09:25:14,2.6,50,237450
20240207,09:25:25,2.65,100,237450
20240207,09:25:36,2.65,1950,238500
20240207,09:25:48,2.7,500,238500
20240207,09:26:20,2.7,1600,238500
20240207,09:26:31,2.7,50,238500
20240207,09:26:41,2.65,4250,238500
20240207,09:26:52,2.65,400,238500
20240207,09:27:03,2.65,700,238500
20240207,09:27:14,2.6,100,238500
20240207,09:27:48,2.6,50,238500
20240207,09:27:59,2.6,1800,238500
20240207,09:28:52,2.65,50,236750
20240207,09:29:03,2.65,800,236750
20240207,09:29:13,2.65,750,236750
20240207,09:30:53,2.6,50,236750
20240207,09:31:03,2.55,1150,236750
20240207,09:31:14,2.55,150,236750
20240207,09:31:25,2.55,750,236750
20240207,09:31:57,2.55,1550,234850
20240207,09:32:17,2.55,50,234850
20240207,09:32:27,2.6,1050,234850
20240207,09:32:37,2.6,1950,234850
20240207,09:32:47,2.6,150,234850
20240207,09:33:06,2.6,1450,234850
20240207,09:33:25,2.55,350,234850
20240207,09:34:49,2.6,200,234500
20240207,09:34:59,2.55,900,234500
20240207,09:35:31,2.45,100,234500
20240207,09:35:51,2.55,150,234500
20240207,09:38:38,2.55,150,233800
20240207,09:39:52,2.6,450,233800
20240207,09:40:13,2.55,50,233800
20240207,09:40:59,2.6,600,233800
20240207,09:41:49,2.55,6950,233800
20240207,09:41:59,2.55,600,233800
20240207,09:42:30,2.55,50,233800
20240207,09:42:51,2.55,400,233800
20240207,09:43:01,2.5,200,233800
20240207,09:43:12,2.55,50,233800
20240207,09:43:22,2.55,50,233800
20240207,09:43:31,2.55,150,233800
20240207,09:44:02,2.55,200,227750
20240207,09:44:13,2.6,350,227750
20240207,09:44:23,2.6,500,227750
20240207,09:44:34,2.6,300,227750
20240207,09:44:44,2.65,50,227750
20240207,09:44:54,2.6,150,227750
20240207,09:45:04,2.65,50,227750
20240207,09:45:15,2.6,100,227750
20240207,09:45:46,2.6,50,227750
20240207,09:45:55,2.6,600,227750
20240207,09:46:15,2.6,500,227750
20240207,09:46:32,2.6,200,227750
20240207,09:46:59,2.6,50,227900
20240207,09:47:29,2.65,800,227900
20240207,09:47:47,2.65,50,227900
20240207,09:48:15,2.55,1250,227900
20240207,09:49:07,2.55,1800,227900
20240207,09:49:17,2.55,3100,227900
20240207,09:49:45,2.6,100,231200
20240207,09:50:14,2.6,200,231200
20240207,09:50:53,2.6,250,231200
20240207,09:51:03,2.6,300,231200
20240207,09:51:13,2.6,400,231200
20240207,09:51:32,2.65,1800,231200
20240207,09:51:50,2.65,100,231200
20240207,09:52:09,2.65,100,231200
20240207,09:52:28,2.6,200,231200
20240207,09:52:36,2.6,200,230850
20240207,09:52:45,2.55,300,230850
20240207,09:53:10,2.55,100,230850
20240207,09:53:19,2.55,900,230850
20240207,09:54:30,2.65,1850,230850
20240207,09:55:01,2.65,1200,230850
20240207,09:55:40,2.65,200,234350
20240207,09:56:19,2.55,150,234350
20240207,09:56:30,2.55,200,234350
20240207,09:56:59,2.6,50,234350
20240207,09:57:39,2.6,50,234350
20240207,09:57:48,2.6,300,234350
20240207,09:58:38,2.55,150,234000
20240207,09:58:57,2.55,600,234000
20240207,09:59:34,2.55,100,234000
20240207,10:00:29,2.55,1150,234000
20240207,10:02:40,2.55,450,235750
20240207,10:03:07,2.55,100,235750
20240207,10:03:54,2.6,50,235750
20240207,10:05:06,2.6,150,235800
20240207,10:05:16,2.6,100,235800
20240207,10:05:28,2.55,50,235800
20240207,10:06:42,2.6,50,235800
20240207,10:06:52,2.65,50,235800
20240207,10:07:54,2.55,50,235750
20240207,10:08:12,2.6,50,235750
20240207,10:10:25,2.55,50,235750
20240207,10:11:04,2.6,50,235700
20240207,10:13:05,2.6,100,235700
20240207,10:13:48,2.6,150,235700
20240207,10:13:57,2.65,50,235700
20240207,10:14:43,2.55,200,235700
20240207,10:15:21,2.6,50,235700
20240207,10:15:28,2.65,50,235700
20240207,10:18:39,2.6,100,235950
20240207,10:18:49,2.6,50,235950
20240207,10:19:07,2.65,1000,235950
20240207,10:19:52,2.6,50,236850
20240207,10:20:24,2.65,100,236850
20240207,10:20:45,2.6,50,236850
20240207,10:21:00,2.6,100,236850
20240207,10:22:17,2.6,50,236850
20240207,10:22:33,2.6,250,236850
20240207,10:22:50,2.6,250,236950
20240207,10:24:03,2.7,500,236950
20240207,10:24:09,2.7,1500,236950
20240207,10:24:43,2.6,250,236950
20240207,10:25:29,2.6,250,236950
20240207,10:26:49,2.6,500,238350
20240207,10:27:55,2.6,300,238350
20240207,10:29:01,2.65,1000,238300
20240207,10:29:21,2.65,50,238300
20240207,10:29:54,2.6,100,238300
20240207,10:30:00,2.6,50,238300
20240207,10:30:13,2.65,1300,238300
20240207,10:30:52,2.6,750,238300
20240207,10:30:57,2.6,100,238300
20240207,10:31:21,2.65,100,238300
20240207,10:31:55,2.65,200,238550
20240207,10:32:28,2.65,400,238550
20240207,10:32:35,2.65,700,238550
20240207,10:32:48,2.65,100,238550
20240207,10:33:12,2.65,50,238550
20240207,10:33:39,2.65,1000,238550
20240207,10:34:13,2.65,100,238550
20240207,10:36:08,2.65,50,238350
20240207,10:36:53,2.65,50,238350
20240207,10:38:38,2.7,500,238450
20240207,10:39:14,2.65,150,238450
20240207,10:40:32,2.65,350,238450
20240207,10:40:39,2.65,150,238450
20240207,10:40:46,2.65,50,239100
20240207,10:41:02,2.65,200,239100
20240207,10:41:27,2.65,50,239100
20240207,10:42:23,2.65,50,239100
20240207,10:43:16,2.65,1350,239100
20240207,10:43:30,2.75,300,239100
20240207,10:44:13,2.65,50,240550
20240207,10:44:27,2.8,5000,240550
20240207,10:44:40,2.8,1700,240550
20240207,10:45:05,2.8,150,240550
20240207,10:45:34,2.7,1850,240550
20240207,10:45:40,2.7,100,240550
20240207,10:45:47,2.7,250,240550
20240207,10:46:01,2.6,1850,240550
20240207,10:47:07,2.65,150,245050
20240207,10:47:13,2.65,50,245050
20240207,10:47:36,2.65,100,245050
20240207,10:47:50,2.7,500,245050
20240207,10:48:04,2.65,100,245050
20240207,10:49:05,2.7,50,245050
20240207,10:49:10,2.6,1900,245050
20240207,10:49:20,2.6,300,245050
20240207,10:49:31,2.6,200,245050
20240207,10:50:15,2.6,900,244500
20240207,10:50:27,2.6,1050,244500
20240207,10:51:36,2.6,150,244500
20240207,10:52:06,2.6,100,244500
20240207,10:53:09,2.65,400,244700
20240207,10:53:16,2.65,50,244700
20240207,10:53:54,2.65,150,244700
20240207,10:55:41,2.65,900,244700
20240207,10:56:49,2.65,250,244850
20240207,10:57:48,2.65,50,244850
20240207,11:00:04,2.65,50,244800
20240207,11:01:03,2.65,500,244800
20240207,11:02:32,2.65,550,245100
20240207,11:02:43,2.75,350,245100
20240207,11:02:56,2.75,100,245100
20240207,11:04:07,2.75,150,245100
20240207,11:04:34,2.7,1750,245100
20240207,11:04:46,2.65,1950,245100
20240207,11:05:28,2.65,100,246850
20240207,11:06:04,2.6,200,246850
20240207,11:06:27,2.65,50,246850
20240207,11:06:33,2.65,50,246850
20240207,11:06:40,2.65,150,246850
20240207,11:06:55,2.6,500,246850
20240207,11:08:01,2.6,50,246600
20240207,11:09:04,2.6,2000,246600
20240207,11:09:52,2.6,50,246600
20240207,11:09:59,2.6,50,246600
20240207,11:10:07,2.6,400,246600
20240207,11:10:27,2.6,850,246600
20240207,11:10:56,2.5,1500,246050
20240207,11:11:12,2.5,5200,246050
20240207,11:11:24,2.5,50,246050
20240207,11:11:51,2.55,100,246050
20240207,11:11:57,2.55,50,246050
20240207,11:13:02,2.45,50,246050
20240207,11:14:40,2.5,300,241200
20240207,11:16:35,2.5,650,241200
20240207,11:16:59,2.45,950,241450
20240207,11:20:59,2.5,1000,242400
20240207,11:21:10,2.45,50,242400
20240207,11:23:17,2.45,50,241800
20240207,11:24:19,2.55,700,241800
20240207,11:27:50,2.5,50,241200
20240207,11:29:35,2.45,50,241150
20240207,11:29:41,2.5,1100,241150
20240207,11:29:47,2.5,500,241150
20240207,11:30:59,2.55,50,241150
20240207,11:31:29,2.55,50,241150
20240207,11:31:40,2.6,150,241150
20240207,11:31:49,2.55,50,241150
20240207,11:31:59,2.45,50,241700
20240207,11:32:10,2.55,500,241700
20240207,11:32:28,2.6,100,241700
20240207,11:32:37,2.65,300,241700
20240207,11:33:13,2.7,250,241700
20240207,11:33:43,2.65,50,241700
20240207,11:34:40,2.6,500,241700
20240207,11:34:47,2.6,150,241700
20240207,11:34:55,2.6,50,241700
20240207,11:35:28,2.45,900,242400
20240207,11:35:36,2.6,2550,242400
20240207,11:36:04,2.55,300,242400
20240207,11:36:19,2.5,400,242400
20240207,11:36:35,2.55,350,242400
20240207,11:36:42,2.55,2100,242400
20240207,11:36:58,2.5,200,242400
20240207,11:37:14,2.55,50,242400
20240207,11:37:32,2.5,900,242400
20240207,11:38:55,2.5,50,243900
20240207,11:39:04,2.55,950,243900
20240207,11:39:42,2.6,500,243900
20240207,11:39:51,2.55,50,243900
20240207,11:39:59,2.55,50,243900
20240207,11:40:15,2.65,550,243900
20240207,11:41:08,2.6,50,244400
20240207,11:41:38,2.65,300,244400
20240207,11:41:46,2.6,50,244400
20240207,11:42:05,2.5,300,244400
20240207,11:42:43,2.55,400,244400
20240207,11:42:52,2.55,50,244400
20240207,11:43:51,2.55,50,244100
20240207,11:44:40,2.55,100,244100
20240207,11:45:14,2.5,50,244100
20240207,11:45:22,2.5,50,244100
20240207,11:45:30,2.5,50,244100
20240207,11:46:04,2.5,50,244100
20240207,11:47:24,2.45,250,243900
20240207,11:51:40,2.45,100,243700
20240207,11:52:08,2.45,100,243700
20240207,11:56:21,2.5,50,243700
20240207,11:56:30,2.55,300,243700
20240207,11:56:39,2.55,100,243700
20240207,11:57:31,2.55,1300,243700
20240207,11:58:14,2.6,100,243700
20240207,11:58:55,2.6,1000,245000
20240207,11:59:41,2.55,50,245000
20240207,12:00:04,2.55,250,245000
20240207,12:01:26,2.5,50,245000
20240207,12:01:42,2.55,50,245000
20240207,12:02:43,2.55,450,244950
20240207,12:02:51,2.5,50,244950
20240207,12:02:59,2.5,50,244950
20240207,12:04:09,2.45,50,244950
20240207,12:05:07,2.45,50,245200
20240207,12:05:25,2.4,50,245200
20240207,12:05:42,2.5,50,245200
20240207,12:06:13,2.4,100,245200
20240207,12:07:24,2.5,700,245200
20240207,12:15:31,2.5,200,245750
20240207,12:15:38,2.45,50,245750
20240207,12:16:00,2.5,50,245750
20240207,12:16:35,2.5,50,245750
20240207,12:17:25,2.45,450,246050
20240207,12:18:34,2.45,100,246050
20240207,12:20:57,2.45,250,246450
20240207,12:22:19,2.45,250,246450
20240207,12:24:18,2.45,350,246250
20240207,12:24:44,2.4,50,246250
20240207,12:29:17,2.3,4950,246250
20240207,12:29:34,2.3,50,246250
20240207,12:30:32,2.2,4650,246250
20240207,12:30:44,2.2,300,246250
20240207,12:31:08,2.2,150,246250
20240207,12:31:14,2.1,9350,246250
20240207,12:31:19,2.2,50,246250
20240207,12:31:59,2.2,50,260900
20240207,12:32:33,2.15,50,260900
20240207,12:33:06,2.15,50,260900
20240207,12:33:15,2.15,50,260900
20240207,12:33:24,2.15,100,260900
20240207,12:33:46,2.1,150,260900
20240207,12:35:06,2.05,5400,260950
20240207,12:35:13,2.05,1600,260950
20240207,12:35:21,2.05,150,260950
20240207,12:35:36,2.0,5450,260950
20240207,12:36:06,2.0,100,260950
20240207,12:36:12,2.0,2000,260950
20240207,12:36:19,1.95,4600,260950
20240207,12:36:26,1.95,1100,260950
20240207,12:36:32,2.0,800,260950
20240207,12:36:44,2.05,150,260950
20240207,12:36:56,2.05,200,260950
20240207,12:37:02,2.05,350,260950
20240207,12:37:09,2.05,650,260950
20240207,12:37:16,2.05,200,260950
20240207,12:37:29,2.05,300,260950
20240207,12:37:36,2.05,400,260950
20240207,12:37:44,2.05,50,260950
20240207,12:37:50,2.05,250,260950
20240207,12:38:34,2.05,2250,277250
20240207,12:38:40,2.0,1800,277250
20240207,12:39:04,2.1,50,277250
20240207,12:40:13,2.1,50,277250
20240207,12:40:20,2.1,2850,277250
20240207,12:40:26,2.15,100,277250
20240207,12:40:47,2.15,100,277250
20240207,12:40:54,2.2,4000,277250
20240207,12:41:07,2.2,1150,278050
20240207,12:41:25,2.2,1800,278050
20240207,12:41:37,2.2,1850,278050
20240207,12:42:05,2.2,1800,278050
20240207,12:42:16,2.25,3750,278050
20240207,12:43:09,2.25,450,278050
20240207,12:43:32,2.25,1800,278050
20240207,12:43:53,2.2,1400,278050
20240207,12:44:27,2.25,50,285050
20240207,12:48:52,2.3,50,285050
20240207,12:49:48,2.3,1800,285050
20240207,12:50:05,2.2,3500,285050
20240207,12:50:11,2.2,100,285050
20240207,12:50:28,2.3,1950,285050
20240207,12:51:14,2.3,650,285050
20240207,12:51:45,2.25,400,285050
20240207,12:52:13,2.3,1750,285050
20240207,12:54:06,2.25,50,288450
20240207,12:54:54,2.3,100,288450
20240207,12:59:03,2.25,50,288500
20240207,12:59:26,2.3,100,288450
20240207,13:02:00,2.2,100,288450
20240207,13:02:26,2.25,50,288400
20240207,13:04:21,2.35,300,288400
20240207,13:05:43,2.3,250,288650
20240207,13:07:03,2.3,150,288650
20240207,13:08:53,2.25,100,289000
20240207,13:10:51,2.3,1100,289000
20240207,13:13:54,2.3,550,290100
20240207,13:14:33,2.3,50,290650
20240207,13:15:53,2.3,450,290650
20240207,13:16:00,2.3,600,290650
20240207,13:16:27,2.3,50,290650
20240207,13:16:39,2.3,100,290650
20240207,13:16:45,2.25,100,290650
20240207,13:17:51,2.25,100,291250
20240207,13:19:13,2.25,50,291250
20240207,13:24:50,2.25,50,291250
20240207,13:26:32,2.3,300,291250
20240207,13:27:25,2.3,50,291250
20240207,13:29:17,2.25,50,291550
20240207,13:32:53,2.25,100,291600
20240207,13:33:30,2.3,150,291600
20240207,13:34:07,2.3,1000,291600
20240207,13:34:30,2.25,50,291600
20240207,13:34:51,2.3,550,291600
20240207,13:35:00,2.3,300,291600
20240207,13:35:08,2.25,50,291600
20240207,13:36:55,2.25,50,292000
20240207,13:37:01,2.25,50,292000
20240207,13:37:15,2.3,1350,292000
20240207,13:38:07,2.25,50,292000
20240207,13:40:53,2.25,200,291400
20240207,13:41:04,2.2,1500,291400
20240207,13:41:59,2.2,50,291200
20240207,13:42:17,2.15,500,291200
20240207,13:42:27,2.15,150,291200
20240207,13:42:37,2.15,100,291200
20240207,13:42:45,2.15,500,291200
20240207,13:43:25,2.15,100,291200
20240207,13:44:01,2.1,250,291200
20240207,13:44:16,2.1,250,290350
20240207,13:44:36,2.15,50,290350
20240207,13:44:50,2.1,1800,290350
20240207,13:44:54,2.1,100,290350
20240207,13:45:03,2.15,50,290350
20240207,13:45:07,2.15,50,290350
20240207,13:45:23,2.15,50,290350
20240207,13:45:27,2.15,50,290350
20240207,13:46:01,2.25,50,290350
20240207,13:46:43,2.25,500,290350
20240207,13:47:12,2.2,100,290350
20240207,13:48:40,2.2,50,288150
20240207,13:49:01,2.15,300,288150
20240207,13:49:19,2.2,50,288150
20240207,13:51:14,2.15,550,288100
20240207,13:52:23,2.15,100,288100
20240207,13:53:28,2.15,100,288100
20240207,13:53:56,2.1,100,288100
20240207,13:54:08,2.2,1800,288100
20240207,13:57:29,2.2,300,287950
20240207,13:57:40,2.2,300,287950
20240207,13:57:57,2.1,100,287950
20240207,14:00:44,2.1,1800,287350
20240207,14:01:35,2.1,50,287350
20240207,14:01:45,2.1,50,287350
20240207,14:01:51,2.15,50,287350
20240207,14:02:03,2.15,400,287350
20240207,14:04:39,2.1,1150,285550
20240207,14:04:47,2.1,1050,285550
20240207,14:04:54,2.1,200,285550
20240207,14:05:01,2.1,200,285550
20240207,14:05:50,2.1,450,283150
20240207,14:05:55,2.1,200,283150
20240207,14:06:09,2.1,1000,283150
20240207,14:06:14,2.1,200,283150
20240207,14:06:58,2.1,550,283150
20240207,14:07:25,2.1,600,283150
20240207,14:07:42,2.05,100,283150
20240207,14:08:03,2.05,50,283150
20240207,14:09:38,2.1,200,282900
20240207,14:09:59,2.15,150,282900
20240207,14:10:06,2.15,100,282900
20240207,14:10:53,2.15,50,282900
20240207,14:10:59,2.15,50,282900
20240207,14:11:20,2.15,50,283200
20240207,14:11:33,2.15,50,283200
20240207,14:11:53,2.2,50,283200
20240207,14:11:59,2.2,950,283200
20240207,14:12:07,2.2,250,283200
20240207,14:12:28,2.25,50,283200
20240207,14:12:48,2.25,250,283200
20240207,14:12:54,2.2,250,283200
20240207,14:13:13,2.25,500,283200
20240207,14:13:25,2.2,250,283200
20240207,14:14:08,2.2,50,283200
20240207,14:14:57,2.2,650,283650
20240207,14:16:40,2.15,250,283650
20240207,14:16:55,2.15,100,283650
20240207,14:17:24,2.15,50,283500
20240207,14:17:56,2.15,50,283500
20240207,14:18:25,2.15,250,283500
20240207,14:18:33,2.15,50,283500
20240207,14:18:40,2.1,1000,283500
20240207,14:19:21,2.2,50,283500
20240207,14:20:35,2.2,200,282750
20240207,14:21:12,2.15,100,282750
20240207,14:21:35,2.15,300,282750
20240207,14:22:13,2.15,100,282750
20240207,14:22:49,2.2,1000,282750
20240207,14:22:56,2.2,500,282750
20240207,14:25:46,2.15,200,283600
20240207,14:25:59,2.15,250,283600
20240207,14:26:06,2.15,100,283600
20240207,14:26:18,2.1,900,283750
20240207,14:26:31,2.15,50,283750
20240207,14:26:44,2.15,50,283750
20240207,14:27:03,2.25,1500,283750
20240207,14:27:22,2.15,100,283750
20240207,14:27:34,2.25,100,283750
20240207,14:27:48,2.25,700,283750
20240207,14:27:54,2.2,700,283750
20240207,14:28:28,2.15,50,283750
20240207,14:29:11,2.15,1500,283750
20240207,14:29:48,2.1,500,283500
20240207,14:32:09,2.1,100,283500
20240207,14:32:43,2.05,2000,282900
20240207,14:33:13,2.05,100,282900
20240207,14:34:54,2.1,50,282900
20240207,14:38:37,2.15,300,283200
20240207,14:39:08,2.15,200,283200
20240207,14:39:15,2.15,50,283200
20240207,14:39:27,2.15,50,283200
20240207,14:39:56,2.2,350,283200
20240207,14:40:48,2.1,1000,283200
20240207,14:40:55,2.15,50,283200
20240207,14:41:06,2.2,50,283200
20240207,14:41:12,2.15,250,283200
20240207,14:41:27,2.15,200,281950
20240207,14:41:50,2.15,50,281950
20240207,14:42:59,2.15,50,281950
20240207,14:43:05,2.15,100,281950
20240207,14:43:17,2.1,1000,281950
20240207,14:43:23,2.1,1600,281950
20240207,14:43:27,2.05,2000,281950
20240207,14:43:32,2.1,500,281950
20240207,14:44:21,2.2,100,284100
20240207,14:44:32,2.15,1800,284100
20240207,14:44:48,2.1,450,284100
20240207,14:46:14,2.15,1200,284100
20240207,14:46:36,2.15,50,284100
20240207,14:47:50,2.1,1000,282050
20240207,14:48:02,2.1,100,282050
20240207,14:48:50,2.1,150,282050
20240207,14:49:00,2.15,100,282050
20240207,14:49:10,2.15,100,282050
20240207,14:50:09,2.1,350,282050
20240207,14:50:13,2.1,150,282050
20240207,14:50:27,2.1,50,281800
20240207,14:51:52,2.1,50,281800
20240207,14:52:44,2.05,150,281800
20240207,14:53:48,2.05,50,281850
20240207,14:54:20,2.05,500,281850
20240207,14:54:32,2.05,500,281850
20240207,14:56:35,2.0,350,282900
20240207,14:56:40,2.0,50,282900
20240207,14:56:45,2.0,400,282900
20240207,14:57:05,2.05,50,282900
20240207,14:58:04,2.05,50,282900
20240207,14:58:33,2.05,800,282900
20240207,14:58:39,2.05,50,282900
20240207,14:59:55,2.1,600,283650
20240207,15:00:09,2.1,300,283650
20240207,15:00:38,2.15,250,283650
20240207,15:01:35,2.15,700,283650
20240207,15:01:40,2.15,350,283650
20240207,15:02:52,2.1,250,284750
20240207,15:03:04,2.15,50,284750
20240207,15:03:25,2.15,250,284750
20240207,15:03:30,2.1,50,284750
20240207,15:03:40,2.1,300,284750
20240207,15:04:26,2.1,300,284750
20240207,15:04:38,2.15,50,284750
20240207,15:05:38,2.1,200,285500
20240207,15:05:52,2.15,50,285500
20240207,15:06:24,2.1,1000,285500
20240207,15:06:29,2.1,50,285500
20240207,15:06:35,2.05,650,285500
20240207,15:06:59,2.05,450,285500
20240207,15:07:14,2.1,50,285500
20240207,15:07:54,2.1,1700,285500
20240207,15:08:57,2.1,50,289000
20240207,15:09:18,2.1,200,289000
20240207,15:09:30,2.1,50,289000
20240207,15:09:56,2.1,350,289000
20240207,15:10:23,2.05,1500,289000
20240207,15:10:55,2.05,100,289000
20240207,15:11:00,2.15,3000,289000
20240207,15:11:45,2.0,250,291850
20240207,15:13:26,2.05,3850,291850
20240207,15:13:46,2.1,50,291850
20240207,15:13:55,2.1,200,291850
20240207,15:14:03,2.1,100,291850
20240207,15:14:59,2.05,500,291750
20240207,15:15:05,2.05,500,291750
20240207,15:16:34,2.05,1050,291750
20240207,15:16:45,2.05,1650,291750
20240207,15:17:02,2.1,700,291750
20240207,15:17:20,2.05,1850,291750
20240207,15:17:26,2.05,50,287100
20240207,15:17:32,2.1,200,287100
20240207,15:17:47,2.1,50,287100
20240207,15:18:57,2.05,250,287100
20240207,15:19:07,2.1,1100,287100
20240207,15:19:12,2.1,300,287100
20240207,15:19:21,2.1,100,287100
20240207,15:20:00,2.1,2050,287100
20240207,15:20:12,2.1,4050,287100
20240207,15:20:31,2.1,400,281250
20240207,15:20:36,2.1,750,281250
20240207,15:20:55,2.05,50,281250
20240207,15:21:15,2.0,750,281250
20240207,15:21:39,2.2,3400,281250
20240207,15:21:44,2.1,150,281250
20240207,15:21:49,2.15,100,281250
20240207,15:22:13,2.1,1750,281250
20240207,15:22:18,2.1,600,281250
20240207,15:22:22,2.05,300,281250
20240207,15:22:26,2.1,50,281250
20240207,15:22:31,2.1,50,281250
20240207,15:22:40,2.1,500,281250
20240207,15:23:16,2.15,300,281250
20240207,15:23:21,2.15,50,281250
20240207,15:23:59,2.1,1500,280150
20240207,15:24:04,2.1,1000,280150
20240207,15:24:09,2.1,100,280150
20240207,15:24:23,2.05,200,280150
20240207,15:24:33,2.05,50,280150
20240207,15:24:44,2.0,1800,280150
20240207,15:25:05,2.1,50,280150
20240207,15:25:11,2.05,300,280150
20240207,15:25:16,2.1,150,280150
20240207,15:25:26,2.05,50,280150
20240207,15:25:44,2.0,800,280150
20240207,15:25:50,2.0,550,280150
20240207,15:26:02,2.0,800,280150
20240207,15:26:36,1.95,450,279400
20240207,15:26:41,1.95,50,279400
20240207,15:26:56,1.9,500,279400
20240207,15:27:41,1.9,300,279400
20240207,15:27:46,2.0,50,279400
20240207,15:27:51,2.0,250,279400
20240207,15:27:57,1.95,600,279400
20240207,15:28:14,2.0,50,279400
20240207,15:28:32,1.95,850,279400
20240207,15:28:47,2.05,200,279400
20240207,15:28:53,2.05,100,279400
20240207,15:29:16,2.05,1600,279400
20240207,15:29:32,2.0,50,279400
20240207,15:29:40,2.05,1200,279400
20240207,15:29:50,2.0,450,279400
20240207,15:29:59,2.0,100,279400
20240208,09:15:19,2.15,1,279500
20240208,09:15:19,2.1,1,279500
20240208,09:15:19,2.15,750,279500
20240208,09:15:45,1.9,50,279500
20240208,09:16:08,1.85,100,279500
20240208,09:16:15,1.85,100,279500
20240208,09:16:25,1.85,50,279500
20240208,09:16:32,1.85,50,279500
20240208,09:16:41,1.85,100,279500
20240208,09:16:49,1.95,500,280350
20240208,09:17:08,1.95,500,280350
20240208,09:17:31,1.9,150,280350
20240208,09:17:40,1.95,500,280350
20240208,09:18:12,1.9,100,280350
20240208,09:18:33,1.9,1100,280350
20240208,09:18:43,1.9,1050,280350
20240208,09:18:54,1.9,600,280350
20240208,09:19:03,1.85,2600,280350
20240208,09:19:13,1.9,1750,280350
20240208,09:19:23,1.9,650,280350
20240208,09:19:33,1.9,500,280350
20240208,09:19:42,1.9,750,288050
20240208,09:19:52,1.9,3050,288050
20240208,09:20:00,1.75,4000,288050
20240208,09:20:30,1.9,2500,288050
20240208,09:20:43,1.9,1750,288050
20240208,09:20:54,1.9,1450,288050
20240208,09:21:05,1.9,2100,288050
20240208,09:21:17,1.9,850,288050
20240208,09:21:29,1.9,950,288050
20240208,09:21:40,1.9,2550,288050
20240208,09:21:50,1.9,1200,288050
20240208,09:22:01,1.9,2600,288050
20240208,09:22:12,1.9,700,288050
20240208,09:22:23,1.9,700,288050
20240208,09:22:34,1.9,1000,288050
20240208,09:22:44,1.9,1200,308200
20240208,09:22:54,1.9,600,308200
20240208,09:23:04,1.9,2100,308200
20240208,09:23:14,1.9,6250,308200
20240208,09:23:25,1.85,2300,308200
20240208,09:23:35,1.85,750,308200
20240208,09:23:45,1.9,1450,308200
20240208,09:23:54,1.85,2450,308200
20240208,09:24:04,1.9,6250,308200
20240208,09:24:14,1.9,1200,308200
20240208,09:24:24,1.9,7850,308200
20240208,09:24:35,1.9,4150,308200
20240208,09:24:46,1.9,450,308200
20240208,09:25:08,1.85,1700,308200
20240208,09:25:19,1.9,1950,308200
20240208,09:25:30,1.85,1800,308200
20240208,09:25:39,1.85,100,308200
20240208,09:25:49,1.85,550,339250
20240208,09:25:59,1.85,150,339250
20240208,09:26:10,1.85,150,339250
20240208,09:26:59,1.85,200,339250
20240208,09:27:19,1.9,50,339250
20240208,09:27:47,1.9,4850,339250
20240208,09:27:58,1.9,3500,339250
20240208,09:28:08,1.9,3300,339250
20240208,09:28:18,1.9,150,339250
20240208,09:28:56,1.9,500,351550
20240208,09:29:32,1.85,300,351550
20240208,09:29:52,1.85,950,351550
20240208,09:30:01,1.85,1800,351550
20240208,09:30:11,1.85,1800,351550
20240208,09:30:21,1.85,9050,351550
20240208,09:30:30,1.85,1950,351550
20240208,09:30:39,1.85,1500,351550
20240208,09:30:48,1.85,3000,351550
20240208,09:30:59,1.85,4800,351550
20240208,09:31:09,1.85,1500,351550
20240208,09:31:19,1.85,1250,351550
20240208,09:31:28,1.85,4800,351550
20240208,09:31:54,1.9,5500,376950
20240208,09:32:04,1.9,4150,376950
20240208,09:32:21,1.9,950,376950
20240208,09:32:30,1.9,700,376950
20240208,09:32:40,1.9,1150,376950
20240208,09:32:49,1.9,1150,376950
20240208,09:32:59,1.9,400,376950
20240208,09:33:40,1.9,5500,376950
20240208,09:33:49,1.9,3800,376950
20240208,09:33:59,1.95,350,376950
20240208,09:34:08,1.9,950,376950
20240208,09:34:18,1.9,650,376950
20240208,09:34:28,1.95,500,376950
20240208,09:34:37,1.9,250,376950
20240208,09:34:46,1.95,150,400650
20240208,09:34:56,1.95,7800,400650
20240208,09:35:05,2.0,2650,400650
20240208,09:35:15,2.0,100,400650
20240208,09:35:24,1.95,900,400650
20240208,09:35:51,1.95,50,400650
20240208,09:36:00,1.9,1500,400650
20240208,09:36:09,1.9,1500,400650
20240208,09:36:18,1.9,750,400650
20240208,09:36:27,1.9,50,400650
20240208,09:36:35,1.9,2350,400650
20240208,09:36:45,1.9,550,400650
20240208,09:36:54,1.9,150,400650
20240208,09:37:04,1.95,8850,400650
20240208,09:37:13,1.9,3300,400650
20240208,09:37:22,1.95,2000,400650
20240208,09:37:31,1.95,600,400650
20240208,09:37:40,1.95,1500,400650
20240208,09:37:49,1.95,2800,426200
20240208,09:37:59,1.95,2850,426200
20240208,09:38:09,1.95,50,426200
20240208,09:38:19,1.95,1500,426200
20240208,09:38:29,1.95,1500,426200
20240208,09:38:40,2.0,950,426200
20240208,09:38:49,1.95,250,426200
20240208,09:39:20,1.95,50,426200
20240208,09:40:01,1.95,5250,426200
20240208,09:40:10,1.95,1500,426200
20240208,09:40:20,1.95,3050,426200
20240208,09:40:30,1.95,2800,426200
20240208,09:41:01,1.9,500,442250
20240208,09:41:50,1.95,7100,442250
20240208,09:41:59,1.95,1050,442250
20240208,09:42:09,2.0,1600,442250
20240208,09:42:19,1.95,1650,442250
20240208,09:42:40,1.9,3200,442250
20240208,09:42:51,1.9,3400,442250
20240208,09:43:22,1.9,1550,442250
20240208,09:43:31,1.9,1600,442250
20240208,09:43:50,1.9,50,452550
20240208,09:44:09,1.9,2200,452550
20240208,09:44:18,1.9,250,452550
20240208,09:44:38,1.85,3250,452550
20240208,09:45:45,1.85,1000,452550
20240208,09:47:08,1.9,100,452450
20240208,09:48:15,1.9,700,452450
20240208,09:48:35,1.85,150,452450
20240208,09:49:13,1.85,50,452450
20240208,09:50:21,1.85,500,452550
20240208,09:50:59,1.9,250,452550
20240208,09:51:19,1.85,400,452550
20240208,09:51:55,1.9,50,452550
20240208,09:52:33,1.85,250,452550
20240208,09:52:41,1.85,400,452550
20240208,09:52:48,1.85,200,452550
20240208,09:52:56,1.85,400,452850
20240208,09:53:04,1.9,10700,452850
20240208,09:53:11,1.9,550,452850
20240208,09:53:42,1.95,350,452850
20240208,09:53:49,1.95,50,452850
20240208,09:53:57,1.9,3050,452850
20240208,09:54:19,1.9,300,452850
20240208,09:54:33,1.9,1800,452850
20240208,09:54:48,1.9,500,452850
20240208,09:54:56,1.9,800,452850
20240208,09:55:20,1.9,1000,452850
20240208,09:55:28,1.9,250,452850
20240208,09:55:36,1.9,2100,452850
20240208,09:57:03,1.85,1200,468300
20240208,09:57:43,1.9,1500,468300
20240208,09:57:51,1.9,6250,468300
20240208,09:59:03,1.9,50,475650
20240208,09:59:29,1.9,2200,475650
20240208,10:00:03,1.9,1250,475650
20240208,10:00:14,1.9,1050,475650
20240208,10:00:24,1.9,50,475650
20240208,10:00:52,1.85,2250,475650
20240208,10:01:00,1.85,50,475650
20240208,10:01:24,1.9,350,475650
20240208,10:02:03,1.9,100,475550
20240208,10:03:00,1.9,1400,475550
20240208,10:03:09,1.9,3100,475550
20240208,10:03:16,1.9,1600,475550
20240208,10:03:34,1.9,300,475550
20240208,10:03:45,1.9,250,475550
20240208,10:04:13,1.95,50,475550
20240208,10:04:30,1.9,200,475550
20240208,10:04:48,1.9,100,475550
20240208,10:04:59,1.9,1600,482000
20240208,10:05:12,1.9,900,482000
20240208,10:05:35,1.85,750,482000
20240208,10:06:56,1.9,50,482000
20240208,10:07:15,1.85,1800,482000
20240208,10:07:24,1.85,500,482000
20240208,10:08:09,1.85,500,484100
20240208,10:08:34,1.85,50,484100
20240208,10:08:43,1.85,50,484100
20240208,10:09:12,1.85,4200,484100
20240208,10:09:34,1.9,100,484100
20240208,10:09:43,1.85,7900,484100
20240208,10:09:51,1.85,50,484100
20240208,10:10:01,1.85,150,484100
20240208,10:10:11,1.85,100,484100
20240208,10:10:38,1.85,50,484100
20240208,10:10:48,1.85,800,496600
20240208,10:11:15,1.85,200,496600
20240208,10:12:05,1.85,1450,496600
20240208,10:12:13,1.85,1800,496600
20240208,10:12:46,1.85,750,496600
20240208,10:12:54,1.85,250,496600
20240208,10:13:01,1.85,250,496600
20240208,10:13:09,1.8,50,496600
20240208,10:13:17,1.8,100,496600
20240208,10:13:25,1.85,350,496600
20240208,10:13:42,1.8,50,496600
20240208,10:13:51,1.85,1750,496600
20240208,10:14:08,1.85,900,498650
20240208,10:14:16,1.8,50,498650
20240208,10:15:00,1.85,2350,498650
20240208,10:15:17,1.9,8050,498650
20240208,10:15:25,1.9,1500,498650
20240208,10:15:35,1.9,1500,498650
20240208,10:15:46,1.9,1250,498650
20240208,10:15:56,1.85,950,498650
20240208,10:16:06,1.85,1500,498650
20240208,10:16:16,1.85,600,498650
20240208,10:16:35,1.85,100,498650
20240208,10:17:08,1.85,200,509700
20240208,10:19:03,1.85,2850,509700
20240208,10:19:36,1.9,250,509700
20240208,10:19:45,1.85,2300,509700
20240208,10:21:35,1.8,2000,510300
20240208,10:21:43,1.8,350,510300
20240208,10:22:29,1.85,100,510300
20240208,10:23:12,1.85,100,511550
20240208,10:23:22,1.8,200,511550
20240208,10:23:30,1.8,100,511550
20240208,10:23:38,1.85,2400,511550
20240208,10:23:53,1.8,50,511550
20240208,10:24:01,1.8,50,511550
20240208,10:24:25,1.85,5450,511550
20240208,10:24:33,1.85,3600,511550
20240208,10:24:41,1.8,50,511550
20240208,10:25:06,1.8,100,511550
20240208,10:25:23,1.8,50,511550
20240208,10:25:32,1.8,1850,511550
20240208,10:25:48,1.8,200,511550
20240208,10:25:55,1.8,2700,520250
20240208,10:26:20,1.8,100,520250
20240208,10:26:31,1.8,150,520250
20240208,10:26:40,1.8,100,520250
20240208,10:26:49,1.8,2550,520250
20240208,10:26:58,1.8,350,520250
20240208,10:27:26,1.75,50,520250
20240208,10:27:35,1.75,5650,520250
20240208,10:27:52,1.7,550,520250
20240208,10:27:59,1.7,150,520250
20240208,10:28:17,1.7,4350,520250
20240208,10:28:42,1.7,2200,520250
20240208,10:29:05,1.65,500,529150
20240208,10:29:22,1.65,100,529150
20240208,10:29:54,1.75,50,529150
20240208,10:30:02,1.65,50,529150
20240208,10:30:10,1.75,50,529150
20240208,10:30:50,1.7,100,529150
20240208,10:31:58,1.75,50,528550
20240208,10:32:06,1.75,350,528550
20240208,10:32:22,1.7,1050,528550
20240208,10:33:20,1.75,250,528550
20240208,10:33:45,1.8,1250,528550
20240208,10:34:01,1.7,200,528550
20240208,10:34:09,1.8,2950,528550
20240208,10:34:16,1.8,1650,528550
20240208,10:34:25,1.8,100,528550
20240208,10:34:41,1.75,900,528550
20240208,10:34:49,1.75,850,528550
20240208,10:35:34,1.8,100,528550
20240208,10:35:43,1.8,3000,533450
20240208,10:36:08,1.8,50,533450
20240208,10:36:16,1.8,150,533450
20240208,10:36:50,1.75,350,533450
20240208,10:36:57,1.8,150,533450
20240208,10:37:14,1.75,50,533450
20240208,10:37:22,1.8,100,533450
20240208,10:37:47,1.75,250,533450
20240208,10:38:09,1.8,50,536950
20240208,10:39:56,1.8,250,536950
20240208,10:40:45,1.8,250,536950
20240208,10:41:35,1.75,500,536700
20240208,10:41:45,1.8,50,536700
20240208,10:42:16,1.75,150,536700
20240208,10:42:25,1.75,5850,536700
20240208,10:42:43,1.75,150,536700
20240208,10:42:52,1.75,200,536700
20240208,10:43:13,1.7,3700,536700
20240208,10:43:23,1.7,650,536700
20240208,10:44:22,1.7,250,542650
20240208,10:44:31,1.7,50,542650
20240208,10:45:17,1.65,100,542650
20240208,10:45:35,1.7,1000,542650
20240208,10:45:44,1.7,11650,542650
20240208,10:45:54,1.75,6700,542650
20240208,10:46:03,1.75,22000,542650
20240208,10:46:21,1.75,6350,542650
20240208,10:46:38,1.75,50,542650
20240208,10:46:54,1.8,150,542650
20240208,10:47:03,1.8,150,584150
20240208,10:47:20,1.8,2000,584150
20240208,10:47:27,1.75,250,584150
20240208,10:47:55,1.75,550,584150
20240208,10:48:30,1.8,100,584150
20240208,10:48:53,1.8,50,584150
20240208,10:49:10,1.8,30000,584150
20240208,10:49:19,1.8,3150,584150
20240208,10:49:27,1.8,200,584150
20240208,10:49:35,1.8,1000,584150
20240208,10:49:43,1.8,2000,584150
20240208,10:49:52,1.8,5500,584150
20240208,10:50:01,1.8,9600,624400
20240208,10:50:08,1.75,100,624400
20240208,10:50:43,1.8,50,624400
20240208,10:51:18,1.8,150,624400
20240208,10:51:27,1.75,1600,624400
20240208,10:51:35,1.75,600,624400
20240208,10:51:44,1.75,200,624400
20240208,10:52:00,1.8,350,624400
20240208,10:52:16,1.75,3600,624400
20240208,10:52:23,1.75,2700,624400
20240208,10:52:32,1.8,1350,624400
20240208,10:52:56,1.8,50,624400
20240208,10:53:03,1.8,400,638250
20240208,10:53:11,1.8,50,638250
20240208,10:53:26,1.8,5900,638250
20240208,10:53:43,1.8,50,638250
20240208,10:53:50,1.8,50,638250
20240208,10:54:05,1.8,50,638250
20240208,10:54:13,1.75,500,638250
20240208,10:54:20,1.8,50,638250
20240208,10:54:43,1.75,2750,638250
20240208,10:55:59,1.8,100,641650
20240208,10:56:07,1.75,50,641650
20240208,10:57:08,1.8,700,641650
20240208,10:57:51,1.8,950,641650
20240208,10:58:02,1.8,3150,641650
20240208,10:58:14,1.8,3250,641650
20240208,10:58:25,1.8,3650,641650
20240208,10:58:37,1.8,150,641650
20240208,10:58:47,1.8,250,641650
20240208,10:59:18,1.85,2000,644300
20240208,10:59:27,1.85,1000,644300
20240208,10:59:34,1.85,1250,644300
20240208,10:59:49,1.8,1500,644300
20240208,11:00:08,1.8,250,644300
20240208,11:00:20,1.8,1550,644300
20240208,11:00:31,1.85,1750,644300
20240208,11:00:43,1.85,50,644300
20240208,11:01:33,1.85,1200,644300
20240208,11:01:42,1.85,3450,644300
20240208,11:02:01,1.8,1000,651100
20240208,11:02:32,1.85,1800,651100
20240208,11:02:51,1.9,100,651100
20240208,11:03:02,1.9,550,651100
20240208,11:03:13,1.9,100,651100
20240208,11:03:24,1.9,100,651100
20240208,11:03:34,1.9,400,651100
20240208,11:04:23,1.9,100,651100
20240208,11:04:32,1.9,300,651100
20240208,11:04:42,1.95,850,651100
20240208,11:04:51,1.95,4300,651100
20240208,11:05:35,1.85,3600,654100
20240208,11:05:45,1.8,1400,654100
20240208,11:05:55,1.85,100,654100
20240208,11:06:05,1.8,3250,654100
20240208,11:06:14,1.8,3200,654100
20240208,11:06:24,1.8,400,654100
20240208,11:06:35,1.8,4050,654100
20240208,11:06:45,1.8,600,654100
20240208,11:06:55,1.75,3250,654100
20240208,11:07:15,1.75,1400,654100
20240208,11:07:25,1.8,3650,654100
20240208,11:07:35,1.8,50,654100
20240208,11:07:56,1.75,900,654100
20240208,11:08:06,1.75,200,668200
20240208,11:08:34,1.8,650,668200
20240208,11:08:44,1.8,1000,668200
20240208,11:08:53,1.8,750,668200
20240208,11:09:03,1.85,1900,668200
20240208,11:09:12,1.95,8200,668200
20240208,11:09:21,1.9,550,668200
20240208,11:09:31,1.95,3600,668200
20240208,11:09:40,1.9,500,668200
20240208,11:09:50,1.95,5200,668200
20240208,11:09:59,1.95,600,668200
20240208,11:10:08,2.0,3150,668200
20240208,11:10:17,2.0,6050,668200
20240208,11:10:27,2.05,750,668200
20240208,11:10:37,2.1,1250,668200
20240208,11:10:55,2.0,50,668200
20240208,11:11:11,2.0,2000,689250
20240208,11:11:30,2.0,2600,689250
20240208,11:11:40,2.0,800,689250
20240208,11:11:49,2.0,1950,689250
20240208,11:11:58,2.0,2500,689250
20240208,11:12:07,2.0,150,689250
20240208,11:12:35,2.0,100,689250
20240208,11:13:01,2.0,500,689250
20240208,11:13:11,2.05,2300,689250
20240208,11:13:19,2.0,50,689250
20240208,11:13:28,2.05,2250,689250
20240208,11:13:45,2.0,5300,689250
20240208,11:13:53,2.0,2000,689250
20240208,11:14:02,2.0,600,684800
20240208,11:14:11,2.0,550,684800
20240208,11:14:20,2.0,150,684800
20240208,11:14:28,1.95,200,684800
20240208,11:14:37,2.0,500,684800
20240208,11:14:45,2.0,3800,684800
20240208,11:15:00,2.0,400,684800
20240208,11:15:09,1.95,1950,684800
20240208,11:15:18,2.0,550,684800
20240208,11:15:26,2.0,300,684800
20240208,11:15:35,2.0,250,684800
20240208,11:15:44,1.95,150,684800
20240208,11:15:53,1.95,1600,684800
20240208,11:16:02,1.95,150,684800
20240208,11:16:17,1.95,50,684800
20240208,11:16:26,1.95,200,684800
20240208,11:16:52,1.9,1050,684800
20240208,11:17:18,1.9,400,679750
20240208,11:17:27,1.9,300,679750
20240208,11:17:35,1.85,300,679750
20240208,11:17:43,1.9,50,679750
20240208,11:17:59,1.9,500,679750
20240208,11:18:23,1.9,100,679750
20240208,11:18:40,1.9,50,679750
20240208,11:18:48,1.9,600,679750
20240208,11:18:56,1.85,50,679750
20240208,11:19:04,1.85,50,679750
20240208,11:19:13,1.85,600,679750
20240208,11:19:29,1.85,350,679750
20240208,11:20:20,1.8,400,680200
20240208,11:20:37,1.85,50,680200
20240208,11:20:53,1.85,400,680200
20240208,11:21:18,1.8,100,680200
20240208,11:21:27,1.8,3050,680200
20240208,11:21:44,1.8,2450,680200
20240208,11:22:00,1.8,50,680200
20240208,11:22:16,1.75,950,680200
20240208,11:23:05,1.8,200,680200
20240208,11:23:37,1.8,50,678550
20240208,11:23:45,1.8,1200,678550
20240208,11:24:55,1.8,7500,678550
20240208,11:25:03,1.8,2350,678550
20240208,11:25:11,1.8,50,678550
20240208,11:25:20,1.8,400,678550
20240208,11:25:28,1.8,250,678550
20240208,11:25:37,1.85,550,678550
20240208,11:25:46,1.8,450,678550
20240208,11:25:55,1.8,100,678550
20240208,11:26:12,1.8,50,677350
20240208,11:26:36,1.8,50,677350
20240208,11:26:45,1.8,50,677350
20240208,11:26:54,1.85,500,677350
20240208,11:27:11,1.8,350,677350
20240208,11:27:19,1.8,100,677350
20240208,11:27:28,1.8,300,677350
20240208,11:27:37,1.8,450,677350
20240208,11:27:46,1.8,2700,677350
20240208,11:28:23,1.85,1500,677350
20240208,11:28:31,1.85,500,677350
20240208,11:28:49,1.8,550,677350
20240208,11:28:58,1.85,7250,677350
20240208,11:29:08,1.85,3950,687900
20240208,11:29:16,1.9,5750,687900
20240208,11:29:25,1.9,450,687900
20240208,11:29:32,1.9,1650,687900
20240208,11:29:40,1.85,1750,687900
20240208,11:30:05,1.85,200,687900
20240208,11:30:39,1.9,7800,687900
20240208,11:30:47,1.9,1750,687900
20240208,11:30:55,1.9,300,687900
20240208,11:31:04,1.9,2550,687900
20240208,11:31:12,1.9,500,687900
20240208,11:31:53,1.9,250,687900
20240208,11:32:02,1.85,1900,697750
20240208,11:32:09,1.85,1200,697750
20240208,11:32:25,1.85,4350,697750
20240208,11:32:41,1.85,350,697750
20240208,11:32:49,1.8,1500,697750
20240208,11:33:06,1.85,600,697750
20240208,11:33:22,1.8,1500,697750
20240208,11:33:29,1.85,1900,697750
20240208,11:33:37,1.85,1000,697750
20240208,11:33:45,1.8,1250,697750
20240208,11:33:59,1.8,1850,697750
20240208,11:34:06,1.85,15050,697750
20240208,11:34:13,1.85,3100,697750
20240208,11:34:20,1.85,250,697750
20240208,11:34:42,1.85,1800,697750
20240208,11:34:50,1.85,500,697750
20240208,11:34:58,1.9,1000,697750
20240208,11:35:06,1.85,400,697750
20240208,11:35:22,1.9,350,719100
20240208,11:35:29,1.9,1100,719100
20240208,11:35:45,1.85,250,719100
20240208,11:35:53,1.9,750,719100
20240208,11:36:00,1.85,950,719100
20240208,11:36:07,1.85,50,719100
20240208,11:36:30,1.85,200,719100
20240208,11:36:37,1.85,700,719100
20240208,11:36:44,1.85,100,719100
20240208,11:37:00,1.85,2650,719100
20240208,11:37:07,1.85,1900,719100
20240208,11:37:16,1.85,2850,719100
20240208,11:37:23,1.85,100,719100
20240208,11:37:31,1.85,50,719100
20240208,11:37:39,1.85,50,719100
20240208,11:37:47,1.85,50,719100
20240208,11:37:55,1.85,50,719100
20240208,11:38:02,1.85,250,719100
20240208,11:38:11,1.85,1000,727500
20240208,11:38:41,1.9,200,727500
20240208,11:38:49,1.9,50,727500
20240208,11:39:25,1.85,2100,727500
20240208,11:39:32,1.85,1800,727500
20240208,11:39:40,1.85,500,727500
20240208,11:39:49,1.85,2050,727500
20240208,11:39:56,1.9,100,727500
20240208,11:40:18,1.85,1500,727500
20240208,11:41:06,1.85,50,727500
20240208,11:41:20,1.85,1300,735000
20240208,11:41:27,1.85,1000,735000
20240208,11:41:33,1.85,50,735000
20240208,11:41:48,1.9,1900,735000
20240208,11:41:55,1.9,7200,735000
20240208,11:42:02,1.85,8250,735000
20240208,11:42:09,1.9,7950,735000
20240208,11:42:16,1.9,5850,735000
20240208,11:42:23,1.9,8000,735000
20240208,11:42:30,1.95,8550,735000
20240208,11:42:37,1.95,8250,735000
20240208,11:42:44,2.05,6600,735000
20240208,11:42:52,2.05,10350,735000
20240208,11:42:59,2.0,10400,735000
20240208,11:43:08,2.05,17350,735000
20240208,11:43:16,2.0,13900,735000
20240208,11:43:24,2.0,5200,735000
20240208,11:43:39,2.0,2900,735000
20240208,11:43:47,1.95,1000,735000
20240208,11:44:01,1.95,50,735000
20240208,11:44:24,1.95,1000,822750
20240208,11:44:38,1.9,1100,822750
20240208,11:44:45,1.95,250,822750
20240208,11:44:58,1.9,3650,822750
20240208,11:45:47,1.95,750,822750
20240208,11:46:15,1.95,250,822750
20240208,11:46:35,1.95,50,822750
20240208,11:46:56,1.95,600,822750
20240208,11:47:09,1.9,4350,823100
20240208,11:47:15,1.9,2200,823100
20240208,11:47:22,1.9,450,823100
20240208,11:47:43,1.9,1050,823100
20240208,11:47:50,1.9,50,823100
20240208,11:48:18,1.9,500,823100
20240208,11:48:25,1.85,1450,823100
20240208,11:48:32,1.9,50,823100
20240208,11:49:10,1.85,500,823100
20240208,11:49:38,1.85,100,823100
20240208,11:50:05,1.95,9050,823100
20240208,11:50:13,1.95,3200,828550
20240208,11:51:50,1.9,1750,828550
20240208,11:52:11,1.9,200,828550
20240208,11:52:18,1.85,3600,828550
20240208,11:52:26,1.85,4300,828550
20240208,11:52:33,1.85,3850,828550
20240208,11:52:50,1.85,2400,828550
20240208,11:52:58,1.85,1850,828550
20240208,11:53:06,1.85,950,833400
20240208,11:53:29,1.9,50,833400
20240208,11:53:55,1.85,250,833400
20240208,11:54:03,1.85,300,833400
20240208,11:54:13,1.85,50,833400
20240208,11:54:31,1.85,200,833400
20240208,11:55:25,1.9,50,833400
20240208,11:55:58,1.85,50,833400
20240208,11:56:06,1.9,1550,833400
20240208,11:56:20,1.85,800,832550
20240208,11:57:05,1.9,250,832550
20240208,11:57:12,1.85,150,832550
20240208,11:57:28,1.9,3000,832550
20240208,11:57:44,1.9,700,832550
20240208,11:57:59,1.9,50,832550
20240208,11:58:09,1.9,50,832550
20240208,11:58:46,1.9,150,832550
20240208,11:59:14,1.85,50,832550
20240208,12:00:09,1.9,400,832400
20240208,12:00:24,1.9,50,832400
20240208,12:01:11,1.9,550,832400
20240208,12:02:01,1.9,50,832400
20240208,12:02:09,1.85,250,832900
20240208,12:02:28,1.9,50,832900
20240208,12:02:37,1.9,400,832900
20240208,12:03:53,1.85,1000,832900
20240208,12:04:17,1.85,300,832900
20240208,12:04:25,1.85,2700,832900
20240208,12:05:16,1.85,500,834050
20240208,12:05:38,1.85,50,834050
20240208,12:06:15,1.9,300,834050
20240208,12:06:29,1.9,300,834050
20240208,12:06:36,1.8,100,834050
20240208,12:07:40,1.85,100,834050
20240208,12:08:18,1.85,450,833500
20240208,12:08:38,1.85,450,833500
20240208,12:09:27,1.85,1050,833500
20240208,12:09:33,1.85,1000,833500
20240208,12:09:57,1.85,400,833500
20240208,12:10:03,1.9,450,833500
20240208,12:10:31,1.85,1350,833500
20240208,12:11:14,1.9,50,832950
20240208,12:12:08,1.85,50,832950
20240208,12:12:16,1.85,100,832950
20240208,12:12:22,1.85,50,832950
20240208,12:12:29,1.85,550,832950
20240208,12:12:42,1.85,50,832950
20240208,12:12:56,1.85,200,832950
20240208,12:13:14,1.9,9000,832950
20240208,12:14:02,1.85,100,832950
20240208,12:14:16,1.85,1800,841400
20240208,12:14:43,1.8,1250,841400
20240208,12:14:56,1.85,1100,841400
20240208,12:15:26,1.85,1500,841400
20240208,12:15:52,1.85,1950,841400
20240208,12:16:06,1.8,500,841400
20240208,12:16:27,1.8,300,841400
20240208,12:16:38,1.85,200,841400
20240208,12:16:45,1.85,1150,841400
20240208,12:17:07,1.85,50,841400
20240208,12:17:18,1.85,3000,839500
20240208,12:17:52,1.9,400,839500
20240208,12:18:14,1.85,200,839500
20240208,12:18:49,1.85,150,839500
20240208,12:19:38,1.8,50,839500
20240208,12:19:49,1.85,50,839500
20240208,12:20:00,1.85,1300,839500
20240208,12:20:33,1.85,50,841500
20240208,12:21:33,1.9,350,841500
20240208,12:22:18,1.85,5000,841500
20240208,12:22:57,1.9,300,841500
20240208,12:23:09,1.9,200,841500
20240208,12:23:17,1.9,600,846350
20240208,12:23:38,1.9,100,846350
20240208,12:24:05,1.85,5000,846350
20240208,12:24:18,1.9,300,846350
20240208,12:24:32,1.8,9000,846350
20240208,12:24:44,1.9,50,846350
20240208,12:24:52,1.8,1200,846350
20240208,12:25:12,1.85,950,846350
20240208,12:26:05,1.75,10150,846350
20240208,12:26:11,1.75,21950,846350
20240208,12:26:18,1.8,350,868600
20240208,12:26:31,1.8,450,868600
20240208,12:26:37,1.75,3600,868600
20240208,12:27:07,1.8,50,868600
20240208,12:27:19,1.8,50,868600
20240208,12:27:37,1.6,15500,868600
20240208,12:27:43,1.75,800,868600
20240208,12:27:54,1.75,100,868600
20240208,12:28:00,1.75,2100,868600
20240208,12:28:06,1.65,3600,868600
20240208,12:28:11,1.7,950,868600
20240208,12:28:34,1.7,2650,868600
20240208,12:29:25,1.75,50,873950
20240208,12:30:16,1.7,600,873950
20240208,12:30:45,1.75,1500,873950
20240208,12:30:56,1.75,1500,873950
20240208,12:31:02,1.75,250,873950
20240208,12:31:36,1.8,19900,873950
20240208,12:31:49,1.8,1800,873950
20240208,12:32:07,1.8,3300,873950
20240208,12:32:21,1.85,250,883350
20240208,12:32:51,1.85,500,883350
20240208,12:33:02,1.8,1800,883350
20240208,12:33:19,1.85,350,883350
20240208,12:33:37,1.8,50,883350
20240208,12:33:44,1.8,1800,883350
20240208,12:34:08,1.8,1800,883350
20240208,12:34:14,1.8,250,883350
20240208,12:34:33,1.8,350,883350
20240208,12:34:40,1.8,600,883350
20240208,12:34:53,1.8,50,883350
20240208,12:35:05,1.8,50,883350
20240208,12:35:24,1.75,800,889800
20240208,12:35:31,1.8,300,889800
20240208,12:38:19,1.8,50,889350
20240208,12:39:11,1.85,9900,889350
20240208,12:39:25,1.85,900,889350
20240208,12:40:29,1.8,250,889350
20240208,12:40:43,1.85,4600,889350
20240208,12:40:49,1.85,800,889350
20240208,12:40:55,1.85,5000,889350
20240208,12:41:08,1.85,50,889350
20240208,12:41:14,1.85,2800,889350
20240208,12:41:58,1.8,4000,908600
20240208,12:42:11,1.8,2200,908600
20240208,12:44:24,1.8,700,912000
20240208,12:45:57,1.8,1000,912000
20240208,12:46:33,1.85,50,912000
20240208,12:47:07,1.8,50,912000
20240208,12:47:31,1.8,450,912500
20240208,12:47:43,1.8,50,912500
20240208,12:47:48,1.75,1750,912500
20240208,12:47:54,1.8,100,912500
20240208,12:48:57,1.75,250,912500
20240208,12:49:39,1.75,100,912500
20240208,12:49:55,1.8,1500,912500
20240208,12:50:05,1.8,500,912500
20240208,12:51:13,1.8,1650,912650
20240208,12:51:58,1.8,250,912650
20240208,12:52:06,1.8,50,912650
20240208,12:53:38,1.8,800,914250
20240208,12:54:06,1.85,450,914250
20240208,12:55:15,1.85,800,914250
20240208,12:55:39,1.8,1500,914250
20240208,12:56:08,1.8,3000,914250
20240208,12:56:14,1.8,2800,914250
20240208,12:56:48,1.8,250,922900
20240208,12:57:09,1.85,150,922900
20240208,12:57:27,1.8,950,922900
20240208,12:57:45,1.8,450,922900
20240208,12:58:05,1.85,500,922900
20240208,12:58:27,1.85,100,922900
20240208,12:59:10,1.8,250,922900
20240208,12:59:22,1.8,250,924000
20240208,12:59:28,1.75,800,924000
20240208,12:59:37,1.8,350,924000
20240208,13:00:01,1.75,50,924000
20240208,13:00:08,1.75,100,924000
20240208,13:00:20,1.75,50,924000
20240208,13:00:33,1.75,50,924000
20240208,13:00:50,1.75,250,924000
20240208,13:01:35,1.8,50,924000
20240208,13:02:15,1.75,450,924000
20240208,13:02:22,1.8,50,924250
20240208,13:02:41,1.75,300,924250
20240208,13:02:52,1.8,50,924250
20240208,13:03:50,1.75,250,924250
20240208,13:03:55,1.75,250,924250
20240208,13:04:00,1.75,500,924250
20240208,13:05:06,1.75,150,924250
20240208,13:05:10,1.75,900,924250
20240208,13:05:17,1.75,500,924250
20240208,13:05:27,1.75,1000,924600
20240208,13:06:02,1.75,50,924600
20240208,13:06:52,1.75,950,924600
20240208,13:07:37,1.75,900,924600
20240208,13:07:45,1.75,200,924600
20240208,13:08:46,1.75,300,921650
20240208,13:09:12,1.75,50,921650
20240208,13:09:51,1.75,100,921650
20240208,13:10:07,1.75,100,921650
20240208,13:11:40,1.75,1400,921950
20240208,13:12:16,1.75,1800,921950
20240208,13:12:23,1.8,100,921950
20240208,13:12:47,1.75,400,921950
20240208,13:12:54,1.75,500,921950
20240208,13:13:02,1.75,500,921950
20240208,13:13:14,1.8,250,921950
20240208,13:13:19,1.75,50,921950
20240208,13:14:08,1.8,50,921950
20240208,13:14:12,1.8,50,921950
20240208,13:14:55,1.75,250,924600
20240208,13:14:58,1.8,50,924600
20240208,13:15:26,1.8,50,924600
20240208,13:16:07,1.8,50,924600
20240208,13:17:22,1.75,1750,924850
20240208,13:17:54,1.75,250,924850
20240208,13:18:35,1.75,1000,924850
20240208,13:18:49,1.75,3700,924850
20240208,13:18:57,1.75,50,924850
20240208,13:19:40,1.8,2500,924850
20240208,13:19:43,1.8,50,924850
20240208,13:19:53,1.8,2850,924850
20240208,13:20:09,1.8,500,924850
20240208,13:20:21,1.8,50,929500
20240208,13:20:50,1.75,250,929500
20240208,13:20:54,1.8,500,929500
20240208,13:22:05,1.8,1500,929500
20240208,13:22:27,1.8,1000,929500
20240208,13:22:30,1.8,250,929500
20240208,13:22:40,1.8,250,929500
20240208,13:23:27,1.8,500,929850
20240208,13:23:38,1.8,1000,929850
20240208,13:24:13,1.8,350,929850
20240208,13:25:02,1.8,50,929850
20240208,13:25:12,1.8,50,929850
20240208,13:27:04,1.75,50,929850
20240208,13:27:37,1.8,500,930000
20240208,13:28:35,1.8,100,930000
20240208,13:28:44,1.75,500,930000
20240208,13:29:11,1.75,50,930000
20240208,13:29:15,1.8,750,930000
20240208,13:29:50,1.8,3350,931400
20240208,13:29:56,1.8,100,931400
20240208,13:30:53,1.8,300,931400
20240208,13:30:58,1.85,3800,931400
20240208,13:31:03,1.85,1850,931400
20240208,13:32:46,1.85,300,939600
20240208,13:33:00,1.85,350,939600
20240208,13:33:15,1.8,100,939600
20240208,13:33:41,1.85,100,939600
20240208,13:34:14,1.85,200,939600
20240208,13:34:43,1.85,300,939600
20240208,13:35:34,1.85,3000,940450
20240208,13:35:58,1.85,850,940450
20240208,13:36:01,1.85,1950,940450
20240208,13:36:23,1.85,1000,940450
20240208,13:36:27,1.85,250,940450
20240208,13:37:23,1.85,3350,940450
20240208,13:37:47,1.85,850,940450
20240208,13:38:12,1.85,1750,940450
20240208,13:38:16,1.85,50,940450
20240208,13:38:22,1.85,150,940450
20240208,13:39:03,1.85,3300,947650
20240208,13:39:13,1.8,1600,947650
20240208,13:39:39,1.85,2600,947650
20240208,13:39:51,1.9,3300,947650
20240208,13:40:35,1.9,3600,947650
20240208,13:40:43,1.9,3600,947650
20240208,13:40:48,1.85,1300,947650
20240208,13:40:50,1.85,400,947650
20240208,13:40:57,1.9,26050,947650
20240208,13:41:00,1.9,14400,947650
20240208,13:41:06,1.85,750,947650
20240208,13:41:33,1.9,100,975350
20240208,13:42:12,1.9,100,975350
20240208,13:42:17,1.85,1800,975350
20240208,13:42:22,1.9,1800,975350
20240208,13:42:25,1.85,1800,975350
20240208,13:42:29,1.9,1800,975350
20240208,13:42:39,1.85,400,975350
20240208,13:42:43,1.85,500,975350
20240208,13:43:24,1.85,100,975350
20240208,13:43:35,1.85,500,975350
20240208,13:43:39,1.8,50,975350
20240208,13:43:58,1.85,3300,975350
20240208,13:44:02,1.8,1500,975350
20240208,13:45:01,1.85,6600,984050
20240208,13:45:07,1.8,50,984050
20240208,13:45:11,1.8,50,984050
20240208,13:45:29,1.85,3600,984050
20240208,13:45:33,1.8,1400,984050
20240208,13:45:37,1.8,50,984050
20240208,13:45:41,1.85,3300,984050
20240208,13:45:45,1.85,600,984050
20240208,13:46:01,1.9,2800,984050
20240208,13:46:19,1.85,2600,984050
20240208,13:46:22,1.85,1900,984050
20240208,13:46:25,1.85,900,984050
20240208,13:46:37,1.85,250,984050
20240208,13:47:29,1.85,4600,999000
20240208,13:47:33,1.85,2400,999000
20240208,13:47:37,1.9,1900,999000
20240208,13:47:42,1.85,1200,999000
20240208,13:47:48,1.9,300,999000
20240208,13:47:53,1.9,100,999000
20240208,13:47:58,1.9,200,999000
20240208,13:48:06,1.9,1000,999000
20240208,13:48:10,1.9,1800,999000
20240208,13:48:17,1.85,1500,999000
20240208,13:48:21,1.9,100,999000
20240208,13:48:30,1.9,100,999000
20240208,13:49:19,1.9,50,999000
20240208,13:49:43,1.9,1850,999000
20240208,13:49:47,1.9,3600,999000
20240208,13:49:57,1.9,3600,999000
20240208,13:50:00,1.9,400,999000
20240208,13:50:20,1.9,250,999000
20240208,13:50:25,1.95,600,999000
20240208,13:50:28,1.95,50,1009950
20240208,13:50:55,1.9,100,1009950
20240208,13:50:58,1.95,3300,1009950
20240208,13:51:33,1.95,350,1009950
20240208,13:52:06,1.95,50,1009950
20240208,13:52:26,1.95,1000,1009950
20240208,13:52:36,1.9,100,1009950
20240208,13:52:53,1.9,250,1009950
20240208,13:53:00,1.9,250,1009950
20240208,13:53:13,1.9,2050,1009950
20240208,13:53:20,1.9,9200,1009950
20240208,13:53:27,1.9,50,1015450
20240208,13:53:34,1.85,750,1015450
20240208,13:53:47,1.9,50,1015450
20240208,13:54:12,1.85,1050,1015450
20240208,13:54:43,1.9,100,1015450
20240208,13:54:50,1.85,800,1015450
20240208,13:55:36,1.8,8450,1015450
20240208,13:55:49,1.8,50,1015450
20240208,13:55:55,1.8,50,1015450
20240208,13:56:05,1.8,1000,1015450
20240208,13:56:09,1.8,600,1015450
20240208,13:56:17,1.8,1300,1015450
20240208,13:56:37,1.8,1200,1019200
20240208,13:56:58,1.8,1000,1019200
20240208,13:58:29,1.85,150,1019200
20240208,13:58:45,1.8,100,1019200
20240208,13:59:01,1.85,200,1019200
20240208,14:00:07,1.85,1000,1021400
20240208,14:00:51,1.85,7700,1021400
20240208,14:01:40,1.9,4500,1021400
20240208,14:01:43,1.85,4150,1021400
20240208,14:01:50,1.9,1800,1021400
20240208,14:01:53,1.9,50,1021400
20240208,14:02:01,1.85,1000,1021400
20240208,14:02:27,1.85,1750,1032300
20240208,14:02:32,1.85,1800,1032300
20240208,14:02:42,1.9,1800,1032300
20240208,14:02:52,1.9,50,1032300
20240208,14:02:59,1.85,1850,1032300
20240208,14:03:03,1.85,1000,1032300
20240208,14:03:16,1.9,100,1032300
20240208,14:03:21,1.85,100,1032300
20240208,14:03:37,1.9,1000,1032300
20240208,14:03:58,1.9,850,1032300
20240208,14:04:14,1.9,500,1032300
20240208,14:04:21,1.9,1600,1032300
20240208,14:04:47,1.9,2900,1032300
20240208,14:05:20,1.85,1800,1032300
20240208,14:05:28,1.9,50,1032300
20240208,14:05:50,1.85,3150,1046500
20240208,14:05:58,1.9,2800,1046500
20240208,14:06:04,1.9,250,1046500
20240208,14:06:45,1.9,1300,1046500
20240208,14:06:58,1.9,100,1046500
20240208,14:07:12,1.9,3100,1046500
20240208,14:07:33,1.9,1000,1046500
20240208,14:08:12,1.9,3200,1046500
20240208,14:08:44,1.95,2400,1052150
20240208,14:09:52,1.95,3600,1052150
20240208,14:10:11,1.95,1100,1052150
20240208,14:10:18,1.95,2700,1052150
20240208,14:10:24,1.95,500,1052150
20240208,14:10:55,1.95,13600,1052150
20240208,14:11:00,1.9,200,1052150
20240208,14:11:23,1.9,50,1052150
20240208,14:11:29,1.9,50,1052150
20240208,14:11:41,1.9,2300,1068850
20240208,14:11:47,1.9,1500,1068850
20240208,14:12:00,1.95,100,1068850
20240208,14:12:06,1.9,50,1068850
20240208,14:12:43,2.0,8250,1068850
20240208,14:12:49,2.0,800,1068850
20240208,14:13:07,2.0,50,1068850
20240208,14:13:27,1.95,25850,1068850
20240208,14:13:39,2.0,100,1068850
20240208,14:13:46,1.95,1800,1068850
20240208,14:13:53,2.0,4100,1068850
20240208,14:14:09,2.0,1950,1068850
20240208,14:14:18,2.0,3650,1068850
20240208,14:14:27,2.0,4900,1068850
20240208,14:14:43,2.0,350,1095900
20240208,14:15:17,2.05,1500,1095900
20240208,14:15:26,2.1,3800,1095900
20240208,14:15:43,2.1,4950,1095900
20240208,14:15:51,2.15,2050,1095900
20240208,14:15:59,2.15,50,1095900
20240208,14:16:07,2.2,1750,1095900
20240208,14:16:15,2.2,2850,1095900
20240208,14:16:23,2.2,500,1095900
20240208,14:16:31,2.2,100,1095900
20240208,14:16:39,2.2,150,1095900
20240208,14:16:47,2.2,150,1095900
20240208,14:16:55,2.2,250,1095900
20240208,14:17:11,2.2,3350,1095900
20240208,14:17:20,2.2,250,1095900
20240208,14:17:28,2.2,300,1095900
20240208,14:17:36,2.2,3400,1101650
20240208,14:17:44,2.15,2400,1101650
20240208,14:17:53,2.15,1850,1101650
20240208,14:18:01,2.15,1050,1101650
20240208,14:18:16,2.2,2250,1101650
20240208,14:18:24,2.15,350,1101650
20240208,14:18:31,2.1,100,1101650
20240208,14:18:39,2.15,50,1101650
20240208,14:18:47,2.15,2150,1101650
20240208,14:18:54,2.2,4650,1101650
20240208,14:19:02,2.15,1800,1101650
20240208,14:19:09,2.15,3200,1101650
20240208,14:19:17,2.15,350,1101650
20240208,14:19:38,2.15,1250,1101650
20240208,14:19:44,2.2,5700,1101650
20240208,14:19:52,2.2,300,1101650
20240208,14:19:59,2.15,2500,1101650
20240208,14:20:05,2.15,3600,1101650
20240208,14:20:11,2.2,1800,1101650
20240208,14:20:18,2.2,300,1101650
20240208,14:20:33,2.15,6600,1131650
20240208,14:20:40,2.2,2850,1131650
20240208,14:20:47,2.2,3600,1131650
20240208,14:21:02,2.15,1500,1131650
20240208,14:21:09,2.15,3700,1131650
20240208,14:21:16,2.15,10750,1131650
20240208,14:21:22,2.1,1850,1131650
20240208,14:21:29,2.1,1550,1131650
20240208,14:21:36,2.05,1300,1131650
20240208,14:21:43,2.1,250,1131650
20240208,14:21:56,2.05,800,1131650
20240208,14:22:03,2.05,550,1131650
20240208,14:22:09,2.1,1800,1131650
20240208,14:22:17,2.1,750,1131650
20240208,14:22:39,2.1,1500,1131650
20240208,14:22:54,2.1,500,1131650
20240208,14:23:00,2.1,1100,1131650
20240208,14:23:07,2.1,200,1131650
20240208,14:23:13,2.15,1800,1131650
20240208,14:23:20,2.15,200,1131650
20240208,14:23:27,2.15,200,1131650
20240208,14:23:34,2.15,300,1158100
20240208,14:23:41,2.15,2800,1158100
20240208,14:23:55,2.2,4700,1158100
20240208,14:24:03,2.2,1350,1158100
20240208,14:24:10,2.2,1800,1158100
20240208,14:24:17,2.15,250,1158100
20240208,14:24:38,2.2,200,1158100
20240208,14:24:51,2.15,4800,1158100
20240208,14:24:57,2.2,3300,1158100
20240208,14:25:04,2.15,150,1158100
20240208,14:25:25,2.2,250,1158100
20240208,14:25:33,2.15,1050,1158100
20240208,14:26:12,2.1,50,1158100
20240208,14:26:18,2.1,3450,1158100
20240208,14:26:24,2.1,250,1158100
20240208,14:26:32,2.15,2750,1158100
20240208,14:26:51,2.15,1800,1169750
20240208,14:27:00,2.15,1700,1169750
20240208,14:27:17,2.1,750,1169750
20240208,14:27:26,2.15,1800,1169750
20240208,14:27:34,2.15,1000,1169750
20240208,14:27:59,2.05,400,1169750
20240208,14:28:07,2.15,250,1169750
20240208,14:28:16,2.1,2450,1169750
20240208,14:28:23,2.15,50,1169750
20240208,14:28:31,2.2,3650,1169750
20240208,14:28:47,2.15,1050,1169750
20240208,14:28:56,2.15,100,1169750
20240208,14:29:03,2.15,50,1169750
20240208,14:29:11,2.15,200,1169750
20240208,14:29:18,2.2,3100,1169750
20240208,14:30:09,2.2,300,1180400
20240208,14:30:17,2.15,1350,1180400
20240208,14:30:25,2.15,4850,1180400
20240208,14:30:40,2.2,4200,1180400
20240208,14:31:04,2.2,100,1180400
20240208,14:31:12,2.15,5250,1180400
20240208,14:31:20,2.2,2300,1180400
20240208,14:31:29,2.2,550,1180400
20240208,14:31:38,2.2,1850,1180400
20240208,14:31:46,2.25,2400,1180400
20240208,14:31:56,2.25,4250,1180400
20240208,14:32:13,2.25,1500,1180400
20240208,14:32:22,2.25,600,1180400
20240208,14:32:31,2.3,250,1180400
20240208,14:32:38,2.3,1100,1187900
20240208,14:32:46,2.3,3800,1187900
20240208,14:32:54,2.25,4250,1187900
20240208,14:33:01,2.25,1000,1187900
20240208,14:33:09,2.3,2200,1187900
20240208,14:33:17,2.35,7200,1187900
20240208,14:33:25,2.3,1000,1187900
20240208,14:33:32,2.3,100,1187900
20240208,14:33:39,2.3,2150,1187900
20240208,14:33:47,2.3,2150,1187900
20240208,14:34:03,2.25,2350,1187900
20240208,14:34:10,2.25,2950,1187900
20240208,14:34:18,2.25,550,1187900
20240208,14:34:25,2.3,400,1187900
20240208,14:34:33,2.3,7650,1187900
20240208,14:34:40,2.3,2550,1187900
20240208,14:35:02,2.3,7100,1187900
20240208,14:35:17,2.25,3200,1187900
20240208,14:35:24,2.25,500,1187900
20240208,14:35:32,2.3,900,1203800
20240208,14:35:41,2.3,8200,1203800
20240208,14:35:57,2.3,1050,1203800
20240208,14:36:05,2.3,800,1203800
20240208,14:36:22,2.25,1200,1203800
20240208,14:36:37,2.25,1500,1203800
20240208,14:36:46,2.25,10250,1203800
20240208,14:36:56,2.3,2750,1203800
20240208,14:37:06,2.3,2150,1203800
20240208,14:37:15,2.3,500,1203800
20240208,14:37:24,2.3,50,1203800
20240208,14:37:33,2.3,1850,1203800
20240208,14:37:41,2.25,3000,1203800
20240208,14:37:50,2.3,400,1203800
20240208,14:37:58,2.3,2700,1203800
20240208,14:38:25,2.3,2050,1203800
20240208,14:38:42,2.3,50,1208350
20240208,14:38:50,2.25,2500,1208350
20240208,14:39:10,2.2,700,1208350
20240208,14:39:18,2.2,1600,1208350
20240208,14:39:27,2.15,500,1208350
20240208,14:39:36,2.25,9650,1208350
20240208,14:39:44,2.2,250,1208350
20240208,14:39:53,2.25,1950,1208350
20240208,14:40:01,2.25,750,1208350
20240208,14:40:10,2.25,600,1208350
20240208,14:40:18,2.2,2000,1208350
20240208,14:40:26,2.25,1150,1208350
20240208,14:40:35,2.2,700,1208350
20240208,14:40:43,2.25,1150,1208350
20240208,14:40:51,2.2,200,1208350
20240208,14:40:59,2.25,100,1208350
20240208,14:41:16,2.2,750,1208350
20240208,14:41:25,2.2,2300,1208350
20240208,14:41:34,2.15,1700,1209000
20240208,14:41:51,2.2,2650,1209000
20240208,14:42:15,2.05,4000,1209000
20240208,14:42:24,2.15,50,1209000
20240208,14:42:42,2.1,1000,1209000
20240208,14:42:50,2.15,250,1209000
20240208,14:42:59,2.1,1000,1209000
20240208,14:43:06,2.1,500,1209000
20240208,14:43:15,2.1,50,1209000
20240208,14:43:23,2.1,550,1209000
20240208,14:43:32,2.1,1600,1209000
20240208,14:43:40,2.15,1600,1209000
20240208,14:43:49,2.15,2100,1209000
20240208,14:43:57,2.15,2800,1209000
20240208,14:44:05,2.2,1600,1209000
20240208,14:44:14,2.25,1850,1209000
20240208,14:44:30,2.2,1500,1209000
20240208,14:44:38,2.25,2550,1211900
20240208,14:44:46,2.25,1000,1211900
20240208,14:44:54,2.2,1000,1211900
20240208,14:45:09,2.2,150,1211900
20240208,14:45:17,2.2,1000,1211900
20240208,14:45:25,2.15,800,1211900
20240208,14:45:33,2.15,1200,1211900
20240208,14:45:40,2.2,2700,1211900
20240208,14:45:48,2.2,2100,1211900
20240208,14:45:56,2.2,1000,1211900
20240208,14:46:11,2.2,2800,1211900
20240208,14:46:18,2.25,300,1211900
20240208,14:46:34,2.2,200,1211900
20240208,14:46:41,2.25,3250,1211900
20240208,14:47:05,2.25,1000,1211900
20240208,14:47:13,2.2,500,1211900
20240208,14:47:21,2.2,50,1211900
20240208,14:47:36,2.2,500,1211900
20240208,14:47:44,2.2,3150,1220500
20240208,14:47:51,2.2,150,1220500
20240208,14:48:07,2.15,3600,1220500
20240208,14:48:15,2.1,350,1220500
20240208,14:48:44,2.2,1250,1220500
20240208,14:48:52,2.2,100,1220500
20240208,14:49:07,2.2,1800,1220500
20240208,14:49:22,2.2,300,1220500
20240208,14:49:46,2.15,600,1220500
20240208,14:49:54,2.15,200,1220500
20240208,14:50:10,2.15,600,1220500
20240208,14:50:18,2.15,400,1220500
20240208,14:50:41,2.1,100,1225700
20240208,14:50:48,2.1,1250,1225700
20240208,14:51:10,2.15,1550,1225700
20240208,14:51:26,2.1,1200,1225700
20240208,14:51:34,2.1,50,1225700
20240208,14:51:42,2.1,200,1225700
20240208,14:51:57,2.1,150,1225700
20240208,14:52:05,2.1,2750,1225700
20240208,14:52:13,2.05,1200,1225700
20240208,14:52:20,2.1,250,1225700
20240208,14:52:27,2.05,650,1225700
20240208,14:52:34,2.0,1250,1225700
20240208,14:52:41,2.05,950,1225700
20240208,14:52:56,2.05,1500,1225700
20240208,14:53:03,2.1,2400,1225700
20240208,14:53:11,2.1,200,1225700
20240208,14:53:19,2.05,1000,1225700
20240208,14:53:27,2.1,50,1225700
20240208,14:54:19,2.05,300,1232300
20240208,14:54:27,2.1,1600,1232300
20240208,14:54:35,2.1,250,1232300
20240208,14:54:42,2.1,250,1232300
20240208,14:54:49,2.1,7350,1232300
20240208,14:54:56,2.1,900,1232300
20240208,14:55:03,2.15,250,1232300
20240208,14:55:11,2.1,100,1232300
20240208,14:55:19,2.15,250,1232300
20240208,14:55:42,2.15,300,1232300
20240208,14:55:59,2.15,150,1232300
20240208,14:56:16,2.15,350,1232300
20240208,14:56:32,2.15,10550,1232300
20240208,14:56:49,2.15,5550,1242450
20240208,14:56:57,2.15,800,1242450
20240208,14:57:38,2.2,1900,1242450
20240208,14:57:46,2.2,1850,1242450
20240208,14:57:53,2.2,1800,1242450
20240208,14:58:01,2.2,6050,1242450
20240208,14:58:10,2.2,1800,1242450
20240208,14:58:17,2.2,1900,1242450
20240208,14:58:25,2.15,9950,1242450
20240208,14:58:33,2.15,2750,1242450
20240208,14:58:43,2.15,1950,1242450
20240208,14:58:53,2.15,950,1242450
20240208,14:59:03,2.15,500,1242450
20240208,14:59:21,2.15,8600,1242450
20240208,15:00:05,2.2,3550,1260300
20240208,15:00:14,2.2,700,1260300
20240208,15:00:23,2.2,250,1260300
20240208,15:00:32,2.15,500,1260300
20240208,15:00:40,2.1,2600,1260300
20240208,15:00:49,2.1,2100,1260300
20240208,15:00:58,2.2,4200,1260300
20240208,15:01:08,2.15,9300,1260300
20240208,15:01:17,2.15,2200,1260300
20240208,15:01:34,2.2,200,1260300
20240208,15:01:44,2.2,3650,1260300
20240208,15:01:53,2.2,800,1260300
20240208,15:02:14,2.25,50,1260300
20240208,15:02:23,2.25,1200,1260300
20240208,15:02:33,2.3,2400,1260300
20240208,15:02:42,2.3,300,1263450
20240208,15:02:53,2.3,3900,1263450
20240208,15:03:12,2.3,2550,1263450
20240208,15:03:22,2.3,1300,1263450
20240208,15:03:31,2.3,150,1263450
20240208,15:03:41,2.35,1250,1263450
20240208,15:03:50,2.3,1300,1263450
20240208,15:04:10,2.35,7100,1263450
20240208,15:04:19,2.35,5800,1263450
20240208,15:04:27,2.3,11250,1263450
20240208,15:04:45,2.25,1950,1263450
20240208,15:04:54,2.25,1350,1263450
20240208,15:05:03,2.15,3200,1263450
20240208,15:05:13,2.15,38150,1263450
20240208,15:05:23,2.2,800,1263450
20240208,15:05:32,2.15,550,1263450
20240208,15:05:41,2.2,2700,1301650
20240208,15:05:49,2.15,4350,1301650
20240208,15:05:58,2.15,4700,1301650
20240208,15:06:07,2.15,4750,1301650
20240208,15:06:16,2.15,100,1301650
20240208,15:06:25,2.1,2400,1301650
20240208,15:06:33,2.15,2550,1301650
20240208,15:06:42,2.15,14950,1301650
20240208,15:06:50,2.15,17450,1301650
20240208,15:06:59,2.2,13000,1301650
20240208,15:07:08,2.2,2600,1301650
20240208,15:07:26,2.2,50,1301650
20240208,15:07:35,2.2,500,1301650
20240208,15:07:44,2.2,1000,1301650
20240208,15:07:53,2.2,150,1301650
20240208,15:08:03,2.15,2550,1301650
20240208,15:08:11,2.15,1800,1301650
20240208,15:08:20,2.2,14250,1301650
20240208,15:08:37,2.15,1850,1301650
20240208,15:08:46,2.2,2100,1350900
20240208,15:08:55,2.15,350,1350900
20240208,15:09:03,2.1,5000,1350900
20240208,15:09:11,2.15,5450,1350900
20240208,15:09:20,2.2,17700,1350900
20240208,15:09:29,2.2,750,1350900
20240208,15:09:39,2.2,50,1350900
20240208,15:09:49,2.2,1550,1350900
20240208,15:09:57,2.2,8500,1350900
20240208,15:10:06,2.2,7600,1350900
20240208,15:10:15,2.2,2500,1350900
20240208,15:10:23,2.2,250,1350900
20240208,15:10:32,2.25,6000,1350900
20240208,15:10:41,2.2,4250,1350900
20240208,15:10:50,2.25,7600,1350900
20240208,15:10:58,2.2,4450,1350900
20240208,15:11:07,2.15,1750,1350900
20240208,15:11:15,2.2,100,1350900
20240208,15:11:24,2.2,5550,1350900
20240208,15:11:32,2.2,10850,1350900
20240208,15:11:41,2.15,1500,1350900
20240208,15:11:49,2.15,400,1400650
20240208,15:11:57,2.15,300,1400650
20240208,15:12:05,2.15,1800,1400650
20240208,15:12:14,2.1,16000,1400650
20240208,15:12:22,2.1,21600,1400650
20240208,15:12:30,2.15,6000,1400650
20240208,15:12:38,2.2,12350,1400650
20240208,15:12:46,2.15,5900,1400650
20240208,15:12:54,2.15,2100,1400650
20240208,15:13:02,2.2,37750,1400650
20240208,15:13:10,2.2,1000,1400650
20240208,15:13:19,2.2,1500,1400650
20240208,15:13:26,2.2,7200,1400650
20240208,15:13:34,2.2,17400,1400650
20240208,15:13:42,2.2,1800,1400650
20240208,15:13:50,2.2,3800,1400650
20240208,15:13:59,2.15,500,1400650
20240208,15:14:07,2.2,8350,1400650
20240208,15:14:15,2.15,5400,1400650
20240208,15:14:24,2.15,16900,1400650
20240208,15:14:32,2.2,4900,1400650
20240208,15:14:41,2.2,1500,1400650
20240208,15:14:49,2.2,850,1484350
20240208,15:14:58,2.2,1550,1484350
20240208,15:15:07,2.2,8050,1484350
20240208,15:15:16,2.2,2500,1484350
20240208,15:15:24,2.2,1750,1484350
20240208,15:15:32,2.2,5450,1484350
20240208,15:15:41,2.2,4550,1484350
20240208,15:15:49,2.15,3700,1484350
20240208,15:15:57,2.15,5750,1484350
20240208,15:16:05,2.1,6650,1484350
20240208,15:16:13,2.1,43850,1484350
20240208,15:16:22,2.15,300,1484350
20240208,15:16:29,2.15,4750,1484350
20240208,15:16:37,2.15,5200,1484350
20240208,15:16:45,2.15,200,1484350
20240208,15:16:53,2.15,900,1484350
20240208,15:17:01,2.1,17000,1484350
20240208,15:17:08,2.1,10650,1484350
20240208,15:17:16,2.1,11900,1484350
20240208,15:17:23,2.1,7550,1484350
20240208,15:17:32,2.15,12800,1484350
20240208,15:17:40,2.15,5900,1484350
20240208,15:17:48,2.15,6350,1540400
20240208,15:17:56,2.1,17950,1540400
20240208,15:18:04,2.1,3150,1540400
20240208,15:18:11,2.1,300,1540400
20240208,15:18:19,2.05,21250,1540400
20240208,15:18:26,2.05,7700,1540400
20240208,15:18:34,2.05,1600,1540400
20240208,15:18:42,2.1,4300,1540400
20240208,15:18:50,2.1,700,1540400
20240208,15:18:57,2.1,1000,1540400
20240208,15:19:05,2.1,3600,1540400
20240208,15:19:13,2.1,6800,1540400
20240208,15:19:20,2.15,5900,1540400
20240208,15:19:28,2.1,7650,1540400
20240208,15:19:36,2.1,750,1540400
20240208,15:19:45,2.1,3300,1540400
20240208,15:19:53,2.1,150,1540400
20240208,15:20:02,2.1,8300,1540400
20240208,15:20:11,2.1,250,1540400
20240208,15:20:19,2.1,3400,1540400
20240208,15:20:27,2.15,3900,1540400
20240208,15:20:35,2.15,2100,1540400
20240208,15:20:43,2.1,9150,1580750
20240208,15:20:52,2.1,1650,1580750
20240208,15:21:00,2.1,3400,1580750
20240208,15:21:08,2.1,1550,1580750
20240208,15:21:15,2.05,2750,1580750
20240208,15:21:23,2.1,11350,1580750
20240208,15:21:31,2.1,400,1580750
20240208,15:21:39,2.1,1100,1580750
20240208,15:21:47,2.1,8600,1580750
20240208,15:22:04,2.05,1000,1580750
20240208,15:22:12,2.1,13750,1580750
20240208,15:22:20,2.1,5650,1580750
20240208,15:22:29,2.1,2700,1580750
20240208,15:22:37,2.1,2800,1580750
20240208,15:22:46,2.1,3000,1580750
20240208,15:22:54,2.1,13000,1580750
20240208,15:23:02,2.05,5800,1580750
20240208,15:23:10,2.05,3250,1580750
20240208,15:23:18,2.0,5600,1580750
20240208,15:23:26,1.9,30300,1580750
20240208,15:23:33,1.95,1850,1580750
20240208,15:23:41,2.0,18750,1648500
20240208,15:23:48,2.0,20300,1648500
20240208,15:23:55,2.0,2050,1648500
20240208,15:24:03,2.0,7700,1648500
20240208,15:24:10,2.05,7450,1648500
20240208,15:24:18,2.1,1050,1648500
20240208,15:24:25,2.0,16400,1648500
20240208,15:24:33,2.05,1550,1648500
20240208,15:24:40,2.05,2250,1648500
20240208,15:24:48,2.05,8600,1648500
20240208,15:24:55,2.0,4550,1648500
20240208,15:25:03,2.0,4200,1648500
20240208,15:25:11,2.05,3500,1648500
20240208,15:25:20,2.05,1000,1648500
20240208,15:25:28,2.05,4900,1648500
20240208,15:25:37,2.1,1000,1648500
20240208,15:25:45,2.0,15350,1648500
20240208,15:25:52,2.0,16750,1648500
20240208,15:26:00,2.0,9250,1648500
20240208,15:26:08,2.0,1250,1648500
20240208,15:26:16,2.0,2500,1648500
20240208,15:26:25,2.0,2450,1648500
20240208,15:26:34,2.0,4000,1648500
20240208,15:26:42,2.0,3100,1648500
20240208,15:26:50,2.0,250,1711200
20240208,15:26:58,2.0,5550,1711200
20240208,15:27:06,2.0,3700,1711200
20240208,15:27:15,2.0,5050,1711200
20240208,15:27:24,2.0,1500,1711200
20240208,15:27:33,2.05,3450,1711200
20240208,15:27:43,2.0,11900,1711200
20240208,15:27:52,2.0,18300,1711200
20240208,15:28:02,2.0,3550,1711200
20240208,15:28:11,2.05,2650,1711200
20240208,15:28:20,2.0,3350,1711200
20240208,15:28:29,2.0,3150,1711200
20240208,15:28:38,2.05,1600,1711200
20240208,15:28:47,2.05,8050,1711200
20240208,15:28:56,2.0,4550,1711200
20240208,15:29:04,2.05,5100,1711200
20240208,15:29:13,2.05,1850,1711200
20240208,15:29:21,2.1,11250,1711200
20240208,15:29:30,2.05,1700,1711200
20240208,15:29:39,2.05,4950,1711200
20240208,15:29:49,2.05,15050,1753900
20240208,15:29:58,2.1,5600,1753900
20240208,15:30:03,1.95,50,1753900
20240209,09:15:01,2.0,1,1770100
20240209,09:15:01,2.0,50,1770100
20240209,09:15:02,2.05,900,1770100
20240209,09:15:02,1.85,900,1770100
20240209,09:15:03,2.05,1050,1770100
20240209,09:15:04,1.7,2800,1770100
20240209,09:15:05,1.85,3650,1770100
20240209,09:15:06,2.0,10950,1770100
20240209,09:15:07,2.05,8750,1770100
20240209,09:15:08,2.0,10100,1770100
20240209,09:15:09,2.0,2750,1770100
20240209,09:15:10,1.95,350,1770100
20240209,09:15:11,2.0,250,1770100
20240209,09:15:12,1.9,7950,1770100
20240209,09:15:13,1.9,400,1770100
20240209,09:15:14,1.9,50,1770100
20240209,09:15:15,1.85,8400,1770100
20240209,09:15:16,1.85,3700,1770100
20240209,09:15:17,1.85,1800,1770100
20240209,09:15:18,1.85,8200,1770100
20240209,09:15:21,1.85,1500,1770100
20240209,09:15:23,1.85,1800,1770100
20240209,09:15:24,1.95,5700,1770100
20240209,09:15:26,1.95,1850,1770100
20240209,09:15:27,2.0,4800,1770100
20240209,09:15:28,1.95,3400,1770100
20240209,09:15:30,1.95,2100,1770100
20240209,09:15:31,1.95,2150,1770100
20240209,09:15:32,1.9,500,1770100
20240209,09:15:33,1.95,100,1770100
20240209,09:15:34,1.9,3200,1770100
20240209,09:15:38,1.9,100,1770100
20240209,09:15:41,1.9,500,1770100
20240209,09:15:42,1.85,1700,1770100
20240209,09:15:44,1.9,1100,1770100
20240209,09:15:45,1.85,7650,1770100
20240209,09:15:46,1.9,50,1770100
20240209,09:15:47,1.9,500,1770100
20240209,09:15:48,1.9,4050,1770100
20240209,09:15:49,1.9,1700,1770100
20240209,09:15:51,1.9,800,1770100
20240209,09:15:52,1.9,700,1770100
20240209,09:15:53,1.85,2150,1770100
20240209,09:15:55,1.85,750,1770100
20240209,09:15:56,1.85,800,1770100
20240209,09:15:57,1.9,2100,1770100
20240209,09:15:59,1.9,50,1770100
20240209,09:16:02,1.85,600,1770100
20240209,09:16:05,1.85,950,1770100
20240209,09:16:06,1.85,200,1770100
20240209,09:16:09,1.85,300,1770100
20240209,09:16:11,1.85,1600,1770100
20240209,09:16:12,1.8,1900,1770100
20240209,09:16:13,1.85,1600,1770100
20240209,09:16:14,1.85,2600,1770100
20240209,09:16:15,1.85,550,1770100
20240209,09:16:16,1.9,12100,1770100
20240209,09:16:18,1.9,50,1764600
20240209,09:16:19,1.85,4000,1764600
20240209,09:16:21,1.85,1800,1764600
20240209,09:16:22,1.9,200,1764600
20240209,09:16:23,1.85,1700,1764600
20240209,09:16:24,1.9,50,1764600
20240209,09:16:25,1.85,50,1764600
20240209,09:16:27,1.85,2600,1764600
20240209,09:16:28,1.85,200,1764600
20240209,09:16:29,1.8,600,1764600
20240209,09:16:31,1.85,150,1764600
20240209,09:16:34,1.8,25000,1764600
20240209,09:16:35,1.8,2600,1764600
20240209,09:16:36,1.8,950,1764600
20240209,09:16:37,1.8,3900,1764600
20240209,09:16:38,1.8,4500,1764600
20240209,09:16:39,1.8,3800,1764600
20240209,09:16:40,1.8,1500,1764600
20240209,09:16:41,1.8,100,1764600
20240209,09:16:42,1.8,50,1764600
20240209,09:16:43,1.8,100,1764600
20240209,09:16:50,1.8,750,1764600
20240209,09:16:52,1.8,4500,1764600
20240209,09:16:53,1.8,500,1764600
20240209,09:16:54,1.75,100,1764600
20240209,09:16:55,1.8,10250,1764600
20240209,09:16:56,1.8,1500,1764600
20240209,09:16:57,1.75,250,1764600
20240209,09:16:58,1.8,1050,1764600
20240209,09:16:59,1.75,250,1764600
20240209,09:17:01,1.8,950,1764600
20240209,09:17:06,1.8,13200,1764600
20240209,09:17:09,1.85,3600,1764600
20240209,09:17:10,1.85,2750,1764600
20240209,09:17:11,1.85,1800,1764600
20240209,09:17:12,1.85,1800,1764600
20240209,09:17:13,1.85,1800,1764600
20240209,09:17:14,1.85,11100,1764600
20240209,09:17:15,1.85,4000,1764600
20240209,09:17:16,1.85,1950,1764600
20240209,09:17:17,1.85,250,1764600
20240209,09:17:19,1.85,50,1764600
20240209,09:17:22,1.85,1400,1764600
20240209,09:17:24,1.85,13000,1764600
20240209,09:17:25,1.85,3600,1764600
20240209,09:17:26,1.85,100,1764600
20240209,09:17:27,1.9,250,1764600
20240209,09:17:28,1.9,100,1764600
20240209,09:17:29,1.9,100,1764600
20240209,09:17:30,1.9,600,1764600
20240209,09:17:31,1.9,1850,1764600
20240209,09:17:32,1.9,4600,1764600
20240209,09:17:34,1.9,3150,1764600
20240209,09:17:35,1.85,1050,1764600
20240209,09:17:36,1.9,9750,1764600
20240209,09:17:38,1.9,250,1764600
20240209,09:17:39,1.85,3600,1764600
20240209,09:17:40,1.85,2150,1764600
20240209,09:17:41,1.9,250,1764600
20240209,09:17:42,1.9,2300,1764600
20240209,09:17:43,1.9,3250,1764600
20240209,09:17:44,1.9,250,1764600
20240209,09:17:45,1.9,1800,1764600
20240209,09:17:50,1.9,250,1764600
20240209,09:17:51,1.9,1500,1764600
20240209,09:17:52,1.9,3100,1764600
20240209,09:17:53,1.95,15100,1764600
20240209,09:17:54,1.95,350,1764600
20240209,09:17:55,1.9,500,1764600
20240209,09:17:58,1.95,1500,1764600
20240209,09:18:01,1.95,250,1764600
20240209,09:18:02,1.95,50,1764600
20240209,09:18:03,1.9,1300,1764600
20240209,09:18:06,1.95,100,1764600
20240209,09:18:06,1.95,150,1764600
20240209,09:18:07,1.95,100,1764600
20240209,09:18:08,1.95,50,1764600
20240209,09:18:09,1.95,1000,1764600
20240209,09:18:10,1.9,800,1764600
20240209,09:18:11,1.95,50,1764600
20240209,09:18:14,1.9,1800,1764600
20240209,09:18:15,1.95,50,1764600
20240209,09:18:16,1.9,250,1764600
20240209,09:18:16,1.9,1800,1764600
20240209,09:18:20,1.9,2150,1764600
20240209,09:18:21,1.85,100,1764600
20240209,09:18:22,1.9,50,1764600
20240209,09:18:23,1.9,1000,1764600
20240209,09:18:25,1.85,1800,1764600
20240209,09:18:26,1.9,100,1764600
20240209,09:18:27,1.9,1800,1764600
20240209,09:18:28,1.85,6000,1764600
20240209,09:18:29,1.85,3600,1764600
20240209,09:18:30,1.85,3400,1764600
20240209,09:18:32,1.85,3050,1764600
20240209,09:18:33,1.85,6500,1764600
20240209,09:18:34,1.85,4100,1764600
20240209,09:18:38,1.85,50,1764600
20240209,09:18:39,1.85,150,1764600
20240209,09:18:41,1.85,100,1764600
20240209,09:18:42,1.85,50,1764600
20240209,09:18:43,1.85,150,1764600
20240209,09:18:44,1.85,1200,1764600
20240209,09:18:45,1.85,3000,1764600
20240209,09:18:47,1.85,1550,1764600
20240209,09:18:49,1.8,500,1764600
20240209,09:18:50,1.85,150,1764600
20240209,09:18:51,1.8,1800,1764600
20240209,09:18:53,1.8,4000,1764600
20240209,09:18:54,1.8,3600,1764600
20240209,09:18:56,1.8,750,1764600
20240209,09:18:56,1.8,150,1764600
20240209,09:18:57,1.8,1850,1764600
20240209,09:19:01,1.8,9300,1764600
20240209,09:19:02,1.85,100,1764600
20240209,09:19:05,1.8,1850,1764600
20240209,09:19:06,1.8,12400,1764600
20240209,09:19:07,1.8,1150,1764600
20240209,09:19:08,1.8,50,1764600
20240209,09:19:09,1.75,1000,1764600
20240209,09:19:10,1.75,350,1764600
20240209,09:19:13,1.75,800,1764600
20240209,09:19:14,1.75,450,1764600
20240209,09:19:16,1.75,300,1764600
20240209,09:19:20,1.75,350,1796100
20240209,09:19:21,1.75,1000,1796100
20240209,09:19:22,1.8,250,1796100
20240209,09:19:23,1.8,50,1796100
20240209,09:19:25,1.8,250,1796100
20240209,09:19:27,1.8,100,1796100
20240209,09:19:29,1.8,200,1796100
20240209,09:19:31,1.75,6900,1796100
20240209,09:19:32,1.75,100,1796100
20240209,09:19:33,1.7,1650,1796100
20240209,09:19:34,1.75,1800,1796100
20240209,09:19:38,1.75,300,1796100
20240209,09:19:40,1.7,350,1796100
20240209,09:19:41,1.7,1500,1796100
20240209,09:19:44,1.75,250,1796100
20240209,09:19:46,1.75,1500,1796100
20240209,09:19:48,1.7,250,1796100
20240209,09:19:50,1.75,500,1796100
20240209,09:19:51,1.75,50,1796100
20240209,09:19:51,1.75,250,1796100
20240209,09:19:52,1.75,100,1796100
20240209,09:19:53,1.75,1600,1796100
20240209,09:19:54,1.75,100,1796100
20240209,09:19:56,1.75,3400,1796100
20240209,09:19:59,1.7,1900,1796100
20240209,09:20:02,1.75,200,1796100
20240209,09:20:03,1.7,1800,1796100
20240209,09:20:04,1.75,200,1796100
20240209,09:20:05,1.7,1800,1796100
20240209,09:20:06,1.7,2100,1796100
20240209,09:20:08,1.7,1800,1796100
20240209,09:20:10,1.7,50,1796100
20240209,09:20:11,1.7,2300,1796100
20240209,09:20:12,1.7,4250,1796100
20240209,09:20:13,1.7,1800,1796100
20240209,09:20:14,1.7,1950,1796100
20240209,09:20:15,1.65,1300,1796100
20240209,09:20:16,1.65,500,1796100
20240209,09:20:17,1.7,3500,1796100
20240209,09:20:19,1.65,200,1796100
20240209,09:20:19,1.7,50,1796100
20240209,09:20:20,1.7,250,1796100
20240209,09:20:22,1.7,900,1796100
20240209,09:20:23,1.65,1700,1796100
20240209,09:20:29,1.65,350,1796100
20240209,09:20:32,1.7,1000,1796100
20240209,09:20:33,1.7,1800,1796100
20240209,09:20:35,1.65,1800,1796100
20240209,09:20:36,1.65,1000,1796100
20240209,09:20:37,1.65,1050,1796100
20240209,09:20:38,1.65,3300,1796100
20240209,09:20:42,1.7,750,1796100
20240209,09:20:44,1.7,50,1796100
20240209,09:20:45,1.65,2500,1796100
20240209,09:20:48,1.7,300,1796100
20240209,09:20:50,1.7,50,1796100
20240209,09:20:50,1.65,200,1796100
20240209,09:20:54,1.65,1800,1796100
20240209,09:20:57,1.65,50,1796100
20240209,09:21:00,1.7,500,1796100
20240209,09:21:01,1.65,1000,1796100
20240209,09:21:02,1.7,1800,1796100
20240209,09:21:04,1.7,150,1796100
20240209,09:21:05,1.7,700,1796100
20240209,09:21:08,1.65,1800,1796100
20240209,09:21:17,1.7,600,1796100
20240209,09:21:18,1.65,50,1796100
20240209,09:21:21,1.7,1200,1796100
20240209,09:21:24,1.7,600,1796100
20240209,09:21:26,1.7,850,1796100
20240209,09:21:27,1.7,2150,1796100
20240209,09:21:29,1.7,750,1796100
20240209,09:21:31,1.7,2450,1796100
20240209,09:21:31,1.65,50,1796100
20240209,09:21:32,1.7,750,1796100
20240209,09:21:33,1.7,100,1796100
20240209,09:21:34,1.7,4250,1796100
20240209,09:21:36,1.7,350,1796100
20240209,09:21:38,1.75,16750,1796100
20240209,09:21:40,1.75,2050,1796100
20240209,09:21:41,1.7,100,1796100
20240209,09:21:42,1.75,450,1796100
20240209,09:21:44,1.75,100,1796100
20240209,09:21:45,1.75,700,1796100
20240209,09:21:46,1.75,1800,1796100
20240209,09:21:47,1.75,18100,1796100
20240209,09:21:48,1.75,2650,1796100
20240209,09:21:49,1.8,1250,1796100
20240209,09:21:50,1.8,800,1796100
20240209,09:21:51,1.8,500,1796100
20240209,09:21:52,1.8,900,1796100
20240209,09:21:54,1.8,1350,1796100
20240209,09:21:55,1.8,50,1796100
20240209,09:21:56,1.8,1050,1796100
20240209,09:21:57,1.8,200,1796100
20240209,09:21:58,1.8,100,1796100
20240209,09:21:59,1.8,1200,1796100
20240209,09:22:00,1.75,650,1796100
20240209,09:22:02,1.8,2150,1796100
20240209,09:22:03,1.8,10000,1796100
20240209,09:22:04,1.8,700,1796100
20240209,09:22:05,1.85,50,1796100
20240209,09:22:08,1.8,1050,1796100
20240209,09:22:14,1.85,7400,1796100
20240209,09:22:15,1.8,200,1796100
20240209,09:22:29,1.75,23650,1816200
20240209,09:22:31,1.75,1100,1816200
20240209,09:22:34,1.75,200,1816200
20240209,09:22:36,1.75,50,1816200
20240209,09:22:37,1.75,50,1816200
20240209,09:22:39,1.7,1800,1816200
20240209,09:22:40,1.7,1800,1816200
20240209,09:22:41,1.7,1800,1816200
20240209,09:22:42,1.7,7550,1816200
20240209,09:22:44,1.65,50,1816200
20240209,09:22:47,1.7,900,1816200
20240209,09:22:48,1.65,1800,1816200
20240209,09:22:50,1.7,500,1816200
20240209,09:22:52,1.65,1950,1816200
20240209,09:23:01,1.7,1500,1816200
20240209,09:23:03,1.7,300,1816200
20240209,09:23:08,1.7,1800,1816200
20240209,09:23:10,1.65,6950,1816200
20240209,09:23:12,1.65,1800,1816200
20240209,09:23:14,1.65,4900,1816200
20240209,09:23:15,1.7,1850,1816200
20240209,09:23:15,1.65,1800,1816200
20240209,09:23:16,1.65,1850,1816200
20240209,09:23:20,1.7,50,1816200
20240209,09:23:21,1.7,200,1816200
20240209,09:23:24,1.7,500,1816200
20240209,09:23:26,1.65,1800,1816200
20240209,09:23:29,1.7,600,1816200
20240209,09:23:32,1.65,1800,1816200
20240209,09:23:34,1.65,2800,1816200
20240209,09:23:35,1.65,8250,1816200
20240209,09:23:37,1.65,3350,1816200
20240209,09:23:39,1.65,2350,1816200
20240209,09:23:40,1.6,2400,1816200
20240209,09:23:41,1.6,1800,1816200
20240209,09:23:44,1.65,5050,1816200
20240209,09:23:45,1.65,2950,1816200
20240209,09:23:46,1.65,3400,1816200
20240209,09:23:48,1.65,150,1816200
20240209,09:23:49,1.65,1050,1816200
20240209,09:23:50,1.65,5100,1816200
20240209,09:23:52,1.7,50,1816200
20240209,09:24:01,1.65,6100,1816200
20240209,09:24:04,1.65,100,1816200
20240209,09:24:08,1.7,1900,1816200
20240209,09:24:09,1.6,2800,1816200
20240209,09:24:09,1.65,1800,1816200
20240209,09:24:10,1.65,3650,1816200
20240209,09:24:12,1.65,11950,1816200
20240209,09:24:14,1.65,1800,1816200
20240209,09:24:38,1.7,1800,1816200
20240209,09:24:41,1.65,50,1816200
20240209,09:25:01,1.65,4350,1816200
20240209,09:25:04,1.65,250,1816200
20240209,09:25:07,1.65,250,1816200
20240209,09:25:10,1.65,50,1816200
20240209,09:25:12,1.65,350,1816200
20240209,09:25:20,1.65,250,1808350
20240209,09:25:21,1.65,2000,1808350
20240209,09:25:22,1.65,300,1808350
20240209,09:25:23,1.65,250,1808350
20240209,09:25:24,1.65,650,1808350
20240209,09:25:27,1.65,450,1808350
20240209,09:25:30,1.65,250,1808350
20240209,09:25:33,1.65,250,1808350
20240209,09:25:35,1.7,500,1808350
20240209,09:25:36,1.7,50,1808350
20240209,09:25:41,1.65,700,1808350
20240209,09:25:42,1.7,300,1808350
20240209,09:25:50,1.65,250,1808350
20240209,09:25:51,1.65,500,1808350
20240209,09:25:55,1.65,1800,1808350
20240209,09:25:56,1.7,1800,1808350
20240209,09:25:59,1.7,200,1808350
20240209,09:26:03,1.65,250,1808350
20240209,09:26:05,1.65,300,1808350
20240209,09:26:06,1.7,300,1808350
20240209,09:26:08,1.7,50,1808350
20240209,09:26:08,1.7,35200,1808350
20240209,09:26:10,1.65,1500,1808350
20240209,09:26:13,1.7,30400,1808350
20240209,09:26:16,1.7,14650,1808350
20240209,09:26:17,1.7,1800,1808350
20240209,09:26:18,1.7,36350,1808350
20240209,09:26:20,1.75,5200,1808350
20240209,09:26:21,1.7,1800,1808350
20240209,09:26:24,1.7,3600,1808350
20240209,09:26:25,1.7,6950,1808350
20240209,09:26:27,1.7,50,1808350
20240209,09:26:32,1.7,50,1808350
20240209,09:26:35,1.65,50,1808350
20240209,09:26:39,1.7,1800,1808350
20240209,09:26:42,1.65,500,1808350
20240209,09:26:48,1.65,250,1808350
20240209,09:26:57,1.7,50,1808350
20240209,09:27:05,1.7,19500,1808350
20240209,09:27:07,1.75,50,1808350
20240209,09:27:08,1.7,1800,1808350
20240209,09:27:18,1.7,17100,1808350
20240209,09:27:23,1.75,300,1808350
20240209,09:27:33,1.7,4000,1808350
20240209,09:27:42,1.75,100,1808350
20240209,09:27:43,1.7,500,1808350
20240209,09:27:47,1.7,2000,1808350
20240209,09:27:49,1.7,100,1808350
20240209,09:27:55,1.75,1000,1808350
20240209,09:27:56,1.7,800,1808350
20240209,09:27:58,1.7,1600,1808350
20240209,09:28:00,1.75,1000,1808350
20240209,09:28:05,1.75,100,1808350
20240209,09:28:08,1.7,50,1808350
20240209,09:28:13,1.7,3700,1808350
20240209,09:28:18,1.7,9050,1808350
20240209,09:28:20,1.7,9600,1758700
20240209,09:28:21,1.7,5550,1758700
20240209,09:28:22,1.75,50,1758700
20240209,09:28:23,1.7,500,1758700
20240209,09:28:25,1.75,500,1758700
20240209,09:28:28,1.75,1800,1758700
20240209,09:28:32,1.7,4100,1758700
20240209,09:28:37,1.7,3250,1758700
20240209,09:28:38,1.75,50,1758700
20240209,09:28:39,1.7,50,1758700
20240209,09:28:40,1.75,1500,1758700
20240209,09:28:41,1.7,1800,1758700
20240209,09:28:42,1.7,7200,1758700
20240209,09:28:43,1.7,2000,1758700
20240209,09:28:46,1.75,50,1758700
20240209,09:28:47,1.7,1850,1758700
20240209,09:28:48,1.75,50,1758700
20240209,09:29:01,1.75,1400,1758700
20240209,09:29:02,1.7,1800,1758700
20240209,09:29:03,1.7,4300,1758700
20240209,09:29:04,1.7,100,1758700
20240209,09:29:08,1.7,1800,1758700
20240209,09:29:11,1.7,1800,1758700
20240209,09:29:12,1.7,250,1758700
20240209,09:29:14,1.7,19100,1758700
20240209,09:29:22,1.7,750,1758700
20240209,09:29:24,1.65,1800,1758700
20240209,09:29:26,1.65,1800,1758700
20240209,09:29:27,1.65,1200,1758700
20240209,09:29:30,1.65,1800,1758700
20240209,09:29:32,1.65,400,1758700
20240209,09:29:33,1.65,1800,1758700
20240209,09:29:35,1.65,1800,1758700
20240209,09:29:38,1.65,1800,1758700
20240209,09:29:40,1.7,1900,1758700
20240209,09:29:42,1.65,1800,1758700
20240209,09:29:45,1.65,1800,1758700
20240209,09:29:47,1.65,1800,1758700
20240209,09:29:49,1.65,300,1758700
20240209,09:29:50,1.7,2800,1758700
20240209,09:29:51,1.65,1800,1758700
20240209,09:29:55,1.65,1800,1758700
20240209,09:29:56,1.65,1800,1758700
20240209,09:29:59,1.65,1800,1758700
20240209,09:30:02,1.65,1800,1758700
20240209,09:30:05,1.65,1800,1758700
20240209,09:30:07,1.65,1900,1758700
20240209,09:30:09,1.65,1800,1758700
20240209,09:30:12,1.65,1800,1758700
20240209,09:30:16,1.65,1800,1758700
20240209,09:30:25,1.7,3600,1758700
20240209,09:30:28,1.7,400,1758700
20240209,09:30:32,1.7,50,1758700
20240209,09:30:37,1.65,1800,1758700
20240209,09:30:40,1.7,50,1758700
20240209,09:30:44,1.7,100,1758700
20240209,09:31:15,1.65,2500,1758700
20240209,09:31:16,1.65,27450,1758700
20240209,09:31:20,1.6,50,1789100
20240209,09:31:24,1.65,450,1789100
20240209,09:31:27,1.65,50,1789100
20240209,09:31:32,1.6,350,1789100
20240209,09:31:33,1.6,2050,1789100
20240209,09:31:34,1.6,2850,1789100
20240209,09:31:35,1.6,12700,1789100
20240209,09:31:40,1.65,14300,1789100
20240209,09:31:46,1.6,1500,1789100
20240209,09:31:48,1.6,1250,1789100
20240209,09:31:49,1.65,50,1789100
20240209,09:31:51,1.65,500,1789100
20240209,09:31:56,1.65,100,1789100
20240209,09:31:58,1.6,500,1789100
20240209,09:32:15,1.6,1800,1789100
20240209,09:32:16,1.55,24300,1789100
20240209,09:32:18,1.55,250,1789100
20240209,09:32:20,1.6,1600,1789100
20240209,09:32:21,1.6,1600,1789100
20240209,09:32:22,1.6,1850,1789100
20240209,09:32:23,1.6,13100,1789100
20240209,09:32:29,1.6,50,1789100
20240209,09:32:31,1.65,50,1789100
20240209,09:32:33,1.6,50,1789100
20240209,09:32:41,1.6,1800,1789100
20240209,09:32:44,1.6,1150,1789100
20240209,09:32:45,1.6,500,1789100
20240209,09:32:50,1.6,350,1789100
20240209,09:32:53,1.65,50,1789100
20240209,09:33:01,1.6,1600,1789100
20240209,09:33:03,1.6,1650,1789100
20240209,09:33:06,1.6,2300,1789100
20240209,09:33:09,1.6,250,1789100
20240209,09:33:11,1.6,400,1789100
20240209,09:33:18,1.6,50,1789100
20240209,09:33:33,1.6,1450,1789100
20240209,09:33:59,1.6,50,1789100
20240209,09:34:04,1.6,50,1789100
20240209,09:34:05,1.6,1800,1789100
20240209,09:34:19,1.6,1800,1789100
20240209,09:34:31,1.6,12600,1761250
20240209,09:34:31,1.6,1800,1761250
20240209,09:34:33,1.6,100,1761250
20240209,09:34:39,1.6,250,1761250
20240209,09:34:40,1.6,7350,1761250
20240209,09:34:46,1.6,39100,1761250
20240209,09:34:49,1.6,300,1761250
20240209,09:34:49,1.6,500,1761250
20240209,09:34:57,1.6,200,1761250
20240209,09:35:04,1.6,1400,1761250
20240209,09:35:17,1.65,50,1761250
20240209,09:35:17,1.6,50,1761250
20240209,09:35:19,1.65,50,1761250
20240209,09:35:20,1.6,50,1761250
20240209,09:35:23,1.65,1000,1761250
20240209,09:35:26,1.6,250,1761250
20240209,09:35:26,1.6,200,1761250
20240209,09:35:27,1.65,700,1761250
20240209,09:35:36,1.65,50,1761250
20240209,09:35:41,1.6,100,1761250
20240209,09:35:43,1.65,50,1761250
20240209,09:35:51,1.6,250,1761250
20240209,09:35:55,1.6,250,1761250
20240209,09:36:04,1.6,250,1761250
20240209,09:36:06,1.6,3000,1761250
20240209,09:36:07,1.6,6150,1761250
20240209,09:36:08,1.65,11250,1761250
20240209,09:36:09,1.65,14350,1761250
20240209,09:36:10,1.65,5500,1761250
20240209,09:36:11,1.65,11800,1761250
20240209,09:36:13,1.6,3700,1761250
20240209,09:36:24,1.6,600,1761250
20240209,09:36:44,1.6,100,1761250
20240209,09:36:46,1.6,150,1761250
20240209,09:37:11,1.65,50,1761250
20240209,09:37:13,1.6,50,1761250
20240209,09:37:34,1.65,150,1761250
20240209,09:37:38,1.65,50,1803250
20240209,09:37:40,1.65,50,1803250
20240209,09:37:44,1.65,50,1803250
20240209,09:37:47,1.65,350,1803250
20240209,09:37:49,1.65,7150,1803250
20240209,09:37:50,1.65,50,1803250
20240209,09:37:59,1.65,3600,1803250
20240209,09:37:59,1.65,6100,1803250
20240209,09:38:00,1.65,250,1803250
20240209,09:38:02,1.65,550,1803250
20240209,09:38:03,1.65,100,1803250
20240209,09:38:05,1.65,250,1803250
20240209,09:38:09,1.65,500,1803250
20240209,09:38:13,1.7,50,1803250
20240209,09:38:31,1.7,50,1803250
20240209,09:38:37,1.7,50,1803250
20240209,09:38:38,1.7,100,1803250
20240209,09:38:43,1.7,50,1803250
20240209,09:38:44,1.7,50,1803250
20240209,09:38:45,1.7,50,1803250
20240209,09:38:46,1.7,50,1803250
20240209,09:38:48,1.7,600,1803250
20240209,09:38:49,1.7,500,1803250
20240209,09:38:58,1.7,600,1803250
20240209,09:39:04,1.7,50,1803250
20240209,09:39:09,1.7,250,1803250
20240209,09:39:10,1.7,1250,1803250
20240209,09:39:13,1.7,50,1803250
20240209,09:39:14,1.7,900,1803250
20240209,09:39:15,1.7,50,1803250
20240209,09:39:22,1.7,50,1803250
20240209,09:39:24,1.7,1800,1803250
20240209,09:39:30,1.7,1450,1803250
20240209,09:39:32,1.65,1000,1803250
20240209,09:39:36,1.7,1000,1803250
20240209,09:39:41,1.7,100,1803250
20240209,09:39:50,1.65,200,1803250
20240209,09:39:52,1.7,50,1803250
20240209,09:39:53,1.65,49600,1803250
20240209,09:39:54,1.65,2250,1803250
20240209,09:39:55,1.65,50,1803250
20240209,09:39:56,1.65,50,1803250
20240209,09:39:57,1.65,50,1803250
20240209,09:39:58,1.65,200,1803250
20240209,09:39:59,1.65,350,1803250
20240209,09:40:00,1.65,1200,1803250
20240209,09:40:01,1.65,100,1803250
20240209,09:40:02,1.65,50,1803250
20240209,09:40:03,1.65,1150,1803250
20240209,09:40:04,1.65,50,1803250
20240209,09:40:05,1.65,50,1803250
20240209,09:40:06,1.65,550,1803250
20240209,09:40:07,1.65,950,1803250
20240209,09:40:08,1.65,100,1803250
20240209,09:40:09,1.65,50,1803250
20240209,09:40:10,1.65,4450,1803250
20240209,09:40:11,1.65,2450,1803250
20240209,09:40:12,1.7,57700,1803250
20240209,09:40:13,1.7,350,1803250
20240209,09:40:14,1.7,150,1803250
20240209,09:40:15,1.7,200,1803250
20240209,09:40:16,1.7,150,1803250
20240209,09:40:17,1.7,1300,1803250
20240209,09:40:18,1.7,150,1803250
20240209,09:40:19,1.7,1950,1803250
20240209,09:40:20,1.7,1950,1803250
20240209,09:40:21,1.7,2200,1803250
20240209,09:40:22,1.7,250,1782450
20240209,09:40:23,1.7,300,1782450
20240209,09:40:24,1.7,150,1782450
20240209,09:40:25,1.7,150,1782450
20240209,09:40:26,1.7,150,1782450
20240209,09:40:27,1.65,200,1782450
20240209,09:40:28,1.7,200,1782450
20240209,09:40:29,1.7,250,1782450
20240209,09:40:30,1.7,2550,1782450
20240209,09:40:31,1.7,4100,1782450
20240209,09:40:32,1.7,2350,1782450
20240209,09:40:33,1.7,1300,1782450
20240209,09:40:34,1.7,400,1782450
20240209,09:40:35,1.7,100,1782450
20240209,09:40:36,1.7,50,1782450
20240209,09:40:37,1.7,1850,1782450
20240209,09:40:38,1.7,6550,1782450
20240209,09:40:39,1.7,1700,1782450
20240209,09:40:40,1.75,4850,1782450
20240209,09:40:41,1.75,50,1782450
20240209,09:40:42,1.75,50,1782450
20240209,09:40:43,1.75,50,1782450
20240209,09:40:44,1.75,50,1782450
20240209,09:40:45,1.75,50,1782450
20240209,09:40:46,1.75,50,1782450
20240209,09:40:47,1.75,50,1782450
20240209,09:40:48,1.75,50,1782450
20240209,09:40:49,1.7,3650,1782450
20240209,09:40:51,1.7,7400,1782450
20240209,09:40:52,1.7,700,1782450
20240209,09:40:54,1.7,50,1782450
20240209,09:40:55,1.7,50,1782450
20240209,09:40:56,1.7,50,1782450
20240209,09:40:57,1.7,50,1782450
20240209,09:40:58,1.7,50,1782450
20240209,09:40:59,1.7,100,1782450
20240209,09:41:02,1.7,50,1782450
20240209,09:41:03,1.7,50,1782450
20240209,09:41:04,1.7,300,1782450
20240209,09:41:05,1.7,100,1782450
20240209,09:41:06,1.7,50,1782450
20240209,09:41:07,1.7,700,1782450
20240209,09:41:08,1.7,11200,1782450
20240209,09:41:09,1.75,50,1782450
20240209,09:41:10,1.75,50,1782450
20240209,09:41:11,1.75,50,1782450
20240209,09:41:12,1.75,50,1782450
20240209,09:41:13,1.75,350,1782450
20240209,09:41:14,1.75,50,1782450
20240209,09:41:15,1.75,50,1782450
20240209,09:41:16,1.75,50,1782450
20240209,09:41:17,1.75,50,1782450
20240209,09:41:18,1.75,50,1782450
20240209,09:41:19,1.75,50,1782450
20240209,09:41:20,1.75,50,1782450
20240209,09:41:21,1.75,50,1782450
20240209,09:41:22,1.75,1850,1782450
20240209,09:41:23,1.75,50,1782450
20240209,09:41:24,1.75,50,1782450
20240209,09:41:28,1.7,1850,1782450
20240209,09:41:29,1.7,300,1782450
20240209,09:41:31,1.75,50,1782450
20240209,09:41:35,1.75,1850,1782450
20240209,09:41:40,1.75,50,1782450
20240209,09:41:49,1.7,50,1782450
20240209,09:41:50,1.7,2350,1782450
20240209,09:41:51,1.7,250,1782450
20240209,09:41:52,1.7,250,1782450
20240209,09:41:59,1.7,300,1782450
20240209,09:42:06,1.7,500,1782450
20240209,09:42:07,1.65,2500,1782450
20240209,09:42:08,1.7,2650,1782450
20240209,09:42:10,1.7,900,1782450
20240209,09:42:11,1.7,50,1782450
20240209,09:42:12,1.7,50,1782450
20240209,09:42:13,1.7,250,1782450
20240209,09:42:14,1.7,150,1782450
20240209,09:42:15,1.7,600,1782450
20240209,09:42:16,1.7,3650,1782450
20240209,09:42:17,1.75,9400,1782450
20240209,09:42:24,1.75,50,1782450
20240209,09:42:25,1.7,12900,1782450
20240209,09:42:26,1.7,3800,1782450
20240209,09:42:27,1.75,1800,1782450
20240209,09:42:28,1.7,1800,1782450
20240209,09:42:30,1.7,1800,1782450
20240209,09:42:36,1.7,1800,1782450
20240209,09:42:37,1.7,300,1782450
20240209,09:42:42,1.7,100,1782450
20240209,09:42:47,1.65,50,1782450
20240209,09:43:12,1.7,1800,1782450
20240209,09:43:15,1.7,1000,1782450
20240209,09:43:16,1.65,250,1782450
20240209,09:43:17,1.65,250,1782450
20240209,09:43:38,1.65,50,1776300
20240209,09:43:51,1.7,1400,1776300
20240209,09:44:00,1.65,1500,1776300
20240209,09:44:01,1.7,50,1776300
20240209,09:44:06,1.7,1800,1776300
20240209,09:44:08,1.65,36900,1776300
20240209,09:44:09,1.65,250,1776300
20240209,09:44:10,1.65,50,1776300
20240209,09:44:12,1.65,250,1776300
20240209,09:44:14,1.6,43800,1776300
20240209,09:44:15,1.65,5450,1776300
20240209,09:44:21,1.65,50,1776300
20240209,09:44:25,1.65,100,1776300
20240209,09:44:26,1.6,1000,1776300
20240209,09:44:35,1.65,1800,1776300
20240209,09:44:35,1.6,1000,1776300
20240209,09:44:36,1.65,1700,1776300
20240209,09:44:37,1.6,2000,1776300
20240209,09:44:43,1.65,250,1776300
20240209,09:44:58,1.6,50,1776300
20240209,09:45:13,1.65,1000,1776300
20240209,09:45:14,1.65,2000,1776300
20240209,09:45:16,1.6,50,1776300
20240209,09:45:18,1.6,2000,1776300
20240209,09:45:35,1.65,50,1776300
20240209,09:45:47,1.6,50,1776300
20240209,09:45:48,1.65,200,1776300
20240209,09:45:55,1.65,50,1776300
20240209,09:46:02,1.65,200,1776300
20240209,09:46:07,1.65,1500,1776300
20240209,09:46:12,1.65,1500,1776300
20240209,09:46:13,1.65,1700,1776300
20240209,09:46:14,1.65,1500,1776300
20240209,09:46:19,1.65,700,1776300
20240209,09:46:24,1.65,1000,1794850
20240209,09:46:27,1.65,1000,1794850
20240209,09:46:29,1.65,100,1794850
20240209,09:46:41,1.6,1800,1794850
20240209,09:46:42,1.6,200,1794850
20240209,09:46:46,1.6,500,1794850
20240209,09:46:50,1.6,50,1794850
20240209,09:46:58,1.6,1500,1794850
20240209,09:47:00,1.65,50,1794850
20240209,09:47:01,1.65,3100,1794850
20240209,09:47:02,1.65,50,1794850
20240209,09:47:03,1.65,50,1794850
20240209,09:47:04,1.65,200,1794850
20240209,09:47:05,1.65,200,1794850
20240209,09:47:06,1.6,1700,1794850
20240209,09:47:08,1.65,1000,1794850
20240209,09:47:10,1.65,3200,1794850
20240209,09:47:11,1.65,50,1794850
20240209,09:47:12,1.65,2000,1794850
20240209,09:47:13,1.65,3800,1794850
20240209,09:47:15,1.65,55400,1794850
20240209,09:47:15,1.65,50,1794850
20240209,09:47:20,1.65,1500,1794850
20240209,09:47:23,1.65,1500,1794850
20240209,09:47:27,1.65,1800,1794850
20240209,09:47:36,1.6,500,1794850
20240209,09:47:36,1.6,200,1794850
20240209,09:47:41,1.6,1500,1794850
20240209,09:47:42,1.6,150,1794850
20240209,09:47:44,1.6,500,1794850
20240209,09:47:48,1.6,100,1794850
20240209,09:47:54,1.6,1500,1794850
20240209,09:48:03,1.6,1500,1794850
20240209,09:48:06,1.6,1550,1794850
20240209,09:48:09,1.6,1500,1794850
20240209,09:48:14,1.6,500,1794850
20240209,09:48:40,1.6,50,1794850
20240209,09:48:58,1.65,50,1794850
20240209,09:48:59,1.65,50,1794850
20240209,09:49:00,1.65,1050,1794850
20240209,09:49:01,1.65,50,1794850
20240209,09:49:02,1.65,50,1794850
20240209,09:49:04,1.65,150,1794850
20240209,09:49:05,1.65,7000,1794850
20240209,09:49:06,1.65,14000,1794850
20240209,09:49:07,1.65,200,1794850
20240209,09:49:08,1.65,150,1794850
20240209,09:49:09,1.7,50,1794850
20240209,09:49:10,1.7,50,1794850
20240209,09:49:12,1.65,1050,1794850
20240209,09:49:13,1.65,100,1794850
20240209,09:49:14,1.65,100,1794850
20240209,09:49:15,1.65,1500,1794850
20240209,09:49:16,1.7,50,1794850
20240209,09:49:17,1.7,50,1794850
20240209,09:49:18,1.7,50,1794850
20240209,09:49:20,1.7,100,1794850
20240209,09:49:22,1.7,100,1794850
20240209,09:49:23,1.7,50,1781550
20240209,09:49:24,1.7,50,1781550
20240209,09:49:25,1.7,50,1781550
20240209,09:49:26,1.7,50,1781550
20240209,09:49:27,1.7,100,1781550
20240209,09:49:28,1.7,50,1781550
20240209,09:49:29,1.7,50,1781550
20240209,09:49:30,1.7,50,1781550
20240209,09:49:31,1.7,50,1781550
20240209,09:49:32,1.7,50,1781550
20240209,09:49:33,1.7,50,1781550
20240209,09:49:42,1.7,1800,1781550
20240209,09:49:48,1.7,200,1781550
20240209,09:49:52,1.7,300,1781550
20240209,09:50:02,1.7,50,1781550
20240209,09:50:06,1.7,50,1781550
20240209,09:50:07,1.7,1700,1781550
20240209,09:50:08,1.7,50,1781550
20240209,09:50:09,1.7,50,1781550
20240209,09:50:10,1.7,50,1781550
20240209,09:50:11,1.7,50,1781550
20240209,09:50:12,1.7,50,1781550
20240209,09:50:13,1.7,50,1781550
20240209,09:50:14,1.7,50,1781550
20240209,09:50:15,1.7,50,1781550
20240209,09:50:20,1.65,550,1781550
20240209,09:50:21,1.7,1950,1781550
20240209,09:50:27,1.7,50,1781550
20240209,09:50:35,1.7,1000,1781550
20240209,09:50:36,1.7,50,1781550
20240209,09:50:37,1.7,50,1781550
20240209,09:50:38,1.65,1000,1781550
20240209,09:50:45,1.7,50,1781550
20240209,09:51:02,1.7,1450,1781550
20240209,09:51:04,1.7,50,1781550
20240209,09:51:05,1.7,1050,1781550
20240209,09:51:06,1.7,2000,1781550
20240209,09:51:07,1.7,200,1781550
20240209,09:51:08,1.7,41900,1781550
20240209,09:51:09,1.7,500,1781550
20240209,09:51:10,1.75,200,1781550
20240209,09:51:11,1.75,200,1781550
20240209,09:51:12,1.75,200,1781550
20240209,09:51:13,1.75,200,1781550
20240209,09:51:14,1.75,200,1781550
20240209,09:51:15,1.75,200,1781550
20240209,09:51:17,1.75,1800,1781550
20240209,09:51:19,1.75,1800,1781550
20240209,09:51:20,1.75,1800,1781550
20240209,09:51:24,1.75,1800,1781550
20240209,09:51:25,1.7,100,1781550
20240209,09:51:26,1.7,100,1781550
20240209,09:51:31,1.75,50,1781550
20240209,09:51:40,1.75,1800,1781550
20240209,09:51:42,1.75,17800,1781550
20240209,09:51:43,1.75,250,1781550
20240209,09:51:44,1.8,1550,1781550
20240209,09:51:45,1.75,1500,1781550
20240209,09:51:46,1.8,4550,1781550
20240209,09:51:48,1.8,250,1781550
20240209,09:51:50,1.8,3000,1781550
20240209,09:51:50,1.8,150,1781550
20240209,09:51:52,1.8,50,1781550
20240209,09:51:53,1.75,1500,1781550
20240209,09:51:55,1.8,2000,1781550
20240209,09:51:57,1.8,3750,1781550
20240209,09:51:58,1.75,100,1781550
20240209,09:52:00,1.75,150,1781550
20240209,09:52:01,1.8,450,1781550
20240209,09:52:02,1.8,18100,1781550
20240209,09:52:03,1.8,6550,1781550
20240209,09:52:06,1.8,1800,1781550
20240209,09:52:08,1.8,1500,1781550
20240209,09:52:09,1.8,6800,1781550
20240209,09:52:10,1.8,10300,1781550
20240209,09:52:16,1.8,4550,1781550
20240209,09:52:17,1.75,1850,1781550
20240209,09:52:18,1.75,300,1781550
20240209,09:52:19,1.8,1550,1781550
20240209,09:52:27,1.8,1000,1777600
20240209,09:52:31,1.8,1800,1777600
20240209,09:52:32,1.8,50,1777600
20240209,09:52:36,1.8,50,1777600
20240209,09:52:38,1.8,1800,1777600
20240209,09:52:40,1.8,1550,1777600
20240209,09:52:46,1.8,50,1777600
20240209,09:52:47,1.8,1800,1777600
20240209,09:52:51,1.8,50,1777600
20240209,09:52:54,1.75,19300,1777600
20240209,09:52:55,1.7,50,1777600
20240209,09:52:56,1.7,100,1777600
20240209,09:52:57,1.7,50,1777600
20240209,09:52:58,1.7,50,1777600
20240209,09:52:59,1.7,21500,1777600
20240209,09:53:01,1.7,4850,1777600
20240209,09:53:02,1.65,18450,1777600
20240209,09:53:03,1.65,200,1777600
20240209,09:53:04,1.65,200,1777600
20240209,09:53:05,1.7,1200,1777600
20240209,09:53:06,1.65,50,1777600
20240209,09:53:08,1.65,150,1777600
20240209,09:53:09,1.65,50,1777600
20240209,09:53:10,1.65,50,1777600
20240209,09:53:11,1.65,50,1777600
20240209,09:53:12,1.65,7200,1777600
20240209,09:53:13,1.65,200,1777600
20240209,09:53:14,1.65,200,1777600
20240209,09:53:15,1.65,200,1777600
20240209,09:53:16,1.65,50,1777600
20240209,09:53:17,1.65,200,1777600
20240209,09:53:18,1.65,200,1777600
20240209,09:53:19,1.7,15400,1777600
20240209,09:53:20,1.7,450,1777600
20240209,09:53:21,1.7,200,1777600
20240209,09:53:22,1.7,200,1777600
20240209,09:53:24,1.7,400,1777600
20240209,09:53:25,1.7,200,1777600
20240209,09:53:26,1.7,200,1777600
20240209,09:53:27,1.7,200,1777600
20240209,09:53:28,1.7,200,1777600
20240209,09:53:30,1.7,2200,1777600
20240209,09:53:30,1.75,200,1777600
20240209,09:53:31,1.75,1600,1777600
20240209,09:53:33,1.75,6750,1777600
20240209,09:53:34,1.75,1800,1777600
20240209,09:53:36,1.7,100,1777600
20240209,09:53:37,1.7,2050,1777600
20240209,09:53:38,1.75,1900,1777600
20240209,09:53:39,1.75,7500,1777600
20240209,09:53:40,1.75,8850,1777600
20240209,09:53:41,1.75,50,1777600
20240209,09:53:42,1.8,550,1777600
20240209,09:53:44,1.75,50,1777600
20240209,09:53:46,1.75,100,1777600
20240209,09:53:47,1.75,200,1777600
20240209,09:53:48,1.8,300,1777600
20240209,09:53:49,1.75,1800,1777600
20240209,09:53:50,1.8,2000,1777600
20240209,09:53:53,1.8,950,1777600
20240209,09:53:59,1.75,14850,1777600
20240209,09:54:01,1.75,50,1777600
20240209,09:54:02,1.75,2950,1777600
20240209,09:54:03,1.75,50,1777600
20240209,09:54:04,1.75,900,1777600
20240209,09:54:06,1.7,400,1777600
20240209,09:54:07,1.7,200,1777600
20240209,09:54:08,1.7,200,1777600
20240209,09:54:09,1.75,700,1777600
20240209,09:54:10,1.7,200,1777600
20240209,09:54:11,1.7,200,1777600
20240209,09:54:12,1.7,200,1777600
20240209,09:54:13,1.7,200,1777600
20240209,09:54:14,1.7,200,1777600
20240209,09:54:15,1.7,750,1777600
20240209,09:54:16,1.7,200,1777600
20240209,09:54:17,1.7,200,1777600
20240209,09:54:18,1.7,950,1777600
20240209,09:54:20,1.7,2200,1777600
20240209,09:54:21,1.7,150,1777600
20240209,09:54:22,1.7,150,1777600
20240209,09:54:23,1.7,450,1777600
20240209,09:54:24,1.65,200,1777600
20240209,09:54:26,1.65,300,1777600
20240209,09:54:27,1.65,150,1777600
20240209,09:54:28,1.65,150,1777600
20240209,09:54:29,1.65,150,1777600
20240209,09:54:30,1.65,750,1777600
20240209,09:54:32,1.7,2000,1777600
20240209,09:54:36,1.7,9400,1777600
20240209,09:54:44,1.7,1800,1777600
20240209,09:54:47,1.7,2100,1777600
20240209,09:54:51,1.7,9800,1777600
20240209,09:54:52,1.75,750,1777600
20240209,09:54:54,1.75,100,1777600
20240209,09:54:58,1.75,50,1777600
20240209,09:54:59,1.75,850,1777600
20240209,09:55:00,1.75,50,1777600
20240209,09:55:01,1.75,100,1777600
20240209,09:55:02,1.75,50,1777600
20240209,09:55:03,1.75,250,1777600
20240209,09:55:05,1.75,1100,1777600
20240209,09:55:07,1.75,250,1777600
20240209,09:55:09,1.75,750,1777600
20240209,09:55:10,1.75,50,1777600
20240209,09:55:11,1.75,1600,1777600
20240209,09:55:14,1.75,100,1777600
20240209,09:55:15,1.75,50,1777600
20240209,09:55:16,1.75,100,1777600
20240209,09:55:17,1.75,50,1777600
20240209,09:55:17,1.75,1000,1777600
20240209,09:55:21,1.7,100,1777600
20240209,09:55:21,1.75,50,1777600
20240209,09:55:22,1.75,50,1777600
20240209,09:55:26,1.7,3500,1777600
20240209,09:55:27,1.7,1500,1766450
20240209,09:55:28,1.75,500,1766450
20240209,09:55:29,1.75,100,1766450
20240209,09:55:33,1.75,50,1766450
20240209,09:55:38,1.75,1800,1766450
20240209,09:55:39,1.7,150,1766450
20240209,09:55:39,1.7,100,1766450
20240209,09:55:40,1.7,50,1766450
20240209,09:55:42,1.75,100,1766450
20240209,09:55:43,1.75,1200,1766450
20240209,09:55:52,1.75,100,1766450
20240209,09:55:56,1.75,100,1766450
20240209,09:55:57,1.75,50,1766450
20240209,09:56:01,1.7,450,1766450
20240209,09:56:03,1.75,300,1766450
20240209,09:56:11,1.75,1200,1766450
20240209,09:56:13,1.75,1000,1766450
20240209,09:56:13,1.75,300,1766450
20240209,09:56:14,1.75,50,1766450
20240209,09:56:15,1.7,1200,1766450
20240209,09:56:16,1.75,850,1766450
20240209,09:56:20,1.75,1800,1766450
20240209,09:56:24,1.75,50,1766450
20240209,09:56:28,1.7,1200,1766450
20240209,09:56:30,1.7,1200,1766450
20240209,09:56:31,1.7,1200,1766450
20240209,09:56:34,1.7,1200,1766450
20240209,09:56:42,1.7,800,1766450
20240209,09:56:46,1.7,100,1766450
20240209,09:56:49,1.7,1000,1766450
20240209,09:56:50,1.75,150,1766450
20240209,09:56:54,1.75,100,1766450
20240209,09:56:59,1.75,11350,1766450
20240209,09:57:03,1.7,1000,1766450
20240209,09:57:07,1.7,1000,1766450
20240209,09:57:11,1.7,750,1766450
20240209,09:57:14,1.75,100,1766450
20240209,09:57:15,1.7,100,1766450
20240209,09:57:16,1.75,3750,1766450
20240209,09:57:17,1.75,50,1766450
20240209,09:57:18,1.75,1800,1766450
20240209,09:57:19,1.75,450,1766450
20240209,09:57:20,1.75,100,1766450
20240209,09:57:27,1.75,150,1766450
20240209,09:57:28,1.75,100,1766450
20240209,09:57:29,1.75,50,1766450
20240209,09:57:39,1.7,50,1766450
20240209,09:57:44,1.75,150,1766450
20240209,09:57:51,1.75,400,1766450
20240209,09:57:52,1.75,4800,1766450
20240209,09:57:53,1.75,1800,1766450
20240209,09:57:54,1.75,1800,1766450
20240209,09:57:55,1.75,50,1766450
20240209,09:57:58,1.7,50,1766450
20240209,09:57:59,1.75,400,1766450
20240209,09:58:00,1.75,50,1766450
20240209,09:58:02,1.75,400,1766450
20240209,09:58:06,1.75,50,1766450
20240209,09:58:07,1.75,50,1766450
20240209,09:58:09,1.75,100,1766450
20240209,09:58:10,1.75,50,1766450
20240209,09:58:16,1.75,900,1766450
20240209,09:58:23,1.75,50,1766450
20240209,09:58:33,1.7,50,1766450
20240209,09:58:38,1.75,100,1764800
20240209,09:58:47,1.75,50,1764800
20240209,09:58:54,1.75,750,1764800
20240209,09:59:01,1.75,400,1764800
20240209,09:59:08,1.75,200,1764800
20240209,09:59:11,1.75,500,1764800
20240209,09:59:12,1.75,50,1764800
20240209,09:59:15,1.75,200,1764800
20240209,09:59:16,1.7,150,1764800
20240209,09:59:17,1.75,400,1764800
20240209,09:59:19,1.75,50,1764800
20240209,09:59:23,1.75,50,1764800
20240209,09:59:24,1.75,15350,1764800
20240209,09:59:27,1.75,450,1764800
20240209,09:59:28,1.75,500,1764800
20240209,09:59:30,1.75,16150,1764800
20240209,09:59:34,1.8,2400,1764800
20240209,09:59:34,1.8,1600,1764800
20240209,09:59:37,1.8,50,1764800
20240209,09:59:38,1.8,50,1764800
20240209,09:59:39,1.8,1850,1764800
20240209,09:59:40,1.8,6700,1764800
20240209,09:59:41,1.85,50,1764800
20240209,09:59:42,1.85,50,1764800
20240209,09:59:43,1.8,100,1764800
20240209,09:59:45,1.85,100,1764800
20240209,09:59:47,1.85,150,1764800
20240209,09:59:47,1.85,200,1764800
20240209,09:59:48,1.85,150,1764800
20240209,09:59:49,1.85,150,1764800
20240209,09:59:50,1.85,350,1764800
20240209,09:59:51,1.8,400,1764800
20240209,09:59:52,1.85,50,1764800
20240209,09:59:53,1.85,50,1764800
20240209,09:59:55,1.85,400,1764800
20240209,09:59:56,1.85,200,1764800
20240209,09:59:57,1.85,100,1764800
20240209,09:59:59,1.85,100,1764800
20240209,10:00:00,1.85,50,1764800
20240209,10:00:02,1.85,1000,1764800
20240209,10:00:03,1.85,200,1764800
20240209,10:00:04,1.85,200,1764800
20240209,10:00:04,1.8,50,1764800
20240209,10:00:05,1.8,300,1764800
20240209,10:00:07,1.85,450,1764800
20240209,10:00:08,1.85,200,1764800
20240209,10:00:09,1.85,8450,1764800
20240209,10:00:10,1.85,5500,1764800
20240209,10:00:11,1.9,200,1764800
20240209,10:00:12,1.85,150,1764800
20240209,10:00:13,1.85,100,1764800
20240209,10:00:14,1.9,50,1764800
20240209,10:00:15,1.9,50,1764800
20240209,10:00:17,1.9,100,1764800
20240209,10:00:18,1.9,50,1764800
20240209,10:00:19,1.9,50,1764800
20240209,10:00:20,1.9,50,1764800
20240209,10:00:22,1.9,100,1764800
20240209,10:00:22,1.85,1150,1764800
20240209,10:00:23,1.9,50,1764800
20240209,10:00:25,1.9,13950,1764800
20240209,10:00:26,1.95,300,1764800
20240209,10:00:27,1.95,450,1764800
20240209,10:00:28,1.95,200,1764800
20240209,10:00:29,1.95,250,1764800
20240209,10:00:30,1.95,200,1764800
20240209,10:00:31,1.95,4250,1764800
20240209,10:00:32,1.95,4050,1764800
20240209,10:00:33,1.95,3650,1764800
20240209,10:00:34,2.0,50,1764800
20240209,10:00:35,2.0,150,1764800
20240209,10:00:36,2.0,100,1764800
20240209,10:00:37,2.0,50,1764800
20240209,10:00:38,2.0,50,1764800
20240209,10:00:39,2.0,200,1764800
20240209,10:00:40,2.0,200,1764800
20240209,10:00:41,2.0,750,1764800
20240209,10:00:42,2.0,2300,1764800
20240209,10:00:43,2.05,4050,1764800
20240209,10:00:44,2.05,1500,1764800
20240209,10:00:45,2.05,200,1764800
20240209,10:00:46,2.0,19800,1764800
20240209,10:00:47,2.05,100,1764800
20240209,10:00:48,2.05,50,1764800
20240209,10:00:49,2.05,50,1764800
20240209,10:00:50,2.05,50,1764800
20240209,10:00:51,2.05,1800,1764800
20240209,10:00:52,2.05,1850,1764800
20240209,10:00:55,2.05,14750,1764800
20240209,10:00:56,2.1,750,1764800
20240209,10:00:58,2.1,7200,1764800
20240209,10:00:59,2.1,2050,1764800
20240209,10:01:01,2.05,2600,1764800
20240209,10:01:03,2.1,200,1764800
20240209,10:01:06,2.1,50,1764800
20240209,10:01:07,2.1,250,1764800
20240209,10:01:08,2.15,9300,1764800
20240209,10:01:09,2.2,4650,1764800
20240209,10:01:10,2.2,200,1764800
20240209,10:01:11,2.2,450,1764800
20240209,10:01:12,2.2,600,1764800
20240209,10:01:13,2.2,2550,1764800
20240209,10:01:14,2.25,8650,1764800
20240209,10:01:15,2.2,2550,1764800
20240209,10:01:16,2.2,4750,1764800
20240209,10:01:18,2.2,3450,1764800
20240209,10:01:19,2.2,2000,1764800
20240209,10:01:20,2.25,1950,1764800
20240209,10:01:21,2.2,1600,1764800
20240209,10:01:22,2.2,600,1764800
20240209,10:01:26,2.15,4350,1764350
20240209,10:01:29,2.15,50,1764350
20240209,10:01:33,2.1,9050,1764350
20240209,10:01:34,2.15,1900,1764350
20240209,10:01:38,2.15,50,1764350
20240209,10:01:40,2.1,400,1764350
20240209,10:01:41,2.15,150,1764350
20240209,10:01:44,2.1,2650,1764350
20240209,10:01:45,2.1,400,1764350
20240209,10:01:46,2.1,650,1764350
20240209,10:01:48,2.1,350,1764350
20240209,10:01:50,2.1,100,1764350
20240209,10:01:51,2.05,1000,1764350
20240209,10:01:55,2.05,10000,1764350
20240209,10:01:59,2.05,250,1764350
20240209,10:02:01,2.0,8250,1764350
20240209,10:02:02,2.05,2650,1764350
20240209,10:02:04,2.0,1200,1764350
20240209,10:02:05,2.05,700,1764350
20240209,10:02:10,2.0,50,1764350
20240209,10:02:11,2.05,50,1764350
20240209,10:02:13,2.05,50,1764350
20240209,10:02:17,2.0,50,1764350
20240209,10:02:24,2.0,1700,1764350
20240209,10:02:25,2.0,50,1764350
20240209,10:02:27,2.0,50,1764350
20240209,10:02:28,1.95,6350,1764350
20240209,10:02:29,1.95,100,1764350
20240209,10:02:30,1.95,200,1764350
20240209,10:02:31,1.95,9200,1764350
20240209,10:02:32,1.9,550,1764350
20240209,10:02:34,1.95,150,1764350
20240209,10:02:35,1.95,1450,1764350
20240209,10:02:36,1.9,50,1764350
20240209,10:02:37,1.9,1550,1764350
20240209,10:02:38,1.9,1050,1764350
20240209,10:02:39,1.9,50,1764350
20240209,10:02:40,1.9,150,1764350
20240209,10:02:41,1.9,1850,1764350
20240209,10:02:42,1.9,3200,1764350
20240209,10:02:43,1.85,50,1764350
20240209,10:02:44,1.85,50,1764350
20240209,10:02:45,1.85,12800,1764350
20240209,10:02:46,1.85,50,1764350
20240209,10:02:47,1.85,200,1764350
20240209,10:02:48,1.85,850,1764350
20240209,10:02:49,1.85,700,1764350
20240209,10:02:50,1.85,50,1764350
20240209,10:02:51,1.85,50,1764350
20240209,10:02:52,1.85,50,1764350
20240209,10:02:53,1.8,5600,1764350
20240209,10:02:54,1.8,50,1764350
20240209,10:02:55,1.8,50,1764350
20240209,10:02:56,1.8,200,1764350
20240209,10:02:57,1.8,300,1764350
20240209,10:02:58,1.8,200,1764350
20240209,10:02:59,1.8,250,1764350
20240209,10:03:00,1.8,250,1764350
20240209,10:03:01,1.8,200,1764350
20240209,10:03:02,1.8,2700,1764350
20240209,10:03:03,1.8,700,1764350
20240209,10:03:04,1.75,200,1764350
20240209,10:03:05,1.75,200,1764350
20240209,10:03:06,1.75,400,1764350
20240209,10:03:07,1.75,250,1764350
20240209,10:03:08,1.75,200,1764350
20240209,10:03:09,1.75,200,1764350
20240209,10:03:10,1.75,250,1764350
20240209,10:03:11,1.8,50,1764350
20240209,10:03:13,1.75,50,1764350
20240209,10:03:14,1.75,50,1764350
20240209,10:03:15,1.75,50,1764350
20240209,10:03:16,1.75,350,1764350
20240209,10:03:17,1.75,200,1764350
20240209,10:03:18,1.75,100,1764350
20240209,10:03:20,1.8,150,1764350
20240209,10:03:21,1.75,50,1764350
20240209,10:03:22,1.8,200,1764350
20240209,10:03:25,1.8,250,1764350
20240209,10:03:26,1.8,200,1764350
20240209,10:03:27,1.8,2000,1764350
20240209,10:03:28,1.8,1000,1764350
20240209,10:03:29,1.8,8400,1764350
20240209,10:03:30,1.85,1000,1764350
20240209,10:03:32,1.85,50,1764350
20240209,10:03:45,1.8,250,1764350
20240209,10:03:49,1.85,300,1764350
20240209,10:03:57,1.85,50,1764350
20240209,10:03:59,1.85,1800,1764350
20240209,10:04:02,1.85,50,1764350
20240209,10:04:04,1.85,50,1764350
20240209,10:04:05,1.85,50,1764350
20240209,10:04:06,1.85,50,1764350
20240209,10:04:11,1.8,300,1764350
20240209,10:04:12,1.85,100,1764350
20240209,10:04:18,1.85,50,1764350
20240209,10:04:25,1.8,300,1759000
20240209,10:04:27,1.8,50,1759000
20240209,10:04:41,1.8,250,1759000
20240209,10:04:43,1.8,500,1759000
20240209,10:04:45,1.8,300,1759000
20240209,10:04:46,1.8,250,1759000
20240209,10:04:47,1.8,450,1759000
20240209,10:04:49,1.8,250,1759000
20240209,10:04:50,1.8,1150,1759000
20240209,10:04:52,1.8,100,1759000
20240209,10:04:55,1.8,2500,1759000
20240209,10:05:00,1.75,50,1759000
20240209,10:05:01,1.8,1200,1759000
20240209,10:05:11,1.8,250,1759000
20240209,10:05:12,1.8,450,1759000
20240209,10:05:13,1.8,500,1759000
20240209,10:05:15,1.8,11900,1759000
20240209,10:05:16,1.8,150,1759000
20240209,10:05:17,1.85,50,1759000
20240209,10:05:23,1.8,50,1759000
20240209,10:05:24,1.8,1800,1759000
20240209,10:05:28,1.85,200,1759000
20240209,10:05:31,1.8,1000,1759000
20240209,10:05:32,1.85,50,1759000
20240209,10:05:33,1.8,1800,1759000
20240209,10:05:34,1.8,1900,1759000
20240209,10:05:35,1.8,1800,1759000
20240209,10:05:36,1.8,1800,1759000
20240209,10:05:37,1.8,5100,1759000
20240209,10:05:51,1.75,600,1759000
20240209,10:05:54,1.75,800,1759000
20240209,10:05:55,1.75,450,1759000
20240209,10:06:01,1.75,1550,1759000
20240209,10:06:09,1.75,50,1759000
20240209,10:06:10,1.75,550,1759000
20240209,10:06:11,1.75,50,1759000
20240209,10:06:12,1.75,50,1759000
20240209,10:06:13,1.75,50,1759000
20240209,10:06:14,1.75,250,1759000
20240209,10:06:18,1.75,100,1759000
20240209,10:06:24,1.8,1800,1759000
20240209,10:06:29,1.75,50,1759000
20240209,10:06:29,1.75,250,1759000
20240209,10:06:30,1.75,250,1759000
20240209,10:06:31,1.75,300,1759000
20240209,10:06:32,1.75,350,1759000
20240209,10:06:33,1.75,300,1759000
20240209,10:06:34,1.75,200,1759000
20240209,10:06:35,1.75,200,1759000
20240209,10:06:36,1.75,550,1759000
20240209,10:06:37,1.75,650,1759000
20240209,10:06:38,1.75,500,1759000
20240209,10:06:39,1.7,200,1759000
20240209,10:06:40,1.7,200,1759000
20240209,10:06:41,1.7,200,1759000
20240209,10:06:42,1.7,200,1759000
20240209,10:06:43,1.7,150,1759000
20240209,10:06:44,1.75,250,1759000
20240209,10:06:45,1.7,150,1759000
20240209,10:06:46,1.75,1950,1759000
20240209,10:06:47,1.75,200,1759000
20240209,10:06:48,1.7,150,1759000
20240209,10:06:49,1.7,150,1759000
20240209,10:06:50,1.7,150,1759000
20240209,10:06:51,1.7,150,1759000
20240209,10:07:04,1.7,400,1759000
20240209,10:07:26,1.7,50,1761750
20240209,10:07:29,1.7,1800,1761750
20240209,10:07:31,1.75,3900,1761750
20240209,10:07:33,1.75,1500,1761750
20240209,10:07:34,1.75,1500,1761750
20240209,10:07:38,1.7,1800,1761750
20240209,10:07:40,1.75,4250,1761750
20240209,10:07:42,1.75,2800,1761750
20240209,10:07:50,1.75,150,1761750
20240209,10:07:57,1.7,50,1761750
20240209,10:08:03,1.75,400,1761750
20240209,10:08:04,1.7,50,1761750
20240209,10:08:21,1.75,100,1761750
20240209,10:08:23,1.7,1800,1761750
20240209,10:08:23,1.7,3600,1761750
20240209,10:08:24,1.7,9000,1761750
20240209,10:08:25,1.7,3600,1761750
20240209,10:08:26,1.7,5050,1761750
20240209,10:08:27,1.65,50,1761750
20240209,10:08:48,1.7,50,1761750
20240209,10:08:50,1.65,100,1761750
20240209,10:08:53,1.7,50,1761750
20240209,10:08:56,1.65,450,1761750
20240209,10:08:57,1.65,750,1761750
20240209,10:09:10,1.7,1000,1761750
20240209,10:09:10,1.65,300,1761750
20240209,10:09:16,1.7,1800,1761750
20240209,10:09:17,1.7,1800,1761750
20240209,10:09:18,1.7,1000,1761750
20240209,10:09:19,1.7,1800,1761750
20240209,10:09:20,1.7,1800,1761750
20240209,10:09:22,1.65,100,1761750
20240209,10:09:26,1.65,50,1761750
20240209,10:09:28,1.65,50,1761750
20240209,10:09:42,1.7,50,1761750
20240209,10:09:43,1.7,50,1761750
20240209,10:09:44,1.7,50,1761750
20240209,10:09:45,1.65,150,1761750
20240209,10:09:46,1.7,50,1761750
20240209,10:09:47,1.7,50,1761750
20240209,10:09:52,1.7,50,1761750
20240209,10:09:53,1.7,50,1761750
20240209,10:09:54,1.7,50,1761750
20240209,10:09:56,1.7,250,1761750
20240209,10:09:57,1.7,200,1761750
20240209,10:09:58,1.7,200,1761750
20240209,10:09:59,1.7,200,1761750
20240209,10:10:00,1.65,1750,1761750
20240209,10:10:05,1.65,50,1761750
20240209,10:10:06,1.7,1800,1761750
20240209,10:10:07,1.7,50,1761750
20240209,10:10:08,1.7,50,1761750
20240209,10:10:09,1.7,50,1761750
20240209,10:10:10,1.7,650,1761750
20240209,10:10:10,1.7,12750,1761750
20240209,10:10:12,1.75,300,1761750
20240209,10:10:13,1.75,200,1761750
20240209,10:10:14,1.75,200,1761750
20240209,10:10:15,1.75,50,1761750
20240209,10:10:16,1.75,50,1761750
20240209,10:10:17,1.75,50,1761750
20240209,10:10:19,1.75,100,1761750
20240209,10:10:20,1.75,200,1761750
20240209,10:10:22,1.75,6300,1761750
20240209,10:10:23,1.7,1200,1761750
20240209,10:10:24,1.7,3800,1761750
20240209,10:10:25,1.75,200,1761750
20240209,10:10:26,1.75,200,1766450
20240209,10:10:27,1.75,350,1766450
20240209,10:10:28,1.75,50,1766450
20240209,10:10:29,1.75,50,1766450
20240209,10:10:30,1.75,50,1766450
20240209,10:10:31,1.75,50,1766450
20240209,10:10:33,1.75,100,1766450
20240209,10:10:34,1.75,50,1766450
20240209,10:10:35,1.75,50,1766450
20240209,10:10:35,1.75,1800,1766450
20240209,10:10:36,1.75,100,1766450
20240209,10:10:37,1.75,50,1766450
20240209,10:10:38,1.75,50,1766450
20240209,10:10:39,1.75,50,1766450
20240209,10:10:40,1.7,3650,1766450
20240209,10:10:41,1.75,1850,1766450
20240209,10:10:42,1.75,50,1766450
20240209,10:10:43,1.75,50,1766450
20240209,10:10:44,1.75,200,1766450
20240209,10:10:45,1.75,200,1766450
20240209,10:10:47,1.75,400,1766450
20240209,10:10:47,1.75,1800,1766450
20240209,10:10:49,1.75,100,1766450
20240209,10:10:49,1.75,1800,1766450
20240209,10:10:50,1.75,50,1766450
20240209,10:10:51,1.75,200,1766450
20240209,10:10:53,1.75,400,1766450
20240209,10:10:54,1.75,200,1766450
20240209,10:10:55,1.75,200,1766450
20240209,10:10:56,1.75,600,1766450
20240209,10:10:57,1.75,500,1766450
20240209,10:10:58,1.75,250,1766450
20240209,10:10:59,1.75,50,1766450
20240209,10:11:00,1.75,50,1766450
20240209,10:11:02,1.75,4650,1766450
20240209,10:11:02,1.75,250,1766450
20240209,10:11:03,1.75,2050,1766450
20240209,10:11:04,1.75,11650,1766450
20240209,10:11:05,1.75,100,1766450
20240209,10:11:06,1.8,50,1766450
20240209,10:11:07,1.8,50,1766450
20240209,10:11:08,1.8,50,1766450
20240209,10:11:09,1.8,50,1766450
20240209,10:11:10,1.8,50,1766450
20240209,10:11:11,1.8,50,1766450
20240209,10:11:12,1.8,50,1766450
20240209,10:11:13,1.8,50,1766450
20240209,10:11:14,1.8,50,1766450
20240209,10:11:15,1.8,50,1766450
20240209,10:11:17,1.8,100,1766450
20240209,10:11:18,1.8,50,1766450
20240209,10:11:19,1.8,50,1766450
20240209,10:11:20,1.8,1450,1766450
20240209,10:11:21,1.8,50,1766450
20240209,10:11:22,1.8,50,1766450
20240209,10:11:23,1.75,1800,1766450
20240209,10:11:30,1.8,150,1766450
20240209,10:11:33,1.75,50,1766450
20240209,10:11:43,1.75,500,1766450
20240209,10:11:48,1.8,50,1766450
20240209,10:11:49,1.8,3650,1766450
20240209,10:11:50,1.8,50,1766450
20240209,10:11:51,1.8,50,1766450
20240209,10:11:52,1.8,50,1766450
20240209,10:11:53,1.8,50,1766450
20240209,10:11:54,1.8,50,1766450
20240209,10:11:55,1.8,50,1766450
20240209,10:11:56,1.8,50,1766450
20240209,10:11:57,1.8,50,1766450
20240209,10:11:58,1.8,50,1766450
20240209,10:11:59,1.8,50,1766450
20240209,10:12:00,1.8,100,1766450
20240209,10:12:01,1.8,50,1766450
20240209,10:12:02,1.8,3950,1766450
20240209,10:12:10,1.8,150,1766450
20240209,10:12:12,1.8,1800,1766450
20240209,10:12:14,1.8,1800,1766450
20240209,10:12:16,1.8,1800,1766450
20240209,10:12:18,1.8,1800,1766450
20240209,10:12:19,1.8,1800,1766450
20240209,10:12:23,1.8,1400,1766450
20240209,10:12:25,1.85,450,1766450
20240209,10:12:26,1.85,1000,1766450
20240209,10:12:30,1.8,50,1766450
20240209,10:12:35,1.85,50,1766450
20240209,10:12:36,1.85,50,1766450
20240209,10:12:40,1.8,150,1766450
20240209,10:12:41,1.8,3800,1766450
20240209,10:12:42,1.8,50,1766450
20240209,10:12:43,1.8,50,1766450
20240209,10:12:44,1.8,200,1766450
20240209,10:12:45,1.8,50,1766450
20240209,10:12:46,1.8,50,1766450
20240209,10:12:47,1.8,50,1766450
20240209,10:12:48,1.8,1500,1766450
20240209,10:12:52,1.8,400,1766450
20240209,10:12:57,1.8,3600,1766450
20240209,10:13:06,1.8,50,1766450
20240209,10:13:09,1.8,1450,1766450
20240209,10:13:12,1.8,150,1766450
20240209,10:13:18,1.8,1500,1766450
20240209,10:13:24,1.8,500,1766450
20240209,10:13:34,1.8,50,1761100
20240209,10:13:36,1.8,50,1761100
20240209,10:13:37,1.8,50,1761100
20240209,10:13:49,1.8,50,1761100
20240209,10:13:50,1.8,50,1761100
20240209,10:13:51,1.8,50,1761100
20240209,10:13:52,1.8,50,1761100
20240209,10:13:53,1.8,50,1761100
20240209,10:13:54,1.8,50,1761100
20240209,10:13:55,1.8,50,1761100
20240209,10:13:56,1.8,50,1761100
20240209,10:13:57,1.8,1450,1761100
20240209,10:13:58,1.8,200,1761100
20240209,10:13:59,1.8,200,1761100
20240209,10:14:00,1.8,200,1761100
20240209,10:14:02,1.8,950,1761100
20240209,10:14:03,1.85,550,1761100
20240209,10:14:04,1.85,300,1761100
20240209,10:14:05,1.8,150,1761100
20240209,10:14:06,1.85,50,1761100
20240209,10:14:07,1.85,100,1761100
20240209,10:14:08,1.85,100,1761100
20240209,10:14:09,1.85,100,1761100
20240209,10:14:10,1.85,350,1761100
20240209,10:14:12,1.8,100,1761100
20240209,10:14:13,1.8,1800,1761100
20240209,10:14:15,1.85,50,1761100
20240209,10:14:16,1.85,50,1761100
20240209,10:14:17,1.85,200,1761100
20240209,10:14:18,1.85,50,1761100
20240209,10:14:19,1.85,50,1761100
20240209,10:14:20,1.85,50,1761100
20240209,10:14:21,1.85,50,1761100
20240209,10:14:22,1.85,50,1761100
20240209,10:14:23,1.85,50,1761100
20240209,10:14:24,1.85,300,1761100
20240209,10:14:25,1.85,50,1761100
20240209,10:14:26,1.85,50,1761100
20240209,10:14:27,1.85,1550,1761100
20240209,10:14:28,1.85,1550,1761100
20240209,10:14:29,1.85,50,1761100
20240209,10:14:30,1.85,200,1761100
20240209,10:14:36,1.85,50,1761100
20240209,10:14:42,1.8,750,1761100
20240209,10:14:43,1.85,50,1761100
20240209,10:14:45,1.8,250,1761100
20240209,10:14:46,1.85,1550,1761100
20240209,10:14:48,1.85,100,1761100
20240209,10:14:51,1.8,250,1761100
20240209,10:14:55,1.8,50,1761100
20240209,10:14:57,1.8,50,1761100
20240209,10:15:00,1.8,1000,1761100
20240209,10:15:02,1.85,1000,1761100
20240209,10:15:03,1.85,1000,1761100
20240209,10:15:06,1.85,1000,1761100
20240209,10:15:13,1.85,50,1761100
20240209,10:15:17,1.85,700,1761100
20240209,10:15:19,1.85,250,1761100
20240209,10:15:21,1.8,550,1761100
20240209,10:15:29,1.8,500,1761100
20240209,10:15:30,1.85,50,1761100
20240209,10:15:35,1.85,50,1761100
20240209,10:15:47,1.85,50,1761100
20240209,10:15:48,1.85,50,1761100
20240209,10:15:49,1.85,50,1761100
20240209,10:15:50,1.85,50,1761100
20240209,10:15:51,1.85,50,1761100
20240209,10:15:52,1.85,50,1761100
20240209,10:15:53,1.85,50,1761100
20240209,10:15:54,1.85,50,1761100
20240209,10:15:55,1.85,50,1761100
20240209,10:15:56,1.85,50,1761100
20240209,10:15:57,1.85,50,1761100
20240209,10:15:58,1.85,50,1761100
20240209,10:15:59,1.85,50,1761100
20240209,10:16:00,1.85,50,1761100
20240209,10:16:01,1.85,15900,1761100
20240209,10:16:02,1.9,50,1761100
20240209,10:16:03,1.85,14150,1761100
20240209,10:16:04,1.9,50,1761100
20240209,10:16:05,1.9,50,1761100
20240209,10:16:06,1.9,50,1761100
20240209,10:16:07,1.9,50,1761100
20240209,10:16:08,1.9,50,1761100
20240209,10:16:09,1.9,50,1761100
20240209,10:16:10,1.9,50,1761100
20240209,10:16:11,1.9,100,1761100
20240209,10:16:12,1.9,50,1761100
20240209,10:16:13,1.9,200,1761100
20240209,10:16:14,1.9,1200,1761100
20240209,10:16:15,1.95,50,1761100
20240209,10:16:16,1.95,50,1761100
20240209,10:16:17,1.95,50,1761100
20240209,10:16:18,1.95,2000,1761100
20240209,10:16:19,1.95,200,1761100
20240209,10:16:20,1.9,1050,1761100
20240209,10:16:21,1.95,300,1761100
20240209,10:16:22,1.95,300,1761100
20240209,10:16:23,1.95,50,1761100
20240209,10:16:24,1.9,1900,1761100
20240209,10:16:25,1.9,100,1761100
20240209,10:16:26,1.95,11050,1792700
20240209,10:16:27,1.95,3100,1792700
20240209,10:16:28,1.95,200,1792700
20240209,10:16:29,1.95,200,1792700
20240209,10:16:30,1.95,200,1792700
20240209,10:16:31,1.95,50,1792700
20240209,10:16:32,1.95,50,1792700
20240209,10:16:33,1.95,50,1792700
20240209,10:16:34,1.95,50,1792700
20240209,10:16:35,1.95,150,1792700
20240209,10:16:36,1.95,150,1792700
20240209,10:16:37,1.95,50,1792700
20240209,10:16:38,1.95,200,1792700
20240209,10:16:39,1.95,200,1792700
20240209,10:16:40,1.95,150,1792700
20240209,10:16:41,1.95,50,1792700
20240209,10:16:42,1.95,50,1792700
20240209,10:16:43,1.95,50,1792700
20240209,10:16:44,1.95,50,1792700
20240209,10:16:45,1.95,50,1792700
20240209,10:16:46,1.95,50,1792700
20240209,10:16:47,1.95,50,1792700
20240209,10:16:48,1.95,50,1792700
20240209,10:16:49,1.95,50,1792700
20240209,10:16:50,1.95,50,1792700
20240209,10:16:51,1.95,50,1792700
20240209,10:16:52,1.95,50,1792700
20240209,10:16:53,1.95,50,1792700
20240209,10:16:54,1.95,50,1792700
20240209,10:16:55,1.95,50,1792700
20240209,10:16:56,1.95,50,1792700
20240209,10:16:57,1.95,50,1792700
20240209,10:16:58,1.95,50,1792700
20240209,10:16:59,1.95,50,1792700
20240209,10:17:00,1.9,25700,1792700
20240209,10:17:01,1.9,350,1792700
20240209,10:17:03,1.9,100,1792700
20240209,10:17:04,1.9,100,1792700
20240209,10:17:05,1.9,50,1792700
20240209,10:17:06,1.9,50,1792700
20240209,10:17:06,1.9,300,1792700
20240209,10:17:07,1.9,50,1792700
20240209,10:17:08,1.9,50,1792700
20240209,10:17:09,1.9,50,1792700
20240209,10:17:11,1.9,100,1792700
20240209,10:17:12,1.9,50,1792700
20240209,10:17:13,1.9,50,1792700
20240209,10:17:14,1.9,50,1792700
20240209,10:17:16,1.9,50,1792700
20240209,10:17:20,1.9,1750,1792700
20240209,10:17:20,1.9,250,1792700
20240209,10:17:27,1.85,150,1792700
20240209,10:17:32,1.9,500,1792700
20240209,10:17:33,1.9,350,1792700
20240209,10:17:34,1.9,300,1792700
20240209,10:17:34,1.9,250,1792700
20240209,10:17:36,1.9,250,1792700
20240209,10:17:42,1.9,50,1792700
20240209,10:17:49,1.85,1500,1792700
20240209,10:17:49,1.9,250,1792700
20240209,10:17:50,1.9,250,1792700
20240209,10:17:51,1.9,50,1792700
20240209,10:17:54,1.9,50,1792700
20240209,10:17:55,1.9,50,1792700
20240209,10:17:56,1.9,200,1792700
20240209,10:17:57,1.9,50,1792700
20240209,10:17:58,1.9,50,1792700
20240209,10:17:59,1.9,50,1792700
20240209,10:18:00,1.9,550,1792700
20240209,10:18:00,1.9,500,1792700
20240209,10:18:01,1.9,350,1792700
20240209,10:18:02,1.9,50,1792700
20240209,10:18:03,1.9,300,1792700
20240209,10:18:04,1.9,50,1792700
20240209,10:18:05,1.9,50,1792700
20240209,10:18:06,1.9,1950,1792700
20240209,10:18:07,1.9,14950,1792700
20240209,10:18:08,1.95,50,1792700
20240209,10:18:09,1.95,50,1792700
20240209,10:18:10,1.9,700,1792700
20240209,10:18:11,1.95,50,1792700
20240209,10:18:12,1.95,50,1792700
20240209,10:18:13,1.9,100,1792700
20240209,10:18:14,1.95,200,1792700
20240209,10:18:15,1.95,200,1792700
20240209,10:18:16,1.95,200,1792700
20240209,10:18:20,1.95,50,1792700
20240209,10:18:21,1.95,50,1792700
20240209,10:18:22,1.95,50,1792700
20240209,10:18:23,1.95,50,1792700
20240209,10:18:24,1.95,50,1792700
20240209,10:18:25,1.95,50,1792700
20240209,10:18:26,1.95,50,1792700
20240209,10:18:27,1.95,50,1792700
20240209,10:18:28,1.9,450,1792700
20240209,10:18:29,1.95,50,1792700
20240209,10:18:30,1.95,50,1792700
20240209,10:18:31,1.95,350,1792700
20240209,10:18:32,1.95,50,1792700
20240209,10:18:33,1.95,200,1792700
20240209,10:18:34,1.95,1200,1792700
20240209,10:18:35,1.9,1200,1792700
20240209,10:18:36,1.9,600,1792700
20240209,10:18:37,1.95,50,1792700
20240209,10:18:38,1.95,50,1792700
20240209,10:18:39,1.95,50,1792700
20240209,10:18:40,1.95,200,1792700
20240209,10:18:41,1.95,50,1792700
20240209,10:18:42,1.95,200,1792700
20240209,10:18:43,1.95,50,1792700
20240209,10:18:44,1.95,50,1792700
20240209,10:18:45,1.95,29200,1792700
20240209,10:18:46,1.95,50,1792700
20240209,10:18:48,1.95,1050,1792700
20240209,10:18:49,1.95,50,1792700
20240209,10:18:51,1.95,300,1792700
20240209,10:18:52,1.95,250,1792700
20240209,10:18:54,1.95,10250,1792700
20240209,10:18:55,1.95,50,1792700
20240209,10:18:56,1.95,50,1792700
20240209,10:18:57,1.95,50,1792700
20240209,10:18:59,1.95,50,1792700
20240209,10:19:00,1.95,50,1792700
20240209,10:19:01,1.95,50,1792700
20240209,10:19:02,1.9,1050,1792700
20240209,10:19:03,1.95,50,1792700
20240209,10:19:04,1.95,1850,1792700
20240209,10:19:05,1.95,50,1792700
20240209,10:19:06,1.95,50,1792700
20240209,10:19:07,1.9,150,1792700
20240209,10:19:08,1.95,50,1792700
20240209,10:19:09,1.95,50,1792700
20240209,10:19:10,1.95,50,1792700
20240209,10:19:11,1.95,50,1792700
20240209,10:19:12,1.95,50,1792700
20240209,10:19:13,1.95,50,1792700
20240209,10:19:14,1.95,650,1792700
20240209,10:19:15,1.95,50,1792700
20240209,10:19:16,1.95,50,1792700
20240209,10:19:17,1.95,50,1792700
20240209,10:19:18,1.95,50,1792700
20240209,10:19:19,1.95,100,1792700
20240209,10:19:20,1.95,50,1792700
20240209,10:19:21,1.95,50,1792700
20240209,10:19:22,1.95,50,1792700
20240209,10:19:23,1.95,50,1792700
20240209,10:19:24,1.9,100,1792700
20240209,10:19:28,1.9,1750,1783400
20240209,10:19:29,1.9,200,1783400
20240209,10:19:31,1.9,300,1783400
20240209,10:19:43,1.9,150,1783400
20240209,10:19:47,1.95,50,1783400
20240209,10:20:01,1.9,550,1783400
20240209,10:20:01,1.95,1050,1783400
20240209,10:20:02,1.95,50,1783400
20240209,10:20:03,1.95,1000,1783400
20240209,10:20:05,1.95,250,1783400
20240209,10:20:07,1.9,900,1783400
20240209,10:20:08,1.95,200,1783400
20240209,10:20:09,1.9,50,1783400
20240209,10:20:13,1.9,200,1783400
20240209,10:20:13,1.95,100,1783400
20240209,10:20:17,1.9,200,1783400
20240209,10:20:20,1.9,100,1783400
20240209,10:20:27,1.9,50,1783400
20240209,10:20:29,1.95,50,1783400
20240209,10:20:30,1.95,50,1783400
20240209,10:20:31,1.95,50,1783400
20240209,10:20:32,1.95,100,1783400
20240209,10:20:34,1.95,1900,1783400
20240209,10:20:35,1.95,50,1783400
20240209,10:20:36,1.9,800,1783400
20240209,10:20:37,1.95,1850,1783400
20240209,10:20:38,1.95,50,1783400
20240209,10:20:39,1.95,50,1783400
20240209,10:20:41,1.95,200,1783400
20240209,10:20:42,1.95,50,1783400
20240209,10:20:43,1.95,50,1783400
20240209,10:20:44,1.95,50,1783400
20240209,10:20:45,1.95,8900,1783400
20240209,10:20:46,2.0,50,1783400
20240209,10:20:47,2.0,50,1783400
20240209,10:20:49,2.0,200,1783400
20240209,10:20:50,2.0,50,1783400
20240209,10:20:52,2.0,150,1783400
20240209,10:20:53,2.0,50,1783400
20240209,10:20:54,2.0,50,1783400
20240209,10:20:55,2.0,50,1783400
20240209,10:20:56,2.0,50,1783400
20240209,10:20:58,2.0,300,1783400
20240209,10:20:59,2.0,150,1783400
20240209,10:21:00,2.0,850,1783400
20240209,10:21:02,2.0,200,1783400
20240209,10:21:03,1.95,3250,1783400
20240209,10:21:04,2.0,500,1783400
20240209,10:21:06,1.95,550,1783400
20240209,10:21:07,1.95,10250,1783400
20240209,10:21:09,1.9,1050,1783400
20240209,10:21:10,1.95,1500,1783400
20240209,10:21:11,1.9,900,1783400
20240209,10:21:14,1.9,850,1783400
20240209,10:21:15,1.9,200,1783400
20240209,10:21:15,1.95,200,1783400
20240209,10:21:17,1.9,17000,1783400
20240209,10:21:19,1.85,650,1783400
20240209,10:21:21,1.85,200,1783400
20240209,10:21:22,1.85,550,1783400
20240209,10:21:24,1.85,100,1783400
20240209,10:21:26,1.85,8300,1783400
20240209,10:21:27,1.85,3200,1783400
20240209,10:21:29,1.85,850,1783400
20240209,10:21:30,1.85,1000,1783400
20240209,10:21:30,1.85,1500,1783400
20240209,10:21:33,1.9,50,1783400
20240209,10:21:34,1.85,1000,1783400
20240209,10:21:35,1.9,1800,1783400
20240209,10:21:37,1.9,1800,1783400
20240209,10:21:44,1.85,50,1783400
20240209,10:21:51,1.9,100,1783400
20240209,10:21:55,1.85,700,1783400
20240209,10:22:05,1.85,700,1783400
20240209,10:22:07,1.85,350,1783400
20240209,10:22:11,1.85,100,1783400
20240209,10:22:12,1.9,1800,1783400
20240209,10:22:14,1.85,1800,1783400
20240209,10:22:17,1.85,250,1783400
20240209,10:22:26,1.9,100,1783400
20240209,10:22:29,1.85,4200,1774600
20240209,10:22:31,1.85,1800,1774600
20240209,10:22:31,1.85,300,1774600
20240209,10:22:32,1.85,8350,1774600
20240209,10:22:33,1.85,1250,1774600
20240209,10:22:42,1.85,250,1774600
20240209,10:22:47,1.9,1800,1774600
20240209,10:22:52,1.9,1800,1774600
20240209,10:22:58,1.9,750,1774600
20240209,10:23:05,1.9,100,1774600
20240209,10:23:13,1.85,100,1774600
20240209,10:23:14,1.9,200,1774600
20240209,10:23:25,1.9,200,1774600
20240209,10:23:28,1.85,300,1774600
20240209,10:23:34,1.85,50,1774600
20240209,10:23:39,1.9,400,1774600
20240209,10:23:42,1.85,500,1774600
20240209,10:24:13,1.9,50,1774600
20240209,10:24:23,1.9,1000,1774600
20240209,10:24:24,1.9,500,1774600
20240209,10:24:35,1.9,24400,1774600
20240209,10:24:39,1.95,50,1774600
20240209,10:24:43,1.95,400,1774600
20240209,10:24:44,1.95,100,1774600
20240209,10:24:50,1.9,100,1774600
20240209,10:25:18,1.95,1750,1774600
20240209,10:25:27,1.95,36500,1774600
20240209,10:25:28,1.95,9250,1794050
20240209,10:25:29,2.0,50,1794050
20240209,10:25:31,1.95,6300,1794050
20240209,10:25:32,1.95,250,1794050
20240209,10:25:33,1.95,50,1794050
20240209,10:25:41,1.95,50,1794050
20240209,10:25:44,1.95,250,1794050
20240209,10:25:45,1.95,1850,1794050
20240209,10:25:46,1.95,4850,1794050
20240209,10:26:03,1.95,1000,1794050
20240209,10:26:06,1.95,3600,1794050
20240209,10:26:07,1.95,1800,1794050
20240209,10:26:08,1.95,3000,1794050
20240209,10:26:09,2.0,1800,1794050
20240209,10:26:16,2.0,50,1794050
20240209,10:26:17,2.0,50,1794050
20240209,10:26:19,2.0,200,1794050
20240209,10:26:23,2.0,50,1794050
20240209,10:26:26,1.95,500,1794050
20240209,10:26:30,2.0,500,1794050
20240209,10:26:32,2.0,400,1794050
20240209,10:26:33,2.0,9050,1794050
20240209,10:26:35,2.0,17150,1794050
20240209,10:26:35,2.0,800,1794050
20240209,10:26:36,2.0,100,1794050
20240209,10:26:38,2.0,2100,1794050
20240209,10:26:39,2.0,1150,1794050
20240209,10:26:41,2.0,100,1794050
20240209,10:26:50,2.0,400,1794050
20240209,10:26:55,2.0,50,1794050
20240209,10:27:01,2.0,50,1794050
20240209,10:27:03,2.0,50,1794050
20240209,10:27:04,2.0,50,1794050
20240209,10:27:09,2.0,1550,1794050
20240209,10:27:10,1.95,1500,1794050
20240209,10:27:11,1.95,23300,1794050
20240209,10:27:12,1.95,2700,1794050
20240209,10:27:13,1.95,7050,1794050
20240209,10:27:23,2.0,400,1794050
20240209,10:27:25,1.95,950,1794050
20240209,10:27:32,1.95,1050,1794050
20240209,10:27:33,1.95,50,1794050
20240209,10:27:37,1.95,100,1794050
20240209,10:27:39,1.95,1500,1794050
20240209,10:27:43,1.95,500,1794050
20240209,10:27:44,2.0,400,1794050
20240209,10:27:47,1.95,550,1794050
20240209,10:27:48,1.95,250,1794050
20240209,10:27:50,1.95,6300,1794050
20240209,10:27:52,1.95,1000,1794050
20240209,10:27:55,1.95,2800,1794050
20240209,10:28:00,1.9,250,1794050
20240209,10:28:14,1.9,1500,1794050
20240209,10:28:15,1.9,1000,1794050
20240209,10:28:22,1.95,50,1794050
20240209,10:28:24,1.95,4150,1794050
20240209,10:28:28,1.95,700,1794050
20240209,10:28:29,1.95,100,1797300
20240209,10:28:30,1.9,50,1797300
20240209,10:28:31,1.9,50,1797300
20240209,10:28:32,1.9,100,1797300
20240209,10:28:33,1.9,50,1797300
20240209,10:28:41,1.9,1800,1797300
20240209,10:28:41,1.9,3600,1797300
20240209,10:28:42,1.9,17450,1797300
20240209,10:28:44,1.9,50,1797300
20240209,10:28:45,1.9,1100,1797300
20240209,10:28:47,1.9,50,1797300
20240209,10:29:14,1.9,250,1797300
20240209,10:29:17,1.9,50,1797300
20240209,10:29:23,1.9,100,1797300
20240209,10:29:33,1.85,1200,1797300
20240209,10:29:34,1.9,250,1797300
20240209,10:29:35,1.85,1050,1797300
20240209,10:29:36,1.9,300,1797300
20240209,10:29:43,1.9,50,1797300
20240209,10:29:44,1.85,200,1797300
20240209,10:29:45,1.9,200,1797300
20240209,10:29:50,1.9,1250,1797300
20240209,10:29:51,1.9,3600,1797300
20240209,10:29:52,1.9,8000,1797300
20240209,10:30:03,1.9,22150,1797300
20240209,10:30:04,1.9,200,1797300
20240209,10:30:06,1.9,500,1797300
20240209,10:30:08,1.85,500,1797300
20240209,10:30:11,1.9,500,1797300
20240209,10:30:13,1.85,500,1797300
20240209,10:30:15,1.9,16900,1797300
20240209,10:30:18,1.9,500,1797300
20240209,10:30:19,1.95,50,1797300
20240209,10:30:21,1.9,1800,1797300
20240209,10:30:22,1.95,18200,1797300
20240209,10:30:23,1.85,14000,1797300
20240209,10:30:24,1.85,3400,1797300
20240209,10:30:30,1.85,1800,1797300
20240209,10:30:31,1.85,3250,1797300
20240209,10:30:32,1.85,2700,1797300
20240209,10:30:33,1.85,550,1797300
20240209,10:30:35,1.9,500,1797300
20240209,10:30:38,1.9,250,1797300
20240209,10:30:41,1.85,100,1797300
20240209,10:30:42,1.9,50,1797300
20240209,10:30:43,1.85,50,1797300
20240209,10:30:50,1.85,200,1797300
20240209,10:30:52,1.85,700,1797300
20240209,10:31:15,1.9,1800,1797300
20240209,10:31:16,1.9,1900,1797300
20240209,10:31:17,1.9,1000,1797300
20240209,10:31:18,1.9,100,1797300
20240209,10:31:21,1.85,1800,1797300
20240209,10:31:24,1.9,1800,1797300
20240209,10:31:28,1.9,50,1797300
20240209,10:31:30,1.9,250,1840150
20240209,10:31:32,1.85,1850,1840150
20240209,10:31:34,1.9,50,1840150
20240209,10:31:36,1.85,400,1840150
20240209,10:31:38,1.9,50,1840150
20240209,10:31:39,1.85,300,1840150
20240209,10:31:41,1.9,150,1840150
20240209,10:31:41,1.85,50,1840150
20240209,10:31:42,1.9,50,1840150
20240209,10:31:51,1.9,1000,1840150
20240209,10:31:52,1.9,2500,1840150
20240209,10:31:52,1.9,50,1840150
20240209,10:31:56,1.9,1750,1840150
20240209,10:31:57,1.9,250,1840150
20240209,10:31:58,1.85,1800,1840150
20240209,10:32:04,1.9,500,1840150
20240209,10:32:05,1.9,300,1840150
20240209,10:32:06,1.9,50,1840150
20240209,10:32:08,1.9,250,1840150
20240209,10:32:09,1.9,3600,1840150
20240209,10:32:11,1.9,1800,1840150
20240209,10:32:12,1.9,3900,1840150
20240209,10:32:13,1.9,1800,1840150
20240209,10:32:15,1.9,11350,1840150
20240209,10:32:17,1.95,200,1840150
20240209,10:32:22,1.9,16300,1840150
20240209,10:32:23,1.9,1950,1840150
20240209,10:32:26,1.9,1500,1840150
20240209,10:32:26,1.9,500,1840150
20240209,10:32:27,1.9,50,1840150
20240209,10:32:29,1.9,600,1840150
20240209,10:32:38,1.9,50,1840150
20240209,10:32:46,1.9,500,1840150
20240209,10:33:00,1.95,50,1840150
20240209,10:33:06,1.9,50,1840150
20240209,10:33:08,1.9,200,1840150
20240209,10:33:10,1.9,450,1840150
20240209,10:33:11,1.95,100,1840150
20240209,10:33:15,1.95,5000,1840150
20240209,10:33:16,1.95,400,1840150
20240209,10:33:25,1.95,150,1840150
20240209,10:33:38,1.9,50,1840150
20240209,10:33:40,1.95,50,1840150
20240209,10:33:43,1.95,450,1840150
20240209,10:33:46,1.95,500,1840150
20240209,10:33:49,1.9,50,1840150
20240209,10:33:50,1.95,100,1840150
20240209,10:34:05,1.9,50,1840150
20240209,10:34:06,1.9,50,1840150
20240209,10:34:07,1.9,50,1840150
20240209,10:34:08,1.9,150,1840150
20240209,10:34:09,1.9,50,1840150
20240209,10:34:10,1.9,200,1840150
20240209,10:34:11,1.9,50,1840150
20240209,10:34:12,1.9,200,1840150
20240209,10:34:13,1.9,1050,1840150
20240209,10:34:14,1.9,200,1840150
20240209,10:34:15,1.9,1100,1840150
20240209,10:34:16,1.9,200,1840150
20240209,10:34:17,1.9,1100,1840150
20240209,10:34:18,1.9,200,1840150
20240209,10:34:19,1.9,1100,1840150
20240209,10:34:20,1.9,400,1840150
20240209,10:34:21,1.9,200,1840150
20240209,10:34:22,1.9,1400,1840150
20240209,10:34:23,1.9,750,1840150
20240209,10:34:24,1.9,200,1840150
20240209,10:34:25,1.9,1250,1840150
20240209,10:34:26,1.9,200,1840150
20240209,10:34:27,1.9,1100,1840150
20240209,10:34:28,1.9,200,1840150
20240209,10:34:30,1.9,700,1819100
20240209,10:34:31,1.9,50,1819100
20240209,10:34:32,1.9,50,1819100
20240209,10:34:33,1.9,50,1819100
20240209,10:34:34,1.9,250,1819100
20240209,10:34:35,1.9,200,1819100
20240209,10:34:36,1.9,200,1819100
20240209,10:34:37,1.9,50,1819100
20240209,10:34:38,1.9,300,1819100
20240209,10:34:39,1.9,1900,1819100
20240209,10:34:40,1.9,50,1819100
20240209,10:34:41,1.9,1850,1819100
20240209,10:34:42,1.85,8850,1819100
20240209,10:34:43,1.85,50,1819100
20240209,10:34:44,1.85,50,1819100
20240209,10:34:45,1.85,200,1819100
20240209,10:34:46,1.85,200,1819100
20240209,10:34:47,1.85,200,1819100
20240209,10:34:48,1.85,200,1819100
20240209,10:34:49,1.85,200,1819100
20240209,10:34:50,1.85,200,1819100
20240209,10:34:51,1.85,200,1819100
20240209,10:34:52,1.85,200,1819100
20240209,10:34:53,1.85,200,1819100
20240209,10:34:54,1.85,200,1819100
20240209,10:34:55,1.85,200,1819100
20240209,10:34:56,1.85,200,1819100
20240209,10:34:57,1.85,200,1819100
20240209,10:34:58,1.85,200,1819100
20240209,10:34:59,1.85,200,1819100
20240209,10:35:00,1.85,200,1819100
20240209,10:35:01,1.85,2000,1819100
20240209,10:35:02,1.85,1800,1819100
20240209,10:35:03,1.85,7900,1819100
20240209,10:35:04,1.8,50,1819100
20240209,10:35:09,1.8,50,1819100
20240209,10:35:10,1.8,50,1819100
20240209,10:35:11,1.8,50,1819100
20240209,10:35:12,1.8,50,1819100
20240209,10:35:13,1.8,50,1819100
20240209,10:35:14,1.8,550,1819100
20240209,10:35:15,1.8,50,1819100
20240209,10:35:16,1.8,1050,1819100
20240209,10:35:17,1.8,200,1819100
20240209,10:35:18,1.8,2000,1819100
20240209,10:35:19,1.85,1500,1819100
20240209,10:35:20,1.8,50,1819100
20240209,10:35:21,1.8,50,1819100
20240209,10:35:22,1.8,50,1819100
20240209,10:35:23,1.8,50,1819100
20240209,10:35:24,1.8,50,1819100
20240209,10:35:25,1.8,50,1819100
20240209,10:35:29,1.85,50,1819100
20240209,10:35:48,1.85,8150,1819100
20240209,10:35:50,1.9,50,1819100
20240209,10:35:52,1.85,50,1819100
20240209,10:35:53,1.85,100,1819100
20240209,10:36:07,1.9,200,1819100
20240209,10:36:07,1.9,1500,1819100
20240209,10:36:16,1.9,50,1819100
20240209,10:36:19,1.85,50,1819100
20240209,10:36:35,1.85,50,1819100
20240209,10:36:37,1.9,200,1819100
20240209,10:36:43,1.9,1800,1819100
20240209,10:36:45,1.9,1850,1819100
20240209,10:36:47,1.9,450,1819100
20240209,10:36:48,1.9,2300,1819100
20240209,10:36:50,1.9,13400,1819100
20240209,10:36:53,1.9,1250,1819100
20240209,10:36:55,1.9,50,1819100
20240209,10:37:00,1.95,600,1819100
20240209,10:37:02,1.9,7300,1819100
20240209,10:37:08,1.9,100,1819100
20240209,10:37:09,1.9,9350,1819100
20240209,10:37:14,1.9,50,1819100
20240209,10:37:39,1.95,100,1819100
20240209,10:37:49,1.9,50,1797600
20240209,10:37:58,1.95,1800,1797600
20240209,10:38:08,1.95,100,1797600
20240209,10:38:11,1.95,50,1797600
20240209,10:38:15,1.9,100,1797600
20240209,10:38:17,1.95,100,1797600
20240209,10:38:42,1.9,1800,1797600
20240209,10:38:43,1.95,650,1797600
20240209,10:38:44,1.9,100,1797600
20240209,10:38:47,1.9,1800,1797600
20240209,10:38:48,1.9,1800,1797600
20240209,10:38:49,1.9,1800,1797600
20240209,10:38:50,1.9,1800,1797600
20240209,10:38:53,1.95,50,1797600
20240209,10:39:06,1.9,2000,1797600
20240209,10:39:10,1.95,500,1797600
20240209,10:39:11,1.9,1800,1797600
20240209,10:39:18,1.95,50,1797600
20240209,10:39:26,1.9,50,1797600
20240209,10:39:27,1.9,500,1797600
20240209,10:39:54,1.9,1500,1797600
20240209,10:39:56,1.95,50,1797600
20240209,10:40:00,1.95,50,1797600
20240209,10:40:10,1.95,450,1797600
20240209,10:40:14,1.95,900,1797600
20240209,10:40:18,1.9,250,1797600
20240209,10:40:19,1.9,50,1797600
20240209,10:40:25,1.9,50,1797600
20240209,10:40:30,1.95,50,1797600
20240209,10:40:33,1.9,3950,1798750
20240209,10:40:51,1.9,250,1798750
20240209,10:40:53,1.9,300,1798750
20240209,10:40:55,1.9,50,1798750
20240209,10:41:02,1.9,50,1798750
20240209,10:41:03,1.9,50,1798750
20240209,10:41:04,1.9,200,1798750
20240209,10:41:05,1.95,250,1798750
20240209,10:41:06,1.9,450,1798750
20240209,10:41:07,1.85,7250,1798750
20240209,10:41:08,1.85,50,1798750
20240209,10:41:09,1.85,50,1798750
20240209,10:41:10,1.85,50,1798750
20240209,10:41:11,1.85,50,1798750
20240209,10:41:12,1.85,50,1798750
20240209,10:41:13,1.85,50,1798750
20240209,10:41:14,1.85,1500,1798750
20240209,10:41:15,1.85,200,1798750
20240209,10:41:16,1.85,200,1798750
20240209,10:41:17,1.85,50,1798750
20240209,10:41:18,1.85,50,1798750
20240209,10:41:19,1.85,50,1798750
20240209,10:41:20,1.85,50,1798750
20240209,10:41:21,1.85,550,1798750
20240209,10:41:22,1.85,50,1798750
20240209,10:41:23,1.85,50,1798750
20240209,10:41:24,1.85,50,1798750
20240209,10:41:25,1.85,50,1798750
20240209,10:41:26,1.85,50,1798750
20240209,10:41:27,1.85,50,1798750
20240209,10:41:28,1.85,50,1798750
20240209,10:41:29,1.85,50,1798750
20240209,10:41:30,1.85,200,1798750
20240209,10:41:31,1.85,200,1798750
20240209,10:41:32,1.85,200,1798750
20240209,10:41:36,1.85,1200,1798750
20240209,10:41:56,1.85,100,1798750
20240209,10:42:02,1.85,50,1798750
20240209,10:42:03,1.85,600,1798750
20240209,10:42:04,1.85,50,1798750
20240209,10:42:05,1.85,900,1798750
20240209,10:42:06,1.85,50,1798750
20240209,10:42:07,1.85,950,1798750
20240209,10:42:08,1.85,50,1798750
20240209,10:42:09,1.85,900,1798750
20240209,10:42:10,1.85,50,1798750
20240209,10:42:11,1.9,25600,1798750
20240209,10:42:15,1.9,550,1798750
20240209,10:42:42,1.9,500,1798750
20240209,10:42:48,1.9,450,1798750
20240209,10:42:51,1.9,450,1798750
20240209,10:42:56,1.9,450,1798750
20240209,10:43:01,1.9,200,1798750
20240209,10:43:04,1.9,450,1798750
20240209,10:43:04,1.9,50,1798750
20240209,10:43:09,1.9,1800,1798750
20240209,10:43:10,1.9,450,1798750
20240209,10:43:27,1.9,900,1798750
20240209,10:43:28,1.9,450,1798750
20240209,10:43:44,1.9,200,1810750
20240209,10:43:47,1.9,50,1810750
20240209,10:43:55,1.9,1800,1810750
20240209,10:44:05,1.9,50,1810750
20240209,10:44:23,1.9,500,1810750
20240209,10:44:25,1.85,50,1810750
20240209,10:44:37,1.9,50,1810750
20240209,10:44:52,1.9,450,1810750
20240209,10:45:06,1.85,500,1810750
20240209,10:45:09,1.9,33700,1810750
20240209,10:45:10,1.9,1900,1810750
20240209,10:45:11,1.9,2300,1810750
20240209,10:45:12,1.9,11750,1810750
20240209,10:45:18,1.9,500,1810750
20240209,10:45:31,1.9,50,1810750
20240209,10:45:47,1.85,100,1810750
20240209,10:46:28,1.9,50,1810750
20240209,10:46:29,1.9,100,1810750
20240209,10:46:30,1.85,200,1810750
20240209,10:46:31,1.9,3500,1823050
20240209,10:46:32,1.95,150,1823050
20240209,10:46:33,1.95,150,1823050
20240209,10:46:34,1.95,150,1823050
20240209,10:46:35,1.95,200,1823050
20240209,10:46:36,1.95,50,1823050
20240209,10:46:37,1.95,50,1823050
20240209,10:46:38,1.95,50,1823050
20240209,10:46:39,1.95,200,1823050
20240209,10:46:40,1.95,450,1823050
20240209,10:46:41,1.95,200,1823050
20240209,10:46:42,1.95,400,1823050
20240209,10:46:43,1.95,50,1823050
20240209,10:46:44,1.95,50,1823050
20240209,10:46:45,1.95,50,1823050
20240209,10:46:46,1.95,50,1823050
20240209,10:46:47,1.95,50,1823050
20240209,10:46:48,1.95,50,1823050
20240209,10:46:49,1.95,50,1823050
20240209,10:46:50,1.95,100,1823050
20240209,10:47:07,1.95,50,1823050
20240209,10:47:21,1.95,150,1823050
20240209,10:47:28,1.9,50,1823050
20240209,10:47:29,1.9,50,1823050
20240209,10:47:30,1.9,200,1823050
20240209,10:47:31,1.9,200,1823050
20240209,10:47:32,1.9,200,1823050
20240209,10:47:33,1.9,200,1823050
20240209,10:47:34,1.85,8200,1823050
20240209,10:47:35,1.85,200,1823050
20240209,10:47:36,1.85,200,1823050
20240209,10:47:37,1.85,200,1823050
20240209,10:47:38,1.85,200,1823050
20240209,10:47:39,1.85,200,1823050
20240209,10:47:40,1.85,200,1823050
20240209,10:47:41,1.85,500,1823050
20240209,10:47:42,1.85,200,1823050
20240209,10:47:43,1.85,200,1823050
20240209,10:47:44,1.85,200,1823050
20240209,10:47:45,1.85,200,1823050
20240209,10:47:46,1.9,800,1823050
20240209,10:47:47,1.85,200,1823050
20240209,10:47:48,1.85,200,1823050
20240209,10:47:49,1.85,150,1823050
20240209,10:47:51,1.9,50,1823050
20240209,10:47:55,1.85,150,1823050
20240209,10:47:56,1.85,200,1823050
20240209,10:47:57,1.85,150,1823050
20240209,10:48:06,1.85,250,1823050
20240209,10:48:07,1.85,150,1823050
20240209,10:48:08,1.85,150,1823050
20240209,10:48:09,1.85,3600,1823050
20240209,10:48:11,1.85,150,1823050
20240209,10:48:12,1.85,150,1823050
20240209,10:48:18,1.85,100,1823050
20240209,10:48:30,1.85,3000,1823050
20240209,10:48:31,1.85,7450,1823050
20240209,10:48:33,1.85,50,1823050
20240209,10:48:45,1.8,550,1823050
20240209,10:48:46,1.8,150,1823050
20240209,10:48:53,1.8,150,1823050
20240209,10:48:54,1.8,250,1823050
20240209,10:49:00,1.85,100,1823050
20240209,10:49:05,1.75,8250,1823050
20240209,10:49:06,1.75,3800,1823050
20240209,10:49:11,1.75,150,1823050
20240209,10:49:12,1.75,150,1823050
20240209,10:49:13,1.75,150,1823050
20240209,10:49:14,1.75,150,1823050
20240209,10:49:15,1.75,1200,1823050
20240209,10:49:16,1.75,1800,1823050
20240209,10:49:17,1.75,500,1823050
20240209,10:49:18,1.75,4000,1823050
20240209,10:49:19,1.8,100,1823050
20240209,10:49:21,1.75,150,1823050
20240209,10:49:21,1.75,250,1823050
20240209,10:49:22,1.75,150,1823050
20240209,10:49:29,1.75,13100,1823050
20240209,10:49:30,1.75,800,1823050
20240209,10:49:35,1.75,350,1811700
20240209,10:49:42,1.7,150,1811700
20240209,10:49:43,1.7,150,1811700
20240209,10:49:44,1.7,150,1811700
20240209,10:49:58,1.7,250,1811700
20240209,10:50:05,1.7,50,1811700
20240209,10:50:15,1.75,900,1811700
20240209,10:50:16,1.75,200,1811700
20240209,10:50:18,1.7,1500,1811700
20240209,10:50:19,1.7,3300,1811700
20240209,10:50:20,1.7,700,1811700
20240209,10:50:22,1.7,50,1811700
20240209,10:50:31,1.75,50,1811700
20240209,10:50:33,1.75,100,1811700
20240209,10:50:35,1.7,500,1811700
20240209,10:50:42,1.7,1500,1811700
20240209,10:50:43,1.7,1500,1811700
20240209,10:50:45,1.7,1500,1811700
20240209,10:50:46,1.7,1500,1811700
20240209,10:50:47,1.7,1500,1811700
20240209,10:50:48,1.7,1500,1811700
20240209,10:50:49,1.7,1050,1811700
20240209,10:50:50,1.75,50,1811700
20240209,10:51:00,1.75,50,1811700
20240209,10:51:01,1.7,1450,1811700
20240209,10:51:04,1.7,600,1811700
20240209,10:51:07,1.7,13400,1811700
20240209,10:51:08,1.7,10250,1811700
20240209,10:51:09,1.7,11550,1811700
20240209,10:51:19,1.7,1000,1811700
20240209,10:51:20,1.7,200,1811700
20240209,10:51:23,1.65,300,1811700
20240209,10:51:23,1.65,150,1811700
20240209,10:51:24,1.65,6750,1811700
20240209,10:51:25,1.65,750,1811700
20240209,10:51:26,1.65,1650,1811700
20240209,10:51:27,1.7,39650,1811700
20240209,10:51:31,1.7,9350,1811700
20240209,10:51:32,1.7,550,1811700
20240209,10:51:33,1.7,100,1811700
20240209,10:51:36,1.7,550,1811700
20240209,10:51:39,1.7,50,1811700
20240209,10:51:43,1.7,50,1811700
20240209,10:51:45,1.75,500,1811700
20240209,10:51:50,1.7,100,1811700
20240209,10:52:02,1.7,1800,1811700
20240209,10:52:03,1.7,1800,1811700
20240209,10:52:05,1.7,1800,1811700
20240209,10:52:06,1.7,14450,1811700
20240209,10:52:09,1.7,850,1811700
20240209,10:52:13,1.7,3900,1811700
20240209,10:52:18,1.7,5850,1811700
20240209,10:52:21,1.7,1800,1811700
20240209,10:52:30,1.7,4600,1811700
20240209,10:52:31,1.7,1550,1811700
20240209,10:52:36,1.65,600,1793350
20240209,10:52:38,1.7,1500,1793350
20240209,10:52:44,1.7,50,1793350
20240209,10:52:46,1.7,11900,1793350
20240209,10:52:47,1.7,50,1793350
20240209,10:52:48,1.7,250,1793350
20240209,10:53:05,1.7,3600,1793350
20240209,10:53:06,1.75,900,1793350
20240209,10:53:07,1.7,450,1793350
20240209,10:53:10,1.7,1800,1793350
20240209,10:53:10,1.75,900,1793350
20240209,10:53:11,1.7,1800,1793350
20240209,10:53:19,1.75,200,1793350
20240209,10:53:21,1.7,1800,1793350
20240209,10:53:23,1.7,300,1793350
20240209,10:53:25,1.75,1000,1793350
20240209,10:53:27,1.7,1800,1793350
20240209,10:53:29,1.7,1800,1793350
20240209,10:53:38,1.7,2050,1793350
20240209,10:53:38,1.7,1800,1793350
20240209,10:53:41,1.7,6550,1793350
20240209,10:53:41,1.7,250,1793350
20240209,10:53:44,1.7,3900,1793350
20240209,10:53:51,1.7,2150,1793350
20240209,10:53:52,1.7,11350,1793350
20240209,10:53:56,1.75,100,1793350
20240209,10:53:56,1.7,1800,1793350
20240209,10:53:58,1.7,3900,1793350
20240209,10:54:00,1.7,400,1793350
20240209,10:54:02,1.65,100,1793350
20240209,10:54:14,1.65,1800,1793350
20240209,10:54:15,1.65,3600,1793350
20240209,10:54:16,1.65,1800,1793350
20240209,10:54:22,1.65,400,1793350
20240209,10:54:37,1.65,450,1793350
20240209,10:54:40,1.65,1800,1793350
20240209,10:54:41,1.65,1800,1793350
20240209,10:54:43,1.7,250,1793350
20240209,10:54:43,1.65,1150,1793350
20240209,10:54:44,1.65,7300,1793350
20240209,10:54:45,1.65,350,1793350
20240209,10:54:51,1.65,2800,1793350
20240209,10:54:52,1.7,50,1793350
20240209,10:54:58,1.7,50,1793350
20240209,10:55:07,1.65,50,1793350
20240209,10:55:13,1.65,11550,1793350
20240209,10:55:13,1.65,50,1793350
20240209,10:55:15,1.65,2600,1793350
20240209,10:55:17,1.7,1800,1793350
20240209,10:55:18,1.7,1800,1793350
20240209,10:55:21,1.7,1800,1793350
20240209,10:55:22,1.7,1800,1793350
20240209,10:55:22,1.65,3600,1793350
20240209,10:55:24,1.65,1800,1793350
20240209,10:55:25,1.65,1800,1793350
20240209,10:55:28,1.65,50,1793350
20240209,10:55:29,1.65,5200,1793350
20240209,10:55:33,1.7,50,1789650
20240209,10:55:51,1.7,50,1789650
20240209,10:55:56,1.7,500,1789650
20240209,10:55:58,1.7,500,1789650
20240209,10:56:00,1.7,50,1789650
20240209,10:56:05,1.65,1800,1789650
20240209,10:56:06,1.7,50,1789650
20240209,10:56:08,1.7,2000,1789650
20240209,10:56:09,1.65,800,1789650
20240209,10:56:10,1.65,1200,1789650
20240209,10:56:11,1.65,6050,1789650
20240209,10:56:12,1.65,10300,1789650
20240209,10:56:18,1.65,1850,1789650
20240209,10:56:20,1.65,350,1789650
20240209,10:56:21,1.65,2100,1789650
20240209,10:56:22,1.65,500,1789650
20240209,10:56:24,1.65,1550,1789650
20240209,10:56:28,1.65,150,1789650
20240209,10:56:48,1.65,100,1789650
20240209,10:56:52,1.65,500,1789650
20240209,10:56:54,1.65,1000,1789650
20240209,10:56:58,1.6,1000,1789650
20240209,10:57:02,1.65,1000,1789650
20240209,10:57:07,1.6,50,1789650
20240209,10:57:08,1.6,150,1789650
20240209,10:57:09,1.6,150,1789650
20240209,10:57:10,1.6,150,1789650
20240209,10:57:11,1.6,350,1789650
20240209,10:57:12,1.6,2650,1789650
20240209,10:57:13,1.6,350,1789650
20240209,10:57:14,1.6,1050,1789650
20240209,10:57:17,1.6,4500,1789650
20240209,10:57:18,1.6,7550,1789650
20240209,10:57:23,1.6,1000,1789650
20240209,10:57:26,1.6,1000,1789650
20240209,10:57:28,1.6,50,1789650
20240209,10:57:29,1.6,10250,1789650
20240209,10:57:30,1.65,50,1789650
20240209,10:57:35,1.6,1800,1789650
20240209,10:57:36,1.65,5000,1789650
20240209,10:57:41,1.6,1800,1789650
20240209,10:57:42,1.6,250,1789650
20240209,10:57:46,1.6,1800,1789650
20240209,10:57:48,1.6,1800,1789650
20240209,10:57:50,1.6,800,1789650
20240209,10:57:51,1.6,1800,1789650
20240209,10:57:53,1.6,1800,1789650
20240209,10:57:54,1.6,50,1789650
20240209,10:57:56,1.65,500,1789650
20240209,10:57:57,1.6,1800,1789650
20240209,10:57:58,1.6,50,1789650
20240209,10:57:59,1.6,50,1789650
20240209,10:58:01,1.6,1800,1789650
20240209,10:58:03,1.6,1300,1789650
20240209,10:58:05,1.6,2300,1789650
20240209,10:58:07,1.6,50,1789650
20240209,10:58:11,1.55,800,1789650
20240209,10:58:14,1.6,900,1789650
20240209,10:58:16,1.6,50,1789650
20240209,10:58:17,1.6,2000,1789650
20240209,10:58:21,1.6,1700,1789650
20240209,10:58:27,1.6,700,1789650
20240209,10:58:30,1.6,50,1789650
20240209,10:58:33,1.6,1800,1797800
20240209,10:58:34,1.6,1800,1797800
20240209,10:58:35,1.6,5400,1797800
20240209,10:58:43,1.6,100,1797800
20240209,10:58:44,1.6,500,1797800
20240209,10:58:47,1.6,1450,1797800
20240209,10:58:48,1.6,1150,1797800
20240209,10:58:49,1.6,350,1797800
20240209,10:58:50,1.6,900,1797800
20240209,10:58:51,1.6,4550,1797800
20240209,10:58:54,1.55,150,1797800
20240209,10:58:55,1.55,150,1797800
20240209,10:58:56,1.55,150,1797800
20240209,10:58:57,1.55,150,1797800
20240209,10:58:59,1.55,150,1797800
20240209,10:59:00,1.55,150,1797800
20240209,10:59:01,1.55,150,1797800
20240209,10:59:02,1.55,150,1797800
20240209,10:59:07,1.6,50,1797800
20240209,10:59:08,1.55,3500,1797800
20240209,10:59:14,1.55,850,1797800
20240209,10:59:19,1.55,150,1797800
20240209,10:59:29,1.6,150,1797800
20240209,10:59:31,1.6,200,1797800
20240209,10:59:39,1.6,50,1797800
20240209,10:59:41,1.55,300,1797800
20240209,10:59:52,1.55,1000,1797800
20240209,10:59:53,1.55,50,1797800
20240209,11:00:02,1.6,200,1797800
20240209,11:00:31,1.6,1000,1797800
20240209,11:00:35,1.6,50,1797800
20240209,11:00:43,1.6,100,1797800
20240209,11:00:51,1.6,50,1797800
20240209,11:00:53,1.6,150,1797800
20240209,11:01:04,1.6,500,1797800
20240209,11:01:12,1.55,100,1797800
20240209,11:01:22,1.6,150,1797800
20240209,11:01:24,1.55,600,1797800
20240209,11:01:27,1.6,50,1797800
20240209,11:01:32,1.55,50,1797800
20240209,11:01:42,1.6,50,1797800
20240209,11:02:01,1.55,50,1798950
20240209,11:02:06,1.55,200,1798950
20240209,11:02:17,1.6,50,1798950
20240209,11:02:28,1.55,50,1798950
20240209,11:02:36,1.6,50,1798950
20240209,11:02:54,1.55,50,1798950
20240209,11:02:57,1.6,100,1798950
20240209,11:03:02,1.55,2000,1798950
20240209,11:03:02,1.55,300,1798950
20240209,11:03:03,1.6,900,1798950
20240209,11:03:05,1.55,1800,1798950
20240209,11:03:14,1.55,200,1798950
20240209,11:03:16,1.55,200,1798950
20240209,11:03:17,1.55,200,1798950
20240209,11:03:18,1.55,250,1798950
20240209,11:03:38,1.6,50,1798950
20240209,11:03:50,1.55,2900,1798950
20240209,11:03:59,1.55,1800,1798950
20240209,11:04:11,1.6,150,1798950
20240209,11:04:12,1.6,1800,1798950
20240209,11:04:26,1.6,50,1798950
20240209,11:04:27,1.6,450,1798950
20240209,11:04:35,1.55,1200,1802650
20240209,11:04:37,1.55,50,1802650
20240209,11:04:42,1.6,100,1802650
20240209,11:04:46,1.6,50,1802650
20240209,11:04:48,1.6,3750,1802650
20240209,11:04:48,1.6,1000,1802650
20240209,11:04:49,1.55,2000,1802650
20240209,11:04:50,1.6,1800,1802650
20240209,11:04:52,1.6,2300,1802650
20240209,11:04:54,1.6,3600,1802650
20240209,11:04:55,1.6,4150,1802650
20240209,11:04:55,1.6,2400,1802650
20240209,11:04:56,1.6,30250,1802650
20240209,11:04:58,1.65,2300,1802650
20240209,11:05:01,1.65,1800,1802650
20240209,11:05:04,1.65,1800,1802650
20240209,11:05:05,1.6,2700,1802650
20240209,11:05:07,1.65,1400,1802650
20240209,11:05:07,1.6,200,1802650
20240209,11:05:08,1.65,9650,1802650
20240209,11:05:10,1.65,700,1802650
20240209,11:05:12,1.65,100,1802650
20240209,11:05:12,1.65,50,1802650
20240209,11:05:13,1.65,500,1802650
20240209,11:05:15,1.7,150,1802650
20240209,11:05:18,1.65,2400,1802650
20240209,11:05:21,1.65,400,1802650
20240209,11:05:25,1.65,200,1802650
20240209,11:05:27,1.65,50,1802650
20240209,11:05:30,1.7,7550,1802650
20240209,11:05:31,1.7,50,1802650
20240209,11:05:34,1.65,150,1802650
20240209,11:05:35,1.65,150,1802650
20240209,11:05:36,1.6,8000,1802650
20240209,11:05:40,1.6,2900,1802650
20240209,11:05:41,1.65,100,1802650
20240209,11:05:41,1.6,50,1802650
20240209,11:05:42,1.6,50,1802650
20240209,11:05:44,1.6,300,1802650
20240209,11:05:45,1.6,1000,1802650
20240209,11:05:50,1.65,400,1802650
20240209,11:05:53,1.65,50,1802650
20240209,11:05:55,1.6,1000,1802650
20240209,11:06:01,1.6,50,1802650
20240209,11:06:02,1.6,50,1802650
20240209,11:06:05,1.65,5800,1802650
20240209,11:06:06,1.65,1800,1802650
20240209,11:06:06,1.65,250,1802650
20240209,11:06:07,1.65,11400,1802650
20240209,11:06:09,1.65,1400,1802650
20240209,11:06:11,1.65,100,1802650
20240209,11:06:15,1.65,50,1802650
20240209,11:06:16,1.65,3750,1802650
20240209,11:06:20,1.6,200,1802650
20240209,11:06:22,1.65,2850,1802650
20240209,11:06:23,1.65,500,1802650
20240209,11:06:27,1.6,250,1802650
20240209,11:06:28,1.6,500,1802650
20240209,11:06:31,1.6,150,1802650
20240209,11:06:32,1.6,150,1802650
20240209,11:06:34,1.6,150,1802650
20240209,11:06:38,1.6,150,1802650
20240209,11:06:40,1.6,50,1802650
20240209,11:06:42,1.65,50,1802650
20240209,11:06:47,1.65,500,1802650
20240209,11:06:53,1.65,100,1802650
20240209,11:06:55,1.65,1500,1802650
20240209,11:06:56,1.65,1000,1802650
20240209,11:06:59,1.6,200,1802650
20240209,11:07:02,1.65,1800,1802650
20240209,11:07:04,1.6,150,1802650
20240209,11:07:05,1.6,200,1802650
20240209,11:07:06,1.6,150,1802650
20240209,11:07:07,1.6,150,1802650
20240209,11:07:08,1.6,150,1802650
20240209,11:07:14,1.65,50,1802650
20240209,11:07:15,1.6,1500,1802650
20240209,11:07:16,1.6,150,1802650
20240209,11:07:17,1.6,150,1802650
20240209,11:07:18,1.6,150,1802650
20240209,11:07:19,1.6,150,1802650
20240209,11:07:20,1.6,150,1802650
20240209,11:07:26,1.65,5000,1802650
20240209,11:07:30,1.6,1000,1802650
20240209,11:07:31,1.6,50,1802650
20240209,11:07:34,1.6,50,1787400
20240209,11:07:35,1.6,50,1787400
20240209,11:07:37,1.65,1000,1787400
20240209,11:07:38,1.6,50,1787400
20240209,11:07:39,1.6,50,1787400
20240209,11:07:40,1.6,100,1787400
20240209,11:07:54,1.65,10500,1787400
20240209,11:07:55,1.65,1500,1787400
20240209,11:08:01,1.65,3300,1787400
20240209,11:08:06,1.6,2000,1787400
20240209,11:08:08,1.6,1000,1787400
20240209,11:08:09,1.65,550,1787400
20240209,11:08:23,1.6,1500,1787400
20240209,11:08:28,1.65,50,1787400
20240209,11:08:29,1.65,500,1787400
20240209,11:08:30,1.6,50,1787400
20240209,11:08:31,1.6,1550,1787400
20240209,11:08:32,1.6,2200,1787400
20240209,11:08:33,1.6,5000,1787400
20240209,11:08:34,1.55,6000,1787400
20240209,11:08:35,1.55,150,1787400
20240209,11:08:36,1.55,150,1787400
20240209,11:08:37,1.55,150,1787400
20240209,11:08:38,1.55,400,1787400
20240209,11:08:39,1.55,150,1787400
20240209,11:08:40,1.55,150,1787400
20240209,11:08:41,1.55,1150,1787400
20240209,11:08:42,1.55,200,1787400
20240209,11:08:45,1.6,100,1787400
20240209,11:08:46,1.55,700,1787400
20240209,11:08:47,1.55,1650,1787400
20240209,11:08:48,1.55,1950,1787400
20240209,11:08:49,1.55,5300,1787400
20240209,11:08:50,1.5,200,1787400
20240209,11:08:51,1.5,100,1787400
20240209,11:08:52,1.55,100,1787400
20240209,11:08:53,1.55,100,1787400
20240209,11:08:54,1.5,50,1787400
20240209,11:08:55,1.5,150,1787400
20240209,11:08:56,1.5,550,1787400
20240209,11:08:57,1.55,300,1787400
20240209,11:08:59,1.5,300,1787400
20240209,11:09:02,1.55,250,1787400
20240209,11:09:05,1.55,50,1787400
20240209,11:09:06,1.55,1000,1787400
20240209,11:09:10,1.55,12000,1787400
20240209,11:09:13,1.6,1000,1787400
20240209,11:09:29,1.6,50,1787400
20240209,11:09:30,1.6,50,1787400
20240209,11:09:31,1.55,150,1787400
20240209,11:09:32,1.6,5600,1787400
20240209,11:09:33,1.55,150,1787400
20240209,11:09:36,1.55,50,1787400
20240209,11:09:50,1.6,50,1787400
20240209,11:09:53,1.6,1000,1787400
20240209,11:09:54,1.55,50,1787400
20240209,11:10:17,1.6,250,1787400
20240209,11:10:19,1.6,750,1787400
20240209,11:10:20,1.55,1500,1787400
20240209,11:10:21,1.55,1000,1787400
20240209,11:10:22,1.55,1050,1787400
20240209,11:10:23,1.55,1050,1787400
20240209,11:10:30,1.6,50,1787400
20240209,11:10:33,1.55,300,1787400
20240209,11:10:34,1.6,3750,1795250
20240209,11:10:35,1.6,50,1795250
20240209,11:10:45,1.55,100,1795250
20240209,11:10:50,1.6,50,1795250
20240209,11:10:53,1.6,50,1795250
20240209,11:10:54,1.55,50,1795250
20240209,11:10:58,1.55,50,1795250
20240209,11:11:16,1.55,1800,1795250
20240209,11:11:24,1.6,50,1795250
20240209,11:11:27,1.55,500,1795250
20240209,11:11:28,1.55,50,1795250
20240209,11:11:30,1.55,250,1795250
20240209,11:11:31,1.55,250,1795250
20240209,11:11:32,1.55,700,1795250
20240209,11:11:33,1.55,1950,1795250
20240209,11:11:34,1.55,400,1795250
20240209,11:11:35,1.55,12400,1795250
20240209,11:11:40,1.5,250,1795250
20240209,11:11:42,1.5,200,1795250
20240209,11:11:43,1.5,150,1795250
20240209,11:11:44,1.5,1250,1795250
20240209,11:11:45,1.5,100,1795250
20240209,11:11:48,1.5,11750,1795250
20240209,11:11:53,1.5,50,1795250
20240209,11:11:55,1.5,1000,1795250
20240209,11:12:05,1.5,22000,1795250
20240209,11:12:07,1.5,500,1795250
20240209,11:12:32,1.55,2150,1795250
20240209,11:12:33,1.5,3600,1795250
20240209,11:12:34,1.5,3650,1795250
20240209,11:12:35,1.5,1800,1795250
20240209,11:12:36,1.5,1800,1795250
20240209,11:12:37,1.5,3600,1795250
20240209,11:12:40,1.5,1800,1795250
20240209,11:12:57,1.55,1800,1795250
20240209,11:13:00,1.5,500,1795250
20240209,11:13:14,1.55,700,1795250
20240209,11:13:17,1.55,1800,1795250
20240209,11:13:20,1.55,50,1795250
20240209,11:13:33,1.5,50,1795250
20240209,11:13:35,1.55,100,1795250
20240209,11:13:43,1.55,500,1790150
20240209,11:13:54,1.55,500,1790150
20240209,11:14:01,1.55,550,1790150
20240209,11:14:13,1.55,50,1790150
20240209,11:14:23,1.55,900,1790150
20240209,11:14:41,1.5,100,1790150
20240209,11:15:03,1.5,500,1790150
20240209,11:15:12,1.55,600,1790150
20240209,11:15:19,1.5,100,1790150
20240209,11:15:30,1.55,50,1790150
20240209,11:15:37,1.5,1800,1790150
20240209,11:15:38,1.55,500,1790150
20240209,11:16:21,1.5,1000,1790150
20240209,11:16:24,1.5,1000,1790150
20240209,11:16:42,1.5,200,1790150
20240209,11:16:52,1.55,50,1793450
20240209,11:16:54,1.55,50,1793450
20240209,11:16:54,1.55,1800,1793450
20240209,11:16:58,1.55,50,1793450
20240209,11:17:01,1.5,250,1793450
20240209,11:17:03,1.5,250,1793450
20240209,11:17:05,1.5,250,1793450
20240209,11:17:07,1.55,50,1793450
20240209,11:17:08,1.55,300,1793450
20240209,11:17:10,1.55,250,1793450
20240209,11:17:11,1.55,250,1793450
20240209,11:17:12,1.55,300,1793450
20240209,11:17:22,1.55,300,1793450
20240209,11:17:22,1.5,250,1793450
20240209,11:17:24,1.5,250,1793450
20240209,11:17:38,1.5,1200,1793450
20240209,11:17:44,1.55,600,1793450
20240209,11:17:56,1.5,200,1793450
20240209,11:17:57,1.55,50,1793450
20240209,11:18:06,1.5,100,1793450
20240209,11:18:12,1.55,50,1793450
20240209,11:18:16,1.5,400,1793450
20240209,11:18:31,1.5,50,1793450
20240209,11:18:32,1.6,29650,1793450
20240209,11:18:38,1.55,1500,1793450
20240209,11:19:01,1.55,500,1793450
20240209,11:19:10,1.6,1200,1793450
20240209,11:19:44,1.55,50,1793450
20240209,11:19:46,1.55,50,1804100
20240209,11:19:52,1.55,50,1804100
20240209,11:19:53,1.55,50,1804100
20240209,11:20:20,1.6,50,1804100
20240209,11:20:27,1.6,3600,1804100
20240209,11:20:29,1.6,50,1804100
20240209,11:20:30,1.55,100,1804100
20240209,11:20:32,1.6,50,1804100
20240209,11:20:39,1.6,50,1804100
20240209,11:20:45,1.6,200,1804100
20240209,11:20:48,1.6,50,1804100
20240209,11:20:57,1.6,5800,1804100
20240209,11:20:58,1.6,50,1804100
20240209,11:20:59,1.6,50,1804100
20240209,11:21:06,1.65,100,1804100
20240209,11:21:23,1.65,200,1804100
20240209,11:21:39,1.65,200,1804100
20240209,11:21:41,1.6,100,1804100
20240209,11:21:48,1.6,5400,1804100
20240209,11:21:51,1.6,4050,1804100
20240209,11:21:53,1.6,150,1804100
20240209,11:22:21,1.55,200,1804100
20240209,11:22:22,1.6,100,1804100
20240209,11:22:48,1.6,50,1803400
20240209,11:22:54,1.55,750,1803400
20240209,11:23:13,1.55,50,1803400
20240209,11:23:15,1.55,50,1803400
20240209,11:23:20,1.6,50,1803400
20240209,11:23:23,1.6,50,1803400
20240209,11:23:35,1.55,50,1803400
20240209,11:23:37,1.6,100,1803400
20240209,11:23:40,1.55,50,1803400
20240209,11:23:45,1.6,50,1803400
20240209,11:23:52,1.55,50,1803400
20240209,11:23:58,1.6,50,1803400
20240209,11:24:17,1.6,50,1803400
20240209,11:24:27,1.55,50,1803400
20240209,11:24:36,1.55,50,1803400
20240209,11:24:42,1.6,450,1803400
20240209,11:24:48,1.55,250,1803400
20240209,11:25:00,1.6,150,1803400
20240209,11:25:01,1.6,100,1803400
20240209,11:25:05,1.55,50,1803400
20240209,11:25:17,1.6,50,1803400
20240209,11:25:28,1.55,100,1803400
20240209,11:25:29,1.6,50,1803400
20240209,11:25:34,1.6,1000,1803400
20240209,11:25:43,1.6,500,1802850
20240209,11:25:55,1.55,1000,1802850
20240209,11:26:00,1.6,50,1802850
20240209,11:26:04,1.55,50,1802850
20240209,11:26:17,1.55,50,1802850
20240209,11:26:17,1.6,50,1802850
20240209,11:26:28,1.6,50,1802850
20240209,11:26:35,1.6,550,1802850
20240209,11:26:48,1.6,5700,1802850
20240209,11:26:57,1.6,500,1802850
20240209,11:27:03,1.6,50,1802850
20240209,11:27:07,1.6,500,1802850
20240209,11:27:24,1.6,50,1802850
20240209,11:27:32,1.55,1000,1802850
20240209,11:27:39,1.6,200,1802850
20240209,11:27:58,1.6,1000,1802850
20240209,11:27:59,1.6,250,1802850
20240209,11:28:07,1.6,1800,1802850
20240209,11:28:12,1.6,550,1802850
20240209,11:28:33,1.6,1800,1802850
20240209,11:28:34,1.6,8900,1802850
20240209,11:28:34,1.6,100,1802850
20240209,11:28:37,1.6,50,1802850
20240209,11:28:41,1.6,50,1802850
20240209,11:28:43,1.6,50,1805050
20240209,11:29:00,1.6,400,1805050
20240209,11:29:11,1.65,100,1805050
20240209,11:29:18,1.6,50,1805050
20240209,11:29:19,1.65,50,1805050
20240209,11:29:25,1.6,250,1805050
20240209,11:29:26,1.6,500,1805050
20240209,11:29:27,1.6,550,1805050
20240209,11:29:28,1.6,300,1805050
20240209,11:29:29,1.6,50,1805050
20240209,11:29:30,1.6,200,1805050
20240209,11:29:31,1.6,50,1805050
20240209,11:29:39,1.6,250,1805050
20240209,11:29:40,1.6,2050,1805050
20240209,11:29:41,1.6,350,1805050
20240209,11:29:42,1.6,1800,1805050
20240209,11:29:43,1.6,250,1805050
20240209,11:29:46,1.6,250,1805050
20240209,11:29:52,1.6,50,1805050
20240209,11:29:53,1.6,50,1805050
20240209,11:29:55,1.6,250,1805050
20240209,11:29:59,1.6,2050,1805050
20240209,11:30:01,1.6,250,1805050
20240209,11:30:02,1.6,11250,1805050
20240209,11:30:04,1.6,1200,1805050
20240209,11:30:10,1.55,2000,1805050
20240209,11:30:22,1.6,100,1805050
20240209,11:30:33,1.6,50,1805050
20240209,11:30:37,1.6,37750,1805050
20240209,11:30:40,1.6,28800,1805050
20240209,11:30:43,1.6,21300,1805050
20240209,11:30:49,1.65,50,1805050
20240209,11:30:51,1.65,1500,1805050
20240209,11:30:52,1.65,10800,1805050
20240209,11:30:53,1.65,82300,1805050
20240209,11:30:54,1.65,42150,1805050
20240209,11:30:55,1.65,17650,1805050
20240209,11:30:56,1.65,100,1805050
20240209,11:30:58,1.65,100,1805050
20240209,11:31:16,1.65,500,1805050
20240209,11:31:22,1.65,500,1805050
20240209,11:31:32,1.75,38000,1805050
20240209,11:31:32,1.75,25000,1805050
20240209,11:31:33,1.75,20150,1805050
20240209,11:31:35,1.75,1800,1805050
20240209,11:31:36,1.75,1800,1805050
20240209,11:31:37,1.75,11250,1917800
20240209,11:31:39,1.75,1850,1917800
20240209,11:31:41,1.75,50,1917800
20240209,11:31:49,1.75,50,1917800
20240209,11:31:53,1.7,500,1917800
20240209,11:32:10,1.7,500,1917800
20240209,11:32:13,1.75,50,1917800
20240209,11:32:16,1.75,50,1917800
20240209,11:32:22,1.75,50,1917800
20240209,11:32:23,1.75,50,1917800
20240209,11:32:57,1.7,300,1917800
20240209,11:33:17,1.7,13700,1917800
20240209,11:33:19,1.7,100,1917800
20240209,11:33:46,1.7,100,1917800
20240209,11:33:48,1.65,50,1917800
20240209,11:33:49,1.65,100,1917800
20240209,11:34:08,1.7,50,1917800
20240209,11:34:15,1.65,50,1917800
20240209,11:34:21,1.65,50,1917800
20240209,11:34:25,1.65,400,1917800
20240209,11:34:28,1.7,50,1917800
20240209,11:34:29,1.65,50,1917800
20240209,11:34:36,1.65,10800,1917800
20240209,11:34:37,1.65,1200,1917800
20240209,11:34:39,1.65,3600,1906350
20240209,11:34:57,1.65,50,1906350
20240209,11:35:04,1.7,50,1906350
20240209,11:35:08,1.65,1000,1906350
20240209,11:35:15,1.65,1750,1906350
20240209,11:35:16,1.65,6000,1906350
20240209,11:35:17,1.65,250,1906350
20240209,11:35:18,1.65,650,1906350
20240209,11:35:27,1.7,50,1906350
20240209,11:35:29,1.7,50,1906350
20240209,11:35:47,1.7,1750,1906350
20240209,11:35:53,1.65,1000,1906350
20240209,11:36:03,1.65,50,1906350
20240209,11:36:06,1.65,200,1906350
20240209,11:36:07,1.65,50,1906350
20240209,11:36:17,1.65,100,1906350
20240209,11:36:18,1.7,2500,1906350
20240209,11:36:24,1.65,200,1906350
20240209,11:36:28,1.65,50,1906350
20240209,11:36:32,1.65,900,1906350
20240209,11:36:55,1.65,50,1906350
20240209,11:36:57,1.65,15550,1906350
20240209,11:36:58,1.65,50,1906350
20240209,11:37:03,1.6,50,1906350
20240209,11:37:12,1.65,500,1906350
20240209,11:37:13,1.6,4600,1906350
20240209,11:37:15,1.6,100,1906350
20240209,11:37:18,1.65,700,1906350
20240209,11:37:19,1.65,300,1906350
20240209,11:37:35,1.6,550,1906350
20240209,11:37:42,1.65,1000,1895650
20240209,11:37:48,1.6,100,1895650
20240209,11:38:22,1.6,100,1895650
20240209,11:38:23,1.6,850,1895650
20240209,11:38:27,1.6,1800,1895650
20240209,11:38:28,1.6,1800,1895650
20240209,11:38:29,1.6,1800,1895650
20240209,11:38:30,1.6,7300,1895650
20240209,11:38:37,1.55,50,1895650
20240209,11:38:45,1.55,550,1895650
20240209,11:38:48,1.6,2700,1895650
20240209,11:38:48,1.6,9750,1895650
20240209,11:38:51,1.6,7550,1895650
20240209,11:38:54,1.55,350,1895650
20240209,11:38:56,1.55,200,1895650
20240209,11:38:57,1.55,850,1895650
20240209,11:38:58,1.55,200,1895650
20240209,11:39:01,1.55,150,1895650
20240209,11:39:40,1.55,4000,1895650
20240209,11:39:53,1.6,50,1895650
20240209,11:39:55,1.6,150,1895650
20240209,11:39:55,1.6,100,1895650
20240209,11:39:56,1.6,50,1895650
20240209,11:39:58,1.55,200,1895650
20240209,11:39:58,1.6,50,1895650
20240209,11:40:00,1.55,550,1895650
20240209,11:40:05,1.55,550,1895650
20240209,11:40:09,1.55,200,1895650
20240209,11:40:15,1.55,200,1895650
20240209,11:40:16,1.6,150,1895650
20240209,11:40:21,1.6,1800,1895650
20240209,11:40:25,1.6,50,1895650
20240209,11:40:26,1.6,50,1895650
20240209,11:40:31,1.6,50,1895650
20240209,11:40:36,1.55,50,1895650
20240209,11:40:38,1.6,50,1895650
20240209,11:40:39,1.55,550,1895100
20240209,11:40:50,1.55,250,1895100
20240209,11:40:52,1.6,50,1895100
20240209,11:40:53,1.6,300,1895100
20240209,11:40:55,1.6,50,1895100
20240209,11:40:57,1.6,900,1895100
20240209,11:41:00,1.6,900,1895100
20240209,11:41:02,1.6,950,1895100
20240209,11:41:07,1.55,50,1895100
20240209,11:41:10,1.6,1200,1895100
20240209,11:41:14,1.55,50,1895100
20240209,11:41:17,1.55,1000,1895100
20240209,11:41:18,1.55,50,1895100
20240209,11:41:20,1.55,50,1895100
20240209,11:41:39,1.6,50,1895100
20240209,11:41:40,1.6,50,1895100
20240209,11:41:41,1.6,50,1895100
20240209,11:41:42,1.6,50,1895100
20240209,11:41:43,1.6,250,1895100
20240209,11:41:45,1.6,50,1895100
20240209,11:41:46,1.6,50,1895100
20240209,11:41:47,1.6,450,1895100
20240209,11:41:50,1.6,50,1895100
20240209,11:41:51,1.6,50,1895100
20240209,11:41:55,1.6,100,1895100
20240209,11:41:56,1.6,50,1895100
20240209,11:42:03,1.6,100,1895100
20240209,11:42:09,1.6,100,1895100
20240209,11:42:27,1.55,400,1895100
20240209,11:42:30,1.6,900,1895100
20240209,11:42:31,1.6,1350,1895100
20240209,11:42:32,1.6,5250,1895100
20240209,11:42:33,1.55,200,1895100
20240209,11:42:34,1.55,1800,1895100
20240209,11:42:35,1.6,1800,1895100
20240209,11:42:42,1.6,50,1895100
20240209,11:42:43,1.6,50,1895100
20240209,11:42:44,1.6,50,1895100
20240209,11:42:45,1.6,50,1895100
20240209,11:42:46,1.6,50,1895100
20240209,11:42:47,1.55,250,1895100
20240209,11:42:52,1.6,50,1895100
20240209,11:42:53,1.6,50,1895100
20240209,11:42:54,1.6,50,1895100
20240209,11:42:55,1.6,50,1895100
20240209,11:42:56,1.6,50,1895100
20240209,11:43:02,1.6,50,1895100
20240209,11:43:03,1.6,50,1895100
20240209,11:43:04,1.6,50,1895100
20240209,11:43:05,1.6,50,1895100
20240209,11:43:06,1.6,50,1895100
20240209,11:43:07,1.6,50,1895100
20240209,11:43:08,1.6,50,1895100
20240209,11:43:09,1.6,50,1895100
20240209,11:43:10,1.6,50,1895100
20240209,11:43:11,1.6,50,1895100
20240209,11:43:15,1.6,50,1895100
20240209,11:43:16,1.6,50,1895100
20240209,11:43:17,1.6,50,1895100
20240209,11:43:18,1.6,50,1895100
20240209,11:43:19,1.6,50,1895100
20240209,11:43:20,1.6,50,1895100
20240209,11:43:21,1.6,450,1895100
20240209,11:43:22,1.6,50,1895100
20240209,11:43:23,1.6,200,1895100
20240209,11:43:24,1.6,50,1895100
20240209,11:43:25,1.6,50,1895100
20240209,11:43:26,1.6,50,1895100
20240209,11:43:27,1.6,50,1895100
20240209,11:43:28,1.6,50,1895100
20240209,11:43:29,1.6,50,1895100
20240209,11:43:30,1.6,50,1895100
20240209,11:43:31,1.6,50,1895100
20240209,11:43:32,1.6,50,1895100
20240209,11:43:33,1.6,50,1895100
20240209,11:43:34,1.6,50,1895100
20240209,11:43:35,1.6,50,1895100
20240209,11:43:36,1.6,50,1895100
20240209,11:43:37,1.6,50,1895100
20240209,11:43:38,1.6,50,1895100
20240209,11:43:39,1.6,50,1907350
20240209,11:43:40,1.6,50,1907350
20240209,11:43:41,1.6,50,1907350
20240209,11:43:42,1.6,50,1907350
20240209,11:43:43,1.6,150,1907350
20240209,11:43:44,1.6,1550,1907350
20240209,11:43:45,1.6,50,1907350
20240209,11:43:46,1.6,50,1907350
20240209,11:43:47,1.6,50,1907350
20240209,11:43:48,1.6,50,1907350
20240209,11:43:49,1.6,50,1907350
20240209,11:43:50,1.6,50,1907350
20240209,11:43:51,1.6,50,1907350
20240209,11:43:52,1.6,50,1907350
20240209,11:43:53,1.6,50,1907350
20240209,11:43:54,1.6,50,1907350
20240209,11:43:55,1.6,50,1907350
20240209,11:43:56,1.6,50,1907350
20240209,11:43:57,1.6,50,1907350
20240209,11:43:58,1.6,50,1907350
20240209,11:43:59,1.6,50,1907350
20240209,11:44:00,1.6,50,1907350
20240209,11:44:01,1.6,50,1907350
20240209,11:44:02,1.6,50,1907350
20240209,11:44:03,1.6,50,1907350
20240209,11:44:04,1.6,200,1907350
20240209,11:44:05,1.6,50,1907350
20240209,11:44:06,1.6,1950,1907350
20240209,11:44:07,1.6,100,1907350
20240209,11:44:08,1.6,50,1907350
20240209,11:44:09,1.6,50,1907350
20240209,11:44:10,1.6,50,1907350
20240209,11:44:11,1.6,50,1907350
20240209,11:44:12,1.6,50,1907350
20240209,11:44:13,1.65,21550,1907350
20240209,11:44:14,1.6,200,1907350
20240209,11:44:15,1.65,100,1907350
20240209,11:44:16,1.65,200,1907350
20240209,11:44:17,1.65,100,1907350
20240209,11:44:18,1.65,50,1907350
20240209,11:44:19,1.65,50,1907350
20240209,11:44:20,1.65,50,1907350
20240209,11:44:21,1.65,50,1907350
20240209,11:44:22,1.65,50,1907350
20240209,11:44:23,1.65,50,1907350
20240209,11:44:24,1.65,50,1907350
20240209,11:44:25,1.65,50,1907350
20240209,11:44:26,1.65,50,1907350
20240209,11:44:27,1.65,50,1907350
20240209,11:44:34,1.6,38250,1907350
20240209,11:44:39,1.6,3000,1907350
20240209,11:44:40,1.65,50,1907350
20240209,11:44:41,1.6,800,1907350
20240209,11:44:42,1.65,50,1907350
20240209,11:44:43,1.6,200,1907350
20240209,11:44:44,1.65,150,1907350
20240209,11:44:45,1.65,150,1907350
20240209,11:44:48,1.65,50,1907350
20240209,11:44:49,1.65,50,1907350
20240209,11:44:50,1.65,150,1907350
20240209,11:44:51,1.65,150,1907350
20240209,11:44:52,1.65,50,1907350
20240209,11:44:53,1.65,100,1907350
20240209,11:44:54,1.65,50,1907350
20240209,11:44:55,1.65,50,1907350
20240209,11:44:56,1.6,2550,1907350
20240209,11:44:57,1.65,50,1907350
20240209,11:44:58,1.65,50,1907350
20240209,11:44:59,1.65,50,1907350
20240209,11:45:00,1.65,50,1907350
20240209,11:45:01,1.65,50,1907350
20240209,11:45:02,1.65,50,1907350
20240209,11:45:03,1.65,50,1907350
20240209,11:45:06,1.65,50,1907350
20240209,11:45:07,1.65,50,1907350
20240209,11:45:08,1.65,50,1907350
20240209,11:45:09,1.65,50,1907350
20240209,11:45:10,1.65,50,1907350
20240209,11:45:11,1.65,50,1907350
20240209,11:45:12,1.65,50,1907350
20240209,11:45:13,1.65,50,1907350
20240209,11:45:14,1.65,50,1907350
20240209,11:45:15,1.65,50,1907350
20240209,11:45:16,1.65,50,1907350
20240209,11:45:17,1.65,50,1907350
20240209,11:45:18,1.65,6500,1907350
20240209,11:45:19,1.7,50,1907350
20240209,11:45:20,1.7,50,1907350
20240209,11:45:21,1.7,50,1907350
20240209,11:45:22,1.7,50,1907350
20240209,11:45:23,1.7,50,1907350
20240209,11:45:24,1.7,50,1907350
20240209,11:45:25,1.7,50,1907350
20240209,11:45:26,1.7,50,1907350
20240209,11:45:27,1.7,50,1907350
20240209,11:45:28,1.7,50,1907350
20240209,11:45:29,1.7,50,1907350
20240209,11:45:30,1.7,50,1907350
20240209,11:45:31,1.7,100,1907350
20240209,11:45:32,1.7,50,1907350
20240209,11:45:33,1.7,50,1907350
20240209,11:45:34,1.7,50,1907350
20240209,11:45:35,1.65,200,1907350
20240209,11:45:36,1.7,50,1907350
20240209,11:45:37,1.7,50,1907350
20240209,11:45:38,1.7,50,1907350
20240209,11:45:39,1.7,50,1907350
20240209,11:45:40,1.7,50,1907350
20240209,11:45:41,1.7,100,1907350
20240209,11:45:42,1.7,50,1907350
20240209,11:45:43,1.7,50,1907350
20240209,11:45:44,1.7,50,1907350
20240209,11:45:45,1.7,100,1907350
20240209,11:45:46,1.7,50,1907350
20240209,11:45:47,1.7,50,1907350
20240209,11:45:48,1.7,50,1907350
20240209,11:45:49,1.7,50,1907350
20240209,11:45:51,1.7,50,1907350
20240209,11:45:52,1.7,50,1907350
20240209,11:45:57,1.65,50,1907350
20240209,11:45:59,1.7,100,1907350
20240209,11:46:00,1.65,50,1907350
20240209,11:46:09,1.7,50,1907350
20240209,11:46:10,1.7,50,1907350
20240209,11:46:11,1.7,50,1907350
20240209,11:46:12,1.7,50,1907350
20240209,11:46:13,1.7,50,1907350
20240209,11:46:14,1.7,50,1907350
20240209,11:46:15,1.7,50,1907350
20240209,11:46:16,1.7,50,1907350
20240209,11:46:17,1.7,50,1907350
20240209,11:46:18,1.7,150,1907350
20240209,11:46:19,1.7,50,1907350
20240209,11:46:20,1.7,50,1907350
20240209,11:46:21,1.7,50,1907350
20240209,11:46:22,1.7,50,1907350
20240209,11:46:23,1.7,150,1907350
20240209,11:46:24,1.7,200,1907350
20240209,11:46:25,1.7,50,1907350
20240209,11:46:28,1.7,50,1907350
20240209,11:46:29,1.7,50,1907350
20240209,11:46:30,1.7,50,1907350
20240209,11:46:31,1.7,50,1907350
20240209,11:46:32,1.7,50,1907350
20240209,11:46:33,1.7,50,1907350
20240209,11:46:34,1.7,50,1907350
20240209,11:46:35,1.7,50,1907350
20240209,11:46:36,1.65,100,1907350
20240209,11:46:37,1.7,50,1907350
20240209,11:46:38,1.7,1850,1907350
20240209,11:46:39,1.7,50,1907350
20240209,11:46:40,1.7,50,1919450
20240209,11:46:43,1.7,50,1919450
20240209,11:46:44,1.7,1800,1919450
20240209,11:46:48,1.7,1800,1919450
20240209,11:46:51,1.65,50,1919450
20240209,11:47:01,1.7,1800,1919450
20240209,11:47:11,1.7,1700,1919450
20240209,11:47:13,1.7,50,1919450
20240209,11:47:16,1.7,50,1919450
20240209,11:47:17,1.7,50,1919450
20240209,11:47:20,1.7,50,1919450
20240209,11:47:21,1.7,50,1919450
20240209,11:47:22,1.7,50,1919450
20240209,11:47:23,1.7,100,1919450
20240209,11:47:24,1.7,50,1919450
20240209,11:47:25,1.7,100,1919450
20240209,11:47:26,1.7,1950,1919450
20240209,11:47:27,1.7,13100,1919450
20240209,11:47:28,1.75,50,1919450
20240209,11:47:29,1.75,50,1919450
20240209,11:47:30,1.75,50,1919450
20240209,11:47:31,1.75,100,1919450
20240209,11:47:32,1.75,550,1919450
20240209,11:47:33,1.75,50,1919450
20240209,11:47:34,1.75,50,1919450
20240209,11:47:35,1.75,50,1919450
20240209,11:47:36,1.75,50,1919450
20240209,11:47:37,1.75,50,1919450
20240209,11:47:38,1.75,50,1919450
20240209,11:47:41,1.75,50,1919450
20240209,11:47:42,1.75,50,1919450
20240209,11:47:43,1.75,50,1919450
20240209,11:47:44,1.75,100,1919450
20240209,11:47:45,1.75,50,1919450
20240209,11:47:46,1.75,50,1919450
20240209,11:47:47,1.75,50,1919450
20240209,11:47:54,1.75,50,1919450
20240209,11:47:55,1.75,50,1919450
20240209,11:47:56,1.75,50,1919450
20240209,11:47:57,1.75,50,1919450
20240209,11:47:58,1.7,3750,1919450
20240209,11:47:59,1.7,50,1919450
20240209,11:48:00,1.75,50,1919450
20240209,11:48:01,1.75,50,1919450
20240209,11:48:02,1.75,50,1919450
20240209,11:48:12,1.7,50,1919450
20240209,11:48:31,1.7,50,1919450
20240209,11:48:37,1.75,100,1919450
20240209,11:48:56,1.7,200,1919450
20240209,11:48:59,1.75,1800,1919450
20240209,11:49:02,1.75,100,1919450
20240209,11:49:12,1.7,200,1919450
20240209,11:49:12,1.7,1800,1919450
20240209,11:49:17,1.75,100,1919450
20240209,11:49:18,1.75,50,1919450
20240209,11:49:19,1.7,1800,1919450
20240209,11:49:24,1.7,200,1919450
20240209,11:49:28,1.75,50,1919450
20240209,11:49:32,1.75,50,1919450
20240209,11:49:34,1.75,100,1919450
20240209,11:49:40,1.7,900,1919450
20240209,11:49:44,1.7,900,1922450
20240209,11:49:47,1.7,900,1922450
20240209,11:49:50,1.7,200,1922450
20240209,11:49:51,1.7,400,1922450
20240209,11:49:53,1.7,200,1922450
20240209,11:50:02,1.7,850,1922450
20240209,11:50:10,1.7,50,1922450
20240209,11:50:18,1.7,300,1922450
20240209,11:50:20,1.7,2050,1922450
20240209,11:50:22,1.7,1800,1922450
20240209,11:50:24,1.7,16700,1922450
20240209,11:50:24,1.7,50,1922450
20240209,11:50:26,1.65,950,1922450
20240209,11:50:30,1.65,200,1922450
20240209,11:50:32,1.65,950,1922450
20240209,11:50:38,1.65,200,1922450
20240209,11:50:40,1.65,200,1922450
20240209,11:50:41,1.7,50,1922450
20240209,11:51:00,1.65,200,1922450
20240209,11:51:28,1.65,200,1922450
20240209,11:51:29,1.65,200,1922450
20240209,11:51:30,1.65,1500,1922450
20240209,11:51:31,1.65,10500,1922450
20240209,11:51:38,1.65,50,1922450
20240209,11:51:39,1.65,1050,1922450
20240209,11:51:43,1.65,50,1922450
20240209,11:51:44,1.65,50,1922450
20240209,11:51:45,1.65,50,1922450
20240209,11:51:48,1.65,50,1922450
20240209,11:51:49,1.65,200,1922450
20240209,11:51:50,1.65,50,1922450
20240209,11:51:51,1.7,8900,1922450
20240209,11:51:54,1.7,50,1922450
20240209,11:51:55,1.65,50,1922450
20240209,11:51:57,1.7,50,1922450
20240209,11:51:58,1.7,50,1922450
20240209,11:51:59,1.7,50,1922450
20240209,11:52:00,1.7,50,1922450
20240209,11:52:01,1.7,50,1922450
20240209,11:52:02,1.7,900,1922450
20240209,11:52:03,1.7,50,1922450
20240209,11:52:04,1.7,50,1922450
20240209,11:52:05,1.7,50,1922450
20240209,11:52:06,1.7,950,1922450
20240209,11:52:07,1.7,50,1922450
20240209,11:52:08,1.7,50,1922450
20240209,11:52:09,1.7,600,1922450
20240209,11:52:10,1.7,50,1922450
20240209,11:52:11,1.7,50,1922450
20240209,11:52:12,1.7,600,1922450
20240209,11:52:13,1.7,50,1922450
20240209,11:52:14,1.7,50,1922450
20240209,11:52:15,1.7,50,1922450
20240209,11:52:16,1.7,50,1922450
20240209,11:52:17,1.7,50,1922450
20240209,11:52:18,1.7,50,1922450
20240209,11:52:20,1.7,50,1922450
20240209,11:52:21,1.7,50,1922450
20240209,11:52:22,1.7,50,1922450
20240209,11:52:23,1.7,50,1922450
20240209,11:52:28,1.7,50,1922450
20240209,11:52:29,1.7,50,1922450
20240209,11:52:31,1.7,50,1922450
20240209,11:52:32,1.7,50,1922450
20240209,11:52:33,1.7,50,1922450
20240209,11:52:34,1.7,100,1922450
20240209,11:52:36,1.7,50,1922450
20240209,11:52:37,1.7,50,1922450
20240209,11:52:38,1.7,50,1922450
20240209,11:52:39,1.7,50,1922450
20240209,11:52:40,1.7,100,1922450
20240209,11:52:41,1.7,50,1910450
20240209,11:52:42,1.7,50,1910450
20240209,11:52:43,1.7,50,1910450
20240209,11:52:44,1.7,50,1910450
20240209,11:52:45,1.7,50,1910450
20240209,11:52:46,1.7,50,1910450
20240209,11:52:48,1.7,50,1910450
20240209,11:52:51,1.7,50,1910450
20240209,11:52:55,1.7,50,1910450
20240209,11:52:56,1.7,50,1910450
20240209,11:52:57,1.7,50,1910450
20240209,11:52:58,1.7,50,1910450
20240209,11:52:59,1.7,50,1910450
20240209,11:53:00,1.7,450,1910450
20240209,11:53:11,1.7,50,1910450
20240209,11:53:12,1.7,50,1910450
20240209,11:53:13,1.7,50,1910450
20240209,11:53:14,1.7,50,1910450
20240209,11:53:15,1.7,50,1910450
20240209,11:53:16,1.7,100,1910450
20240209,11:53:17,1.7,50,1910450
20240209,11:53:18,1.7,50,1910450
20240209,11:53:19,1.7,50,1910450
20240209,11:53:20,1.7,150,1910450
20240209,11:53:21,1.7,150,1910450
20240209,11:53:22,1.7,150,1910450
20240209,11:53:25,1.65,13150,1910450
20240209,11:53:26,1.65,150,1910450
20240209,11:53:27,1.65,2250,1910450
20240209,11:53:28,1.7,100,1910450
20240209,11:53:29,1.7,50,1910450
20240209,11:53:34,1.7,50,1910450
20240209,11:53:35,1.65,1800,1910450
20240209,11:53:36,1.7,50,1910450
20240209,11:53:37,1.7,50,1910450
20240209,11:53:38,1.7,1850,1910450
20240209,11:53:39,1.7,50,1910450
20240209,11:53:40,1.7,1850,1910450
20240209,11:53:41,1.7,150,1910450
20240209,11:53:42,1.7,200,1910450
20240209,11:53:43,1.7,150,1910450
20240209,11:53:44,1.7,1850,1910450
20240209,11:53:45,1.7,50,1910450
20240209,11:53:47,1.7,50,1910450
20240209,11:53:48,1.7,50,1910450
20240209,11:53:50,1.7,50,1910450
20240209,11:53:51,1.7,50,1910450
20240209,11:53:52,1.7,50,1910450
20240209,11:53:53,1.7,50,1910450
20240209,11:53:54,1.7,50,1910450
20240209,11:53:55,1.7,50,1910450
20240209,11:53:56,1.7,50,1910450
20240209,11:53:57,1.7,50,1910450
20240209,11:53:58,1.7,50,1910450
20240209,11:53:59,1.7,50,1910450
20240209,11:54:00,1.7,50,1910450
20240209,11:54:01,1.7,50,1910450
20240209,11:54:02,1.7,50,1910450
20240209,11:54:03,1.7,150,1910450
20240209,11:54:04,1.7,150,1910450
20240209,11:54:09,1.7,1850,1910450
20240209,11:54:10,1.7,50,1910450
20240209,11:54:11,1.7,50,1910450
20240209,11:54:12,1.7,150,1910450
20240209,11:54:13,1.7,450,1910450
20240209,11:54:14,1.7,150,1910450
20240209,11:54:15,1.7,50,1910450
20240209,11:54:16,1.7,50,1910450
20240209,11:54:17,1.7,50,1910450
20240209,11:54:18,1.65,1950,1910450
20240209,11:54:19,1.7,1950,1910450
20240209,11:54:20,1.7,2150,1910450
20240209,11:54:21,1.7,1950,1910450
20240209,11:54:22,1.7,1850,1910450
20240209,11:54:23,1.7,1850,1910450
20240209,11:54:24,1.65,25050,1910450
20240209,11:54:25,1.7,2850,1910450
20240209,11:54:26,1.7,1850,1910450
20240209,11:54:27,1.65,9150,1910450
20240209,11:54:28,1.65,50,1910450
20240209,11:54:29,1.65,50,1910450
20240209,11:54:30,1.65,50,1910450
20240209,11:54:31,1.65,50,1910450
20240209,11:54:35,1.65,100,1910450
20240209,11:54:36,1.65,500,1910450
20240209,11:54:38,1.65,50,1910450
20240209,11:54:39,1.65,50,1910450
20240209,11:54:40,1.65,50,1910450
20240209,11:54:41,1.65,50,1910450
20240209,11:54:42,1.65,2150,1910450
20240209,11:54:43,1.65,3050,1910450
20240209,11:54:44,1.65,300,1910450
20240209,11:54:45,1.65,16650,1910450
20240209,11:54:46,1.7,200,1910450
20240209,11:54:47,1.7,200,1910450
20240209,11:54:49,1.7,50,1910450
20240209,11:54:51,1.65,1200,1910450
20240209,11:54:52,1.7,50,1910450
20240209,11:54:54,1.7,50,1910450
20240209,11:55:00,1.7,50,1910450
20240209,11:55:05,1.7,50,1910450
20240209,11:55:06,1.7,50,1910450
20240209,11:55:07,1.7,50,1910450
20240209,11:55:54,1.65,14100,1899650
20240209,11:56:00,1.65,50,1899650
20240209,11:56:10,1.65,1500,1899650
20240209,11:56:27,1.65,50,1899650
20240209,11:56:30,1.65,50,1899650
20240209,11:56:34,1.65,50,1899650
20240209,11:56:41,1.6,100,1899650
20240209,11:56:53,1.65,50,1899650
20240209,11:56:59,1.65,200,1899650
20240209,11:57:20,1.6,50,1899650
20240209,11:57:22,1.65,100,1899650
20240209,11:57:37,1.6,1850,1899650
20240209,11:57:51,1.6,900,1899650
20240209,11:57:54,1.65,50,1899650
20240209,11:57:56,1.65,1500,1899650
20240209,11:58:06,1.6,1500,1899650
20240209,11:58:08,1.6,1750,1899650
20240209,11:58:20,1.65,50,1899650
20240209,11:58:24,1.65,1750,1899650
20240209,11:58:31,1.65,3600,1899650
20240209,11:58:56,1.65,50,1902150
20240209,11:59:10,1.6,100,1902150
20240209,11:59:38,1.6,400,1902150
20240209,11:59:39,1.65,100,1902150
20240209,11:59:45,1.6,1250,1902150
20240209,12:00:02,1.6,50,1902150
20240209,12:00:04,1.65,150,1902150
20240209,12:00:23,1.6,50,1902150
20240209,12:00:38,1.65,50,1902150
20240209,12:00:45,1.6,150,1902150
20240209,12:01:02,1.65,200,1902150
20240209,12:01:08,1.65,50,1902150
20240209,12:01:16,1.6,50,1902150
20240209,12:01:17,1.6,200,1902150
20240209,12:01:18,1.6,200,1902150
20240209,12:01:19,1.6,200,1902150
20240209,12:01:20,1.6,14800,1902150
20240209,12:01:22,1.55,400,1902150
20240209,12:01:22,1.6,250,1902150
20240209,12:01:23,1.55,200,1902150
20240209,12:01:25,1.55,400,1902150
20240209,12:01:27,1.55,400,1902150
20240209,12:01:28,1.55,200,1902150
20240209,12:01:29,1.55,200,1902150
20240209,12:01:30,1.55,200,1902150
20240209,12:01:31,1.6,600,1902150
20240209,12:01:32,1.55,200,1902150
20240209,12:01:33,1.6,250,1902150
20240209,12:01:34,1.55,200,1902150
20240209,12:01:35,1.55,15300,1902150
20240209,12:01:37,1.5,400,1902150
20240209,12:01:38,1.45,62550,1902150
20240209,12:01:39,1.4,59050,1902150
20240209,12:01:40,1.45,92500,1902150
20240209,12:01:41,1.45,5850,1877300
20240209,12:01:42,1.4,150,1877300
20240209,12:01:44,1.4,350,1877300
20240209,12:01:45,1.4,200,1877300
20240209,12:01:46,1.4,150,1877300
20240209,12:01:47,1.4,150,1877300
20240209,12:01:49,1.4,300,1877300
20240209,12:01:50,1.4,250,1877300
20240209,12:01:51,1.4,150,1877300
20240209,12:01:52,1.4,150,1877300
20240209,12:01:53,1.4,150,1877300
20240209,12:01:55,1.4,300,1877300
20240209,12:01:56,1.4,150,1877300
20240209,12:02:01,1.4,50,1877300
20240209,12:02:02,1.4,150,1877300
20240209,12:02:03,1.4,150,1877300
20240209,12:02:04,1.4,150,1877300
20240209,12:02:10,1.45,1000,1877300
20240209,12:02:16,1.45,50,1877300
20240209,12:02:17,1.4,150,1877300
20240209,12:02:18,1.4,150,1877300
20240209,12:02:21,1.45,200,1877300
20240209,12:02:26,1.45,1800,1877300
20240209,12:02:28,1.45,200,1877300
20240209,12:02:34,1.4,50,1877300
20240209,12:02:35,1.45,50,1877300
20240209,12:02:37,1.45,50,1877300
20240209,12:02:39,1.45,200,1877300
20240209,12:02:52,1.45,200,1877300
20240209,12:02:53,1.45,500,1877300
20240209,12:02:54,1.45,50,1877300
20240209,12:02:55,1.45,450,1877300
20240209,12:02:56,1.45,50,1877300
20240209,12:02:57,1.45,100,1877300
20240209,12:02:59,1.45,350,1877300
20240209,12:03:00,1.45,37600,1877300
20240209,12:03:01,1.45,3000,1877300
20240209,12:03:03,1.5,200,1877300
20240209,12:03:06,1.5,200,1877300
20240209,12:03:08,1.5,50,1877300
20240209,12:03:10,1.5,200,1877300
20240209,12:03:12,1.5,350,1877300
20240209,12:03:14,1.5,150,1877300
20240209,12:03:19,1.5,550,1877300
20240209,12:03:25,1.5,50,1877300
20240209,12:03:27,1.45,50,1877300
20240209,12:03:40,1.5,50,1877300
20240209,12:04:00,1.5,200,1877300
20240209,12:04:08,1.5,200,1877300
20240209,12:04:10,1.5,300,1877300
20240209,12:04:31,1.45,1750,1877300
20240209,12:04:32,1.5,4500,1877300
20240209,12:04:35,1.45,50,1877300
20240209,12:04:53,1.45,50,1788600
20240209,12:05:02,1.5,150,1788600
20240209,12:05:06,1.5,50,1788600
20240209,12:05:10,1.45,50,1788600
20240209,12:05:24,1.5,200,1788600
20240209,12:05:28,1.5,50,1788600
20240209,12:05:29,1.45,200,1788600
20240209,12:05:31,1.45,1050,1788600
20240209,12:05:47,1.45,250,1788600
20240209,12:06:04,1.5,1750,1788600
20240209,12:06:09,1.45,200,1788600
20240209,12:06:11,1.45,50,1788600
20240209,12:07:13,1.45,150,1788600
20240209,12:07:30,1.5,50,1788600
20240209,12:07:52,1.45,50,1786250
20240209,12:07:54,1.45,550,1786250
20240209,12:07:55,1.45,50,1786250
20240209,12:07:56,1.5,50,1786250
20240209,12:08:03,1.5,50,1786250
20240209,12:08:04,1.5,50,1786250
20240209,12:08:05,1.5,50,1786250
20240209,12:08:06,1.5,50,1786250
20240209,12:08:07,1.5,50,1786250
20240209,12:08:08,1.5,50,1786250
20240209,12:08:09,1.5,50,1786250
20240209,12:08:10,1.5,50,1786250
20240209,12:08:11,1.5,50,1786250
20240209,12:08:12,1.5,50,1786250
20240209,12:08:13,1.5,650,1786250
20240209,12:08:14,1.5,50,1786250
20240209,12:08:15,1.5,50,1786250
20240209,12:08:18,1.5,50,1786250
20240209,12:08:19,1.5,50,1786250
20240209,12:08:20,1.5,50,1786250
20240209,12:08:21,1.5,50,1786250
20240209,12:08:22,1.5,50,1786250
20240209,12:08:24,1.5,50,1786250
20240209,12:08:31,1.5,50,1786250
20240209,12:08:32,1.5,50,1786250
20240209,12:08:39,1.45,800,1786250
20240209,12:09:24,1.5,50,1786250
20240209,12:09:29,1.5,600,1786250
20240209,12:09:34,1.5,200,1786250
20240209,12:09:37,1.45,50,1786250
20240209,12:09:38,1.45,250,1786250
20240209,12:09:39,1.45,350,1786250
20240209,12:09:40,1.45,200,1786250
20240209,12:09:43,1.45,150,1786250
20240209,12:09:44,1.45,150,1786250
20240209,12:09:45,1.45,150,1786250
20240209,12:09:51,1.45,1950,1786250
20240209,12:09:52,1.45,150,1786250
20240209,12:09:53,1.5,400,1786250
20240209,12:10:25,1.5,50,1786250
20240209,12:10:41,1.5,50,1786250
20240209,12:10:41,1.45,750,1786250
20240209,12:10:43,1.5,1000,1783600
20240209,12:10:46,1.45,500,1783600
20240209,12:10:47,1.45,500,1783600
20240209,12:10:49,1.5,1000,1783600
20240209,12:10:52,1.5,50,1783600
20240209,12:11:04,1.5,300,1783600
20240209,12:11:10,1.5,50,1783600
20240209,12:11:19,1.5,200,1783600
20240209,12:11:21,1.5,50,1783600
20240209,12:11:22,1.5,200,1783600
20240209,12:11:25,1.45,250,1783600
20240209,12:11:32,1.5,250,1783600
20240209,12:11:48,1.45,250,1783600
20240209,12:11:49,1.5,350,1783600
20240209,12:12:03,1.5,50,1783600
20240209,12:12:04,1.5,200,1783600
20240209,12:12:05,1.5,50,1783600
20240209,12:12:12,1.5,50,1783600
20240209,12:12:13,1.5,350,1783600
20240209,12:12:49,1.45,100,1783600
20240209,12:12:51,1.5,350,1783600
20240209,12:12:59,1.5,100,1783600
20240209,12:13:02,1.5,250,1783600
20240209,12:13:05,1.45,50,1783600
20240209,12:13:07,1.5,50,1783600
20240209,12:13:08,1.5,50,1783600
20240209,12:13:09,1.5,50,1783600
20240209,12:13:09,1.5,500,1783600
20240209,12:13:10,1.5,50,1783600
20240209,12:13:11,1.5,500,1783600
20240209,12:13:12,1.5,100,1783600
20240209,12:13:13,1.5,100,1783600
20240209,12:13:14,1.5,50,1783600
20240209,12:13:15,1.5,50,1783600
20240209,12:13:17,1.5,200,1783600
20240209,12:13:18,1.5,150,1783600
20240209,12:13:20,1.5,400,1783600
20240209,12:13:22,1.5,250,1783600
20240209,12:13:23,1.5,50,1783600
20240209,12:13:57,1.5,50,1783600
20240209,12:14:03,1.5,50,1788800
20240209,12:14:05,1.5,50,1788800
20240209,12:14:06,1.5,200,1788800
20240209,12:14:08,1.5,200,1788800
20240209,12:14:16,1.5,600,1788800
20240209,12:14:21,1.5,50,1788800
20240209,12:14:38,1.5,50,1788800
20240209,12:14:47,1.5,100,1788800
20240209,12:15:01,1.5,50,1788800
20240209,12:15:02,1.5,150,1788800
20240209,12:15:10,1.5,550,1788800
20240209,12:15:12,1.5,4150,1788800
20240209,12:15:13,1.5,1500,1788800
20240209,12:15:14,1.55,24450,1788800
20240209,12:15:16,1.55,200,1788800
20240209,12:15:18,1.55,550,1788800
20240209,12:15:19,1.55,550,1788800
20240209,12:15:23,1.55,400,1788800
20240209,12:15:30,1.55,50,1788800
20240209,12:15:34,1.55,550,1788800
20240209,12:15:36,1.55,200,1788800
20240209,12:15:40,1.55,200,1788800
20240209,12:15:44,1.55,200,1788800
20240209,12:15:46,1.55,550,1788800
20240209,12:15:47,1.55,50,1788800
20240209,12:15:53,1.55,50,1788800
20240209,12:15:55,1.55,50,1788800
20240209,12:15:56,1.55,50,1788800
20240209,12:15:57,1.55,50,1788800
20240209,12:15:58,1.6,19300,1788800
20240209,12:15:59,1.6,200,1788800
20240209,12:16:00,1.6,200,1788800
20240209,12:16:01,1.6,250,1788800
20240209,12:16:02,1.6,200,1788800
20240209,12:16:04,1.6,1850,1788800
20240209,12:16:05,1.6,50,1788800
20240209,12:16:06,1.6,50,1788800
20240209,12:16:07,1.6,50,1788800
20240209,12:16:08,1.6,50,1788800
20240209,12:16:09,1.6,50,1788800
20240209,12:16:10,1.6,50,1788800
20240209,12:16:11,1.6,50,1788800
20240209,12:16:12,1.6,50,1788800
20240209,12:16:13,1.6,50,1788800
20240209,12:16:14,1.6,200,1788800
20240209,12:16:15,1.6,200,1788800
20240209,12:16:16,1.6,200,1788800
20240209,12:16:17,1.6,100,1788800
20240209,12:16:19,1.6,50,1788800
20240209,12:16:21,1.6,50,1788800
20240209,12:16:22,1.6,50,1788800
20240209,12:16:23,1.6,1850,1788800
20240209,12:16:24,1.6,200,1788800
20240209,12:16:25,1.6,50,1788800
20240209,12:16:27,1.6,200,1788800
20240209,12:16:48,1.6,1800,1793350
20240209,12:16:56,1.6,50,1793350
20240209,12:16:57,1.6,1000,1793350
20240209,12:16:58,1.6,50,1793350
20240209,12:16:59,1.6,50,1793350
20240209,12:17:00,1.6,50,1793350
20240209,12:17:01,1.55,100,1793350
20240209,12:17:02,1.6,50,1793350
20240209,12:17:03,1.6,250,1793350
20240209,12:17:04,1.6,50,1793350
20240209,12:17:05,1.6,50,1793350
20240209,12:17:06,1.6,1050,1793350
20240209,12:17:07,1.6,50,1793350
20240209,12:17:08,1.6,50,1793350
20240209,12:17:09,1.6,400,1793350
20240209,12:17:10,1.6,100,1793350
20240209,12:17:11,1.6,1850,1793350
20240209,12:17:12,1.6,50,1793350
20240209,12:17:13,1.6,50,1793350
20240209,12:17:14,1.6,1850,1793350
20240209,12:17:15,1.6,50,1793350
20240209,12:17:16,1.6,7650,1793350
20240209,12:17:17,1.65,300,1793350
20240209,12:17:18,1.6,1100,1793350
20240209,12:17:19,1.65,50,1793350
20240209,12:17:20,1.65,100,1793350
20240209,12:17:21,1.65,1850,1793350
20240209,12:17:22,1.65,100,1793350
20240209,12:17:23,1.65,50,1793350
20240209,12:17:24,1.65,50,1793350
20240209,12:17:25,1.65,1850,1793350
20240209,12:17:26,1.65,50,1793350
20240209,12:17:27,1.65,50,1793350
20240209,12:17:34,1.6,300,1793350
20240209,12:17:35,1.6,3300,1793350
20240209,12:17:36,1.6,5650,1793350
20240209,12:17:43,1.6,1800,1793350
20240209,12:17:49,1.6,50,1793350
20240209,12:17:53,1.6,100,1793350
20240209,12:17:55,1.6,1800,1793350
20240209,12:18:19,1.55,8850,1793350
20240209,12:18:28,1.55,1000,1793350
20240209,12:18:35,1.55,1000,1793350
20240209,12:18:35,1.55,200,1793350
20240209,12:18:47,1.55,1000,1793350
20240209,12:18:56,1.5,300,1793350
20240209,12:19:01,1.55,1000,1793350
20240209,12:19:03,1.5,50,1793350
20240209,12:19:04,1.5,50,1793350
20240209,12:19:05,1.5,50,1793350
20240209,12:19:06,1.5,50,1793350
20240209,12:19:07,1.5,50,1793350
20240209,12:19:08,1.55,1050,1793350
20240209,12:19:09,1.5,50,1793350
20240209,12:19:17,1.55,1000,1793350
20240209,12:19:18,1.5,50,1793350
20240209,12:19:20,1.55,50,1793350
20240209,12:19:26,1.55,400,1793350
20240209,12:19:48,1.55,600,1793350
20240209,12:19:50,1.55,400,1803150
20240209,12:19:51,1.55,400,1803150
20240209,12:19:52,1.55,1000,1803150
20240209,12:19:53,1.55,2800,1803150
20240209,12:19:55,1.55,200,1803150
20240209,12:19:59,1.55,1600,1803150
20240209,12:19:59,1.55,400,1803150
20240209,12:20:05,1.5,550,1803150
20240209,12:20:08,1.5,200,1803150
20240209,12:20:09,1.5,550,1803150
20240209,12:20:13,1.5,300,1803150
20240209,12:20:16,1.55,1000,1803150
20240209,12:20:18,1.5,550,1803150
20240209,12:20:26,1.55,50,1803150
20240209,12:20:34,1.55,200,1803150
20240209,12:20:35,1.55,550,1803150
20240209,12:20:36,1.55,50,1803150
20240209,12:20:37,1.55,50,1803150
20240209,12:20:38,1.55,100,1803150
20240209,12:20:39,1.55,1250,1803150
20240209,12:20:40,1.55,50,1803150
20240209,12:20:41,1.55,50,1803150
20240209,12:20:42,1.55,50,1803150
20240209,12:20:43,1.55,50,1803150
20240209,12:20:44,1.55,6050,1803150
20240209,12:20:45,1.55,50,1803150
20240209,12:20:46,1.55,50,1803150
20240209,12:20:47,1.55,50,1803150
20240209,12:20:48,1.55,50,1803150
20240209,12:20:49,1.55,50,1803150
20240209,12:20:50,1.55,50,1803150
20240209,12:20:51,1.55,50,1803150
20240209,12:20:52,1.55,50,1803150
20240209,12:20:53,1.55,50,1803150
20240209,12:20:54,1.55,50,1803150
20240209,12:20:55,1.55,50,1803150
20240209,12:20:56,1.55,50,1803150
20240209,12:20:57,1.55,14400,1803150
20240209,12:20:58,1.6,50,1803150
20240209,12:20:59,1.6,50,1803150
20240209,12:21:00,1.6,550,1803150
20240209,12:21:01,1.6,50,1803150
20240209,12:21:02,1.6,250,1803150
20240209,12:21:04,1.6,650,1803150
20240209,12:21:05,1.6,50,1803150
20240209,12:21:07,1.6,50,1803150
20240209,12:21:11,1.6,50,1803150
20240209,12:21:12,1.6,50,1803150
20240209,12:21:13,1.6,50,1803150
20240209,12:21:18,1.55,200,1803150
20240209,12:21:20,1.6,50,1803150
20240209,12:21:21,1.6,50,1803150
20240209,12:21:22,1.6,50,1803150
20240209,12:21:23,1.6,50,1803150
20240209,12:21:24,1.55,200,1803150
20240209,12:21:25,1.6,50,1803150
20240209,12:21:26,1.6,50,1803150
20240209,12:21:27,1.6,250,1803150
20240209,12:21:28,1.6,50,1803150
20240209,12:21:29,1.6,250,1803150
20240209,12:21:30,1.6,50,1803150
20240209,12:21:31,1.6,250,1803150
20240209,12:21:32,1.6,100,1803150
20240209,12:21:33,1.6,50,1803150
20240209,12:21:34,1.6,50,1803150
20240209,12:21:35,1.6,50,1803150
20240209,12:21:36,1.6,50,1803150
20240209,12:21:37,1.6,50,1803150
20240209,12:21:38,1.6,50,1803150
20240209,12:21:39,1.6,50,1803150
20240209,12:21:40,1.6,50,1803150
20240209,12:21:41,1.6,50,1803150
20240209,12:21:42,1.6,100,1803150
20240209,12:21:43,1.6,50,1803150
20240209,12:21:44,1.6,50,1803150
20240209,12:21:45,1.6,50,1803150
20240209,12:21:46,1.6,50,1803150
20240209,12:21:47,1.6,100,1803150
20240209,12:21:48,1.6,50,1803150
20240209,12:21:49,1.6,50,1803150
20240209,12:21:50,1.6,50,1803150
20240209,12:21:51,1.6,50,1803150
20240209,12:21:52,1.6,50,1803150
20240209,12:21:53,1.6,50,1803150
20240209,12:21:54,1.6,50,1803150
20240209,12:21:55,1.6,250,1803150
20240209,12:21:57,1.6,50,1803150
20240209,12:21:59,1.55,100,1803150
20240209,12:22:00,1.6,41150,1803150
20240209,12:22:06,1.6,50,1803150
20240209,12:22:07,1.6,250,1803150
20240209,12:22:08,1.6,50,1803150
20240209,12:22:09,1.6,50,1803150
20240209,12:22:10,1.6,50,1803150
20240209,12:22:11,1.6,50,1803150
20240209,12:22:12,1.6,350,1803150
20240209,12:22:13,1.6,50,1803150
20240209,12:22:14,1.6,250,1803150
20240209,12:22:16,1.55,250,1803150
20240209,12:22:18,1.6,100,1803150
20240209,12:22:19,1.6,50,1803150
20240209,12:22:20,1.6,50,1803150
20240209,12:22:21,1.55,1850,1803150
20240209,12:22:23,1.6,100,1803150
20240209,12:22:24,1.6,50,1803150
20240209,12:22:25,1.6,50,1803150
20240209,12:22:26,1.6,50,1803150
20240209,12:22:27,1.6,1900,1803150
20240209,12:22:28,1.6,100,1803150
20240209,12:22:31,1.6,50,1803150
20240209,12:22:33,1.6,250,1803150
20240209,12:22:34,1.55,100,1803150
20240209,12:22:35,1.55,1850,1803150
20240209,12:22:36,1.6,250,1803150
20240209,12:22:40,1.55,200,1803150
20240209,12:22:42,1.6,1000,1803150
20240209,12:22:44,1.55,200,1803150
20240209,12:22:49,1.55,200,1815900
20240209,12:22:49,1.55,100,1815900
20240209,12:22:51,1.55,50,1815900
20240209,12:22:53,1.6,1000,1815900
20240209,12:22:59,1.55,200,1815900
20240209,12:23:06,1.6,1000,1815900
20240209,12:23:07,1.55,550,1815900
20240209,12:23:09,1.55,1800,1815900
20240209,12:23:11,1.6,50,1815900
20240209,12:23:12,1.6,50,1815900
20240209,12:23:13,1.55,200,1815900
20240209,12:23:15,1.55,550,1815900
20240209,12:23:18,1.55,200,1815900
20240209,12:23:19,1.55,550,1815900
20240209,12:23:21,1.55,100,1815900
20240209,12:23:23,1.6,1800,1815900
20240209,12:23:25,1.6,200,1815900
20240209,12:23:30,1.6,1500,1815900
20240209,12:23:32,1.55,100,1815900
20240209,12:24:19,1.6,100,1815900
20240209,12:24:22,1.55,100,1815900
20240209,12:24:23,1.55,5250,1815900
20240209,12:24:26,1.55,1900,1815900
20240209,12:24:26,1.55,50,1815900
20240209,12:24:28,1.55,50,1815900
20240209,12:24:54,1.55,450,1815900
20240209,12:25:34,1.55,100,1815900
20240209,12:25:49,1.55,50,1818500
20240209,12:25:50,1.55,50,1818500
20240209,12:25:51,1.55,50,1818500
20240209,12:25:52,1.55,50,1818500
20240209,12:25:53,1.55,50,1818500
20240209,12:25:54,1.55,50,1818500
20240209,12:25:55,1.55,50,1818500
20240209,12:25:56,1.55,50,1818500
20240209,12:25:57,1.55,50,1818500
20240209,12:25:58,1.55,50,1818500
20240209,12:26:05,1.55,50,1818500
20240209,12:26:07,1.55,50,1818500
20240209,12:26:08,1.55,50,1818500
20240209,12:26:09,1.55,50,1818500
20240209,12:26:10,1.55,4850,1818500
20240209,12:26:11,1.6,50,1818500
20240209,12:26:12,1.6,50,1818500
20240209,12:26:13,1.6,50,1818500
20240209,12:26:14,1.6,50,1818500
20240209,12:26:48,1.6,50,1818500
20240209,12:26:50,1.6,50,1818500
20240209,12:26:51,1.6,50,1818500
20240209,12:26:52,1.6,50,1818500
20240209,12:26:53,1.6,50,1818500
20240209,12:26:54,1.6,50,1818500
20240209,12:26:55,1.6,50,1818500
20240209,12:26:56,1.6,50,1818500
20240209,12:26:57,1.6,50,1818500
20240209,12:26:58,1.6,50,1818500
20240209,12:26:59,1.6,50,1818500
20240209,12:27:00,1.6,50,1818500
20240209,12:27:01,1.6,50,1818500
20240209,12:27:02,1.6,50,1818500
20240209,12:27:03,1.6,50,1818500
20240209,12:27:04,1.6,50,1818500
20240209,12:27:05,1.6,50,1818500
20240209,12:27:06,1.6,50,1818500
20240209,12:27:07,1.6,50,1818500
20240209,12:27:08,1.6,50,1818500
20240209,12:27:09,1.6,50,1818500
20240209,12:27:10,1.6,50,1818500
20240209,12:27:11,1.6,50,1818500
20240209,12:27:12,1.6,50,1818500
20240209,12:27:13,1.6,50,1818500
20240209,12:27:14,1.6,50,1818500
20240209,12:27:15,1.6,50,1818500
20240209,12:27:16,1.6,50,1818500
20240209,12:27:17,1.6,50,1818500
20240209,12:27:18,1.6,50,1818500
20240209,12:27:19,1.6,50,1818500
20240209,12:27:20,1.6,50,1818500
20240209,12:27:21,1.6,50,1818500
20240209,12:27:22,1.6,200,1818500
20240209,12:27:23,1.6,200,1818500
20240209,12:27:24,1.6,50,1818500
20240209,12:27:25,1.6,50,1818500
20240209,12:27:26,1.6,50,1818500
20240209,12:27:27,1.6,100,1818500
20240209,12:27:28,1.6,50,1818500
20240209,12:27:29,1.6,50,1818500
20240209,12:27:30,1.6,50,1818500
20240209,12:27:31,1.6,50,1818500
20240209,12:27:32,1.6,950,1818500
20240209,12:27:33,1.6,50,1818500
20240209,12:27:34,1.6,50,1818500
20240209,12:27:35,1.6,50,1818500
20240209,12:27:36,1.6,50,1818500
20240209,12:27:37,1.6,50,1818500
20240209,12:27:38,1.6,50,1818500
20240209,12:27:39,1.6,50,1818500
20240209,12:27:40,1.6,50,1818500
20240209,12:27:41,1.6,50,1818500
20240209,12:27:42,1.6,50,1818500
20240209,12:27:43,1.6,50,1818500
20240209,12:27:44,1.6,50,1818500
20240209,12:27:45,1.6,50,1818500
20240209,12:27:46,1.6,50,1818500
20240209,12:27:47,1.6,50,1818500
20240209,12:28:13,1.6,1600,1818500
20240209,12:28:15,1.6,50,1818500
20240209,12:28:18,1.6,50,1818500
20240209,12:28:23,1.6,50,1818500
20240209,12:28:27,1.6,50,1818500
20240209,12:28:29,1.6,50,1818500
20240209,12:28:30,1.6,50,1818500
20240209,12:28:31,1.6,50,1818500
20240209,12:28:37,1.55,10250,1818500
20240209,12:29:09,1.55,50,1826000
20240209,12:29:10,1.55,10050,1826000
20240209,12:29:11,1.6,50,1826000
20240209,12:29:12,1.6,50,1826000
20240209,12:29:14,1.6,50,1826000
20240209,12:29:15,1.6,50,1826000
20240209,12:29:16,1.6,50,1826000
20240209,12:29:17,1.6,50,1826000
20240209,12:29:18,1.6,50,1826000
20240209,12:29:19,1.6,50,1826000
20240209,12:29:20,1.6,50,1826000
20240209,12:29:21,1.6,50,1826000
20240209,12:29:22,1.6,50,1826000
20240209,12:29:23,1.6,50,1826000
20240209,12:29:24,1.6,50,1826000
20240209,12:29:25,1.6,50,1826000
20240209,12:29:26,1.6,50,1826000
20240209,12:29:27,1.6,50,1826000
20240209,12:29:28,1.6,50,1826000
20240209,12:29:29,1.6,50,1826000
20240209,12:29:30,1.6,50,1826000
20240209,12:29:31,1.55,1850,1826000
20240209,12:29:32,1.6,50,1826000
20240209,12:29:33,1.6,50,1826000
20240209,12:29:34,1.6,50,1826000
20240209,12:29:49,1.55,50,1826000
20240209,12:29:55,1.55,1800,1826000
20240209,12:30:04,1.55,3600,1826000
20240209,12:30:06,1.55,50,1826000
20240209,12:30:07,1.6,100,1826000
20240209,12:30:08,1.55,1800,1826000
20240209,12:30:11,1.55,1800,1826000
20240209,12:30:14,1.55,1800,1826000
20240209,12:30:17,1.55,1800,1826000
20240209,12:30:20,1.55,16300,1826000
20240209,12:30:24,1.5,50,1826000
20240209,12:30:25,1.5,200,1826000
20240209,12:30:26,1.5,750,1826000
20240209,12:30:27,1.5,200,1826000
20240209,12:30:28,1.5,200,1826000
20240209,12:30:29,1.5,200,1826000
20240209,12:30:30,1.55,700,1826000
20240209,12:30:31,1.5,250,1826000
20240209,12:30:32,1.5,200,1826000
20240209,12:30:33,1.5,200,1826000
20240209,12:30:34,1.5,300,1826000
20240209,12:30:35,1.5,250,1826000
20240209,12:30:36,1.5,200,1826000
20240209,12:30:37,1.5,200,1826000
20240209,12:30:38,1.5,200,1826000
20240209,12:30:39,1.5,200,1826000
20240209,12:30:40,1.5,200,1826000
20240209,12:30:41,1.5,150,1826000
20240209,12:30:42,1.5,150,1826000
20240209,12:30:43,1.5,150,1826000
20240209,12:30:44,1.5,10900,1826000
20240209,12:30:45,1.45,150,1826000
20240209,12:30:46,1.45,150,1826000
20240209,12:30:47,1.45,150,1826000
20240209,12:30:48,1.45,150,1826000
20240209,12:30:51,1.5,2300,1826000
20240209,12:30:52,1.45,150,1826000
20240209,12:30:58,1.45,150,1826000
20240209,12:30:59,1.45,150,1826000
20240209,12:31:00,1.45,150,1826000
20240209,12:31:01,1.45,150,1826000
20240209,12:31:06,1.45,100,1826000
20240209,12:31:07,1.45,150,1826000
20240209,12:31:08,1.45,150,1826000
20240209,12:31:09,1.45,150,1826000
20240209,12:31:10,1.45,150,1826000
20240209,12:31:11,1.45,150,1826000
20240209,12:31:12,1.45,150,1826000
20240209,12:31:19,1.5,15300,1826000
20240209,12:31:42,1.5,50,1826000
20240209,12:31:45,1.5,1800,1826000
20240209,12:31:52,1.5,1800,1818200
20240209,12:31:53,1.5,1800,1818200
20240209,12:31:56,1.5,1800,1818200
20240209,12:32:00,1.55,50,1818200
20240209,12:32:01,1.55,50,1818200
20240209,12:32:02,1.55,50,1818200
20240209,12:32:02,1.5,1800,1818200
20240209,12:32:04,1.55,250,1818200
20240209,12:32:07,1.55,50,1818200
20240209,12:32:08,1.55,50,1818200
20240209,12:32:10,1.5,150,1818200
20240209,12:32:14,1.55,50,1818200
20240209,12:32:15,1.55,50,1818200
20240209,12:32:16,1.55,1850,1818200
20240209,12:32:18,1.55,300,1818200
20240209,12:32:19,1.55,50,1818200
20240209,12:32:20,1.55,50,1818200
20240209,12:32:21,1.55,50,1818200
20240209,12:32:22,1.55,400,1818200
20240209,12:32:23,1.55,100,1818200
20240209,12:32:24,1.55,100,1818200
20240209,12:32:25,1.55,150,1818200
20240209,12:32:26,1.55,150,1818200
20240209,12:32:27,1.55,100,1818200
20240209,12:32:28,1.55,50,1818200
20240209,12:32:29,1.55,50,1818200
20240209,12:32:30,1.55,200,1818200
20240209,12:32:31,1.55,200,1818200
20240209,12:32:32,1.55,500,1818200
20240209,12:32:33,1.55,50,1818200
20240209,12:32:34,1.55,100,1818200
20240209,12:32:36,1.55,600,1818200
20240209,12:32:37,1.55,250,1818200
20240209,12:32:38,1.55,200,1818200
20240209,12:32:39,1.55,250,1818200
20240209,12:32:40,1.55,300,1818200
20240209,12:32:41,1.55,300,1818200
20240209,12:32:42,1.55,200,1818200
20240209,12:32:43,1.55,50,1818200
20240209,12:32:44,1.55,50,1818200
20240209,12:32:46,1.55,100,1818200
20240209,12:32:47,1.55,1850,1818200
20240209,12:32:48,1.55,50,1818200
20240209,12:32:49,1.55,250,1818200
20240209,12:32:50,1.55,50,1818200
20240209,12:32:51,1.55,50,1818200
20240209,12:32:52,1.55,50,1818200
20240209,12:32:53,1.55,50,1818200
20240209,12:32:54,1.55,50,1818200
20240209,12:32:55,1.55,200,1818200
20240209,12:32:56,1.55,200,1818200
20240209,12:32:57,1.55,200,1818200
20240209,12:32:58,1.55,8700,1818200
20240209,12:32:59,1.55,150,1818200
20240209,12:33:00,1.6,50,1818200
20240209,12:33:01,1.55,150,1818200
20240209,12:33:02,1.6,50,1818200
20240209,12:33:03,1.6,250,1818200
20240209,12:33:04,1.6,200,1818200
20240209,12:33:05,1.55,2000,1818200
20240209,12:33:06,1.6,200,1818200
20240209,12:33:07,1.6,200,1818200
20240209,12:33:12,1.55,20100,1818200
20240209,12:33:13,1.55,250,1818200
20240209,12:33:18,1.5,200,1818200
20240209,12:33:22,1.5,800,1818200
20240209,12:33:23,1.55,100,1818200
20240209,12:33:28,1.55,5000,1818200
20240209,12:33:30,1.5,50,1818200
20240209,12:33:35,1.5,500,1818200
20240209,12:33:37,1.5,50,1818200
20240209,12:33:38,1.5,50,1818200
20240209,12:33:39,1.5,50,1818200
20240209,12:33:40,1.5,200,1818200
20240209,12:33:41,1.5,200,1818200
20240209,12:33:42,1.55,300,1818200
20240209,12:33:43,1.5,700,1818200
20240209,12:33:44,1.5,200,1818200
20240209,12:33:45,1.5,200,1818200
20240209,12:33:47,1.5,1250,1818200
20240209,12:33:48,1.5,200,1818200
20240209,12:33:49,1.5,200,1818200
20240209,12:33:50,1.5,2000,1818200
20240209,12:33:52,1.5,2200,1818200
20240209,12:33:52,1.5,1800,1818200
20240209,12:33:53,1.5,11050,1818200
20240209,12:33:54,1.45,200,1818200
20240209,12:33:55,1.45,200,1818200
20240209,12:33:56,1.45,200,1818200
20240209,12:33:58,1.45,400,1818200
20240209,12:33:59,1.45,200,1818200
20240209,12:34:00,1.45,200,1818200
20240209,12:34:01,1.45,200,1818200
20240209,12:34:03,1.45,400,1818200
20240209,12:34:04,1.45,500,1818200
20240209,12:34:05,1.45,150,1818200
20240209,12:34:06,1.45,150,1818200
20240209,12:34:07,1.45,150,1818200
20240209,12:34:08,1.45,150,1818200
20240209,12:34:09,1.45,150,1818200
20240209,12:34:10,1.45,150,1818200
20240209,12:34:11,1.45,150,1818200
20240209,12:34:12,1.45,150,1818200
20240209,12:34:13,1.45,150,1818200
20240209,12:34:14,1.45,150,1818200
20240209,12:34:15,1.45,150,1818200
20240209,12:34:16,1.5,200,1818200
20240209,12:34:17,1.45,150,1818200
20240209,12:34:18,1.45,150,1818200
20240209,12:34:27,1.5,500,1818200
20240209,12:34:51,1.5,50,1818200
20240209,12:35:10,1.45,150,1823300
20240209,12:35:11,1.45,150,1823300
20240209,12:35:15,1.5,50,1823300
20240209,12:35:32,1.5,50,1823300
20240209,12:35:42,1.45,50,1823300
20240209,12:35:46,1.45,50,1823300
20240209,12:36:14,1.5,1000,1823300
20240209,12:36:17,1.5,35400,1823300
20240209,12:36:20,1.5,500,1823300
20240209,12:36:22,1.5,7400,1823300
20240209,12:37:00,1.5,250,1823300
20240209,12:37:02,1.5,250,1823300
20240209,12:37:20,1.45,100,1823300
20240209,12:37:29,1.5,1050,1823300
20240209,12:37:33,1.45,50,1823300
20240209,12:37:34,1.45,50,1823300
20240209,12:37:36,1.45,50,1823300
20240209,12:37:43,1.5,200,1823300
20240209,12:37:45,1.5,50,1823300
20240209,12:37:47,1.5,200,1823300
20240209,12:37:47,1.5,50,1838300
20240209,12:37:49,1.5,50,1838300
20240209,12:37:51,1.5,300,1838300
20240209,12:37:53,1.5,50,1838300
20240209,12:37:54,1.5,200,1838300
20240209,12:37:55,1.5,100,1838300
20240209,12:37:58,1.5,200,1838300
20240209,12:38:04,1.5,50,1838300
20240209,12:38:05,1.5,50,1838300
20240209,12:38:06,1.5,50,1838300
20240209,12:38:08,1.5,50,1838300
20240209,12:38:09,1.5,100,1838300
20240209,12:38:10,1.45,150,1838300
20240209,12:38:11,1.5,200,1838300
20240209,12:38:14,1.5,50,1838300
20240209,12:38:19,1.5,50,1838300
20240209,12:38:24,1.5,50,1838300
20240209,12:38:31,1.5,50,1838300
20240209,12:38:42,1.5,50,1838300
20240209,12:38:44,1.5,350,1838300
20240209,12:38:47,1.5,50,1838300
20240209,12:38:48,1.5,50,1838300
20240209,12:39:03,1.5,550,1838300
20240209,12:39:04,1.5,150,1838300
20240209,12:39:07,1.5,14350,1838300
20240209,12:39:09,1.5,250,1838300
20240209,12:39:22,1.55,150,1838300
20240209,12:39:26,1.5,1850,1838300
20240209,12:39:27,1.55,350,1838300
20240209,12:39:43,1.5,2100,1838300
20240209,12:39:44,1.5,1800,1838300
20240209,12:39:51,1.55,1200,1838300
20240209,12:39:55,1.5,15200,1838300
20240209,12:40:01,1.45,600,1838300
20240209,12:40:09,1.5,250,1838300
20240209,12:40:17,1.45,100,1838300
20240209,12:40:20,1.45,100,1838300
20240209,12:40:29,1.45,150,1838300
20240209,12:40:30,1.5,400,1838300
20240209,12:40:32,1.5,50,1838300
20240209,12:40:39,1.5,50,1838300
20240209,12:40:42,1.5,50,1838300
20240209,12:40:44,1.5,50,1838300
20240209,12:40:49,1.5,50,1840000
20240209,12:40:53,1.5,50,1840000
20240209,12:40:55,1.5,50,1840000
20240209,12:40:57,1.5,50,1840000
20240209,12:40:59,1.5,200,1840000
20240209,12:41:11,1.5,50,1840000
20240209,12:41:21,1.5,50,1840000
20240209,12:41:24,1.5,50,1840000
20240209,12:41:29,1.45,50,1840000
20240209,12:42:08,1.5,250,1840000
20240209,12:42:18,1.5,50,1840000
20240209,12:42:41,1.5,50,1840000
20240209,12:42:56,1.5,50,1840000
20240209,12:43:20,1.45,50,1840000
20240209,12:43:30,1.45,950,1840000
20240209,12:43:40,1.5,50,1840000
20240209,12:45:11,1.45,1500,1838950
20240209,12:45:32,1.5,50,1838950
20240209,12:46:03,1.45,200,1838950
20240209,12:46:12,1.45,200,1838950
20240209,12:46:14,1.45,200,1838950
20240209,12:46:15,1.45,550,1838950
20240209,12:46:17,1.45,550,1838950
20240209,12:46:19,1.5,50,1838950
20240209,12:46:31,1.45,1000,1838950
20240209,12:46:32,1.5,50,1838950
20240209,12:46:34,1.5,50,1838950
20240209,12:46:46,1.45,50,1838950
20240209,12:46:52,1.5,500,1836000
20240209,12:47:05,1.45,500,1836000
20240209,12:47:10,1.5,200,1836000
20240209,12:48:05,1.5,600,1836000
20240209,12:48:06,1.45,900,1836000
20240209,12:48:15,1.45,1800,1836000
20240209,12:48:22,1.45,1200,1836000
20240209,12:48:23,1.5,50,1836000
20240209,12:48:28,1.45,200,1836000
20240209,12:48:30,1.45,550,1836000
20240209,12:48:34,1.5,50,1836000
20240209,12:48:46,1.45,250,1836000
20240209,12:48:53,1.5,250,1836000
20240209,12:48:57,1.5,250,1836000
20240209,12:48:58,1.5,250,1836000
20240209,12:48:59,1.5,300,1836000
20240209,12:49:00,1.5,300,1836000
20240209,12:49:01,1.5,550,1836000
20240209,12:49:02,1.5,850,1836000
20240209,12:49:18,1.5,50,1836000
20240209,12:49:19,1.5,50,1836000
20240209,12:49:20,1.5,50,1836000
20240209,12:49:21,1.5,400,1836000
20240209,12:49:22,1.5,300,1836000
20240209,12:49:23,1.5,50,1836000
20240209,12:49:24,1.5,100,1836000
20240209,12:49:25,1.5,150,1836000
20240209,12:49:26,1.5,150,1836000
20240209,12:49:27,1.5,10400,1836000
20240209,12:49:28,1.55,50,1836000
20240209,12:49:29,1.55,200,1836000
20240209,12:49:30,1.55,150,1836000
20240209,12:49:31,1.55,150,1836000
20240209,12:49:32,1.55,50,1836000
20240209,12:49:33,1.55,50,1836000
20240209,12:49:34,1.55,50,1836000
20240209,12:49:35,1.55,50,1836000
20240209,12:49:36,1.55,50,1836000
20240209,12:49:37,1.5,900,1836000
20240209,12:49:38,1.55,150,1836000
20240209,12:49:39,1.55,150,1836000
20240209,12:49:41,1.55,50,1836000
20240209,12:49:42,1.55,50,1836000
20240209,12:49:43,1.55,50,1836000
20240209,12:49:44,1.55,50,1836000
20240209,12:49:45,1.55,150,1836000
20240209,12:49:46,1.55,150,1836000
20240209,12:49:47,1.55,150,1836000
20240209,12:49:49,1.55,50,1839650
20240209,12:49:50,1.55,50,1839650
20240209,12:49:51,1.55,50,1839650
20240209,12:49:52,1.55,50,1839650
20240209,12:49:53,1.55,50,1839650
20240209,12:49:54,1.55,150,1839650
20240209,12:49:55,1.55,150,1839650
20240209,12:49:56,1.55,200,1839650
20240209,12:49:57,1.55,6000,1839650
20240209,12:49:58,1.55,450,1839650
20240209,12:49:59,1.55,50,1839650
20240209,12:50:00,1.55,50,1839650
20240209,12:50:01,1.55,50,1839650
20240209,12:50:02,1.55,50,1839650
20240209,12:50:03,1.55,50,1839650
20240209,12:50:04,1.55,50,1839650
20240209,12:50:05,1.55,50,1839650
20240209,12:50:06,1.55,50,1839650
20240209,12:50:07,1.55,50,1839650
20240209,12:50:08,1.55,50,1839650
20240209,12:50:09,1.55,50,1839650
20240209,12:50:10,1.55,100,1839650
20240209,12:50:11,1.55,50,1839650
20240209,12:50:12,1.55,50,1839650
20240209,12:50:13,1.55,50,1839650
20240209,12:50:14,1.55,50,1839650
20240209,12:50:15,1.55,250,1839650
20240209,12:50:16,1.55,200,1839650
20240209,12:50:17,1.55,200,1839650
20240209,12:50:18,1.55,200,1839650
20240209,12:50:19,1.55,50,1839650
20240209,12:50:20,1.55,200,1839650
20240209,12:50:21,1.6,5950,1839650
20240209,12:50:22,1.6,200,1839650
20240209,12:50:23,1.6,200,1839650
20240209,12:50:24,1.6,200,1839650
20240209,12:50:25,1.6,3850,1839650
20240209,12:50:26,1.6,200,1839650
20240209,12:50:31,1.6,50,1839650
20240209,12:50:36,1.6,50,1839650
20240209,12:50:41,1.55,50,1839650
20240209,12:50:59,1.6,100,1839650
20240209,12:51:00,1.6,50,1839650
20240209,12:51:01,1.6,50,1839650
20240209,12:51:02,1.6,50,1839650
20240209,12:51:09,1.6,50,1839650
20240209,12:51:10,1.6,50,1839650
20240209,12:51:22,1.6,50,1839650
20240209,12:51:23,1.6,50,1839650
20240209,12:51:24,1.6,50,1839650
20240209,12:51:25,1.6,50,1839650
20240209,12:51:27,1.6,50,1839650
20240209,12:51:31,1.6,50,1839650
20240209,12:51:39,1.6,50,1839650
20240209,12:51:40,1.6,50,1839650
20240209,12:51:42,1.6,50,1839650
20240209,12:51:43,1.6,50,1839650
20240209,12:51:59,1.6,100,1839650
20240209,12:52:00,1.6,50,1839650
20240209,12:52:01,1.6,50,1839650
20240209,12:52:02,1.6,50,1839650
20240209,12:52:03,1.6,50,1839650
20240209,12:52:04,1.6,50,1839650
20240209,12:52:05,1.6,50,1839650
20240209,12:52:06,1.6,50,1839650
20240209,12:52:07,1.6,50,1839650
20240209,12:52:08,1.6,50,1839650
20240209,12:52:09,1.6,50,1839650
20240209,12:52:10,1.6,50,1839650
20240209,12:52:11,1.6,50,1839650
20240209,12:52:12,1.6,50,1839650
20240209,12:52:13,1.6,200,1839650
20240209,12:52:14,1.6,200,1839650
20240209,12:52:20,1.6,50,1839650
20240209,12:52:40,1.6,50,1839650
20240209,12:52:41,1.6,50,1839650
20240209,12:52:42,1.6,50,1839650
20240209,12:52:43,1.6,50,1839650
20240209,12:52:44,1.6,50,1839650
20240209,12:52:46,1.6,50,1839650
20240209,12:52:56,1.6,50,1845000
20240209,12:52:58,1.6,100,1845000
20240209,12:53:00,1.6,50,1845000
20240209,12:53:01,1.6,50,1845000
20240209,12:53:07,1.6,50,1845000
20240209,12:53:08,1.6,50,1845000
20240209,12:53:09,1.6,50,1845000
20240209,12:53:10,1.6,50,1845000
20240209,12:53:11,1.6,50,1845000
20240209,12:53:12,1.6,200,1845000
20240209,12:53:13,1.6,200,1845000
20240209,12:53:14,1.6,200,1845000
20240209,12:53:19,1.55,250,1845000
20240209,12:53:20,1.55,250,1845000
20240209,12:53:22,1.6,50,1845000
20240209,12:53:23,1.6,50,1845000
20240209,12:53:24,1.6,50,1845000
20240209,12:53:25,1.6,50,1845000
20240209,12:53:26,1.6,50,1845000
20240209,12:53:27,1.6,50,1845000
20240209,12:53:28,1.6,50,1845000
20240209,12:53:58,1.6,200,1845000
20240209,12:54:08,1.55,24650,1845000
20240209,12:54:10,1.55,50,1845000
20240209,12:54:11,1.55,100,1845000
20240209,12:54:25,1.55,2000,1845000
20240209,12:54:27,1.55,1800,1845000
20240209,12:54:28,1.5,150,1845000
20240209,12:54:30,1.55,1800,1845000
20240209,12:54:39,1.5,1800,1845000
20240209,12:54:42,1.55,1800,1845000
20240209,12:54:45,1.55,1800,1845000
20240209,12:54:47,1.55,50,1845000
20240209,12:54:47,1.55,1800,1845000
20240209,12:55:01,1.55,1800,1845000
20240209,12:55:03,1.55,1800,1845000
20240209,12:55:04,1.5,1800,1845000
20240209,12:55:13,1.55,1850,1845000
20240209,12:55:16,1.55,1800,1845000
20240209,12:55:25,1.55,1000,1845000
20240209,12:55:27,1.55,1800,1845000
20240209,12:55:29,1.55,50,1845000
20240209,12:55:30,1.55,1800,1845000
20240209,12:55:46,1.55,250,1845000
20240209,12:55:50,1.55,1800,1833100
20240209,12:55:52,1.55,50,1833100
20240209,12:55:52,1.55,1800,1833100
20240209,12:55:55,1.55,1800,1833100
20240209,12:55:57,1.55,1800,1833100
20240209,12:55:59,1.55,1600,1833100
20240209,12:56:42,1.55,1850,1833100
20240209,12:56:44,1.6,50,1833100
20240209,12:56:45,1.6,350,1833100
20240209,12:56:46,1.6,50,1833100
20240209,12:56:47,1.6,200,1833100
20240209,12:56:49,1.6,50,1833100
20240209,12:56:50,1.6,50,1833100
20240209,12:56:51,1.6,50,1833100
20240209,12:56:53,1.6,300,1833100
20240209,12:56:56,1.6,200,1833100
20240209,12:56:59,1.55,500,1833100
20240209,12:57:02,1.6,50,1833100
20240209,12:57:04,1.6,50,1833100
20240209,12:57:08,1.6,50,1833100
20240209,12:57:09,1.6,50,1833100
20240209,12:57:11,1.6,50,1833100
20240209,12:57:12,1.6,50,1833100
20240209,12:57:13,1.6,50,1833100
20240209,12:57:14,1.6,50,1833100
20240209,12:57:14,1.55,1000,1833100
20240209,12:57:33,1.55,18300,1833100
20240209,12:57:34,1.55,50,1833100
20240209,12:57:53,1.55,1800,1833100
20240209,12:57:56,1.55,1800,1833100
20240209,12:57:57,1.55,600,1833100
20240209,12:57:58,1.5,550,1833100
20240209,12:57:59,1.5,200,1833100
20240209,12:58:00,1.5,700,1833100
20240209,12:58:04,1.5,500,1833100
20240209,12:58:20,1.5,2400,1833100
20240209,12:58:24,1.55,50,1833100
20240209,12:58:28,1.55,1800,1833100
20240209,12:58:30,1.55,1800,1833100
20240209,12:58:36,1.5,50,1833100
20240209,12:58:45,1.55,1800,1833100
20240209,12:58:48,1.5,100,1833100
20240209,12:58:55,1.5,50,1833100
20240209,12:58:56,1.5,50,1829200
20240209,12:58:57,1.5,50,1829200
20240209,12:58:58,1.5,50,1829200
20240209,12:58:59,1.5,50,1829200
20240209,12:59:00,1.5,50,1829200
20240209,12:59:25,1.5,450,1829200
20240209,12:59:41,1.5,500,1829200
20240209,12:59:42,1.5,50,1829200
20240209,12:59:46,1.5,500,1829200
20240209,12:59:49,1.5,50,1829200
20240209,12:59:56,1.5,50,1829200
20240209,12:59:57,1.5,50,1829200
20240209,12:59:58,1.5,50,1829200
20240209,12:59:59,1.5,50,1829200
20240209,13:00:00,1.5,50,1829200
20240209,13:00:01,1.5,50,1829200
20240209,13:00:02,1.5,200,1829200
20240209,13:00:03,1.5,200,1829200
20240209,13:00:04,1.5,200,1829200
20240209,13:00:05,1.5,200,1829200
20240209,13:00:08,1.5,100,1829200
20240209,13:00:13,1.5,50,1829200
20240209,13:00:14,1.5,50,1829200
20240209,13:00:15,1.5,50,1829200
20240209,13:00:16,1.5,50,1829200
20240209,13:00:17,1.5,50,1829200
20240209,13:00:18,1.5,50,1829200
20240209,13:00:19,1.5,50,1829200
20240209,13:00:20,1.5,50,1829200
20240209,13:00:21,1.5,50,1829200
20240209,13:00:22,1.5,200,1829200
20240209,13:00:23,1.5,200,1829200
20240209,13:00:24,1.5,200,1829200
20240209,13:00:25,1.5,50,1829200
20240209,13:00:27,1.5,50,1829200
20240209,13:00:28,1.5,50,1829200
20240209,13:00:29,1.5,50,1829200
20240209,13:00:30,1.5,50,1829200
20240209,13:00:31,1.5,50,1829200
20240209,13:00:32,1.5,200,1829200
20240209,13:00:33,1.5,200,1829200
20240209,13:00:34,1.55,250,1829200
20240209,13:00:35,1.5,200,1829200
20240209,13:00:36,1.5,200,1829200
20240209,13:00:37,1.5,300,1829200
20240209,13:00:38,1.5,250,1829200
20240209,13:00:39,1.5,200,1829200
20240209,13:00:40,1.5,200,1829200
20240209,13:00:41,1.5,200,1829200
20240209,13:00:42,1.5,50,1829200
20240209,13:00:43,1.5,50,1829200
20240209,13:00:44,1.5,50,1829200
20240209,13:00:45,1.5,50,1829200
20240209,13:00:46,1.5,50,1829200
20240209,13:00:47,1.5,50,1829200
20240209,13:00:48,1.5,50,1829200
20240209,13:00:50,1.55,50,1829200
20240209,13:01:02,1.55,50,1829200
20240209,13:01:03,1.5,50,1829200
20240209,13:01:07,1.5,300,1829200
20240209,13:01:11,1.55,50,1829200
20240209,13:01:12,1.5,50,1829200
20240209,13:01:13,1.5,350,1829200
20240209,13:01:14,1.5,50,1829200
20240209,13:01:15,1.5,50,1829200
20240209,13:01:16,1.5,50,1829200
20240209,13:01:17,1.5,50,1829200
20240209,13:01:18,1.5,350,1829200
20240209,13:01:19,1.5,50,1829200
20240209,13:01:20,1.5,50,1829200
20240209,13:01:22,1.5,300,1829200
20240209,13:01:25,1.5,300,1829200
20240209,13:01:30,1.5,300,1829200
20240209,13:01:32,1.5,300,1829200
20240209,13:01:36,1.5,50,1829200
20240209,13:01:37,1.5,250,1829200
20240209,13:01:40,1.5,250,1829200
20240209,13:01:40,1.5,50,1829200
20240209,13:01:41,1.5,900,1829200
20240209,13:01:44,1.5,50,1829200
20240209,13:01:48,1.5,250,1829200
20240209,13:02:19,1.5,250,1829200
20240209,13:02:23,1.5,50,1826850
20240209,13:02:25,1.5,100,1826850
20240209,13:02:39,1.5,250,1826850
20240209,13:02:40,1.5,300,1826850
20240209,13:02:50,1.5,50,1826850
20240209,13:02:52,1.5,1800,1826850
20240209,13:02:55,1.55,350,1826850
20240209,13:02:58,1.5,50,1826850
20240209,13:02:59,1.55,300,1826850
20240209,13:03:05,1.55,50,1826850
20240209,13:03:13,1.5,100,1826850
20240209,13:03:18,1.5,200,1826850
20240209,13:03:20,1.5,250,1826850
20240209,13:03:21,1.5,250,1826850
20240209,13:03:22,1.5,250,1826850
20240209,13:03:23,1.5,250,1826850
20240209,13:03:29,1.5,250,1826850
20240209,13:03:32,1.5,250,1826850
20240209,13:03:35,1.5,250,1826850
20240209,13:04:00,1.55,150,1826850
20240209,13:04:18,1.55,50,1826850
20240209,13:04:19,1.55,50,1826850
20240209,13:04:20,1.55,50,1826850
20240209,13:04:21,1.5,500,1826850
20240209,13:04:22,1.55,50,1826850
20240209,13:04:23,1.55,50,1826850
20240209,13:04:24,1.55,50,1826850
20240209,13:04:25,1.55,50,1826850
20240209,13:04:26,1.55,50,1826850
20240209,13:04:27,1.55,200,1826850
20240209,13:04:28,1.55,200,1826850
20240209,13:04:29,1.55,200,1826850
20240209,13:04:30,1.55,50,1826850
20240209,13:04:31,1.55,50,1826850
20240209,13:04:32,1.55,50,1826850
20240209,13:04:33,1.55,50,1826850
20240209,13:04:34,1.55,50,1826850
20240209,13:04:35,1.55,50,1826850
20240209,13:04:36,1.55,50,1826850
20240209,13:04:37,1.55,50,1826850
20240209,13:04:38,1.55,50,1826850
20240209,13:04:39,1.55,50,1826850
20240209,13:04:40,1.55,50,1826850
20240209,13:04:41,1.55,50,1826850
20240209,13:04:42,1.55,200,1826850
20240209,13:04:43,1.55,200,1826850
20240209,13:04:44,1.55,200,1826850
20240209,13:04:53,1.55,50,1826850
20240209,13:04:54,1.55,50,1829700
20240209,13:04:55,1.55,50,1829700
20240209,13:04:56,1.55,50,1829700
20240209,13:04:57,1.55,50,1829700
20240209,13:04:58,1.55,50,1829700
20240209,13:04:59,1.55,50,1829700
20240209,13:05:00,1.55,50,1829700
20240209,13:05:01,1.55,50,1829700
20240209,13:05:02,1.55,50,1829700
20240209,13:05:03,1.55,50,1829700
20240209,13:05:04,1.55,50,1829700
20240209,13:05:06,1.5,150,1829700
20240209,13:05:14,1.5,500,1829700
20240209,13:05:29,1.55,50,1829700
20240209,13:05:35,1.55,1800,1829700
20240209,13:05:44,1.55,1000,1829700
20240209,13:06:01,1.5,1000,1829700
20240209,13:06:13,1.55,50,1829700
20240209,13:06:15,1.55,50,1829700
20240209,13:06:16,1.55,50,1829700
20240209,13:06:17,1.55,200,1829700
20240209,13:06:18,1.55,200,1829700
20240209,13:06:19,1.55,200,1829700
20240209,13:06:20,1.55,50,1829700
20240209,13:06:21,1.55,50,1829700
20240209,13:06:22,1.55,50,1829700
20240209,13:06:23,1.55,50,1829700
20240209,13:06:25,1.55,100,1829700
20240209,13:06:26,1.55,50,1829700
20240209,13:06:27,1.55,200,1829700
20240209,13:06:28,1.55,200,1829700
20240209,13:06:30,1.55,200,1829700
20240209,13:06:40,1.55,50,1829700
20240209,13:06:41,1.55,50,1829700
20240209,13:06:42,1.55,50,1829700
20240209,13:06:43,1.55,50,1829700
20240209,13:06:51,1.55,350,1829700
20240209,13:06:55,1.5,1800,1829700
20240209,13:06:55,1.5,300,1829700
20240209,13:06:56,1.5,1800,1829700
20240209,13:06:57,1.5,1800,1829700
20240209,13:06:59,1.55,3650,1829700
20240209,13:06:59,1.5,1800,1829700
20240209,13:07:00,1.5,1800,1829700
20240209,13:07:01,1.5,3800,1829700
20240209,13:07:02,1.5,1800,1829700
20240209,13:07:03,1.5,1800,1829700
20240209,13:07:04,1.5,1800,1829700
20240209,13:07:05,1.5,3450,1829700
20240209,13:07:06,1.5,3600,1829700
20240209,13:07:07,1.5,1800,1829700
20240209,13:07:08,1.5,1800,1829700
20240209,13:07:11,1.5,1800,1829700
20240209,13:07:12,1.5,1800,1829700
20240209,13:07:14,1.5,1800,1829700
20240209,13:07:15,1.5,1800,1829700
20240209,13:07:26,1.5,50,1829700
20240209,13:07:30,1.55,250,1829700
20240209,13:07:39,1.5,9100,1829700
20240209,13:07:39,1.5,100,1829700
20240209,13:07:40,1.45,50,1829700
20240209,13:07:53,1.45,350,1835900
20240209,13:07:54,1.5,50,1835900
20240209,13:07:55,1.55,17100,1835900
20240209,13:07:56,1.5,250,1835900
20240209,13:07:57,1.5,100,1835900
20240209,13:08:00,1.55,50,1835900
20240209,13:08:02,1.55,100,1835900
20240209,13:08:04,1.5,300,1835900
20240209,13:08:05,1.5,300,1835900
20240209,13:08:16,1.5,150,1835900
20240209,13:08:18,1.5,150,1835900
20240209,13:08:39,1.5,300,1835900
20240209,13:08:40,1.5,500,1835900
20240209,13:08:41,1.5,500,1835900
20240209,13:09:02,1.5,2000,1835900
20240209,13:09:07,1.5,900,1835900
20240209,13:09:12,1.5,900,1835900
20240209,13:09:16,1.5,850,1835900
20240209,13:09:18,1.5,900,1835900
20240209,13:09:27,1.5,50,1835900
20240209,13:09:32,1.5,200,1835900
20240209,13:09:35,1.5,200,1835900
20240209,13:09:48,1.5,100,1835900
20240209,13:10:06,1.55,1000,1835900
20240209,13:10:31,1.55,50,1835900
20240209,13:10:57,1.5,100,1836800
20240209,13:10:58,1.5,100,1836800
20240209,13:10:59,1.5,100,1836800
20240209,13:11:00,1.5,100,1836800
20240209,13:11:01,1.5,1900,1836800
20240209,13:11:13,1.5,100,1836800
20240209,13:11:15,1.5,100,1836800
20240209,13:11:16,1.5,100,1836800
20240209,13:11:17,1.5,50,1836800
20240209,13:11:24,1.5,50,1836800
20240209,13:11:31,1.55,1000,1836800
20240209,13:11:52,1.55,100,1836800
20240209,13:11:58,1.55,500,1836800
20240209,13:11:59,1.55,500,1836800
20240209,13:12:17,1.5,50,1836800
20240209,13:12:19,1.5,50,1836800
20240209,13:12:20,1.5,300,1836800
20240209,13:12:21,1.5,300,1836800
20240209,13:12:22,1.55,100,1836800
20240209,13:12:23,1.5,50,1836800
20240209,13:12:24,1.5,50,1836800
20240209,13:12:25,1.5,50,1836800
20240209,13:12:26,1.5,50,1836800
20240209,13:12:42,1.5,50,1836800
20240209,13:12:43,1.5,300,1836800
20240209,13:12:44,1.5,300,1836800
20240209,13:12:45,1.5,300,1836800
20240209,13:12:47,1.5,150,1836800
20240209,13:12:47,1.55,1000,1836800
20240209,13:12:56,1.5,1850,1836800
20240209,13:12:58,1.5,1800,1836800
20240209,13:13:00,1.5,12100,1836800
20240209,13:13:00,1.5,50,1836800
20240209,13:13:01,1.5,50,1836800
20240209,13:13:02,1.5,50,1836800
20240209,13:13:03,1.45,100,1836800
20240209,13:13:04,1.5,1000,1836800
20240209,13:13:06,1.45,50,1836800
20240209,13:13:07,1.5,1000,1836800
20240209,13:13:11,1.5,12150,1836800
20240209,13:13:12,1.5,50,1836800
20240209,13:13:13,1.5,50,1836800
20240209,13:13:14,1.5,1800,1836800
20240209,13:13:19,1.55,1000,1836800
20240209,13:13:19,1.5,100,1836800
20240209,13:13:27,1.5,50,1836800
20240209,13:13:49,1.5,8200,1836800
20240209,13:13:52,1.5,50,1831900
20240209,13:14:13,1.45,350,1831900
20240209,13:14:28,1.5,250,1831900
20240209,13:14:29,1.45,1100,1831900
20240209,13:14:39,1.45,50,1831900
20240209,13:14:40,1.45,200,1831900
20240209,13:14:41,1.45,50,1831900
20240209,13:14:42,1.45,50,1831900
20240209,13:14:43,1.45,50,1831900
20240209,13:14:44,1.45,50,1831900
20240209,13:14:45,1.45,50,1831900
20240209,13:14:46,1.45,200,1831900
20240209,13:14:47,1.45,200,1831900
20240209,13:14:49,1.45,250,1831900
20240209,13:14:50,1.45,50,1831900
20240209,13:14:51,1.45,50,1831900
20240209,13:14:52,1.45,50,1831900
20240209,13:14:53,1.45,50,1831900
20240209,13:14:54,1.45,50,1831900
20240209,13:14:55,1.45,100,1831900
20240209,13:14:56,1.45,100,1831900
20240209,13:14:58,1.45,400,1831900
20240209,13:14:59,1.45,200,1831900
20240209,13:15:01,1.45,50,1831900
20240209,13:15:02,1.45,50,1831900
20240209,13:15:03,1.45,50,1831900
20240209,13:15:04,1.45,200,1831900
20240209,13:15:05,1.45,200,1831900
20240209,13:15:06,1.45,200,1831900
20240209,13:15:07,1.45,50,1831900
20240209,13:15:08,1.45,50,1831900
20240209,13:15:09,1.45,50,1831900
20240209,13:15:10,1.45,50,1831900
20240209,13:15:11,1.45,50,1831900
20240209,13:15:12,1.45,50,1831900
20240209,13:15:13,1.45,50,1831900
20240209,13:15:14,1.45,200,1831900
20240209,13:15:15,1.45,50,1831900
20240209,13:15:16,1.45,50,1831900
20240209,13:15:17,1.45,50,1831900
20240209,13:15:18,1.45,50,1831900
20240209,13:15:19,1.45,50,1831900
20240209,13:15:20,1.45,1800,1831900
20240209,13:15:21,1.45,50,1831900
20240209,13:15:22,1.45,50,1831900
20240209,13:15:23,1.45,100,1831900
20240209,13:15:24,1.45,100,1831900
20240209,13:15:25,1.45,50,1831900
20240209,13:15:26,1.45,300,1831900
20240209,13:15:27,1.45,50,1831900
20240209,13:15:28,1.45,50,1831900
20240209,13:15:29,1.45,50,1831900
20240209,13:15:30,1.45,100,1831900
20240209,13:15:31,1.45,300,1831900
20240209,13:15:32,1.45,200,1831900
20240209,13:15:33,1.45,250,1831900
20240209,13:15:46,1.5,1800,1831900
20240209,13:15:47,1.45,50,1831900
20240209,13:15:48,1.45,1850,1831900
20240209,13:15:49,1.5,1850,1831900
20240209,13:15:50,1.5,1850,1831900
20240209,13:15:51,1.5,1800,1831900
20240209,13:15:57,1.45,50,1831900
20240209,13:15:58,1.45,50,1831900
20240209,13:15:59,1.45,50,1831900
20240209,13:16:01,1.45,100,1831900
20240209,13:16:04,1.45,50,1831900
20240209,13:16:06,1.45,50,1831900
20240209,13:16:07,1.45,50,1831900
20240209,13:16:08,1.45,50,1831900
20240209,13:16:09,1.45,50,1831900
20240209,13:16:10,1.45,50,1831900
20240209,13:16:11,1.45,50,1831900
20240209,13:16:34,1.45,50,1831900
20240209,13:16:35,1.45,50,1831900
20240209,13:16:36,1.45,50,1831900
20240209,13:16:50,1.5,850,1831900
20240209,13:17:03,1.45,2000,1842500
20240209,13:17:07,1.45,2000,1842500
20240209,13:17:09,1.45,50,1842500
20240209,13:17:11,1.45,2300,1842500
20240209,13:17:12,1.45,50,1842500
20240209,13:17:13,1.45,50,1842500
20240209,13:17:14,1.45,50,1842500
20240209,13:17:15,1.45,10250,1842500
20240209,13:17:16,1.4,50,1842500
20240209,13:17:17,1.4,50,1842500
20240209,13:17:18,1.4,50,1842500
20240209,13:17:19,1.4,150,1842500
20240209,13:17:20,1.4,50,1842500
20240209,13:17:21,1.4,50,1842500
20240209,13:17:22,1.4,50,1842500
20240209,13:17:23,1.4,50,1842500
20240209,13:17:24,1.4,50,1842500
20240209,13:17:26,1.4,100,1842500
20240209,13:17:27,1.4,200,1842500
20240209,13:17:28,1.4,200,1842500
20240209,13:17:44,1.4,200,1842500
20240209,13:18:16,1.45,19750,1842500
20240209,13:18:25,1.45,250,1842500
20240209,13:18:29,1.45,1000,1842500
20240209,13:18:43,1.5,50,1842500
20240209,13:18:54,1.5,50,1842500
20240209,13:18:58,1.45,50,1842500
20240209,13:19:03,1.45,1200,1842500
20240209,13:19:04,1.5,1000,1842500
20240209,13:19:05,1.5,1800,1842500
20240209,13:19:07,1.5,1800,1842500
20240209,13:19:15,1.5,50,1842500
20240209,13:19:19,1.5,500,1842500
20240209,13:19:21,1.45,50,1842500
20240209,13:19:22,1.45,350,1842500
20240209,13:19:23,1.45,50,1842500
20240209,13:19:24,1.45,50,1842500
20240209,13:19:25,1.45,50,1842500
20240209,13:19:26,1.45,100,1842500
20240209,13:19:27,1.45,100,1842500
20240209,13:19:28,1.45,50,1842500
20240209,13:19:29,1.5,300,1842500
20240209,13:19:30,1.45,100,1842500
20240209,13:19:32,1.45,600,1842500
20240209,13:19:33,1.45,200,1842500
20240209,13:19:34,1.45,200,1842500
20240209,13:19:35,1.45,50,1842500
20240209,13:19:36,1.45,150,1842500
20240209,13:19:37,1.45,50,1842500
20240209,13:19:38,1.45,50,1842500
20240209,13:19:39,1.45,400,1842500
20240209,13:19:40,1.45,50,1842500
20240209,13:19:41,1.45,50,1842500
20240209,13:19:42,1.45,100,1842500
20240209,13:19:43,1.45,550,1842500
20240209,13:19:44,1.45,200,1842500
20240209,13:19:45,1.45,900,1842500
20240209,13:19:46,1.45,50,1842500
20240209,13:19:47,1.45,150,1842500
20240209,13:19:49,1.45,350,1842500
20240209,13:19:57,1.4,100,1842500
20240209,13:19:58,1.45,150,1843900
20240209,13:19:59,1.4,600,1843900
20240209,13:20:00,1.4,200,1843900
20240209,13:20:01,1.45,300,1843900
20240209,13:20:03,1.45,50,1843900
20240209,13:20:13,1.45,300,1843900
20240209,13:20:23,1.45,50,1843900
20240209,13:20:27,1.45,50,1843900
20240209,13:20:29,1.45,200,1843900
20240209,13:20:31,1.45,50,1843900
20240209,13:20:34,1.45,200,1843900
20240209,13:20:48,1.4,50,1843900
20240209,13:20:49,1.45,50,1843900
20240209,13:20:50,1.45,50,1843900
20240209,13:20:52,1.45,50,1843900
20240209,13:20:54,1.45,50,1843900
20240209,13:20:55,1.45,50,1843900
20240209,13:21:01,1.45,50,1843900
20240209,13:21:02,1.45,100,1843900
20240209,13:21:12,1.45,600,1843900
20240209,13:21:13,1.45,50,1843900
20240209,13:21:17,1.45,200,1843900
20240209,13:21:21,1.45,350,1843900
20240209,13:21:37,1.45,50,1843900
20240209,13:21:38,1.45,50,1843900
20240209,13:21:39,1.45,50,1843900
20240209,13:21:40,1.45,50,1843900
20240209,13:21:41,1.45,50,1843900
20240209,13:21:42,1.45,50,1843900
20240209,13:21:43,1.45,50,1843900
20240209,13:21:44,1.45,50,1843900
20240209,13:21:45,1.45,50,1843900
20240209,13:21:46,1.45,50,1843900
20240209,13:21:47,1.45,50,1843900
20240209,13:21:48,1.45,50,1843900
20240209,13:21:49,1.45,50,1843900
20240209,13:21:50,1.45,50,1843900
20240209,13:21:51,1.45,50,1843900
20240209,13:21:52,1.45,50,1843900
20240209,13:21:53,1.45,50,1843900
20240209,13:21:54,1.45,50,1843900
20240209,13:21:55,1.45,50,1843900
20240209,13:21:56,1.45,50,1843900
20240209,13:21:57,1.45,50,1843900
20240209,13:21:58,1.45,50,1843900
20240209,13:21:59,1.45,50,1843900
20240209,13:22:00,1.45,50,1843900
20240209,13:22:01,1.45,50,1843900
20240209,13:22:02,1.45,50,1843900
20240209,13:22:03,1.45,50,1843900
20240209,13:22:04,1.45,50,1843900
20240209,13:22:05,1.45,50,1843900
20240209,13:22:06,1.45,50,1843900
20240209,13:22:07,1.45,50,1843900
20240209,13:22:08,1.45,50,1843900
20240209,13:22:09,1.45,50,1843900
20240209,13:22:10,1.45,50,1843900
20240209,13:22:11,1.45,100,1843900
20240209,13:22:12,1.45,50,1843900
20240209,13:22:15,1.45,50,1843900
20240209,13:22:16,1.45,50,1843900
20240209,13:22:18,1.45,500,1843900
20240209,13:22:23,1.45,50,1843900
20240209,13:22:25,1.45,50,1843900
20240209,13:22:26,1.45,50,1843900
20240209,13:22:28,1.45,50,1843900
20240209,13:22:28,1.4,300,1843900
20240209,13:22:29,1.45,50,1843900
20240209,13:22:38,1.45,50,1843900
20240209,13:22:39,1.45,50,1843900
20240209,13:22:41,1.45,50,1843900
20240209,13:22:45,1.4,1300,1843900
20240209,13:23:03,1.45,50,1843900
20240209,13:23:05,1.45,50,1844950
20240209,13:23:10,1.4,300,1844950
20240209,13:23:14,1.45,500,1844950
20240209,13:23:17,1.45,50,1844950
20240209,13:23:18,1.4,50,1844950
20240209,13:23:21,1.4,50,1844950
20240209,13:23:23,1.4,50,1844950
20240209,13:23:27,1.4,100,1844950
20240209,13:23:32,1.45,50,1844950
20240209,13:23:33,1.45,150,1844950
20240209,13:23:34,1.45,50,1844950
20240209,13:23:35,1.45,50,1844950
20240209,13:23:36,1.45,50,1844950
20240209,13:23:37,1.45,50,1844950
20240209,13:23:38,1.45,50,1844950
20240209,13:23:39,1.45,100,1844950
20240209,13:23:40,1.45,50,1844950
20240209,13:23:41,1.45,100,1844950
20240209,13:23:42,1.45,50,1844950
20240209,13:23:43,1.45,50,1844950
20240209,13:23:45,1.45,50,1844950
20240209,13:23:46,1.4,100,1844950
20240209,13:23:47,1.45,50,1844950
20240209,13:23:48,1.4,950,1844950
20240209,13:23:52,1.4,50,1844950
20240209,13:24:00,1.45,500,1844950
20240209,13:24:36,1.4,50,1844950
20240209,13:24:48,1.4,50,1844950
20240209,13:24:49,1.4,50,1844950
20240209,13:25:28,1.45,50,1844950
20240209,13:25:31,1.45,1000,1844950
20240209,13:25:37,1.45,1000,1844950
20240209,13:25:44,1.45,1000,1844950
20240209,13:26:05,1.45,300,1849650
20240209,13:26:51,1.4,200,1849650
20240209,13:26:53,1.4,550,1849650
20240209,13:26:55,1.4,200,1849650
20240209,13:27:00,1.4,200,1849650
20240209,13:27:00,1.4,1850,1849650
20240209,13:27:02,1.4,550,1849650
20240209,13:27:02,1.4,250,1849650
20240209,13:27:03,1.4,250,1849650
20240209,13:27:04,1.4,2800,1849650
20240209,13:27:06,1.4,2350,1849650
20240209,13:27:07,1.4,50,1849650
20240209,13:27:07,1.4,1800,1849650
20240209,13:27:08,1.4,1800,1849650
20240209,13:27:09,1.4,200,1849650
20240209,13:27:11,1.4,200,1849650
20240209,13:27:12,1.4,100,1849650
20240209,13:27:21,1.4,100,1849650
20240209,13:27:25,1.4,2650,1849650
20240209,13:27:35,1.4,1500,1849650
20240209,13:27:43,1.45,150,1849650
20240209,13:27:45,1.4,150,1849650
20240209,13:27:47,1.45,1500,1849650
20240209,13:27:48,1.45,750,1849650
20240209,13:27:51,1.4,550,1849650
20240209,13:27:55,1.4,250,1849650
20240209,13:28:00,1.4,200,1849650
20240209,13:28:00,1.4,250,1849650
20240209,13:28:06,1.45,250,1849650
20240209,13:28:14,1.45,400,1849650
20240209,13:28:15,1.4,1500,1849650
20240209,13:28:16,1.4,50,1849650
20240209,13:28:19,1.4,100,1849650
20240209,13:28:22,1.4,250,1849650
20240209,13:28:24,1.4,250,1849650
20240209,13:28:24,1.4,50,1849650
20240209,13:28:25,1.4,400,1849650
20240209,13:28:27,1.4,100,1849650
20240209,13:28:32,1.4,50,1849650
20240209,13:28:41,1.4,100,1849650
20240209,13:28:52,1.45,50,1849650
20240209,13:30:19,1.4,250,1854750
20240209,13:30:21,1.45,600,1854750
20240209,13:30:32,1.45,100,1854750
20240209,13:31:23,1.4,250,1854750
20240209,13:31:35,1.4,250,1854750
20240209,13:31:40,1.4,50,1854750
20240209,13:31:49,1.45,200,1854750
20240209,13:32:09,1.45,50,1854750
20240209,13:32:11,1.45,50,1854750
20240209,13:32:12,1.45,50,1854750
20240209,13:32:14,1.45,350,1854750
20240209,13:32:16,1.45,50,1854750
20240209,13:32:17,1.4,550,1854750
20240209,13:32:19,1.45,300,1854750
20240209,13:32:25,1.45,50,1854750
20240209,13:32:27,1.45,350,1854750
20240209,13:32:29,1.45,400,1854750
20240209,13:32:30,1.45,150,1854750
20240209,13:32:32,1.45,900,1854750
20240209,13:32:34,1.45,850,1854750
20240209,13:32:36,1.45,550,1854750
20240209,13:32:38,1.45,200,1854750
20240209,13:32:39,1.45,200,1854750
20240209,13:32:41,1.45,200,1854750
20240209,13:32:43,1.45,200,1854750
20240209,13:32:44,1.45,200,1854750
20240209,13:32:46,1.45,200,1854750
20240209,13:32:48,1.4,200,1854750
20240209,13:32:49,1.4,800,1854750
20240209,13:32:50,1.4,750,1854750
20240209,13:32:52,1.45,850,1854750
20240209,13:32:58,1.4,200,1854750
20240209,13:32:59,1.4,200,1854750
20240209,13:33:03,1.4,200,1854750
20240209,13:33:04,1.4,200,1854750
20240209,13:33:05,1.4,150,1854750
20240209,13:33:06,1.4,150,1854750
20240209,13:33:07,1.4,200,1854750
20240209,13:33:10,1.45,550,1854750
20240209,13:33:11,1.4,150,1854750
20240209,13:33:12,1.4,150,1854750
20240209,13:33:13,1.45,550,1854750
20240209,13:33:14,1.4,1500,1854750
20240209,13:33:16,1.45,850,1854750
20240209,13:33:18,1.45,850,1854750
20240209,13:33:20,1.45,200,1854750
20240209,13:33:22,1.45,200,1854750
20240209,13:33:23,1.45,200,1854750
20240209,13:33:25,1.45,550,1854750
20240209,13:33:32,1.45,1000,1854750
20240209,13:33:42,1.45,200,1854750
20240209,13:33:56,1.4,1800,1854750
20240209,13:34:06,1.45,50,1854750
20240209,13:34:23,1.4,300,1854750
20240209,13:34:34,1.4,50,1854750
20240209,13:34:52,1.4,1000,1854750
20240209,13:35:23,1.4,150,1861650
20240209,13:35:24,1.4,200,1861650
20240209,13:35:25,1.4,150,1861650
20240209,13:35:26,1.4,150,1861650
20240209,13:35:27,1.4,150,1861650
20240209,13:35:28,1.45,750,1861650
20240209,13:35:29,1.4,150,1861650
20240209,13:35:30,1.4,150,1861650
20240209,13:35:31,1.4,150,1861650
20240209,13:35:34,1.4,1000,1861650
20240209,13:35:37,1.4,1800,1861650
20240209,13:35:50,1.4,1800,1861650
20240209,13:35:51,1.4,5350,1861650
20240209,13:36:00,1.4,15150,1861650
20240209,13:36:01,1.4,200,1861650
20240209,13:36:08,1.45,50,1861650
20240209,13:36:22,1.4,1800,1861650
20240209,13:36:24,1.4,1800,1861650
20240209,13:36:25,1.4,1800,1861650
20240209,13:36:34,1.4,1000,1861650
20240209,13:36:58,1.4,200,1861650
20240209,13:36:59,1.35,10650,1861650
20240209,13:37:03,1.4,100,1861650
20240209,13:37:07,1.35,100,1861650
20240209,13:37:16,1.35,3750,1861650
20240209,13:37:17,1.4,50,1861650
20240209,13:37:19,1.35,600,1861650
20240209,13:37:33,1.4,350,1861650
20240209,13:37:45,1.35,550,1861650
20240209,13:38:10,1.4,1150,1868900
20240209,13:38:32,1.4,50,1868900
20240209,13:38:50,1.4,100,1868900
20240209,13:39:06,1.35,100,1868900
20240209,13:39:20,1.35,1150,1868900
20240209,13:39:26,1.4,50,1868900
20240209,13:39:29,1.35,1800,1868900
20240209,13:39:44,1.35,50,1868900
20240209,13:39:53,1.4,1800,1868900
20240209,13:39:57,1.4,50,1868900
20240209,13:39:58,1.4,50,1868900
20240209,13:40:00,1.4,50,1868900
20240209,13:40:04,1.35,50,1868900
20240209,13:40:06,1.4,1000,1868900
20240209,13:40:29,1.4,50,1868900
20240209,13:40:30,1.4,50,1868900
20240209,13:40:31,1.4,3300,1868900
20240209,13:40:40,1.35,50,1868900
20240209,13:41:00,1.4,1200,1866400
20240209,13:41:07,1.4,200,1866400
20240209,13:41:33,1.35,1800,1866400
20240209,13:41:42,1.35,1000,1866400
20240209,13:41:50,1.35,1000,1866400
20240209,13:41:54,1.4,100,1866400
20240209,13:41:57,1.4,100,1866400
20240209,13:41:58,1.35,1000,1866400
20240209,13:41:59,1.4,1500,1866400
20240209,13:42:03,1.35,650,1866400
20240209,13:42:05,1.4,1500,1866400
20240209,13:42:10,1.35,1800,1866400
20240209,13:42:12,1.4,1000,1866400
20240209,13:42:18,1.4,700,1866400
20240209,13:42:23,1.4,3100,1866400
20240209,13:42:27,1.35,500,1866400
20240209,13:42:28,1.35,1000,1866400
20240209,13:42:34,1.35,1800,1866400
20240209,13:42:37,1.4,1000,1866400
20240209,13:42:45,1.4,50,1866400
20240209,13:42:48,1.4,50,1866400
20240209,13:42:56,1.4,1800,1866400
20240209,13:42:58,1.4,400,1866400
20240209,13:43:03,1.35,1800,1866400
20240209,13:43:04,1.35,400,1866400
20240209,13:43:05,1.4,1800,1866400
20240209,13:43:11,1.4,1800,1866400
20240209,13:43:12,1.35,150,1866400
20240209,13:43:13,1.35,150,1866400
20240209,13:43:14,1.35,150,1866400
20240209,13:43:15,1.35,150,1866400
20240209,13:43:16,1.35,150,1866400
20240209,13:43:17,1.35,150,1866400
20240209,13:43:18,1.35,150,1866400
20240209,13:43:19,1.35,150,1866400
20240209,13:43:20,1.35,400,1866400
20240209,13:43:21,1.35,2000,1866400
20240209,13:43:22,1.35,1950,1866400
20240209,13:43:23,1.35,150,1866400
20240209,13:43:24,1.35,1950,1866400
20240209,13:43:25,1.35,3750,1866400
20240209,13:43:26,1.35,2000,1866400
20240209,13:43:27,1.35,1950,1866400
20240209,13:43:28,1.35,1150,1866400
20240209,13:43:29,1.35,2050,1866400
20240209,13:43:30,1.35,7750,1866400
20240209,13:43:31,1.35,150,1866400
20240209,13:43:36,1.35,1800,1866400
20240209,13:43:38,1.35,150,1866400
20240209,13:43:39,1.35,200,1866400
20240209,13:43:41,1.35,50,1866400
20240209,13:43:45,1.35,50,1866400
20240209,13:43:47,1.35,1800,1866400
20240209,13:43:47,1.4,50,1866400
20240209,13:43:49,1.35,1000,1866400
20240209,13:43:50,1.35,150,1866400
20240209,13:43:51,1.3,32500,1866400
20240209,13:43:55,1.3,150,1866400
20240209,13:43:56,1.3,150,1850250
20240209,13:43:57,1.3,150,1850250
20240209,13:44:00,1.3,150,1850250
20240209,13:44:02,1.3,150,1850250
20240209,13:44:03,1.3,150,1850250
20240209,13:44:04,1.3,150,1850250
20240209,13:44:05,1.3,150,1850250
20240209,13:44:06,1.3,150,1850250
20240209,13:44:07,1.3,400,1850250
20240209,13:44:08,1.3,150,1850250
20240209,13:44:09,1.3,250,1850250
20240209,13:44:10,1.3,200,1850250
20240209,13:44:11,1.3,150,1850250
20240209,13:44:12,1.3,150,1850250
20240209,13:44:14,1.3,150,1850250
20240209,13:44:15,1.3,1500,1850250
20240209,13:44:16,1.3,150,1850250
20240209,13:44:18,1.3,150,1850250
20240209,13:44:19,1.3,150,1850250
20240209,13:44:21,1.3,150,1850250
20240209,13:44:24,1.3,150,1850250
20240209,13:44:26,1.3,150,1850250
20240209,13:44:28,1.3,150,1850250
20240209,13:44:30,1.3,1950,1850250
20240209,13:44:32,1.3,200,1850250
20240209,13:44:34,1.3,150,1850250
20240209,13:44:35,1.3,150,1850250
20240209,13:44:38,1.3,150,1850250
20240209,13:44:40,1.3,150,1850250
20240209,13:44:42,1.3,1950,1850250
20240209,13:44:48,1.3,50,1850250
20240209,13:44:52,1.3,500,1850250
20240209,13:44:55,1.3,1850,1850250
20240209,13:44:56,1.3,50,1850250
20240209,13:45:02,1.3,1800,1850250
20240209,13:45:03,1.3,200,1850250
20240209,13:45:10,1.3,1800,1850250
20240209,13:45:11,1.3,1400,1850250
20240209,13:45:28,1.3,4000,1850250
20240209,13:45:30,1.3,50,1850250
20240209,13:45:31,1.3,1800,1850250
20240209,13:45:48,1.3,200,1850250
20240209,13:45:50,1.3,200,1850250
20240209,13:45:53,1.3,1800,1850250
20240209,13:45:55,1.3,50,1850250
20240209,13:45:56,1.3,300,1850250
20240209,13:45:57,1.3,250,1850250
20240209,13:45:58,1.3,250,1850250
20240209,13:46:00,1.3,200,1850250
20240209,13:46:02,1.3,1800,1850250
20240209,13:46:05,1.3,500,1850250
20240209,13:46:22,1.3,2600,1850250
20240209,13:46:23,1.3,950,1850250
20240209,13:46:24,1.3,17950,1850250
20240209,13:46:25,1.3,250,1850250
20240209,13:46:29,1.3,500,1850250
20240209,13:46:30,1.25,100,1850250
20240209,13:46:35,1.25,200,1850250
20240209,13:46:39,1.25,200,1850250
20240209,13:46:51,1.25,650,1850250
20240209,13:46:54,1.3,250,1850250
20240209,13:46:57,1.25,200,1850250
20240209,13:46:57,1.3,50,1840300
20240209,13:46:58,1.3,250,1840300
20240209,13:47:02,1.3,250,1840300
20240209,13:47:07,1.25,850,1840300
20240209,13:47:10,1.25,550,1840300
20240209,13:47:12,1.3,50,1840300
20240209,13:47:13,1.25,200,1840300
20240209,13:47:14,1.3,250,1840300
20240209,13:47:15,1.25,200,1840300
20240209,13:47:17,1.3,2850,1840300
20240209,13:47:18,1.3,50,1840300
20240209,13:47:19,1.3,50,1840300
20240209,13:47:23,1.25,200,1840300
20240209,13:47:24,1.25,2000,1840300
20240209,13:47:25,1.25,200,1840300
20240209,13:47:27,1.25,200,1840300
20240209,13:47:28,1.3,50,1840300
20240209,13:47:29,1.3,1850,1840300
20240209,13:47:31,1.25,900,1840300
20240209,13:47:35,1.3,1800,1840300
20240209,13:47:40,1.3,50,1840300
20240209,13:47:42,1.3,1800,1840300
20240209,13:47:49,1.3,1800,1840300
20240209,13:47:49,1.3,150,1840300
20240209,13:47:53,1.3,1800,1840300
20240209,13:47:54,1.25,700,1840300
20240209,13:47:56,1.3,50,1840300
20240209,13:47:57,1.3,50,1840300
20240209,13:47:58,1.3,1800,1840300
20240209,13:47:59,1.25,200,1840300
20240209,13:48:01,1.25,200,1840300
20240209,13:48:06,1.3,1800,1840300
20240209,13:48:11,1.25,1000,1840300
20240209,13:48:16,1.3,700,1840300
20240209,13:48:33,1.3,400,1840300
20240209,13:48:41,1.3,50,1840300
20240209,13:49:16,1.25,200,1840300
20240209,13:49:17,1.3,1800,1840300
20240209,13:49:39,1.3,50,1840300
20240209,13:49:40,1.3,50,1840300
20240209,13:49:41,1.3,50,1840300
20240209,13:49:42,1.3,50,1840300
20240209,13:49:45,1.25,200,1840300
20240209,13:49:47,1.3,1800,1840300
20240209,13:49:48,1.25,200,1840300
20240209,13:49:52,1.25,200,1840300
20240209,13:49:57,1.25,200,1840300
20240209,13:50:00,1.25,200,1849900
20240209,13:50:11,1.25,200,1849900
20240209,13:50:15,1.25,200,1849900
20240209,13:50:24,1.25,200,1849900
20240209,13:50:26,1.3,50,1849900
20240209,13:50:32,1.3,50,1849900
20240209,13:50:54,1.25,200,1849900
20240209,13:50:59,1.25,200,1849900
20240209,13:51:03,1.25,200,1849900
20240209,13:51:05,1.3,50,1849900
20240209,13:51:06,1.3,50,1849900
20240209,13:51:07,1.3,50,1849900
20240209,13:51:08,1.3,50,1849900
20240209,13:51:09,1.3,50,1849900
20240209,13:51:10,1.3,50,1849900
20240209,13:51:11,1.3,50,1849900
20240209,13:51:12,1.3,50,1849900
20240209,13:51:13,1.3,50,1849900
20240209,13:51:14,1.3,1050,1849900
20240209,13:51:15,1.3,50,1849900
20240209,13:51:47,1.3,50,1849900
20240209,13:51:49,1.3,50,1849900
20240209,13:51:50,1.3,50,1849900
20240209,13:51:51,1.3,50,1849900
20240209,13:51:54,1.3,50,1849900
20240209,13:51:58,1.25,300,1849900
20240209,13:52:00,1.3,100,1849900
20240209,13:52:06,1.25,200,1849900
20240209,13:52:13,1.25,200,1849900
20240209,13:52:25,1.25,150,1849900
20240209,13:52:37,1.3,50,1849900
20240209,13:52:55,1.3,200,1849900
20240209,13:52:59,1.25,950,1849900
20240209,13:53:19,1.3,1800,1849250
20240209,13:53:27,1.3,50,1849250
20240209,13:53:29,1.3,50,1849250
20240209,13:53:34,1.3,50,1849250
20240209,13:53:43,1.3,50,1849250
20240209,13:53:44,1.3,50,1849250
20240209,13:53:45,1.3,50,1849250
20240209,13:53:47,1.3,200,1849250
20240209,13:54:15,1.25,350,1849250
20240209,13:54:41,1.25,150,1849250
20240209,13:55:00,1.3,50,1849250
20240209,13:55:02,1.25,1000,1849250
20240209,13:55:13,1.25,50,1849250
20240209,13:55:28,1.3,50,1849250
20240209,13:55:31,1.25,550,1849250
20240209,13:55:32,1.3,1800,1849250
20240209,13:55:33,1.25,200,1849250
20240209,13:55:34,1.25,50,1849250
20240209,13:55:48,1.25,50,1849250
20240209,13:56:11,1.25,1500,1849250
20240209,13:56:45,1.3,1800,1844100
20240209,13:56:47,1.3,150,1844100
20240209,13:56:50,1.25,3600,1844100
20240209,13:56:51,1.25,2400,1844100
20240209,13:57:02,1.25,100,1844100
20240209,13:57:42,1.3,100,1844100
20240209,13:57:47,1.25,700,1844100
20240209,13:58:12,1.25,150,1844100
20240209,13:58:13,1.25,150,1844100
20240209,13:58:14,1.25,150,1844100
20240209,13:58:15,1.25,150,1844100
20240209,13:58:16,1.25,150,1844100
20240209,13:58:17,1.25,150,1844100
20240209,13:58:18,1.25,150,1844100
20240209,13:58:19,1.25,150,1844100
20240209,13:58:20,1.25,150,1844100
20240209,13:58:21,1.25,150,1844100
20240209,13:58:22,1.25,150,1844100
20240209,13:58:23,1.25,150,1844100
20240209,13:58:24,1.25,150,1844100
20240209,13:58:25,1.25,150,1844100
20240209,13:58:26,1.25,150,1844100
20240209,13:58:27,1.25,150,1844100
20240209,13:58:32,1.25,150,1844100
20240209,13:58:33,1.25,150,1844100
20240209,13:58:34,1.25,150,1844100
20240209,13:58:35,1.25,150,1844100
20240209,13:58:38,1.25,50,1844100
20240209,13:58:39,1.25,150,1844100
20240209,13:58:40,1.25,150,1844100
20240209,13:58:41,1.3,200,1844100
20240209,13:59:03,1.25,150,1844100
20240209,13:59:04,1.25,150,1832800
20240209,13:59:05,1.3,50,1832800
20240209,13:59:45,1.25,200,1832800
20240209,13:59:46,1.25,2600,1832800
20240209,14:00:32,1.3,50,1832800
20240209,14:01:00,1.3,250,1832800
20240209,14:01:05,1.3,250,1832800
20240209,14:01:07,1.3,1000,1832800
20240209,14:01:08,1.25,500,1832800
20240209,14:01:09,1.3,200,1832800
20240209,14:01:29,1.25,1800,1832800
20240209,14:01:33,1.25,400,1832800
20240209,14:01:35,1.25,500,1832800
20240209,14:01:37,1.3,1000,1832800
20240209,14:01:49,1.25,300,1832800
20240209,14:01:55,1.25,300,1832800
20240209,14:01:58,1.3,50,1835800
20240209,14:02:26,1.25,1800,1835800
20240209,14:02:37,1.25,200,1835800
20240209,14:02:51,1.3,400,1835800
20240209,14:03:09,1.25,1000,1835800
20240209,14:03:14,1.3,3600,1835800
20240209,14:03:21,1.3,50,1835800
20240209,14:03:38,1.3,50,1835800
20240209,14:03:47,1.3,50,1835800
20240209,14:03:56,1.3,50,1835800
20240209,14:03:57,1.25,400,1835800
20240209,14:04:04,1.25,1800,1835800
20240209,14:04:16,1.25,1800,1835800
20240209,14:04:19,1.25,50,1835800
20240209,14:04:29,1.25,1800,1835800
20240209,14:04:37,1.25,1800,1835800
20240209,14:04:40,1.25,1800,1835800
20240209,14:04:46,1.25,200,1835800
20240209,14:05:09,1.25,1800,1820600
20240209,14:05:12,1.25,500,1820600
20240209,14:05:25,1.25,700,1820600
20240209,14:05:26,1.3,50,1820600
20240209,14:05:31,1.25,150,1820600
20240209,14:05:31,1.25,1800,1820600
20240209,14:05:32,1.25,150,1820600
20240209,14:05:33,1.25,150,1820600
20240209,14:05:34,1.25,150,1820600
20240209,14:05:35,1.25,4750,1820600
20240209,14:05:36,1.25,150,1820600
20240209,14:05:37,1.25,150,1820600
20240209,14:05:38,1.25,350,1820600
20240209,14:05:39,1.25,150,1820600
20240209,14:05:40,1.25,150,1820600
20240209,14:05:41,1.25,100,1820600
20240209,14:05:42,1.25,500,1820600
20240209,14:05:43,1.25,100,1820600
20240209,14:05:45,1.25,50,1820600
20240209,14:05:47,1.25,350,1820600
20240209,14:05:48,1.25,450,1820600
20240209,14:05:50,1.25,350,1820600
20240209,14:05:51,1.25,450,1820600
20240209,14:05:51,1.25,2300,1820600
20240209,14:05:52,1.25,450,1820600
20240209,14:05:53,1.25,350,1820600
20240209,14:05:54,1.25,100,1820600
20240209,14:05:55,1.25,500,1820600
20240209,14:05:56,1.25,2600,1820600
20240209,14:05:57,1.25,100,1820600
20240209,14:05:58,1.25,7200,1820600
20240209,14:05:59,1.25,450,1820600
20240209,14:06:00,1.25,4250,1820600
20240209,14:06:01,1.25,1950,1820600
20240209,14:06:02,1.2,3050,1820600
20240209,14:06:03,1.2,150,1820600
20240209,14:06:04,1.2,150,1820600
20240209,14:06:05,1.2,1950,1820600
20240209,14:06:06,1.2,150,1820600
20240209,14:06:07,1.2,150,1820600
20240209,14:06:14,1.2,1800,1820600
20240209,14:06:16,1.2,150,1820600
20240209,14:06:17,1.2,150,1820600
20240209,14:06:18,1.2,150,1820600
20240209,14:06:26,1.2,50,1820600
20240209,14:06:31,1.2,4200,1820600
20240209,14:06:36,1.2,50,1820600
20240209,14:06:37,1.25,1800,1820600
20240209,14:06:48,1.25,1800,1820600
20240209,14:06:58,1.25,1000,1820600
20240209,14:07:06,1.2,600,1820600
20240209,14:07:08,1.25,1000,1820600
20240209,14:07:15,1.25,1000,1820600
20240209,14:07:17,1.25,1000,1820600
20240209,14:07:18,1.2,6400,1820600
20240209,14:07:23,1.2,1750,1820600
20240209,14:07:26,1.25,50,1820600
20240209,14:07:28,1.25,2800,1820600
20240209,14:07:34,1.25,1800,1820600
20240209,14:07:38,1.25,50,1820600
20240209,14:07:43,1.25,1000,1820600
20240209,14:07:49,1.25,1850,1820600
20240209,14:07:52,1.25,1000,1820600
20240209,14:08:10,1.25,250,1820600
20240209,14:08:11,1.25,50,1826700
20240209,14:08:12,1.25,50,1826700
20240209,14:08:19,1.2,150,1826700
20240209,14:08:21,1.25,250,1826700
20240209,14:08:23,1.25,1000,1826700
20240209,14:08:33,1.25,100,1826700
20240209,14:09:22,1.25,1800,1826700
20240209,14:09:25,1.2,50,1826700
20240209,14:09:43,1.2,150,1826700
20240209,14:09:45,1.2,150,1826700
20240209,14:09:47,1.2,150,1826700
20240209,14:09:48,1.2,150,1826700
20240209,14:09:50,1.2,150,1826700
20240209,14:09:52,1.2,150,1826700
20240209,14:09:54,1.2,100,1826700
20240209,14:10:03,1.2,50,1826700
20240209,14:10:05,1.25,50,1826700
20240209,14:10:27,1.2,50,1826700
20240209,14:10:30,1.25,50,1826700
20240209,14:10:43,1.25,100,1826700
20240209,14:11:09,1.25,1300,1826700
20240209,14:12:31,1.2,250,1827800
20240209,14:12:35,1.25,16600,1827800
20240209,14:12:41,1.25,50,1827800
20240209,14:12:42,1.25,400,1827800
20240209,14:12:44,1.25,50,1827800
20240209,14:12:45,1.25,150,1827800
20240209,14:12:47,1.25,600,1827800
20240209,14:12:49,1.25,500,1827800
20240209,14:12:52,1.25,10450,1827800
20240209,14:13:02,1.2,150,1827800
20240209,14:13:03,1.2,150,1827800
20240209,14:13:04,1.2,150,1827800
20240209,14:13:05,1.2,1950,1827800
20240209,14:13:06,1.2,150,1827800
20240209,14:13:07,1.2,150,1827800
20240209,14:13:08,1.2,150,1827800
20240209,14:13:09,1.2,150,1827800
20240209,14:13:16,1.2,150,1827800
20240209,14:13:16,1.2,1800,1827800
20240209,14:13:17,1.2,150,1827800
20240209,14:13:19,1.2,150,1827800
20240209,14:13:22,1.25,50,1827800
20240209,14:13:26,1.2,2500,1827800
20240209,14:13:28,1.2,150,1827800
20240209,14:13:29,1.2,150,1827800
20240209,14:13:30,1.2,200,1827800
20240209,14:13:36,1.2,50,1827800
20240209,14:13:38,1.2,150,1827800
20240209,14:13:39,1.2,150,1827800
20240209,14:13:41,1.2,200,1827800
20240209,14:13:43,1.2,1800,1827800
20240209,14:13:47,1.2,200,1827800
20240209,14:13:48,1.2,150,1827800
20240209,14:13:50,1.2,500,1827800
20240209,14:13:51,1.2,350,1827800
20240209,14:13:52,1.2,4150,1827800
20240209,14:13:53,1.2,4250,1827800
20240209,14:13:54,1.2,2650,1827800
20240209,14:13:54,1.2,6900,1827800
20240209,14:13:55,1.2,200,1827800
20240209,14:13:56,1.2,1600,1827800
20240209,14:13:58,1.15,1800,1827800
20240209,14:13:59,1.15,150,1827800
20240209,14:14:00,1.15,150,1812550
20240209,14:14:01,1.15,150,1812550
20240209,14:14:02,1.15,150,1812550
20240209,14:14:04,1.15,300,1812550
20240209,14:14:05,1.15,200,1812550
20240209,14:14:06,1.15,150,1812550
20240209,14:14:08,1.15,450,1812550
20240209,14:14:11,1.15,500,1812550
20240209,14:14:15,1.15,500,1812550
20240209,14:14:17,1.15,150,1812550
20240209,14:14:19,1.15,1000,1812550
20240209,14:14:34,1.15,700,1812550
20240209,14:14:41,1.2,50,1812550
20240209,14:14:43,1.15,2050,1812550
20240209,14:14:44,1.2,1000,1812550
20240209,14:15:02,1.15,50,1812550
20240209,14:15:17,1.2,50,1812550
20240209,14:15:31,1.2,50,1812550
20240209,14:15:37,1.2,50,1812550
20240209,14:15:38,1.15,2100,1812550
20240209,14:15:44,1.15,50,1812550
20240209,14:15:46,1.2,50,1812550
20240209,14:15:48,1.2,21000,1812550
20240209,14:15:49,1.25,100,1812550
20240209,14:15:52,1.25,100,1812550
20240209,14:15:54,1.25,100,1812550
20240209,14:15:55,1.25,50,1812550
20240209,14:15:57,1.25,150,1812550
20240209,14:15:58,1.2,100,1812550
20240209,14:16:08,1.2,1750,1812550
20240209,14:16:09,1.25,100,1812550
20240209,14:16:11,1.25,100,1812550
20240209,14:16:15,1.25,100,1812550
20240209,14:16:20,1.25,2000,1812550
20240209,14:16:22,1.25,100,1812550
20240209,14:16:23,1.25,50,1812550
20240209,14:16:24,1.25,300,1812550
20240209,14:16:25,1.25,100,1812550
20240209,14:16:26,1.2,350,1812550
20240209,14:16:27,1.25,100,1812550
20240209,14:16:28,1.25,50,1812550
20240209,14:16:29,1.25,50,1812550
20240209,14:16:30,1.2,250,1812550
20240209,14:16:33,1.25,100,1812550
20240209,14:16:34,1.25,2000,1812550
20240209,14:16:38,1.2,850,1812550
20240209,14:16:55,1.25,50,1812550
20240209,14:17:18,1.25,3000,1807800
20240209,14:17:34,1.2,250,1807800
20240209,14:17:43,1.2,50,1807800
20240209,14:17:44,1.2,5400,1807800
20240209,14:17:46,1.2,250,1807800
20240209,14:17:59,1.2,250,1807800
20240209,14:18:04,1.2,1200,1807800
20240209,14:18:06,1.2,250,1807800
20240209,14:18:07,1.2,3600,1807800
20240209,14:18:08,1.2,50,1807800
20240209,14:18:09,1.2,1800,1807800
20240209,14:18:10,1.2,50,1807800
20240209,14:18:11,1.2,5450,1807800
20240209,14:18:16,1.15,50,1807800
20240209,14:18:26,1.15,50,1807800
20240209,14:18:33,1.15,150,1807800
20240209,14:18:34,1.15,150,1807800
20240209,14:18:35,1.15,150,1807800
20240209,14:18:36,1.15,150,1807800
20240209,14:18:40,1.15,150,1807800
20240209,14:18:41,1.15,150,1807800
20240209,14:18:42,1.15,150,1807800
20240209,14:18:43,1.15,150,1807800
20240209,14:18:44,1.15,150,1807800
20240209,14:18:48,1.15,150,1807800
20240209,14:18:49,1.15,150,1807800
20240209,14:18:50,1.15,150,1807800
20240209,14:18:55,1.15,400,1807800
20240209,14:18:57,1.15,150,1807800
20240209,14:18:58,1.15,150,1807800
20240209,14:18:59,1.15,150,1807800
20240209,14:19:03,1.2,1800,1807800
20240209,14:19:08,1.15,1600,1807800
20240209,14:19:09,1.15,150,1807800
20240209,14:19:10,1.15,150,1807800
20240209,14:19:14,1.15,150,1807800
20240209,14:19:15,1.15,150,1807800
20240209,14:19:16,1.15,150,1807800
20240209,14:19:17,1.15,150,1807800
20240209,14:19:18,1.15,150,1807800
20240209,14:19:19,1.15,150,1807800
20240209,14:19:20,1.15,150,1807800
20240209,14:19:21,1.15,150,1807800
20240209,14:19:22,1.15,150,1807800
20240209,14:19:23,1.15,150,1807800
20240209,14:19:24,1.15,200,1807800
20240209,14:19:25,1.15,150,1807800
20240209,14:19:26,1.15,150,1807800
20240209,14:19:33,1.15,50,1807800
20240209,14:19:57,1.15,800,1807800
20240209,14:19:59,1.15,1000,1807800
20240209,14:20:11,1.15,250,1806950
20240209,14:20:15,1.15,1200,1806950
20240209,14:20:18,1.2,300,1806950
20240209,14:20:21,1.2,1800,1806950
20240209,14:20:26,1.2,1800,1806950
20240209,14:20:31,1.2,50,1806950
20240209,14:20:33,1.2,500,1806950
20240209,14:21:06,1.15,600,1806950
20240209,14:21:39,1.2,1800,1806950
20240209,14:21:42,1.15,3750,1806950
20240209,14:21:46,1.15,50,1806950
20240209,14:21:47,1.15,50,1806950
20240209,14:21:53,1.15,50,1806950
20240209,14:21:55,1.15,50,1806950
20240209,14:22:03,1.15,50,1806950
20240209,14:22:20,1.15,50,1806950
20240209,14:22:23,1.15,250,1806950
20240209,14:22:28,1.15,50,1806950
20240209,14:22:33,1.15,50,1806950
20240209,14:22:37,1.2,200,1806950
20240209,14:22:43,1.15,1050,1806950
20240209,14:22:56,1.2,1000,1806950
20240209,14:22:57,1.15,150,1806950
20240209,14:22:58,1.15,150,1806950
20240209,14:22:59,1.15,150,1806950
20240209,14:23:00,1.15,600,1806950
20240209,14:23:06,1.15,1700,1806950
20240209,14:23:08,1.15,400,1810850
20240209,14:23:16,1.2,1800,1810850
20240209,14:23:37,1.2,100,1810850
20240209,14:23:51,1.2,100,1810850
20240209,14:23:52,1.2,50,1810850
20240209,14:23:52,1.15,100,1810850
20240209,14:23:56,1.2,100,1810850
20240209,14:24:03,1.15,3100,1810850
20240209,14:24:04,1.2,500,1810850
20240209,14:24:13,1.15,1800,1810850
20240209,14:24:24,1.15,50,1810850
20240209,14:24:31,1.2,100,1810850
20240209,14:25:12,1.15,450,1810850
20240209,14:25:29,1.15,400,1810850
20240209,14:25:32,1.2,50,1810850
20240209,14:25:45,1.15,2050,1810850
20240209,14:25:54,1.2,1800,1810850
20240209,14:26:03,1.15,50,1810850
20240209,14:26:20,1.2,1000,1812250
20240209,14:26:48,1.2,100,1812250
20240209,14:27:12,1.15,2800,1812250
20240209,14:27:13,1.15,1800,1812250
20240209,14:27:43,1.2,50,1812250
20240209,14:27:47,1.2,350,1812250
20240209,14:27:55,1.2,300,1812250
20240209,14:28:30,1.2,100,1812250
20240209,14:28:39,1.2,1200,1812250
20240209,14:28:41,1.15,1800,1812250
20240209,14:28:43,1.15,3800,1812250
20240209,14:28:44,1.15,2400,1812250
20240209,14:28:47,1.15,1800,1812250
20240209,14:28:49,1.15,1800,1812250
20240209,14:28:50,1.15,2600,1812250
20240209,14:28:51,1.15,1800,1812250
20240209,14:28:52,1.15,1800,1812250
20240209,14:28:56,1.15,1200,1812250
20240209,14:28:57,1.15,2200,1812250
20240209,14:28:59,1.15,5400,1812250
20240209,14:29:01,1.2,1850,1812250
20240209,14:29:05,1.2,100,1800000
20240209,14:29:15,1.15,50,1800000
20240209,14:29:22,1.15,800,1800000
20240209,14:29:45,1.15,500,1800000
20240209,14:30:04,1.15,1950,1800000
20240209,14:30:11,1.15,1800,1800000
20240209,14:30:22,1.15,500,1800000
20240209,14:30:24,1.15,900,1800000
20240209,14:30:33,1.2,50,1800000
20240209,14:30:35,1.2,50,1800000
20240209,14:30:56,1.15,200,1800000
20240209,14:31:02,1.2,1800,1800000
20240209,14:31:06,1.15,50,1800000
20240209,14:31:28,1.15,100,1800000
20240209,14:31:29,1.15,600,1800000
20240209,14:31:30,1.15,400,1800000
20240209,14:31:31,1.15,5300,1800000
20240209,14:31:32,1.15,400,1800000
20240209,14:31:33,1.15,1200,1800000
20240209,14:31:35,1.15,50,1800000
20240209,14:31:38,1.15,150,1800000
20240209,14:31:41,1.15,500,1800000
20240209,14:31:44,1.15,900,1800000
20240209,14:31:45,1.15,300,1800000
20240209,14:31:46,1.15,3000,1800000
20240209,14:31:47,1.15,13400,1800000
20240209,14:31:48,1.15,200,1800000
20240209,14:31:49,1.15,100,1800000
20240209,14:31:50,1.15,1500,1800000
20240209,14:31:53,1.15,50,1800000
20240209,14:31:55,1.15,50,1800000
20240209,14:31:58,1.15,1000,1800000
20240209,14:32:04,1.2,200,1798650
20240209,14:32:12,1.15,1800,1798650
20240209,14:32:13,1.15,1200,1798650
20240209,14:32:18,1.15,1000,1798650
20240209,14:32:19,1.15,250,1798650
20240209,14:32:24,1.15,3600,1798650
20240209,14:32:25,1.2,1800,1798650
20240209,14:32:29,1.15,1050,1798650
20240209,14:32:34,1.15,300,1798650
20240209,14:32:37,1.15,500,1798650
20240209,14:32:45,1.15,1300,1798650
20240209,14:32:46,1.15,50,1798650
20240209,14:32:48,1.15,350,1798650
20240209,14:32:50,1.2,100,1798650
20240209,14:32:51,1.15,250,1798650
20240209,14:32:56,1.2,50,1798650
20240209,14:32:57,1.15,100,1798650
20240209,14:32:58,1.2,150,1798650
20240209,14:33:03,1.15,4200,1798650
20240209,14:33:04,1.15,700,1798650
20240209,14:33:08,1.15,100,1798650
20240209,14:33:13,1.15,500,1798650
20240209,14:33:14,1.15,500,1798650
20240209,14:33:18,1.15,500,1798650
20240209,14:33:21,1.15,300,1798650
20240209,14:33:22,1.15,800,1798650
20240209,14:33:24,1.15,200,1798650
20240209,14:33:25,1.15,100,1798650
20240209,14:33:26,1.15,200,1798650
20240209,14:33:27,1.15,100,1798650
20240209,14:33:28,1.15,500,1798650
20240209,14:33:29,1.15,100,1798650
20240209,14:33:30,1.15,100,1798650
20240209,14:33:31,1.15,250,1798650
20240209,14:33:32,1.15,300,1798650
20240209,14:33:33,1.15,5000,1798650
20240209,14:33:34,1.15,1800,1798650
20240209,14:33:35,1.15,100,1798650
20240209,14:33:36,1.15,800,1798650
20240209,14:33:37,1.15,1100,1798650
20240209,14:33:38,1.15,200,1798650
20240209,14:33:39,1.15,600,1798650
20240209,14:33:40,1.15,900,1798650
20240209,14:33:41,1.15,500,1798650
20240209,14:33:52,1.15,1900,1798650
20240209,14:33:54,1.15,1900,1798650
20240209,14:33:55,1.15,900,1798650
20240209,14:34:00,1.15,200,1798650
20240209,14:34:04,1.15,3000,1798650
20240209,14:34:05,1.15,200,1798650
20240209,14:34:09,1.15,500,1798650
20240209,14:34:17,1.15,1000,1798650
20240209,14:34:19,1.15,200,1798650
20240209,14:34:20,1.15,100,1798650
20240209,14:34:21,1.15,200,1798650
20240209,14:34:22,1.15,100,1798650
20240209,14:34:23,1.15,200,1798650
20240209,14:34:24,1.15,100,1798650
20240209,14:34:25,1.15,1900,1798650
20240209,14:34:26,1.15,100,1798650
20240209,14:34:28,1.15,100,1798650
20240209,14:34:29,1.15,250,1798650
20240209,14:34:30,1.15,100,1798650
20240209,14:34:31,1.15,200,1798650
20240209,14:34:33,1.15,100,1798650
20240209,14:34:34,1.15,700,1798650
20240209,14:34:35,1.15,100,1798650
20240209,14:34:37,1.15,50,1798650
20240209,14:34:39,1.15,1000,1798650
20240209,14:34:40,1.15,100,1798650
20240209,14:34:41,1.1,19200,1798650
20240209,14:34:44,1.15,500,1798650
20240209,14:34:49,1.15,17100,1798650
20240209,14:34:57,1.15,250,1798650
20240209,14:34:58,1.15,500,1798650
20240209,14:35:06,1.15,500,1810300
20240209,14:35:08,1.2,150,1810300
20240209,14:35:10,1.15,600,1810300
20240209,14:35:12,1.15,250,1810300
20240209,14:35:13,1.15,3900,1810300
20240209,14:35:14,1.15,350,1810300
20240209,14:35:15,1.15,350,1810300
20240209,14:35:18,1.15,700,1810300
20240209,14:35:21,1.15,50,1810300
20240209,14:35:22,1.2,150,1810300
20240209,14:35:23,1.15,500,1810300
20240209,14:35:25,1.15,1750,1810300
20240209,14:35:29,1.15,250,1810300
20240209,14:35:31,1.2,50,1810300
20240209,14:35:32,1.15,8200,1810300
20240209,14:35:34,1.1,2500,1810300
20240209,14:35:35,1.15,4500,1810300
20240209,14:35:40,1.15,250,1810300
20240209,14:35:49,1.15,150,1810300
20240209,14:36:06,1.15,500,1810300
20240209,14:36:11,1.15,1800,1810300
20240209,14:36:15,1.15,6300,1810300
20240209,14:36:19,1.15,1350,1810300
20240209,14:36:20,1.15,1800,1810300
20240209,14:36:22,1.15,900,1810300
20240209,14:36:23,1.15,1800,1810300
20240209,14:36:24,1.15,35250,1810300
20240209,14:37:17,1.15,100,1810300
20240209,14:37:21,1.15,50,1810300
20240209,14:37:37,1.1,500,1810300
20240209,14:37:46,1.1,300,1810300
20240209,14:38:04,1.1,2200,1810300
20240209,14:38:09,1.1,50,1827050
20240209,14:38:10,1.15,50,1827050
20240209,14:38:13,1.1,100,1827050
20240209,14:38:35,1.1,50,1827050
20240209,14:38:46,1.15,1500,1827050
20240209,14:38:54,1.15,300,1827050
20240209,14:39:04,1.1,400,1827050
20240209,14:39:05,1.1,1700,1827050
20240209,14:39:06,1.1,1900,1827050
20240209,14:39:07,1.1,1900,1827050
20240209,14:39:08,1.1,2150,1827050
20240209,14:39:09,1.1,1900,1827050
20240209,14:39:10,1.1,100,1827050
20240209,14:39:16,1.1,300,1827050
20240209,14:39:17,1.1,800,1827050
20240209,14:39:18,1.1,2000,1827050
20240209,14:39:19,1.1,1900,1827050
20240209,14:39:20,1.1,1600,1827050
20240209,14:39:21,1.1,2100,1827050
20240209,14:39:22,1.1,1300,1827050
20240209,14:39:28,1.1,500,1827050
20240209,14:39:29,1.15,1000,1827050
20240209,14:39:31,1.1,100,1827050
20240209,14:39:42,1.1,300,1827050
20240209,14:39:42,1.1,400,1827050
20240209,14:39:43,1.1,1500,1827050
20240209,14:39:44,1.1,1800,1827050
20240209,14:39:45,1.1,1600,1827050
20240209,14:39:46,1.1,1700,1827050
20240209,14:39:47,1.1,1400,1827050
20240209,14:39:48,1.1,1300,1827050
20240209,14:39:56,1.1,800,1827050
20240209,14:39:59,1.1,1800,1827050
20240209,14:40:00,1.1,1800,1827050
20240209,14:40:01,1.1,1800,1827050
20240209,14:40:02,1.1,1800,1827050
20240209,14:40:04,1.1,1950,1827050
20240209,14:40:07,1.1,1800,1827050
20240209,14:40:13,1.1,500,1827050
20240209,14:40:15,1.15,200,1827050
20240209,14:40:16,1.1,1800,1827050
20240209,14:40:22,1.1,50,1827050
20240209,14:40:25,1.1,1800,1827050
20240209,14:40:28,1.15,7400,1827050
20240209,14:40:29,1.1,450,1827050
20240209,14:40:33,1.1,2300,1827050
20240209,14:40:37,1.15,50,1827050
20240209,14:40:40,1.1,1800,1827050
20240209,14:40:49,1.1,1800,1827050
20240209,14:40:49,1.15,6200,1827050
20240209,14:40:55,1.1,1800,1827050
20240209,14:40:56,1.1,50,1827050
20240209,14:41:01,1.1,500,1827050
20240209,14:41:02,1.1,1800,1827050
20240209,14:41:03,1.1,50,1827050
20240209,14:41:04,1.1,3300,1827050
20240209,14:41:13,1.15,5000,1828850
20240209,14:41:15,1.1,1800,1828850
20240209,14:41:20,1.1,500,1828850
20240209,14:41:33,1.1,500,1828850
20240209,14:41:45,1.1,750,1828850
20240209,14:42:01,1.1,1000,1828850
20240209,14:42:14,1.1,1800,1828850
20240209,14:42:23,1.1,2700,1828850
20240209,14:42:27,1.1,3600,1828850
20240209,14:42:32,1.15,1800,1828850
20240209,14:42:40,1.15,1800,1828850
20240209,14:42:50,1.15,500,1828850
20240209,14:43:05,1.1,950,1828850
20240209,14:43:14,1.1,1800,1828850
20240209,14:43:15,1.1,50,1828850
20240209,14:43:20,1.1,1800,1828850
20240209,14:43:23,1.15,150,1828850
20240209,14:43:25,1.15,2000,1828850
20240209,14:43:26,1.15,6000,1828850
20240209,14:43:29,1.1,1000,1828850
20240209,14:43:32,1.1,800,1828850
20240209,14:43:58,1.1,3600,1828850
20240209,14:44:00,1.1,400,1828850
20240209,14:44:07,1.1,50,1828850
20240209,14:44:17,1.15,10000,1816850
20240209,14:44:30,1.15,300,1816850
20240209,14:44:32,1.1,1000,1816850
20240209,14:44:33,1.15,1100,1816850
20240209,14:44:44,1.1,500,1816850
20240209,14:44:44,1.15,50,1816850
20240209,14:45:03,1.1,2900,1816850
20240209,14:45:06,1.1,100,1816850
20240209,14:45:09,1.15,250,1816850
20240209,14:45:17,1.15,250,1816850
20240209,14:45:23,1.1,50,1816850
20240209,14:45:54,1.15,50,1816850
20240209,14:46:06,1.15,1000,1816850
20240209,14:46:07,1.1,100,1816850
20240209,14:46:13,1.1,500,1816850
20240209,14:46:20,1.1,500,1816850
20240209,14:46:22,1.1,50,1816850
20240209,14:46:24,1.1,50,1816850
20240209,14:46:25,1.1,50,1816850
20240209,14:46:27,1.1,100,1816850
20240209,14:46:33,1.1,500,1816850
20240209,14:46:37,1.1,50,1816850
20240209,14:46:40,1.1,50,1816850
20240209,14:46:44,1.1,1800,1816850
20240209,14:47:12,1.15,1400,1816850
20240209,14:47:13,1.1,1800,1806200
20240209,14:47:13,1.1,3600,1806200
20240209,14:47:16,1.15,1800,1806200
20240209,14:47:20,1.15,1800,1806200
20240209,14:48:14,1.1,8000,1806200
20240209,14:48:15,1.1,1800,1806200
20240209,14:48:16,1.1,33550,1806200
20240209,14:48:19,1.05,50,1806200
20240209,14:48:27,1.05,1800,1806200
20240209,14:48:28,1.1,50,1806200
20240209,14:48:30,1.05,450,1806200
20240209,14:48:46,1.05,50,1806200
20240209,14:48:47,1.1,950,1806200
20240209,14:48:59,1.05,400,1806200
20240209,14:49:00,1.1,1500,1806200
20240209,14:49:08,1.1,2700,1806200
20240209,14:49:15,1.1,250,1806200
20240209,14:49:16,1.1,1500,1806200
20240209,14:49:18,1.1,23500,1806200
20240209,14:49:22,1.1,250,1806200
20240209,14:49:29,1.15,50,1806200
20240209,14:49:37,1.15,50,1806200
20240209,14:49:38,1.15,150,1806200
20240209,14:49:40,1.1,50,1806200
20240209,14:49:46,1.15,50,1806200
20240209,14:49:48,1.15,250,1806200
20240209,14:49:51,1.15,50,1806200
20240209,14:49:52,1.1,50,1806200
20240209,14:49:56,1.1,500,1806200
20240209,14:49:57,1.1,1600,1806200
20240209,14:49:58,1.1,500,1806200
20240209,14:50:02,1.1,50,1806200
20240209,14:50:05,1.1,250,1795300
20240209,14:50:06,1.1,500,1795300
20240209,14:50:07,1.15,1200,1795300
20240209,14:50:15,1.15,50,1795300
20240209,14:50:18,1.1,450,1795300
20240209,14:50:30,1.15,50,1795300
20240209,14:50:34,1.15,450,1795300
20240209,14:50:35,1.1,2000,1795300
20240209,14:50:48,1.1,1000,1795300
20240209,14:50:58,1.1,300,1795300
20240209,14:51:01,1.15,300,1795300
20240209,14:51:14,1.1,500,1795300
20240209,14:51:19,1.15,500,1795300
20240209,14:51:33,1.15,1500,1795300
20240209,14:51:41,1.15,1500,1795300
20240209,14:51:42,1.1,500,1795300
20240209,14:51:48,1.15,1500,1795300
20240209,14:51:55,1.15,1500,1795300
20240209,14:52:01,1.15,400,1795300
20240209,14:52:03,1.15,50,1795300
20240209,14:52:04,1.15,1500,1795300
20240209,14:52:05,1.1,50,1795300
20240209,14:52:08,1.1,50,1795300
20240209,14:52:10,1.15,50,1795300
20240209,14:52:11,1.1,50,1795300
20240209,14:52:12,1.15,1500,1795300
20240209,14:52:15,1.15,50,1795300
20240209,14:52:16,1.1,50,1795300
20240209,14:52:20,1.1,3000,1795300
20240209,14:52:21,1.15,1500,1795300
20240209,14:52:22,1.1,50,1795300
20240209,14:52:29,1.15,1500,1795300
20240209,14:52:36,1.15,1500,1795300
20240209,14:52:46,1.15,1500,1795300
20240209,14:52:47,1.15,1500,1795300
20240209,14:52:58,1.15,1500,1795300
20240209,14:52:59,1.1,1800,1795300
20240209,14:53:00,1.15,5600,1795300
20240209,14:53:07,1.15,300,1790750
20240209,14:53:13,1.15,1500,1790750
20240209,14:53:15,1.15,50,1790750
20240209,14:53:18,1.15,50,1790750
20240209,14:53:22,1.15,1200,1790750
20240209,14:53:24,1.1,2100,1790750
20240209,14:53:34,1.1,450,1790750
20240209,14:53:36,1.15,38000,1790750
20240209,14:53:37,1.15,1800,1790750
20240209,14:53:53,1.15,1500,1790750
20240209,14:54:00,1.1,350,1790750
20240209,14:54:01,1.1,1100,1790750
20240209,14:54:05,1.15,1500,1790750
20240209,14:54:06,1.1,900,1790750
20240209,14:54:08,1.15,50,1790750
20240209,14:54:09,1.15,50,1790750
20240209,14:54:11,1.15,50,1790750
20240209,14:54:12,1.15,50,1790750
20240209,14:54:13,1.15,50,1790750
20240209,14:54:17,1.15,1800,1790750
20240209,14:54:19,1.15,700,1790750
20240209,14:54:20,1.15,12600,1790750
20240209,14:54:21,1.15,3150,1790750
20240209,14:54:27,1.15,50,1790750
20240209,14:54:35,1.15,1800,1790750
20240209,14:54:36,1.15,3600,1790750
20240209,14:54:42,1.2,150,1790750
20240209,14:54:55,1.2,1800,1790750
20240209,14:54:57,1.15,250,1790750
20240209,14:54:58,1.2,1800,1790750
20240209,14:54:59,1.2,1800,1790750
20240209,14:55:01,1.15,2500,1790750
20240209,14:55:02,1.2,1800,1790750
20240209,14:55:04,1.2,400,1790750
20240209,14:55:10,1.15,2100,1790750
20240209,14:55:18,1.2,1800,1790750
20240209,14:55:19,1.2,1800,1790750
20240209,14:55:21,1.15,2000,1790750
20240209,14:55:22,1.2,1800,1790750
20240209,14:55:25,1.15,100,1790750
20240209,14:55:25,1.2,1200,1790750
20240209,14:55:31,1.2,50,1790750
20240209,14:55:40,1.2,100,1790750
20240209,14:55:47,1.15,1500,1790750
20240209,14:55:48,1.15,1200,1790750
20240209,14:55:50,1.15,50,1790750
20240209,14:55:56,1.2,200,1790750
20240209,14:56:01,1.15,1100,1790750
20240209,14:56:07,1.15,300,1790750
20240209,14:56:09,1.15,1050,1785350
20240209,14:56:12,1.2,100,1785350
20240209,14:56:13,1.15,300,1785350
20240209,14:56:15,1.15,1050,1785350
20240209,14:56:18,1.2,50,1785350
20240209,14:56:19,1.15,500,1785350
20240209,14:56:21,1.15,500,1785350
20240209,14:56:23,1.2,450,1785350
20240209,14:56:27,1.2,50,1785350
20240209,14:56:29,1.15,500,1785350
20240209,14:56:30,1.15,5500,1785350
20240209,14:56:31,1.1,10650,1785350
20240209,14:56:33,1.15,1500,1785350
20240209,14:56:34,1.15,1500,1785350
20240209,14:56:35,1.15,1500,1785350
20240209,14:56:40,1.15,13050,1785350
20240209,14:56:44,1.15,2000,1785350
20240209,14:56:47,1.15,500,1785350
20240209,14:56:49,1.2,50,1785350
20240209,14:56:52,1.15,500,1785350
20240209,14:56:53,1.15,1000,1785350
20240209,14:56:58,1.15,500,1785350
20240209,14:56:59,1.15,3000,1785350
20240209,14:57:01,1.15,250,1785350
20240209,14:57:03,1.2,50,1785350
20240209,14:57:04,1.2,200,1785350
20240209,14:57:15,1.15,50,1785350
20240209,14:57:20,1.15,500,1785350
20240209,14:57:32,1.15,1800,1785350
20240209,14:57:48,1.15,500,1785350
20240209,14:57:53,1.15,500,1785350
20240209,14:57:54,1.15,500,1785350
20240209,14:58:01,1.15,350,1785350
20240209,14:58:03,1.2,300,1785350
20240209,14:58:04,1.15,250,1785350
20240209,14:58:06,1.2,50,1785350
20240209,14:58:12,1.15,19250,1785350
20240209,14:58:15,1.15,50,1785350
20240209,14:58:20,1.15,1500,1785350
20240209,14:58:27,1.15,5600,1785350
20240209,14:58:46,1.15,300,1785350
20240209,14:58:47,1.15,100,1785350
20240209,14:58:56,1.15,400,1785350
20240209,14:58:58,1.15,1800,1785350
20240209,14:59:01,1.15,350,1785350
20240209,14:59:10,1.15,50,1785350
20240209,14:59:18,1.15,1000,1786450
20240209,14:59:20,1.15,50,1786450
20240209,14:59:38,1.2,112400,1786450
20240209,14:59:39,1.2,50,1786450
20240209,14:59:40,1.2,5200,1786450
20240209,14:59:41,1.25,200,1786450
20240209,14:59:42,1.2,50,1786450
20240209,14:59:45,1.2,4800,1786450
20240209,14:59:46,1.2,800,1786450
20240209,14:59:47,1.2,1000,1786450
20240209,14:59:52,1.2,1800,1786450
20240209,14:59:53,1.2,1800,1786450
20240209,14:59:54,1.2,2100,1786450
20240209,14:59:58,1.2,1500,1786450
20240209,14:59:59,1.2,1500,1786450
20240209,15:00:00,1.2,5100,1786450
20240209,15:00:01,1.2,2000,1786450
20240209,15:00:02,1.2,38350,1786450
20240209,15:00:30,1.15,1000,1786450
20240209,15:00:32,1.2,50,1786450
20240209,15:00:39,1.2,50,1786450
20240209,15:00:43,1.15,1800,1786450
20240209,15:00:46,1.15,1800,1786450
20240209,15:00:47,1.15,1800,1786450
20240209,15:00:48,1.15,1800,1786450
20240209,15:00:51,1.15,1800,1786450
20240209,15:01:02,1.15,1450,1786450
20240209,15:01:04,1.15,250,1786450
20240209,15:01:20,1.15,1800,1786450
20240209,15:01:22,1.15,1800,1786450
20240209,15:01:25,1.15,1800,1786450
20240209,15:01:27,1.15,6000,1786450
20240209,15:01:28,1.15,50,1786450
20240209,15:01:29,1.15,4500,1786450
20240209,15:01:30,1.15,20600,1786450
20240209,15:01:31,1.1,3400,1786450
20240209,15:01:32,1.1,2550,1786450
20240209,15:01:33,1.15,15150,1786450
20240209,15:01:34,1.15,1900,1786450
20240209,15:01:36,1.15,2850,1786450
20240209,15:01:37,1.15,50,1786450
20240209,15:01:39,1.15,1400,1786450
20240209,15:01:40,1.15,700,1786450
20240209,15:01:42,1.15,700,1786450
20240209,15:01:49,1.2,50,1786450
20240209,15:02:08,1.2,50,1786450
20240209,15:02:11,1.15,1000,1854750
20240209,15:02:15,1.2,50,1854750
20240209,15:02:18,1.2,1800,1854750
20240209,15:02:21,1.2,100,1854750
20240209,15:02:22,1.2,1800,1854750
20240209,15:02:44,1.2,1800,1854750
20240209,15:02:45,1.2,200,1854750
20240209,15:02:49,1.2,100,1854750
20240209,15:02:50,1.2,1000,1854750
20240209,15:02:53,1.2,50,1854750
20240209,15:02:58,1.15,500,1854750
20240209,15:03:04,1.2,700,1854750
20240209,15:03:10,1.15,500,1854750
20240209,15:03:28,1.2,50,1854750
20240209,15:03:32,1.2,50,1854750
20240209,15:04:01,1.15,200,1854750
20240209,15:04:11,1.15,200,1854750
20240209,15:04:17,1.2,900,1854750
20240209,15:04:21,1.15,1000,1854750
20240209,15:04:39,1.2,1800,1854750
20240209,15:04:57,1.2,1500,1854750
20240209,15:05:05,1.2,200,1854750
20240209,15:05:06,1.2,400,1854750
20240209,15:05:07,1.2,3100,1857600
20240209,15:05:08,1.2,600,1857600
20240209,15:05:09,1.2,56100,1857600
20240209,15:05:10,1.2,900,1857600
20240209,15:05:11,1.2,6550,1857600
20240209,15:05:12,1.2,1150,1857600
20240209,15:05:18,1.2,1500,1857600
20240209,15:05:24,1.2,20300,1857600
20240209,15:05:24,1.2,200,1857600
20240209,15:05:25,1.2,700,1857600
20240209,15:05:26,1.2,300,1857600
20240209,15:05:30,1.2,1500,1857600
20240209,15:05:35,1.2,500,1857600
20240209,15:06:01,1.15,50,1857600
20240209,15:06:13,1.15,300,1857600
20240209,15:06:28,1.2,100,1857600
20240209,15:06:37,1.2,100,1857600
20240209,15:06:48,1.2,500,1857600
20240209,15:06:48,1.2,2000,1857600
20240209,15:06:49,1.2,37550,1857600
20240209,15:06:51,1.15,500,1857600
20240209,15:06:52,1.15,1500,1857600
20240209,15:06:54,1.15,500,1857600
20240209,15:07:01,1.15,200,1857600
20240209,15:07:03,1.15,50,1857600
20240209,15:07:33,1.15,50,1857600
20240209,15:07:40,1.2,450,1857600
20240209,15:07:42,1.2,2900,1857600
20240209,15:07:42,1.2,100,1857600
20240209,15:07:43,1.15,300,1857600
20240209,15:07:44,1.2,600,1857600
20240209,15:07:47,1.2,50,1857600
20240209,15:07:47,1.2,750,1857600
20240209,15:07:49,1.2,300,1857600
20240209,15:07:52,1.15,150,1857600
20240209,15:07:56,1.15,50,1857600
20240209,15:07:58,1.15,150,1857600
20240209,15:08:01,1.15,800,1857600
20240209,15:08:03,1.15,400,1857600
20240209,15:08:07,1.15,50,1857600
20240209,15:08:16,1.15,350,1891200
20240209,15:08:18,1.15,100,1891200
20240209,15:08:19,1.15,50,1891200
20240209,15:08:20,1.15,100,1891200
20240209,15:08:20,1.15,150,1891200
20240209,15:08:21,1.15,50,1891200
20240209,15:08:22,1.15,200,1891200
20240209,15:08:26,1.15,1100,1891200
20240209,15:08:29,1.15,100,1891200
20240209,15:08:31,1.15,200,1891200
20240209,15:08:34,1.15,100,1891200
20240209,15:08:36,1.15,100,1891200
20240209,15:08:38,1.15,100,1891200
20240209,15:08:39,1.15,150,1891200
20240209,15:08:40,1.15,500,1891200
20240209,15:08:41,1.15,250,1891200
20240209,15:08:42,1.15,800,1891200
20240209,15:08:43,1.15,150,1891200
20240209,15:08:44,1.15,400,1891200
20240209,15:08:45,1.15,500,1891200
20240209,15:08:46,1.15,100,1891200
20240209,15:08:47,1.15,250,1891200
20240209,15:08:48,1.15,1350,1891200
20240209,15:08:49,1.15,100,1891200
20240209,15:08:50,1.15,150,1891200
20240209,15:08:51,1.15,300,1891200
20240209,15:08:52,1.15,350,1891200
20240209,15:08:53,1.15,400,1891200
20240209,15:08:54,1.15,2000,1891200
20240209,15:08:55,1.15,250,1891200
20240209,15:08:56,1.15,100,1891200
20240209,15:08:57,1.15,200,1891200
20240209,15:08:58,1.2,200,1891200
20240209,15:08:59,1.15,2100,1891200
20240209,15:09:00,1.15,250,1891200
20240209,15:09:04,1.15,45650,1891200
20240209,15:09:04,1.15,1250,1891200
20240209,15:09:05,1.1,100,1891200
20240209,15:09:06,1.1,100,1891200
20240209,15:09:07,1.1,250,1891200
20240209,15:09:08,1.1,1000,1891200
20240209,15:09:09,1.1,1750,1891200
20240209,15:09:11,1.1,450,1891200
20240209,15:09:11,1.1,150,1891200
20240209,15:09:15,1.1,1800,1891200
20240209,15:09:16,1.1,200,1891200
20240209,15:09:18,1.1,450,1891200
20240209,15:09:19,1.1,150,1891200
20240209,15:09:19,1.1,500,1891200
20240209,15:09:21,1.1,1800,1891200
20240209,15:09:23,1.1,700,1891200
20240209,15:09:23,1.1,350,1891200
20240209,15:09:24,1.1,50,1891200
20240209,15:09:25,1.1,100,1891200
20240209,15:09:27,1.1,1800,1891200
20240209,15:09:30,1.15,1500,1891200
20240209,15:09:31,1.1,50,1891200
20240209,15:09:33,1.1,300,1891200
20240209,15:09:34,1.15,900,1891200
20240209,15:09:35,1.1,250,1891200
20240209,15:09:36,1.1,100,1891200
20240209,15:09:37,1.1,150,1891200
20240209,15:09:38,1.1,450,1891200
20240209,15:09:39,1.1,300,1891200
20240209,15:09:42,1.1,2000,1891200
20240209,15:09:53,1.1,1500,1891200
20240209,15:09:54,1.1,100,1891200
20240209,15:09:57,1.1,350,1891200
20240209,15:09:58,1.1,1800,1891200
20240209,15:09:59,1.1,100,1891200
20240209,15:10:01,1.1,500,1891200
20240209,15:10:02,1.1,100,1891200
20240209,15:10:03,1.1,1950,1891200
20240209,15:10:06,1.1,1100,1891200
20240209,15:10:07,1.1,1300,1891200
20240209,15:10:08,1.1,3300,1891200
20240209,15:10:09,1.1,2800,1891200
20240209,15:10:13,1.1,1350,1891200
20240209,15:10:14,1.1,1800,1891200
20240209,15:10:15,1.1,400,1891200
20240209,15:10:18,1.1,2200,1891200
20240209,15:10:20,1.1,1500,1891200
20240209,15:10:22,1.1,250,1891200
20240209,15:10:23,1.1,1800,1891200
20240209,15:10:25,1.1,200,1891200
20240209,15:10:26,1.1,100,1891200
20240209,15:10:27,1.1,300,1891200
20240209,15:10:28,1.1,1900,1891200
20240209,15:10:29,1.1,900,1891200
20240209,15:10:30,1.1,1800,1891200
20240209,15:10:32,1.1,50,1891200
20240209,15:10:33,1.1,250,1891200
20240209,15:10:34,1.1,100,1891200
20240209,15:10:35,1.1,100,1891200
20240209,15:10:39,1.1,100,1891200
20240209,15:10:40,1.1,1800,1891200
20240209,15:10:41,1.15,500,1891200
20240209,15:10:42,1.15,1900,1891200
20240209,15:10:43,1.15,1850,1891200
20240209,15:10:44,1.1,2000,1891200
20240209,15:10:47,1.1,50,1891200
20240209,15:10:55,1.1,1250,1891200
20240209,15:10:56,1.15,36000,1891200
20240209,15:10:59,1.15,30500,1891200
20240209,15:11:01,1.15,1800,1891200
20240209,15:11:11,1.15,50,1891000
20240209,15:11:19,1.15,300,1891000
20240209,15:11:20,1.15,12800,1891000
20240209,15:11:22,1.15,1000,1891000
20240209,15:11:26,1.1,1800,1891000
20240209,15:11:28,1.15,400,1891000
20240209,15:11:45,1.15,500,1891000
20240209,15:11:52,1.15,2300,1891000
20240209,15:11:53,1.15,200,1891000
20240209,15:11:56,1.1,1500,1891000
20240209,15:11:57,1.1,500,1891000
20240209,15:12:00,1.15,50,1891000
20240209,15:12:01,1.1,100,1891000
20240209,15:12:03,1.15,50,1891000
20240209,15:12:04,1.15,200,1891000
20240209,15:12:06,1.15,50,1891000
20240209,15:12:07,1.1,300,1891000
20240209,15:12:10,1.15,200,1891000
20240209,15:12:18,1.15,1250,1891000
20240209,15:12:20,1.1,96550,1891000
20240209,15:12:21,1.1,100,1891000
20240209,15:12:23,1.1,13600,1891000
20240209,15:12:29,1.1,50,1891000
20240209,15:12:35,1.15,300,1891000
20240209,15:12:38,1.15,50,1891000
20240209,15:12:40,1.1,1800,1891000
20240209,15:12:43,1.15,5000,1891000
20240209,15:12:45,1.15,50,1891000
20240209,15:12:47,1.15,50,1891000
20240209,15:12:52,1.1,2000,1891000
20240209,15:12:58,1.15,1500,1891000
20240209,15:13:00,1.15,1000,1891000
20240209,15:13:02,1.1,500,1891000
20240209,15:13:05,1.1,500,1891000
20240209,15:13:05,1.1,250,1891000
20240209,15:13:08,1.1,1800,1891000
20240209,15:13:09,1.1,7200,1891000
20240209,15:13:11,1.15,50,1891000
20240209,15:13:13,1.1,500,1891000
20240209,15:13:14,1.15,14300,1891000
20240209,15:13:15,1.1,550,1891000
20240209,15:13:16,1.1,50,1891000
20240209,15:13:19,1.1,50,1891000
20240209,15:13:20,1.1,500,1891000
20240209,15:13:24,1.1,1000,1891000
20240209,15:13:26,1.1,100,1891000
20240209,15:13:30,1.15,500,1891000
20240209,15:13:34,1.1,1000,1891000
20240209,15:13:44,1.1,800,1891000
20240209,15:13:45,1.1,600,1891000
20240209,15:13:46,1.1,50,1891000
20240209,15:13:50,1.15,50,1891000
20240209,15:13:52,1.1,1200,1891000
20240209,15:13:52,1.15,50,1891000
20240209,15:13:54,1.1,1800,1891000
20240209,15:14:00,1.1,200,1891000
20240209,15:14:01,1.1,100,1891000
20240209,15:14:02,1.1,150,1891000
20240209,15:14:08,1.1,26400,1891000
20240209,15:14:09,1.15,200,1867550
20240209,15:14:10,1.1,1800,1867550
20240209,15:14:11,1.1,850,1867550
20240209,15:14:12,1.1,300,1867550
20240209,15:14:14,1.1,100,1867550
20240209,15:14:16,1.1,400,1867550
20240209,15:14:18,1.1,500,1867550
20240209,15:14:20,1.1,50,1867550
20240209,15:14:21,1.1,100,1867550
20240209,15:14:26,1.1,7300,1867550
20240209,15:14:27,1.1,1800,1867550
20240209,15:14:29,1.15,50,1867550
20240209,15:14:30,1.15,100,1867550
20240209,15:14:51,1.1,100,1867550
20240209,15:14:58,1.1,3600,1867550
20240209,15:14:59,1.1,5400,1867550
20240209,15:15:00,1.1,800,1867550
20240209,15:15:01,1.1,200,1867550
20240209,15:15:02,1.1,150,1867550
20240209,15:15:03,1.1,150,1867550
20240209,15:15:06,1.1,500,1867550
20240209,15:15:09,1.1,4800,1867550
20240209,15:15:11,1.1,50,1867550
20240209,15:15:13,1.1,10450,1867550
20240209,15:15:27,1.1,17600,1867550
20240209,15:15:29,1.15,1650,1867550
20240209,15:15:42,1.1,3600,1867550
20240209,15:15:43,1.1,1750,1867550
20240209,15:15:48,1.15,150,1867550
20240209,15:15:53,1.1,400,1867550
20240209,15:16:02,1.15,1750,1867550
20240209,15:16:04,1.1,6050,1867550
20240209,15:16:09,1.1,8350,1867550
20240209,15:16:13,1.1,13450,1867550
20240209,15:16:17,1.05,10000,1867550
20240209,15:16:18,1.1,1800,1867550
20240209,15:16:19,1.15,15650,1867550
20240209,15:16:26,1.1,5000,1867550
20240209,15:16:28,1.1,17100,1867550
20240209,15:16:37,1.05,50,1867550
20240209,15:16:39,1.05,700,1867550
20240209,15:16:43,1.1,3800,1867550
20240209,15:16:44,1.1,1500,1867550
20240209,15:16:57,1.1,10250,1867550
20240209,15:17:10,1.1,600,1876150
20240209,15:17:16,1.1,8150,1876150
20240209,15:17:16,1.05,50,1876150
20240209,15:17:18,1.1,250,1876150
20240209,15:17:20,1.1,250,1876150
20240209,15:17:22,1.1,1800,1876150
20240209,15:17:22,1.1,250,1876150
20240209,15:17:27,1.1,350,1876150
20240209,15:17:34,1.1,250,1876150
20240209,15:17:36,1.05,5000,1876150
20240209,15:17:36,1.05,50,1876150
20240209,15:17:41,1.05,400,1876150
20240209,15:17:43,1.1,1600,1876150
20240209,15:17:46,1.05,50,1876150
20240209,15:17:47,1.05,1750,1876150
20240209,15:17:48,1.1,1500,1876150
20240209,15:17:49,1.05,7500,1876150
20240209,15:17:50,1.05,50,1876150
20240209,15:17:54,1.05,50,1876150
20240209,15:17:56,1.1,1500,1876150
20240209,15:17:59,1.05,50,1876150
20240209,15:17:59,1.1,300,1876150
20240209,15:18:02,1.1,3250,1876150
20240209,15:18:03,1.05,150,1876150
20240209,15:18:05,1.05,50,1876150
20240209,15:18:10,1.05,50,1876150
20240209,15:18:11,1.1,2300,1876150
20240209,15:18:16,1.1,1500,1876150
20240209,15:18:19,1.05,1000,1876150
20240209,15:18:23,1.05,1800,1876150
20240209,15:18:25,1.05,1800,1876150
20240209,15:18:27,1.05,600,1876150
20240209,15:18:33,1.05,50,1876150
20240209,15:18:38,1.05,200,1876150
20240209,15:18:41,1.1,600,1876150
20240209,15:18:48,1.05,1800,1876150
20240209,15:18:51,1.1,1500,1876150
20240209,15:18:52,1.05,1800,1876150
20240209,15:18:54,1.05,400,1876150
20240209,15:19:00,1.05,50,1876150
20240209,15:19:00,1.1,1500,1876150
20240209,15:19:01,1.1,400,1876150
20240209,15:19:03,1.05,50,1876150
20240209,15:19:07,1.1,1500,1876150
20240209,15:19:14,1.1,1500,1876150
20240209,15:19:21,1.1,1500,1876150
20240209,15:19:31,1.1,1500,1876150
20240209,15:19:43,1.1,650,1876150
20240209,15:19:44,1.1,5400,1876150
20240209,15:19:45,1.1,11950,1876150
20240209,15:19:51,1.1,1800,1876150
20240209,15:19:53,1.1,200,1876150
20240209,15:19:59,1.05,50,1876150
20240209,15:20:06,1.1,900,1876150
20240209,15:20:19,1.1,600,1873700
20240209,15:20:20,1.1,2000,1873700
20240209,15:20:21,1.1,45700,1873700
20240209,15:20:38,1.1,1800,1873700
20240209,15:20:47,1.1,200,1873700
20240209,15:20:48,1.15,1500,1873700
20240209,15:20:55,1.15,500,1873700
20240209,15:20:56,1.1,150,1873700
20240209,15:21:02,1.1,200,1873700
20240209,15:21:03,1.15,2000,1873700
20240209,15:21:10,1.1,350,1873700
20240209,15:21:14,1.15,1800,1873700
20240209,15:21:15,1.15,1800,1873700
20240209,15:21:16,1.15,2300,1873700
20240209,15:21:17,1.15,7200,1873700
20240209,15:21:18,1.15,45600,1873700
20240209,15:21:19,1.15,2000,1873700
20240209,15:21:21,1.2,5400,1873700
20240209,15:21:22,1.15,600,1873700
20240209,15:21:26,1.15,2000,1873700
20240209,15:21:30,1.2,1800,1873700
20240209,15:21:36,1.2,2400,1873700
20240209,15:21:46,1.2,50,1873700
20240209,15:22:10,1.15,16200,1873700
20240209,15:22:11,1.15,5400,1873700
20240209,15:22:12,1.2,1200,1873700
20240209,15:22:15,1.15,50,1873700
20240209,15:22:17,1.15,500,1873700
20240209,15:22:18,1.15,50,1873700
20240209,15:22:19,1.15,1000,1873700
20240209,15:22:22,1.15,100,1873700
20240209,15:22:27,1.15,3000,1873700
20240209,15:22:28,1.15,39900,1873700
20240209,15:22:30,1.15,50,1873700
20240209,15:22:31,1.15,250,1873700
20240209,15:22:32,1.15,12800,1873700
20240209,15:22:35,1.15,50,1873700
20240209,15:22:42,1.2,50,1873700
20240209,15:23:00,1.2,150,1873700
20240209,15:23:01,1.15,2800,1873700
20240209,15:23:02,1.15,200,1873700
20240209,15:23:06,1.2,250,1873700
20240209,15:23:07,1.15,100,1873700
20240209,15:23:10,1.15,400,1814350
20240209,15:23:12,1.15,500,1814350
20240209,15:23:13,1.2,2300,1814350
20240209,15:23:14,1.15,6200,1814350
20240209,15:23:23,1.15,300,1814350
20240209,15:23:25,1.2,4000,1814350
20240209,15:23:27,1.15,300,1814350
20240209,15:23:29,1.2,1000,1814350
20240209,15:23:32,1.2,16000,1814350
20240209,15:23:34,1.2,500,1814350
20240209,15:23:35,1.15,50,1814350
20240209,15:23:41,1.2,1000,1814350
20240209,15:23:43,1.15,500,1814350
20240209,15:23:44,1.15,500,1814350
20240209,15:23:45,1.15,500,1814350
20240209,15:23:46,1.2,5400,1814350
20240209,15:23:52,1.2,4350,1814350
20240209,15:23:53,1.2,50,1814350
20240209,15:24:05,1.2,250,1814350
20240209,15:24:09,1.2,1500,1814350
20240209,15:24:17,1.2,23700,1814350
20240209,15:24:20,1.2,150,1814350
20240209,15:24:22,1.2,1500,1814350
20240209,15:24:25,1.2,500,1814350
20240209,15:24:25,1.2,900,1814350
20240209,15:24:27,1.2,1500,1814350
20240209,15:24:28,1.2,250,1814350
20240209,15:24:29,1.2,500,1814350
20240209,15:24:30,1.2,500,1814350
20240209,15:24:32,1.2,350,1814350
20240209,15:24:33,1.2,28400,1814350
20240209,15:24:37,1.2,3350,1814350
20240209,15:24:44,1.2,4150,1814350
20240209,15:24:47,1.2,800,1814350
20240209,15:24:48,1.2,1600,1814350
20240209,15:24:53,1.15,1200,1814350
20240209,15:24:57,1.15,500,1814350
20240209,15:25:00,1.2,1050,1814350
20240209,15:25:05,1.15,100,1814350
20240209,15:25:11,1.15,500,1814350
20240209,15:25:12,1.2,1950,1814350
20240209,15:25:16,1.15,350,1814350
20240209,15:25:19,1.15,1800,1814350
20240209,15:25:19,1.15,200,1814350
20240209,15:25:26,1.15,300,1814350
20240209,15:25:27,1.15,2800,1814350
20240209,15:25:31,1.15,1800,1814350
20240209,15:25:35,1.2,2800,1814350
20240209,15:25:36,1.15,900,1814350
20240209,15:25:38,1.15,850,1814350
20240209,15:25:39,1.2,450,1814350
20240209,15:25:42,1.15,1300,1814350
20240209,15:25:46,1.15,700,1814350
20240209,15:25:51,1.15,3900,1814350
20240209,15:25:52,1.2,3600,1814350
20240209,15:25:53,1.2,400,1814350
20240209,15:25:55,1.2,1000,1814350
20240209,15:25:57,1.15,25250,1814350
20240209,15:26:00,1.15,3650,1814350
20240209,15:26:02,1.15,50,1814350
20240209,15:26:05,1.1,1800,1814350
20240209,15:26:06,1.1,10650,1814350
20240209,15:26:10,1.15,300,1814350
20240209,15:26:15,1.15,50,1836150
20240209,15:26:20,1.15,700,1836150
20240209,15:26:29,1.15,100,1836150
20240209,15:26:33,1.15,1000,1836150
20240209,15:26:37,1.15,500,1836150
20240209,15:26:40,1.15,900,1836150
20240209,15:26:41,1.15,20000,1836150
20240209,15:26:42,1.15,50,1836150
20240209,15:26:43,1.2,1500,1836150
20240209,15:26:44,1.2,1000,1836150
20240209,15:26:46,1.15,50,1836150
20240209,15:26:47,1.15,50,1836150
20240209,15:27:03,1.2,500,1836150
20240209,15:27:06,1.2,1000,1836150
20240209,15:27:07,1.15,300,1836150
20240209,15:27:09,1.2,1250,1836150
20240209,15:27:11,1.2,1500,1836150
20240209,15:27:12,1.15,1800,1836150
20240209,15:27:13,1.15,500,1836150
20240209,15:27:15,1.15,1800,1836150
20240209,15:27:16,1.2,500,1836150
20240209,15:27:18,1.15,5900,1836150
20240209,15:27:20,1.2,1150,1836150
20240209,15:27:20,1.15,500,1836150
20240209,15:27:24,1.15,100,1836150
20240209,15:27:27,1.2,2500,1836150
20240209,15:27:30,1.15,500,1836150
20240209,15:27:31,1.2,50,1836150
20240209,15:27:32,1.2,500,1836150
20240209,15:27:38,1.2,1000,1836150
20240209,15:27:40,1.2,1000,1836150
20240209,15:27:41,1.15,500,1836150
20240209,15:27:41,1.15,5700,1836150
20240209,15:27:42,1.2,1800,1836150
20240209,15:27:51,1.2,350,1836150
20240209,15:27:53,1.2,100,1836150
20240209,15:27:54,1.15,1800,1836150
20240209,15:27:55,1.15,500,1836150
20240209,15:27:56,1.15,50,1836150
20240209,15:27:59,1.15,2000,1836150
20240209,15:28:00,1.15,4200,1836150
20240209,15:28:03,1.15,1000,1836150
20240209,15:28:07,1.15,900,1836150
20240209,15:28:10,1.15,1250,1836150
20240209,15:28:11,1.15,1300,1836150
20240209,15:28:13,1.15,1800,1836150
20240209,15:28:14,1.15,14450,1836150
20240209,15:28:15,1.15,1800,1836150
20240209,15:28:18,1.2,600,1836150
20240209,15:28:23,1.2,3100,1836150
20240209,15:28:30,1.15,500,1836150
20240209,15:28:31,1.15,150,1836150
20240209,15:28:32,1.15,650,1836150
20240209,15:28:38,1.2,200,1836150
20240209,15:28:41,1.15,1800,1836150
20240209,15:28:43,1.15,200,1836150
20240209,15:28:44,1.15,100,1836150
20240209,15:28:48,1.15,2300,1836150
20240209,15:28:49,1.15,2500,1836150
20240209,15:28:50,1.15,12900,1836150
20240209,15:28:53,1.15,1000,1836150
20240209,15:28:57,1.15,2300,1836150
20240209,15:29:00,1.15,1200,1836150
20240209,15:29:00,1.15,1800,1836150
20240209,15:29:01,1.15,1700,1836150
20240209,15:29:13,1.1,3950,1828850
20240209,15:29:16,1.1,1800,1828850
20240209,15:29:16,1.1,2800,1828850
20240209,15:29:18,1.1,1800,1828850
20240209,15:29:19,1.1,7750,1828850
20240209,15:29:20,1.15,4000,1828850
20240209,15:29:21,1.15,1500,1828850
20240209,15:29:22,1.1,1500,1828850
20240209,15:29:30,1.1,450,1828850
20240209,15:29:31,1.15,1500,1828850
20240209,15:29:32,1.15,100,1828850
20240209,15:29:37,1.15,1600,1828850
20240209,15:29:38,1.1,1000,1828850
20240209,15:29:41,1.15,450,1828850
20240209,15:29:48,1.15,1600,1828850
20240209,15:29:48,1.1,900,1828850
20240209,15:29:50,1.1,100,1828850
20240209,15:29:51,1.1,500,1828850
20240209,15:29:52,1.1,2700,1828850
20240209,15:29:54,1.1,800,1828850
20240209,15:29:58,1.1,14400,1828850
20240209,15:29:59,1.1,250,1828850
20240212,09:15:01,1.15,1,1800300
20240212,09:15:01,1.2,1,1800300
20240212,09:15:01,1.1,350,1800300
20240212,09:15:02,0.9,200,1800300
20240212,09:15:03,0.9,600,1800300
20240212,09:15:05,1.2,900,1800300
20240212,09:15:06,1.1,6450,1800300
20240212,09:15:07,1.05,18900,1800300
20240212,09:15:07,1.1,3100,1800300
20240212,09:15:08,1.15,1350,1800300
20240212,09:15:09,1.1,2850,1800300
20240212,09:15:11,1.15,10250,1800300
20240212,09:15:12,1.15,1850,1800300
20240212,09:15:12,1.1,200,1800300
20240212,09:15:13,1.1,2300,1800300
20240212,09:15:14,1.1,250,1800300
20240212,09:15:16,1.1,4900,1800300
20240212,09:15:17,1.1,2100,1800300
20240212,09:15:19,1.1,1800,1800300
20240212,09:15:21,1.1,1800,1800300
20240212,09:15:22,1.05,350,1800300
20240212,09:15:23,1.05,2800,1800300
20240212,09:15:25,1.05,600,1800300
20240212,09:15:27,1.05,10600,1801900
20240212,09:15:28,1.05,300,1801900
20240212,09:15:33,1.0,500,1801900
20240212,09:15:36,1.05,7050,1801900
20240212,09:15:37,1.05,1450,1801900
20240212,09:15:39,1.05,2800,1801900
20240212,09:15:41,1.05,1500,1801900
20240212,09:15:42,1.1,1600,1801900
20240212,09:15:43,1.05,4650,1801900
20240212,09:15:45,1.05,700,1801900
20240212,09:15:47,1.05,5900,1801900
20240212,09:15:49,1.05,550,1801900
20240212,09:15:50,1.0,1350,1801900
20240212,09:15:52,1.0,1500,1801900
20240212,09:15:54,1.0,1500,1801900
20240212,09:15:57,1.0,1500,1801900
20240212,09:16:00,1.05,100,1801900
20240212,09:16:04,1.0,1800,1801900
20240212,09:16:05,1.05,100,1801900
20240212,09:16:06,1.0,700,1801900
20240212,09:16:08,1.0,50,1801900
20240212,09:16:12,1.05,550,1801900
20240212,09:16:12,1.05,100,1801900
20240212,09:16:14,1.05,150,1801900
20240212,09:16:15,1.05,200,1801900
20240212,09:16:17,1.05,150,1801900
20240212,09:16:18,1.0,100,1801900
20240212,09:16:19,1.05,150,1801900
20240212,09:16:21,1.05,150,1801900
20240212,09:16:23,1.05,150,1801900
20240212,09:16:24,1.05,1850,1801900
20240212,09:16:25,1.05,150,1801900
20240212,09:16:26,1.05,1650,1801900
20240212,09:16:27,1.05,300,1801900
20240212,09:16:30,1.0,1050,1801900
20240212,09:16:31,1.05,150,1801900
20240212,09:16:33,1.05,150,1801900
20240212,09:16:35,1.05,1650,1801900
20240212,09:16:36,1.0,1100,1801900
20240212,09:16:37,1.05,150,1801900
20240212,09:16:38,1.0,400,1801900
20240212,09:16:39,1.05,50,1801900
20240212,09:16:43,1.0,500,1801900
20240212,09:16:44,1.05,150,1801900
20240212,09:16:45,1.0,200,1801900
20240212,09:16:47,1.05,100,1801900
20240212,09:16:48,1.05,150,1801900
20240212,09:16:49,1.05,50,1801900
20240212,09:16:59,1.05,150,1801900
20240212,09:17:00,1.0,1800,1801900
20240212,09:17:01,1.0,800,1801900
20240212,09:17:02,1.0,1800,1801900
20240212,09:17:05,1.0,1850,1801900
20240212,09:17:06,1.0,2300,1801900
20240212,09:17:08,1.0,3600,1801900
20240212,09:17:10,1.0,1800,1801900
20240212,09:17:18,1.05,1800,1801900
20240212,09:17:19,1.0,3600,1801900
20240212,09:17:19,1.0,2100,1801900
20240212,09:17:20,1.05,1800,1801900
20240212,09:17:21,1.05,1800,1801900
20240212,09:17:25,1.0,1800,1801900
20240212,09:17:28,1.0,1500,1801900
20240212,09:17:43,1.0,250,1801900
20240212,09:17:45,1.0,100,1801900
20240212,09:17:49,1.0,50,1801900
20240212,09:17:52,1.05,200,1801900
20240212,09:17:54,1.05,550,1801900
20240212,09:17:54,1.05,1000,1801900
20240212,09:17:57,1.05,250,1801900
20240212,09:17:58,1.05,300,1801900
20240212,09:17:59,1.05,150,1801900
20240212,09:18:01,1.05,150,1801900
20240212,09:18:06,1.05,600,1801900
20240212,09:18:07,1.05,150,1801900
20240212,09:18:09,1.05,150,1801900
20240212,09:18:11,1.05,50,1801900
20240212,09:18:12,1.05,1250,1801900
20240212,09:18:14,1.05,1000,1801900
20240212,09:18:16,1.05,50,1801900
20240212,09:18:20,1.05,50,1801900
20240212,09:18:23,1.05,500,1801900
20240212,09:18:34,1.05,50,1820700
20240212,09:18:36,1.05,350,1820700
20240212,09:18:38,1.0,1800,1820700
20240212,09:18:39,1.0,1800,1820700
20240212,09:18:41,1.05,3750,1820700
20240212,09:18:42,1.0,3600,1820700
20240212,09:18:42,1.05,60250,1820700
20240212,09:18:44,1.0,1800,1820700
20240212,09:18:45,1.0,2300,1820700
20240212,09:18:46,1.0,1800,1820700
20240212,09:18:48,1.05,150,1820700
20240212,09:18:50,1.0,50,1820700
20240212,09:18:51,1.05,150,1820700
20240212,09:18:52,1.05,50,1820700
20240212,09:18:53,1.05,50,1820700
20240212,09:18:54,1.05,150,1820700
20240212,09:18:55,1.0,300,1820700
20240212,09:18:57,1.0,1000,1820700
20240212,09:18:58,1.0,7200,1820700
20240212,09:19:01,1.05,50,1820700
20240212,09:19:02,1.0,50,1820700
20240212,09:19:04,1.05,150,1820700
20240212,09:19:06,1.05,50,1820700
20240212,09:19:09,1.0,50,1820700
20240212,09:19:10,1.05,50,1820700
20240212,09:19:17,1.05,150,1820700
20240212,09:19:19,1.05,150,1820700
20240212,09:19:20,1.0,350,1820700
20240212,09:19:22,1.05,150,1820700
20240212,09:19:22,1.0,500,1820700
20240212,09:19:28,1.0,100,1820700
20240212,09:19:30,1.05,50,1820700
20240212,09:19:36,1.05,50,1820700
20240212,09:19:49,1.0,250,1820700
20240212,09:19:59,1.05,50,1820700
20240212,09:20:01,1.05,1000,1820700
20240212,09:20:08,1.05,50,1820700
20240212,09:20:09,1.0,500,1820700
20240212,09:20:16,1.0,1050,1820700
20240212,09:20:20,1.0,50,1820700
20240212,09:20:23,1.05,50,1820700
20240212,09:20:24,1.05,150,1820700
20240212,09:20:25,1.0,3300,1820700
20240212,09:20:28,1.05,300,1820700
20240212,09:20:29,1.0,1200,1820700
20240212,09:20:34,1.0,2000,1820700
20240212,09:20:39,1.0,600,1820700
20240212,09:20:47,1.0,1000,1820700
20240212,09:20:49,1.0,1000,1820700
20240212,09:20:51,1.0,1800,1820700
20240212,09:20:55,1.05,100,1820700
20240212,09:20:57,1.0,3500,1820700
20240212,09:21:03,1.0,1200,1820700
20240212,09:21:04,1.05,700,1820700
20240212,09:21:05,1.05,150,1820700
20240212,09:21:07,1.05,18000,1820700
20240212,09:21:07,1.0,2000,1820700
20240212,09:21:08,1.05,41050,1820700
20240212,09:21:14,1.0,100,1820700
20240212,09:21:15,1.0,600,1820700
20240212,09:21:16,1.05,150,1820700
20240212,09:21:25,1.0,250,1820700
20240212,09:21:33,1.05,1800,1904400
20240212,09:21:34,1.0,7250,1904400
20240212,09:21:35,1.05,7900,1904400
20240212,09:21:37,1.05,9650,1904400
20240212,09:21:37,1.05,17100,1904400
20240212,09:21:38,1.05,6150,1904400
20240212,09:21:40,1.1,7350,1904400
20240212,09:21:40,1.1,4400,1904400
20240212,09:21:41,1.1,5950,1904400
20240212,09:21:42,1.1,1000,1904400
20240212,09:21:43,1.1,1500,1904400
20240212,09:21:44,1.1,1250,1904400
20240212,09:21:45,1.1,3550,1904400
20240212,09:21:46,1.1,1500,1904400
20240212,09:21:48,1.05,4600,1904400
20240212,09:21:48,1.05,2000,1904400
20240212,09:21:49,1.1,1000,1904400
20240212,09:21:51,1.1,500,1904400
20240212,09:21:52,1.1,1000,1904400
20240212,09:21:54,1.1,200,1904400
20240212,09:21:54,1.1,1000,1904400
20240212,09:21:59,1.05,100,1904400
20240212,09:22:06,1.05,4000,1904400
20240212,09:22:10,1.05,500,1904400
20240212,09:22:13,1.05,500,1904400
20240212,09:22:18,1.05,4500,1904400
20240212,09:22:20,1.1,1700,1904400
20240212,09:22:21,1.1,400,1904400
20240212,09:22:22,1.1,500,1904400
20240212,09:22:29,1.05,250,1904400
20240212,09:22:36,1.1,300,1904400
20240212,09:22:37,1.05,1000,1904400
20240212,09:22:38,1.05,1000,1904400
20240212,09:22:42,1.1,100,1904400
20240212,09:22:47,1.05,700,1904400
20240212,09:22:51,1.05,1000,1904400
20240212,09:22:53,1.05,500,1904400
20240212,09:22:57,1.05,1000,1904400
20240212,09:22:58,1.05,3000,1904400
20240212,09:23:04,1.05,1600,1904400
20240212,09:23:16,1.1,500,1904400
20240212,09:23:20,1.1,50,1904400
20240212,09:23:21,1.05,1000,1904400
20240212,09:23:31,1.05,500,1904400
20240212,09:23:35,1.05,100,1904400
20240212,09:23:42,1.05,900,1904400
20240212,09:23:47,1.1,20000,1904400
20240212,09:23:49,1.1,10250,1904400
20240212,09:23:55,1.1,50,1904400
20240212,09:23:56,1.1,100,1904400
20240212,09:24:00,1.05,500,1904400
20240212,09:24:02,1.05,50,1904400
20240212,09:24:07,1.1,50,1904400
20240212,09:24:35,1.1,50,1951850
20240212,09:24:43,1.1,650,1951850
20240212,09:24:46,1.05,200,1951850
20240212,09:24:47,1.05,600,1951850
20240212,09:24:57,1.05,5000,1951850
20240212,09:25:01,1.1,650,1951850
20240212,09:25:05,1.05,1800,1951850
20240212,09:25:06,1.05,300,1951850
20240212,09:25:35,1.05,300,1951850
20240212,09:25:39,1.1,500,1951850
20240212,09:25:42,1.1,50,1951850
20240212,09:25:52,1.1,1000,1951850
20240212,09:25:54,1.05,400,1951850
20240212,09:25:55,1.05,1500,1951850
20240212,09:25:57,1.1,50,1951850
20240212,09:26:00,1.05,350,1951850
20240212,09:26:01,1.1,700,1951850
20240212,09:26:02,1.1,100,1951850
20240212,09:26:12,1.1,100,1951850
20240212,09:26:24,1.1,1800,1951850
20240212,09:26:24,1.1,3600,1951850
20240212,09:26:25,1.1,3600,1951850
20240212,09:26:42,1.05,300,1951850
20240212,09:26:45,1.1,200,1951850
20240212,09:26:46,1.1,100,1951850
20240212,09:26:48,1.1,100,1951850
20240212,09:26:49,1.1,1550,1951850
20240212,09:26:50,1.1,50,1951850
20240212,09:26:53,1.05,250,1951850
20240212,09:26:57,1.05,250,1951850
20240212,09:27:00,1.1,150,1951850
20240212,09:27:18,1.05,1450,1951850
20240212,09:27:22,1.05,100,1951850
20240212,09:27:23,1.1,50,1951850
20240212,09:27:27,1.1,500,1951850
20240212,09:27:31,1.1,500,1951850
20240212,09:27:32,1.05,1800,1966500
20240212,09:27:33,1.1,100,1966500
20240212,09:27:37,1.05,1800,1966500
20240212,09:27:37,1.05,700,1966500
20240212,09:27:39,1.05,1800,1966500
20240212,09:27:41,1.05,800,1966500
20240212,09:27:43,1.05,1800,1966500
20240212,09:27:44,1.05,2300,1966500
20240212,09:27:45,1.1,200,1966500
20240212,09:27:50,1.05,29350,1966500
20240212,09:27:51,1.05,100,1966500
20240212,09:27:53,1.0,150,1966500
20240212,09:27:54,1.05,50,1966500
20240212,09:27:58,1.05,400,1966500
20240212,09:28:05,1.05,50,1966500
20240212,09:28:11,1.05,50,1966500
20240212,09:28:12,1.05,15400,1966500
20240212,09:28:14,1.05,100,1966500
20240212,09:28:16,1.05,12000,1966500
20240212,09:28:18,1.05,600,1966500
20240212,09:28:33,1.05,100,1966500
20240212,09:28:34,1.05,1200,1966500
20240212,09:28:35,1.0,16200,1966500
20240212,09:28:35,1.0,1800,1966500
20240212,09:28:37,1.05,1200,1966500
20240212,09:28:38,1.05,1500,1966500
20240212,09:28:39,1.05,1800,1966500
20240212,09:28:52,1.05,6000,1966500
20240212,09:28:52,1.05,3000,1966500
20240212,09:28:53,1.05,2700,1966500
20240212,09:28:56,1.05,300,1966500
20240212,09:28:57,1.05,13450,1966500
20240212,09:29:00,1.05,1800,1966500
20240212,09:29:00,1.1,1700,1966500
20240212,09:29:01,1.1,4500,1966500
20240212,09:29:08,1.1,1500,1966500
20240212,09:29:12,1.05,50,1966500
20240212,09:29:15,1.1,1500,1966500
20240212,09:29:16,1.1,100,1966500
20240212,09:29:18,1.1,1500,1966500
20240212,09:29:20,1.1,3000,1966500
20240212,09:29:21,1.1,6000,1966500
20240212,09:29:22,1.1,3000,1966500
20240212,09:29:24,1.05,1800,1966500
20240212,09:29:25,1.1,550,1966500
20240212,09:29:30,1.1,650,1966500
20240212,09:29:36,1.1,7900,1966500
20240212,09:29:43,1.05,900,1966500
20240212,09:29:44,1.05,800,1966500
20240212,09:29:46,1.05,3600,1966500
20240212,09:29:52,1.05,1150,1966500
20240212,09:30:05,1.05,1000,1966500
20240212,09:30:12,1.1,7250,1966500
20240212,09:30:13,1.05,5100,1966500
20240212,09:30:17,1.1,250,1966500
20240212,09:30:30,1.1,4000,1956850
20240212,09:30:30,1.1,100,1956850
20240212,09:30:41,1.1,200,1956850
20240212,09:30:46,1.1,1800,1956850
20240212,09:30:47,1.1,450,1956850
20240212,09:30:49,1.05,200,1956850
20240212,09:30:49,1.1,250,1956850
20240212,09:30:54,1.1,300,1956850
20240212,09:30:57,1.1,50,1956850
20240212,09:30:58,1.05,50,1956850
20240212,09:31:12,1.05,250,1956850
20240212,09:31:16,1.05,400,1956850
20240212,09:31:39,1.1,1200,1956850
20240212,09:31:41,1.05,50,1956850
20240212,09:31:54,1.1,150,1956850
20240212,09:32:05,1.1,100,1956850
20240212,09:32:07,1.05,5000,1956850
20240212,09:32:08,1.1,200,1956850
20240212,09:32:21,1.1,47100,1956850
20240212,09:32:22,1.1,100,1956850
20240212,09:32:33,1.1,1050,1956850
20240212,09:32:36,1.1,5200,1956850
20240212,09:32:37,1.15,50,1956850
20240212,09:32:38,1.1,250,1956850
20240212,09:32:39,1.1,250,1956850
20240212,09:32:42,1.1,250,1956850
20240212,09:32:43,1.1,3000,1956850
20240212,09:32:45,1.15,200,1956850
20240212,09:32:59,1.1,50,1956850
20240212,09:33:10,1.1,800,1956850
20240212,09:33:12,1.1,1200,1956850
20240212,09:33:13,1.1,2000,1956850
20240212,09:33:16,1.1,350,1956850
20240212,09:33:22,1.15,300,1956850
20240212,09:33:26,1.15,350,1956850
20240212,09:33:29,1.15,100,1978450
20240212,09:33:30,1.15,300,1978450
20240212,09:33:35,1.15,300,1978450
20240212,09:33:39,1.15,300,1978450
20240212,09:33:41,1.1,500,1978450
20240212,09:33:44,1.15,6000,1978450
20240212,09:33:45,1.1,50,1978450
20240212,09:34:06,1.1,50,1978450
20240212,09:34:09,1.15,200,1978450
20240212,09:34:29,1.1,250,1978450
20240212,09:34:30,1.1,200,1978450
20240212,09:34:34,1.1,150,1978450
20240212,09:34:40,1.1,50,1978450
20240212,09:34:41,1.15,50,1978450
20240212,09:34:42,1.1,850,1978450
20240212,09:34:43,1.1,50,1978450
20240212,09:34:44,1.15,1000,1978450
20240212,09:34:45,1.1,50,1978450
20240212,09:34:47,1.1,550,1978450
20240212,09:34:49,1.1,50,1978450
20240212,09:34:54,1.1,800,1978450
20240212,09:34:59,1.15,50,1978450
20240212,09:35:00,1.15,50,1978450
20240212,09:35:01,1.15,1800,1978450
20240212,09:35:02,1.15,16800,1978450
20240212,09:35:03,1.15,500,1978450
20240212,09:35:04,1.15,1800,1978450
20240212,09:35:11,1.1,50,1978450
20240212,09:35:16,1.1,1000,1978450
20240212,09:35:21,1.1,400,1978450
20240212,09:35:24,1.1,4000,1978450
20240212,09:35:27,1.1,50,1978450
20240212,09:35:28,1.1,50,1978450
20240212,09:35:33,1.15,50,1978450
20240212,09:35:40,1.15,500,1978450
20240212,09:35:44,1.15,50,1978450
20240212,09:35:50,1.1,1000,1978450
20240212,09:35:54,1.15,400,1978450
20240212,09:36:07,1.15,200,1978450
20240212,09:36:13,1.15,7000,1978450
20240212,09:37:11,1.1,200,1985450
20240212,09:37:13,1.1,350,1985450
20240212,09:37:21,1.1,1800,1985450
20240212,09:37:25,1.15,600,1985450
20240212,09:37:26,1.15,50,1985450
20240212,09:37:39,1.15,1500,1985450
20240212,09:37:43,1.15,1500,1985450
20240212,09:37:46,1.1,900,1985450
20240212,09:37:47,1.15,13750,1985450
20240212,09:37:49,1.1,200,1985450
20240212,09:37:50,1.15,500,1985450
20240212,09:37:51,1.15,1800,1985450
20240212,09:37:52,1.15,1800,1985450
20240212,09:37:53,1.15,5400,1985450
20240212,09:37:54,1.15,57300,1985450
20240212,09:37:55,1.15,11300,1985450
20240212,09:37:56,1.15,1800,1985450
20240212,09:37:57,1.15,9250,1985450
20240212,09:37:58,1.15,8000,1985450
20240212,09:37:59,1.15,13150,1985450
20240212,09:38:00,1.15,50,1985450
20240212,09:38:01,1.2,3550,1985450
20240212,09:38:02,1.2,1800,1985450
20240212,09:38:03,1.2,1800,1985450
20240212,09:38:05,1.2,1800,1985450
20240212,09:38:06,1.2,200,1985450
20240212,09:38:07,1.2,2300,1985450
20240212,09:38:09,1.2,500,1985450
20240212,09:38:10,1.2,200,1985450
20240212,09:38:11,1.2,100,1985450
20240212,09:38:12,1.2,1000,1985450
20240212,09:38:13,1.2,1000,1985450
20240212,09:38:15,1.15,100,1985450
20240212,09:38:18,1.15,50,1985450
20240212,09:38:21,1.2,2100,1985450
20240212,09:38:21,1.2,2200,1985450
20240212,09:38:22,1.15,600,1985450
20240212,09:38:28,1.15,50,1985450
20240212,09:38:30,1.15,50,1985450
20240212,09:38:33,1.2,100,1985450
20240212,09:38:41,1.15,500,1985450
20240212,09:38:45,1.2,100,1985450
20240212,09:39:02,1.2,50,1985450
20240212,09:39:06,1.15,1000,1985450
20240212,09:39:07,1.15,50,1985450
20240212,09:39:08,1.15,1000,1985450
20240212,09:39:10,1.15,1800,1985450
20240212,09:39:11,1.15,38950,1985450
20240212,09:39:15,1.1,400,1985450
20240212,09:39:16,1.15,800,1985450
20240212,09:39:20,1.15,500,1985450
20240212,09:39:50,1.1,1800,1980400
20240212,09:40:08,1.1,900,1980400
20240212,09:40:16,1.1,50,1980400
20240212,09:40:31,1.15,200,1980400
20240212,09:40:34,1.15,50,1980400
20240212,09:40:42,1.1,500,1980400
20240212,09:40:44,1.15,50,1980400
20240212,09:40:46,1.1,1150,1980400
20240212,09:40:50,1.15,1000,1980400
20240212,09:40:57,1.1,1800,1980400
20240212,09:41:00,1.15,50,1980400
20240212,09:41:04,1.15,50,1980400
20240212,09:41:10,1.15,1500,1980400
20240212,09:41:10,1.15,1000,1980400
20240212,09:41:12,1.15,500,1980400
20240212,09:41:15,1.1,600,1980400
20240212,09:41:17,1.1,3200,1980400
20240212,09:41:18,1.1,3600,1980400
20240212,09:41:19,1.1,24750,1980400
20240212,09:41:20,1.05,1800,1980400
20240212,09:41:25,1.1,300,1980400
20240212,09:41:32,1.05,1800,1980400
20240212,09:41:33,1.05,1800,1980400
20240212,09:41:34,1.05,100,1980400
20240212,09:41:37,1.05,1800,1980400
20240212,09:41:38,1.05,1700,1980400
20240212,09:41:39,1.05,2400,1980400
20240212,09:41:40,1.05,1800,1980400
20240212,09:41:41,1.05,9500,1980400
20240212,09:41:49,1.0,3400,1980400
20240212,09:41:50,1.0,1500,1980400
20240212,09:41:52,1.0,1800,1980400
20240212,09:41:57,1.0,1300,1980400
20240212,09:41:58,1.05,900,1980400
20240212,09:42:04,1.0,1800,1980400
20240212,09:42:09,1.05,200,1980400
20240212,09:42:10,1.05,500,1980400
20240212,09:42:14,1.05,1500,1980400
20240212,09:42:16,1.05,500,1980400
20240212,09:42:19,1.0,50,1980400
20240212,09:42:32,1.05,50,1992750
20240212,09:42:33,1.05,50,1992750
20240212,09:42:34,1.05,50,1992750
20240212,09:42:35,1.05,50,1992750
20240212,09:42:36,1.05,50,1992750
20240212,09:42:37,1.05,50,1992750
20240212,09:42:38,1.05,50,1992750
20240212,09:42:40,1.05,200,1992750
20240212,09:42:41,1.05,150,1992750
20240212,09:42:42,1.05,250,1992750
20240212,09:42:43,1.05,150,1992750
20240212,09:42:44,1.05,150,1992750
20240212,09:42:45,1.05,150,1992750
20240212,09:42:46,1.05,50,1992750
20240212,09:42:47,1.05,50,1992750
20240212,09:42:48,1.05,50,1992750
20240212,09:42:50,1.05,150,1992750
20240212,09:42:51,1.05,50,1992750
20240212,09:42:52,1.05,50,1992750
20240212,09:42:53,1.05,50,1992750
20240212,09:42:54,1.05,50,1992750
20240212,09:42:55,1.05,50,1992750
20240212,09:42:57,1.05,100,1992750
20240212,09:42:58,1.05,1950,1992750
20240212,09:42:59,1.05,150,1992750
20240212,09:43:00,1.05,1950,1992750
20240212,09:43:01,1.05,150,1992750
20240212,09:43:02,1.05,1800,1992750
20240212,09:43:04,1.05,1850,1992750
20240212,09:43:05,1.05,1650,1992750
20240212,09:43:06,1.05,4850,1992750
20240212,09:43:08,1.05,7200,1992750
20240212,09:43:08,1.05,12250,1992750
20240212,09:43:09,1.1,150,1992750
20240212,09:43:10,1.05,700,1992750
20240212,09:43:11,1.1,250,1992750
20240212,09:43:12,1.1,200,1992750
20240212,09:43:13,1.1,200,1992750
20240212,09:43:15,1.1,400,1992750
20240212,09:43:16,1.1,200,1992750
20240212,09:43:20,1.1,50,1992750
20240212,09:43:21,1.1,50,1992750
20240212,09:43:22,1.1,50,1992750
20240212,09:43:23,1.1,50,1992750
20240212,09:43:25,1.1,50,1992750
20240212,09:43:30,1.1,100,1992750
20240212,09:43:31,1.1,50,1992750
20240212,09:43:41,1.05,50,1992750
20240212,09:43:45,1.1,50,1992750
20240212,09:43:49,1.1,50,1992750
20240212,09:44:12,1.1,200,1992750
20240212,09:44:26,1.1,500,1992750
20240212,09:44:27,1.1,50,1992750
20240212,09:44:28,1.1,50,1992750
20240212,09:44:37,1.1,50,1992750
20240212,09:44:45,1.05,6400,1992750
20240212,09:44:52,1.1,500,1992750
20240212,09:44:59,1.05,1500,1992750
20240212,09:45:02,1.05,1000,1992750
20240212,09:45:05,1.05,50,1992750
20240212,09:45:27,1.1,500,1992750
20240212,09:45:38,1.1,50,1982350
20240212,09:45:45,1.05,1100,1982350
20240212,09:45:50,1.05,1100,1982350
20240212,09:45:51,1.05,700,1982350
20240212,09:46:03,1.1,50,1982350
20240212,09:46:04,1.1,50,1982350
20240212,09:46:05,1.1,50,1982350
20240212,09:46:06,1.1,200,1982350
20240212,09:46:11,1.1,50,1982350
20240212,09:46:12,1.1,50,1982350
20240212,09:46:13,1.1,50,1982350
20240212,09:46:14,1.1,50,1982350
20240212,09:46:15,1.1,50,1982350
20240212,09:46:16,1.1,50,1982350
20240212,09:46:17,1.1,50,1982350
20240212,09:46:18,1.1,50,1982350
20240212,09:46:19,1.1,50,1982350
20240212,09:46:20,1.1,50,1982350
20240212,09:46:21,1.1,50,1982350
20240212,09:46:22,1.1,50,1982350
20240212,09:46:23,1.1,50,1982350
20240212,09:46:24,1.1,50,1982350
20240212,09:46:25,1.1,50,1982350
20240212,09:46:26,1.1,50,1982350
20240212,09:46:27,1.1,50,1982350
20240212,09:46:31,1.1,50,1982350
20240212,09:46:33,1.1,50,1982350
20240212,09:46:39,1.1,50,1982350
20240212,09:46:40,1.1,50,1982350
20240212,09:46:41,1.1,50,1982350
20240212,09:46:43,1.1,50,1982350
20240212,09:46:44,1.1,50,1982350
20240212,09:46:45,1.1,50,1982350
20240212,09:46:46,1.1,50,1982350
20240212,09:46:47,1.1,50,1982350
20240212,09:46:53,1.1,50,1982350
20240212,09:46:54,1.1,50,1982350
20240212,09:46:55,1.1,1850,1982350
20240212,09:46:56,1.1,50,1982350
20240212,09:46:57,1.1,50,1982350
20240212,09:46:58,1.1,1650,1982350
20240212,09:46:59,1.1,1550,1982350
20240212,09:47:00,1.1,1550,1982350
20240212,09:47:01,1.05,1850,1982350
20240212,09:47:02,1.1,50,1982350
20240212,09:47:03,1.1,50,1982350
20240212,09:47:04,1.1,50,1982350
20240212,09:47:08,1.1,1800,1982350
20240212,09:47:11,1.1,900,1982350
20240212,09:47:14,1.1,300,1982350
20240212,09:47:15,1.05,100,1982350
20240212,09:47:17,1.1,50,1982350
20240212,09:47:33,1.1,50,1982350
20240212,09:47:52,1.1,1500,1982350
20240212,09:47:53,1.1,1500,1982350
20240212,09:47:57,1.05,100,1982350
20240212,09:47:59,1.05,1500,1982350
20240212,09:48:03,1.1,150,1982350
20240212,09:48:04,1.1,200,1982350
20240212,09:48:06,1.1,200,1982350
20240212,09:48:07,1.1,1500,1982350
20240212,09:48:08,1.1,1500,1982350
20240212,09:48:10,1.1,200,1982350
20240212,09:48:14,1.1,1000,1982350
20240212,09:48:15,1.05,2600,1982350
20240212,09:48:16,1.1,1000,1982350
20240212,09:48:17,1.1,1000,1982350
20240212,09:48:29,1.05,50,1982350
20240212,09:48:31,1.05,2400,1982350
20240212,09:48:42,1.1,1000,1982100
20240212,09:48:43,1.05,2400,1982100
20240212,09:48:44,1.1,1000,1982100
20240212,09:48:47,1.05,50,1982100
20240212,09:48:50,1.05,2400,1982100
20240212,09:48:53,1.1,50,1982100
20240212,09:48:54,1.1,1000,1982100
20240212,09:48:55,1.1,700,1982100
20240212,09:48:56,1.1,2000,1982100
20240212,09:48:58,1.1,800,1982100
20240212,09:49:05,1.05,1400,1982100
20240212,09:49:16,1.05,50,1982100
20240212,09:49:17,1.05,100,1982100
20240212,09:49:26,1.1,50,1982100
20240212,09:49:32,1.1,50,1982100
20240212,09:49:33,1.1,50,1982100
20240212,09:49:34,1.1,50,1982100
20240212,09:49:35,1.1,50,1982100
20240212,09:49:36,1.1,50,1982100
20240212,09:49:37,1.1,50,1982100
20240212,09:49:38,1.1,50,1982100
20240212,09:49:39,1.1,50,1982100
20240212,09:49:40,1.1,150,1982100
20240212,09:49:41,1.1,50,1982100
20240212,09:49:42,1.1,50,1982100
20240212,09:49:43,1.1,50,1982100
20240212,09:49:44,1.1,200,1982100
20240212,09:49:45,1.1,200,1982100
20240212,09:49:46,1.1,50,1982100
20240212,09:49:49,1.05,1500,1982100
20240212,09:49:52,1.1,50,1982100
20240212,09:49:53,1.1,900,1982100
20240212,09:49:55,1.05,200,1982100
20240212,09:49:58,1.1,50,1982100
20240212,09:49:59,1.1,50,1982100
20240212,09:50:00,1.1,50,1982100
20240212,09:50:01,1.1,50,1982100
20240212,09:50:02,1.1,50,1982100
20240212,09:50:03,1.1,100,1982100
20240212,09:50:04,1.1,50,1982100
20240212,09:50:05,1.1,50,1982100
20240212,09:50:06,1.1,50,1982100
20240212,09:50:07,1.1,50,1982100
20240212,09:50:08,1.1,100,1982100
20240212,09:50:09,1.1,50,1982100
20240212,09:50:10,1.1,50,1982100
20240212,09:50:11,1.1,1850,1982100
20240212,09:50:12,1.1,50,1982100
20240212,09:50:13,1.1,50,1982100
20240212,09:50:14,1.1,50,1982100
20240212,09:50:15,1.1,1850,1982100
20240212,09:50:16,1.1,50,1982100
20240212,09:50:17,1.1,2650,1982100
20240212,09:50:19,1.1,50,1982100
20240212,09:50:20,1.1,50,1982100
20240212,09:50:21,1.1,50,1982100
20240212,09:50:22,1.05,1850,1982100
20240212,09:50:23,1.1,1850,1982100
20240212,09:50:24,1.05,1850,1982100
20240212,09:50:25,1.05,3650,1982100
20240212,09:50:26,1.05,1850,1982100
20240212,09:50:27,1.05,3350,1982100
20240212,09:50:28,1.1,1850,1982100
20240212,09:50:29,1.05,3650,1982100
20240212,09:50:30,1.1,50,1982100
20240212,09:50:31,1.1,150,1982100
20240212,09:50:32,1.1,50,1982100
20240212,09:50:33,1.1,50,1982100
20240212,09:50:34,1.1,50,1982100
20240212,09:50:35,1.1,50,1982100
20240212,09:50:37,1.1,200,1982100
20240212,09:50:37,1.05,50,1982100
20240212,09:50:38,1.1,1600,1982100
20240212,09:50:40,1.1,50,1982100
20240212,09:50:43,1.1,200,1982100
20240212,09:50:50,1.1,50,1982100
20240212,09:50:53,1.1,800,1982100
20240212,09:50:55,1.05,50,1982100
20240212,09:50:58,1.1,100,1982100
20240212,09:51:06,1.1,200,1982100
20240212,09:51:06,1.1,50,1982100
20240212,09:51:20,1.1,50,1982100
20240212,09:51:36,1.1,50,1986500
20240212,09:51:39,1.05,750,1986500
20240212,09:51:43,1.1,50,1986500
20240212,09:51:50,1.05,50,1986500
20240212,09:52:02,1.1,600,1986500
20240212,09:52:08,1.1,1700,1986500
20240212,09:52:24,1.05,3850,1986500
20240212,09:52:27,1.05,1500,1986500
20240212,09:52:36,1.1,1000,1986500
20240212,09:52:46,1.1,1400,1986500
20240212,09:52:47,1.1,350,1986500
20240212,09:52:51,1.05,1800,1986500
20240212,09:52:52,1.1,550,1986500
20240212,09:52:59,1.05,1500,1986500
20240212,09:53:00,1.05,4500,1986500
20240212,09:53:01,1.1,500,1986500
20240212,09:53:23,1.05,800,1986500
20240212,09:53:32,1.1,800,1986500
20240212,09:53:38,1.05,50,1986500
20240212,09:53:40,1.05,1300,1986500
20240212,09:53:44,1.05,6000,1986500
20240212,09:53:48,1.1,50,1986500
20240212,09:53:49,1.05,6000,1986500
20240212,09:53:55,1.05,200,1986500
20240212,09:53:56,1.05,200,1986500
20240212,09:53:57,1.05,200,1986500
20240212,09:53:58,1.05,250,1986500
20240212,09:53:59,1.05,50,1986500
20240212,09:54:00,1.05,50,1986500
20240212,09:54:01,1.05,200,1986500
20240212,09:54:02,1.05,200,1986500
20240212,09:54:07,1.1,200,1986500
20240212,09:54:11,1.05,50,1986500
20240212,09:54:17,1.05,500,1986500
20240212,09:54:45,1.05,4500,1979650
20240212,09:54:47,1.1,3300,1979650
20240212,09:54:48,1.05,600,1979650
20240212,09:54:49,1.05,1250,1979650
20240212,09:54:52,1.05,850,1979650
20240212,09:55:03,1.05,1300,1979650
20240212,09:55:04,1.1,50,1979650
20240212,09:55:05,1.1,200,1979650
20240212,09:55:06,1.1,200,1979650
20240212,09:55:07,1.1,200,1979650
20240212,09:55:08,1.1,200,1979650
20240212,09:55:09,1.1,100,1979650
20240212,09:55:10,1.1,50,1979650
20240212,09:55:11,1.1,50,1979650
20240212,09:55:12,1.1,50,1979650
20240212,09:55:13,1.1,200,1979650
20240212,09:55:15,1.1,400,1979650
20240212,09:55:16,1.1,50,1979650
20240212,09:55:17,1.1,50,1979650
20240212,09:55:18,1.1,50,1979650
20240212,09:55:19,1.1,50,1979650
20240212,09:55:20,1.1,50,1979650
20240212,09:55:21,1.1,1550,1979650
20240212,09:55:23,1.1,250,1979650
20240212,09:55:24,1.1,200,1979650
20240212,09:55:25,1.1,1400,1979650
20240212,09:55:26,1.1,300,1979650
20240212,09:55:27,1.1,200,1979650
20240212,09:55:28,1.1,50,1979650
20240212,09:55:29,1.1,50,1979650
20240212,09:55:30,1.1,50,1979650
20240212,09:55:31,1.1,50,1979650
20240212,09:55:32,1.1,100,1979650
20240212,09:55:33,1.1,50,1979650
20240212,09:55:34,1.1,50,1979650
20240212,09:55:35,1.1,50,1979650
20240212,09:55:36,1.1,50,1979650
20240212,09:55:37,1.1,50,1979650
20240212,09:55:38,1.1,50,1979650
20240212,09:55:39,1.1,50,1979650
20240212,09:55:40,1.05,1500,1979650
20240212,09:55:41,1.05,4500,1979650
20240212,09:55:47,1.1,1650,1979650
20240212,09:55:48,1.1,1000,1979650
20240212,09:55:52,1.1,1800,1979650
20240212,09:55:52,1.1,3200,1979650
20240212,09:55:53,1.1,1500,1979650
20240212,09:55:55,1.1,1000,1979650
20240212,09:56:07,1.05,4500,1979650
20240212,09:56:08,1.1,200,1979650
20240212,09:56:22,1.05,1500,1979650
20240212,09:56:27,1.05,1500,1979650
20240212,09:56:33,1.05,1500,1979650
20240212,09:56:34,1.1,150,1979650
20240212,09:56:36,1.05,1500,1979650
20240212,09:56:40,1.05,1500,1979650
20240212,09:56:45,1.05,1800,1979650
20240212,09:56:46,1.05,34350,1979650
20240212,09:56:47,1.05,1800,1979650
20240212,09:56:48,1.05,1200,1979650
20240212,09:56:50,1.05,1200,1979650
20240212,09:56:57,1.05,1500,1979650
20240212,09:57:08,1.05,150,1979650
20240212,09:57:10,1.05,350,1979650
20240212,09:57:12,1.05,1500,1979650
20240212,09:57:21,1.1,7800,1979650
20240212,09:57:23,1.1,100,1979650
20240212,09:57:27,1.05,750,1979650
20240212,09:57:28,1.05,50,1979650
20240212,09:57:29,1.05,50,1979650
20240212,09:57:30,1.05,200,1979650
20240212,09:57:31,1.05,200,1979650
20240212,09:57:32,1.05,250,1969100
20240212,09:57:33,1.05,200,1969100
20240212,09:57:34,1.05,700,1969100
20240212,09:57:35,1.05,50,1969100
20240212,09:57:36,1.1,1550,1969100
20240212,09:57:39,1.05,50,1969100
20240212,09:57:40,1.05,50,1969100
20240212,09:57:41,1.05,50,1969100
20240212,09:57:42,1.05,50,1969100
20240212,09:57:43,1.05,50,1969100
20240212,09:57:44,1.05,50,1969100
20240212,09:57:45,1.05,50,1969100
20240212,09:57:46,1.05,50,1969100
20240212,09:57:47,1.05,50,1969100
20240212,09:57:48,1.05,200,1969100
20240212,09:57:49,1.05,200,1969100
20240212,09:57:50,1.05,200,1969100
20240212,09:57:51,1.05,200,1969100
20240212,09:57:52,1.05,200,1969100
20240212,09:57:53,1.05,50,1969100
20240212,09:57:55,1.05,50,1969100
20240212,09:57:56,1.05,1550,1969100
20240212,09:57:57,1.05,1050,1969100
20240212,09:57:58,1.05,50,1969100
20240212,09:57:59,1.05,200,1969100
20240212,09:58:00,1.05,200,1969100
20240212,09:58:01,1.05,50,1969100
20240212,09:58:02,1.05,50,1969100
20240212,09:58:03,1.05,50,1969100
20240212,09:58:04,1.05,50,1969100
20240212,09:58:05,1.05,50,1969100
20240212,09:58:06,1.05,50,1969100
20240212,09:58:07,1.05,50,1969100
20240212,09:58:08,1.05,50,1969100
20240212,09:58:09,1.05,300,1969100
20240212,09:58:10,1.05,1850,1969100
20240212,09:58:11,1.05,9250,1969100
20240212,09:58:12,1.0,50,1969100
20240212,09:58:17,1.0,50,1969100
20240212,09:58:31,1.05,50,1969100
20240212,09:58:39,1.05,1800,1969100
20240212,09:58:40,1.05,1800,1969100
20240212,09:58:41,1.05,1800,1969100
20240212,09:58:42,1.05,1800,1969100
20240212,09:58:44,1.05,1800,1969100
20240212,09:58:45,1.05,1000,1969100
20240212,09:59:01,1.05,500,1969100
20240212,09:59:02,1.05,50,1969100
20240212,09:59:03,1.0,50,1969100
20240212,09:59:06,1.05,50,1969100
20240212,09:59:07,1.05,500,1969100
20240212,09:59:34,1.0,1800,1969100
20240212,09:59:35,1.05,900,1969100
20240212,09:59:36,1.05,100,1969100
20240212,09:59:40,1.0,50,1969100
20240212,09:59:41,1.0,50,1969100
20240212,09:59:42,1.0,50,1969100
20240212,09:59:43,1.0,2000,1969100
20240212,09:59:44,1.0,200,1969100
20240212,09:59:45,1.0,200,1969100
20240212,09:59:46,1.0,50,1969100
20240212,09:59:47,1.0,50,1969100
20240212,09:59:48,1.0,50,1969100
20240212,09:59:49,1.0,100,1969100
20240212,09:59:50,1.0,50,1969100
20240212,09:59:51,1.0,50,1969100
20240212,09:59:52,1.0,50,1969100
20240212,09:59:53,1.0,50,1969100
20240212,09:59:54,1.0,50,1969100
20240212,09:59:55,1.0,50,1969100
20240212,10:00:07,1.05,50,1969100
20240212,10:00:19,1.0,50,1969100
20240212,10:00:22,1.0,50,1969100
20240212,10:00:30,1.0,50,1969100
20240212,10:00:34,1.0,5000,1966400
20240212,10:00:36,1.05,200,1966400
20240212,10:00:37,1.0,1500,1966400
20240212,10:00:41,1.0,15900,1966400
20240212,10:00:42,1.05,50,1966400
20240212,10:00:43,1.0,27050,1966400
20240212,10:00:44,1.0,4250,1966400
20240212,10:00:45,1.0,1200,1966400
20240212,10:00:46,1.0,1200,1966400
20240212,10:00:51,1.0,50,1966400
20240212,10:00:55,1.0,50,1966400
20240212,10:00:59,1.0,1000,1966400
20240212,10:01:00,1.0,1050,1966400
20240212,10:01:01,1.0,2050,1966400
20240212,10:01:02,1.0,39050,1966400
20240212,10:01:03,1.0,1200,1966400
20240212,10:01:04,1.0,1200,1966400
20240212,10:01:05,1.0,1050,1966400
20240212,10:01:07,1.0,2300,1966400
20240212,10:01:08,1.0,1200,1966400
20240212,10:01:09,1.0,200,1966400
20240212,10:01:10,1.0,200,1966400
20240212,10:01:11,1.0,300,1966400
20240212,10:01:12,1.0,2400,1966400
20240212,10:01:13,0.95,200,1966400
20240212,10:01:14,0.95,200,1966400
20240212,10:01:16,0.95,400,1966400
20240212,10:01:17,0.95,200,1966400
20240212,10:01:18,0.95,200,1966400
20240212,10:01:19,0.95,200,1966400
20240212,10:01:20,0.95,200,1966400
20240212,10:01:21,1.0,250,1966400
20240212,10:01:22,0.95,200,1966400
20240212,10:01:23,0.95,200,1966400
20240212,10:01:25,0.95,400,1966400
20240212,10:01:26,0.95,200,1966400
20240212,10:01:27,0.95,300,1966400
20240212,10:01:28,0.95,200,1966400
20240212,10:01:29,0.95,200,1966400
20240212,10:01:30,0.95,1700,1966400
20240212,10:01:31,0.95,200,1966400
20240212,10:01:32,0.95,17650,1966400
20240212,10:01:32,0.95,500,1966400
20240212,10:01:33,0.95,200,1966400
20240212,10:01:34,0.95,1700,1966400
20240212,10:01:35,0.95,200,1966400
20240212,10:01:36,0.95,1700,1966400
20240212,10:01:55,0.95,1500,1966400
20240212,10:01:57,0.95,1500,1966400
20240212,10:01:58,0.95,2150,1966400
20240212,10:02:03,1.0,500,1966400
20240212,10:02:07,1.0,200,1966400
20240212,10:02:10,0.95,13000,1966400
20240212,10:02:11,0.95,900,1966400
20240212,10:02:12,0.95,500,1966400
20240212,10:02:19,0.95,50,1966400
20240212,10:02:22,0.9,6000,1966400
20240212,10:02:23,0.9,1000,1966400
20240212,10:02:24,0.95,150,1966400
20240212,10:02:25,0.95,50,1966400
20240212,10:02:32,0.95,50,1966400
20240212,10:02:33,0.95,50,1966400
20240212,10:02:34,0.95,50,1966400
20240212,10:02:40,0.9,50,1966400
20240212,10:02:46,0.95,950,1966400
20240212,10:02:47,0.95,900,1966400
20240212,10:02:53,0.95,2100,1966400
20240212,10:02:54,0.95,2100,1966400
20240212,10:02:57,0.9,150,1966400
20240212,10:02:58,0.95,250,1966400
20240212,10:02:59,0.95,250,1966400
20240212,10:03:03,0.95,250,1966400
20240212,10:03:11,0.95,1100,1966400
20240212,10:03:12,0.9,50,1966400
20240212,10:03:17,0.9,200,1966400
20240212,10:03:35,0.95,50,1966400
20240212,10:04:00,0.9,500,1932500
20240212,10:04:06,0.95,200,1932500
20240212,10:04:21,0.95,50,1932500
20240212,10:04:25,0.9,200,1932500
20240212,10:04:41,0.95,3750,1932500
20240212,10:04:53,0.9,50,1932500
20240212,10:04:54,0.9,50,1932500
20240212,10:05:00,0.95,30700,1932500
20240212,10:05:01,0.95,50,1932500
20240212,10:05:04,0.95,1500,1932500
20240212,10:05:09,0.95,100,1932500
20240212,10:05:11,0.95,500,1932500
20240212,10:05:12,0.95,450,1932500
20240212,10:05:13,0.95,100,1932500
20240212,10:05:15,0.95,250,1932500
20240212,10:05:19,0.95,2300,1932500
20240212,10:05:21,1.0,250,1932500
20240212,10:05:22,0.95,500,1932500
20240212,10:05:24,0.95,50,1932500
20240212,10:05:25,0.95,250,1932500
20240212,10:05:28,0.95,1100,1932500
20240212,10:05:30,0.95,750,1932500
20240212,10:05:30,1.0,250,1932500
20240212,10:05:32,0.95,1200,1932500
20240212,10:05:33,0.95,1500,1932500
20240212,10:05:34,0.95,50,1932500
20240212,10:05:34,0.95,100,1932500
20240212,10:05:35,0.95,1050,1932500
20240212,10:05:36,0.95,1050,1932500
20240212,10:05:37,0.95,1100,1932500
20240212,10:05:38,0.95,3800,1932500
20240212,10:05:39,0.95,28150,1932500
20240212,10:05:40,0.95,1800,1932500
20240212,10:05:41,0.95,250,1932500
20240212,10:05:42,0.95,1350,1932500
20240212,10:05:43,0.95,500,1932500
20240212,10:05:45,0.95,1200,1932500
20240212,10:05:45,0.95,300,1932500
20240212,10:05:46,0.95,1800,1932500
20240212,10:05:47,0.95,4850,1932500
20240212,10:05:48,0.95,5650,1932500
20240212,10:06:00,0.95,200,1932500
20240212,10:06:05,0.95,1500,1932500
20240212,10:06:07,0.95,100,1932500
20240212,10:06:08,0.95,200,1932500
20240212,10:06:09,0.95,50,1932500
20240212,10:06:21,0.95,50,1932500
20240212,10:06:40,0.9,700,1935000
20240212,10:07:04,0.9,500,1935000
20240212,10:07:05,0.95,1000,1935000
20240212,10:07:10,0.9,500,1935000
20240212,10:07:10,0.9,50,1935000
20240212,10:07:17,0.95,500,1935000
20240212,10:07:21,0.9,1000,1935000
20240212,10:07:57,0.9,250,1935000
20240212,10:08:09,0.95,200,1935000
20240212,10:08:10,0.95,50,1935000
20240212,10:08:25,0.95,750,1935000
20240212,10:08:32,0.95,50,1935000
20240212,10:08:33,0.95,50,1935000
20240212,10:08:34,0.95,50,1935000
20240212,10:08:35,0.95,50,1935000
20240212,10:08:36,0.95,50,1935000
20240212,10:08:37,0.95,50,1935000
20240212,10:08:38,0.95,50,1935000
20240212,10:08:39,0.95,50,1935000
20240212,10:08:40,0.95,50,1935000
20240212,10:08:41,0.95,50,1935000
20240212,10:08:42,0.95,50,1935000
20240212,10:08:43,0.95,50,1935000
20240212,10:08:46,0.95,50,1935000
20240212,10:08:48,0.9,50,1935000
20240212,10:08:49,0.95,250,1935000
20240212,10:08:57,0.9,200,1935000
20240212,10:09:08,0.95,50,1935000
20240212,10:09:09,0.95,50,1935000
20240212,10:09:10,0.95,50,1935000
20240212,10:09:11,0.95,50,1935000
20240212,10:09:12,0.95,50,1935000
20240212,10:09:13,0.95,50,1935000
20240212,10:09:14,0.95,100,1935000
20240212,10:09:15,0.95,50,1935000
20240212,10:09:16,0.95,50,1935000
20240212,10:09:17,0.95,50,1935000
20240212,10:09:18,0.95,50,1935000
20240212,10:09:19,0.95,50,1935000
20240212,10:09:20,0.95,50,1935000
20240212,10:09:21,0.95,50,1935000
20240212,10:09:22,0.95,50,1935000
20240212,10:09:23,0.95,50,1935000
20240212,10:09:24,0.95,1850,1935000
20240212,10:09:25,0.95,50,1935000
20240212,10:09:26,0.95,50,1935000
20240212,10:09:29,0.95,50,1935000
20240212,10:09:31,0.95,50,1935000
20240212,10:09:32,0.95,50,1935000
20240212,10:09:33,0.95,50,1935000
20240212,10:09:34,0.95,350,1935000
20240212,10:09:35,0.95,50,1938100
20240212,10:09:36,0.95,50,1938100
20240212,10:09:43,0.95,1800,1938100
20240212,10:09:59,0.9,50,1938100
20240212,10:10:05,0.95,50,1938100
20240212,10:10:09,0.95,200,1938100
20240212,10:10:12,0.9,3600,1938100
20240212,10:10:15,0.95,350,1938100
20240212,10:10:15,0.9,50,1938100
20240212,10:10:16,0.9,200,1938100
20240212,10:10:17,0.9,200,1938100
20240212,10:10:18,0.9,200,1938100
20240212,10:10:20,0.95,50,1938100
20240212,10:10:21,0.9,400,1938100
20240212,10:10:22,0.95,500,1938100
20240212,10:10:23,0.9,250,1938100
20240212,10:10:24,0.9,200,1938100
20240212,10:10:25,0.9,200,1938100
20240212,10:10:26,0.9,200,1938100
20240212,10:10:27,0.9,200,1938100
20240212,10:10:28,0.9,100,1938100
20240212,10:10:29,0.95,50,1938100
20240212,10:10:32,0.95,200,1938100
20240212,10:10:53,0.9,300,1938100
20240212,10:11:25,0.9,50,1938100
20240212,10:11:26,0.95,50,1938100
20240212,10:11:29,0.95,100,1938100
20240212,10:11:34,0.9,50,1938100
20240212,10:12:09,0.95,200,1938100
20240212,10:12:17,0.95,50,1938100
20240212,10:12:38,0.95,500,1938100
20240212,10:12:43,0.9,50,1938200
20240212,10:12:54,0.9,950,1938200
20240212,10:13:09,0.9,50,1938200
20240212,10:13:39,0.95,50,1938200
20240212,10:13:40,0.95,50,1938200
20240212,10:13:41,0.95,50,1938200
20240212,10:13:42,0.95,50,1938200
20240212,10:13:43,0.95,50,1938200
20240212,10:13:44,0.95,50,1938200
20240212,10:13:44,0.9,1900,1938200
20240212,10:13:45,0.95,50,1938200
20240212,10:13:46,0.95,50,1938200
20240212,10:13:47,0.95,50,1938200
20240212,10:13:48,0.95,50,1938200
20240212,10:13:49,0.9,1400,1938200
20240212,10:13:50,0.9,1850,1938200
20240212,10:13:51,0.95,50,1938200
20240212,10:13:52,0.9,150,1938200
20240212,10:13:53,0.95,50,1938200
20240212,10:13:54,0.9,250,1938200
20240212,10:13:55,0.95,50,1938200
20240212,10:13:56,0.95,50,1938200
20240212,10:13:57,0.95,50,1938200
20240212,10:13:58,0.9,1800,1938200
20240212,10:13:59,0.9,5400,1938200
20240212,10:14:00,0.95,50,1938200
20240212,10:14:01,0.9,2700,1938200
20240212,10:14:02,0.9,1050,1938200
20240212,10:14:03,0.95,50,1938200
20240212,10:14:04,0.9,1000,1938200
20240212,10:14:05,0.95,200,1938200
20240212,10:14:06,0.95,250,1938200
20240212,10:14:07,0.95,250,1938200
20240212,10:14:08,0.95,50,1938200
20240212,10:14:09,0.9,900,1938200
20240212,10:14:10,0.95,50,1938200
20240212,10:14:11,0.95,50,1938200
20240212,10:14:12,0.95,50,1938200
20240212,10:14:13,0.95,50,1938200
20240212,10:14:14,0.95,50,1938200
20240212,10:14:15,0.95,50,1938200
20240212,10:14:16,0.9,550,1938200
20240212,10:14:17,0.95,50,1938200
20240212,10:14:18,0.95,50,1938200
20240212,10:14:22,0.95,50,1938200
20240212,10:14:23,0.95,50,1938200
20240212,10:14:26,0.95,50,1938200
20240212,10:14:27,0.95,50,1938200
20240212,10:14:28,0.95,50,1938200
20240212,10:14:31,0.95,50,1938200
20240212,10:14:32,0.95,50,1938200
20240212,10:14:34,0.95,50,1938200
20240212,10:14:39,0.95,50,1938200
20240212,10:14:40,0.95,50,1938200
20240212,10:14:41,0.95,50,1938200
20240212,10:14:42,0.95,50,1938200
20240212,10:14:43,0.95,50,1938200
20240212,10:14:44,0.95,50,1938200
20240212,10:14:45,0.95,50,1938200
20240212,10:14:46,0.95,50,1938200
20240212,10:14:47,0.95,50,1938200
20240212,10:14:48,0.95,50,1938200
20240212,10:14:49,0.95,50,1938200
20240212,10:14:53,0.9,50,1938200
20240212,10:15:14,0.95,50,1938200
20240212,10:15:25,0.95,500,1938200
20240212,10:15:28,0.95,200,1938200
20240212,10:15:49,0.9,50,1949950
20240212,10:15:50,0.95,200,1949950
20240212,10:16:01,0.9,50,1949950
20240212,10:16:03,0.95,1000,1949950
20240212,10:16:13,0.95,200,1949950
20240212,10:16:40,0.9,500,1949950
20240212,10:16:50,0.9,150,1949950
20240212,10:16:51,0.9,200,1949950
20240212,10:16:52,0.9,150,1949950
20240212,10:16:53,0.9,150,1949950
20240212,10:16:54,0.9,1950,1949950
20240212,10:16:59,0.9,600,1949950
20240212,10:17:12,0.95,500,1949950
20240212,10:17:17,0.9,1700,1949950
20240212,10:17:45,0.95,1800,1949950
20240212,10:17:56,0.95,50,1949950
20240212,10:18:04,0.9,400,1949950
20240212,10:18:04,0.9,3600,1949950
20240212,10:18:06,0.9,350,1949950
20240212,10:18:48,0.95,1250,1949950
20240212,10:18:51,0.9,50,1953150
20240212,10:18:57,0.95,50,1953150
20240212,10:19:09,0.95,50,1953150
20240212,10:19:10,0.95,50,1953150
20240212,10:19:11,0.95,50,1953150
20240212,10:19:12,0.95,50,1953150
20240212,10:19:13,0.95,50,1953150
20240212,10:19:14,0.95,50,1953150
20240212,10:19:15,0.95,50,1953150
20240212,10:19:16,0.95,50,1953150
20240212,10:19:17,0.95,50,1953150
20240212,10:19:18,0.95,50,1953150
20240212,10:19:19,0.95,50,1953150
20240212,10:19:20,0.95,50,1953150
20240212,10:19:21,0.95,50,1953150
20240212,10:19:22,0.95,50,1953150
20240212,10:19:23,0.95,50,1953150
20240212,10:19:24,0.95,50,1953150
20240212,10:19:25,0.95,50,1953150
20240212,10:19:26,0.95,50,1953150
20240212,10:19:27,0.95,50,1953150
20240212,10:19:28,0.95,50,1953150
20240212,10:19:29,0.95,50,1953150
20240212,10:19:30,0.95,50,1953150
20240212,10:19:31,0.95,50,1953150
20240212,10:19:32,0.95,50,1953150
20240212,10:19:33,0.95,50,1953150
20240212,10:19:34,0.95,50,1953150
20240212,10:19:35,0.95,50,1953150
20240212,10:19:36,0.95,50,1953150
20240212,10:19:37,0.95,50,1953150
20240212,10:19:38,0.95,50,1953150
20240212,10:19:39,0.95,50,1953150
20240212,10:19:40,0.95,850,1953150
20240212,10:19:41,0.95,50,1953150
20240212,10:19:42,0.95,50,1953150
20240212,10:19:43,0.95,50,1953150
20240212,10:19:44,0.95,50,1953150
20240212,10:19:45,0.95,50,1953150
20240212,10:19:48,0.95,50,1953150
20240212,10:19:49,0.95,50,1953150
20240212,10:19:50,0.95,200,1953150
20240212,10:19:51,0.95,50,1953150
20240212,10:19:52,0.95,50,1953150
20240212,10:19:53,0.95,50,1953150
20240212,10:19:54,0.95,50,1953150
20240212,10:19:55,0.95,50,1953150
20240212,10:19:56,0.95,50,1953150
20240212,10:19:57,0.95,50,1953150
20240212,10:19:58,0.95,50,1953150
20240212,10:19:59,0.95,50,1953150
20240212,10:20:00,0.95,100,1953150
20240212,10:20:01,0.95,50,1953150
20240212,10:20:02,0.95,50,1953150
20240212,10:20:03,0.95,50,1953150
20240212,10:20:04,0.95,50,1953150
20240212,10:20:05,0.95,50,1953150
20240212,10:20:06,0.95,50,1953150
20240212,10:20:07,0.95,50,1953150
20240212,10:20:08,0.95,50,1953150
20240212,10:20:13,0.9,44600,1953150
20240212,10:20:14,0.9,1500,1953150
20240212,10:20:15,0.9,11700,1953150
20240212,10:20:21,0.9,50,1953150
20240212,10:20:24,0.9,500,1953150
20240212,10:20:25,0.9,50,1953150
20240212,10:20:28,0.9,200,1953150
20240212,10:20:36,0.85,1800,1953150
20240212,10:20:38,0.85,50,1953150
20240212,10:20:39,0.85,1000,1953150
20240212,10:20:53,0.9,3000,1953150
20240212,10:21:08,0.9,3000,1953150
20240212,10:21:28,0.9,500,1953150
20240212,10:21:32,0.9,10800,1953150
20240212,10:22:02,0.85,200,1944450
20240212,10:22:09,0.9,200,1944450
20240212,10:22:17,0.9,900,1944450
20240212,10:22:28,0.85,500,1944450
20240212,10:22:29,0.85,50,1944450
20240212,10:22:36,0.85,200,1944450
20240212,10:22:37,0.85,150,1944450
20240212,10:22:38,0.85,150,1944450
20240212,10:22:40,0.9,50,1944450
20240212,10:22:47,0.85,150,1944450
20240212,10:22:48,0.85,150,1944450
20240212,10:22:49,0.85,150,1944450
20240212,10:22:50,0.85,200,1944450
20240212,10:22:54,0.85,150,1944450
20240212,10:22:55,0.85,1650,1944450
20240212,10:22:56,0.85,150,1944450
20240212,10:22:57,0.85,150,1944450
20240212,10:22:58,0.85,150,1944450
20240212,10:22:59,0.85,150,1944450
20240212,10:23:00,0.85,150,1944450
20240212,10:23:01,0.85,150,1944450
20240212,10:23:02,0.85,150,1944450
20240212,10:23:07,0.85,150,1944450
20240212,10:23:08,0.85,700,1944450
20240212,10:23:09,0.85,150,1944450
20240212,10:23:28,0.85,150,1944450
20240212,10:23:29,0.85,150,1944450
20240212,10:23:30,0.85,150,1944450
20240212,10:23:31,0.85,150,1944450
20240212,10:23:32,0.85,150,1944450
20240212,10:23:33,0.85,150,1944450
20240212,10:23:39,0.85,150,1944450
20240212,10:23:40,0.85,150,1944450
20240212,10:23:41,0.85,150,1944450
20240212,10:23:42,0.85,150,1944450
20240212,10:23:43,0.85,150,1944450
20240212,10:23:44,0.85,150,1944450
20240212,10:23:45,0.85,150,1944450
20240212,10:24:00,0.85,100,1944450
20240212,10:24:11,0.9,100,1944450
20240212,10:24:13,0.85,500,1944450
20240212,10:24:16,0.85,300,1944450
20240212,10:24:18,0.85,300,1944450
20240212,10:24:37,0.85,50,1944150
20240212,10:24:39,0.9,500,1944150
20240212,10:24:44,0.9,1800,1944150
20240212,10:24:59,0.9,1000,1944150
20240212,10:25:10,0.9,800,1944150
20240212,10:25:16,0.9,100,1944150
20240212,10:25:18,0.9,1500,1944150
20240212,10:25:19,0.9,1150,1944150
20240212,10:25:19,0.9,1000,1944150
20240212,10:25:20,0.9,1500,1944150
20240212,10:25:21,0.85,50,1944150
20240212,10:25:28,0.9,50,1944150
20240212,10:25:40,0.9,50,1944150
20240212,10:25:44,0.9,50,1944150
20240212,10:25:52,0.85,100,1944150
20240212,10:26:08,0.9,200,1944150
20240212,10:26:17,0.9,50,1944150
20240212,10:26:29,0.85,50,1944150
20240212,10:26:30,0.9,50,1944150
20240212,10:26:40,0.85,650,1944150
20240212,10:26:44,0.9,800,1944150
20240212,10:26:44,0.9,4450,1944150
20240212,10:26:55,0.85,500,1944150
20240212,10:27:02,0.9,1200,1944150
20240212,10:27:13,0.9,300,1944150
20240212,10:27:28,0.85,1300,1944150
20240212,10:27:31,0.9,50,1944150
20240212,10:27:33,0.85,7200,1944150
20240212,10:27:33,0.85,5400,1944150
20240212,10:27:41,0.9,1500,1944150
20240212,10:27:46,0.85,250,1931900
20240212,10:27:47,0.85,300,1931900
20240212,10:27:53,0.9,50,1931900
20240212,10:27:56,0.85,250,1931900
20240212,10:27:57,0.85,250,1931900
20240212,10:28:02,0.85,500,1931900
20240212,10:28:09,0.9,200,1931900
20240212,10:28:21,0.85,50,1931900
20240212,10:28:28,0.9,800,1931900
20240212,10:28:49,0.9,50,1931900
20240212,10:29:03,0.85,50,1931900
20240212,10:29:07,0.85,650,1931900
20240212,10:29:15,0.9,800,1931900
20240212,10:29:16,0.85,100,1931900
20240212,10:29:25,0.9,50,1931900
20240212,10:29:26,0.9,50,1931900
20240212,10:29:27,0.9,50,1931900
20240212,10:29:28,0.9,50,1931900
20240212,10:29:29,0.9,50,1931900
20240212,10:29:30,0.9,50,1931900
20240212,10:29:31,0.9,250,1931900
20240212,10:29:32,0.9,50,1931900
20240212,10:29:33,0.9,50,1931900
20240212,10:29:34,0.9,50,1931900
20240212,10:29:35,0.9,50,1931900
20240212,10:29:36,0.9,50,1931900
20240212,10:29:37,0.9,50,1931900
20240212,10:29:38,0.9,50,1931900
20240212,10:29:39,0.9,50,1931900
20240212,10:29:40,0.9,50,1931900
20240212,10:29:41,0.9,50,1931900
20240212,10:29:42,0.9,50,1931900
20240212,10:29:43,0.9,50,1931900
20240212,10:29:44,0.9,100,1931900
20240212,10:29:45,0.9,50,1931900
20240212,10:29:46,0.9,50,1931900
20240212,10:29:47,0.9,50,1931900
20240212,10:29:48,0.9,50,1931900
20240212,10:29:49,0.9,50,1931900
20240212,10:29:50,0.9,50,1931900
20240212,10:29:51,0.9,50,1931900
20240212,10:29:54,0.85,1500,1931900
20240212,10:29:55,0.85,4600,1931900
20240212,10:30:01,0.9,50,1931900
20240212,10:30:02,0.9,50,1931900
20240212,10:30:03,0.9,350,1931900
20240212,10:30:14,0.9,1500,1931900
20240212,10:30:16,0.9,1450,1931900
20240212,10:30:17,0.9,50,1931900
20240212,10:30:18,0.9,50,1931900
20240212,10:30:19,0.9,50,1931900
20240212,10:30:20,0.9,50,1931900
20240212,10:30:21,0.9,50,1931900
20240212,10:30:22,0.9,50,1931900
20240212,10:30:23,0.9,50,1931900
20240212,10:30:24,0.9,50,1931900
20240212,10:30:25,0.9,50,1931900
20240212,10:30:26,0.9,50,1931900
20240212,10:30:27,0.9,50,1931900
20240212,10:30:28,0.9,50,1931900
20240212,10:30:29,0.9,50,1931900
20240212,10:30:30,0.9,250,1931900
20240212,10:30:31,0.9,50,1931900
20240212,10:30:32,0.9,50,1931900
20240212,10:30:33,0.9,50,1931900
20240212,10:30:34,0.9,50,1931900
20240212,10:30:35,0.9,50,1931900
20240212,10:30:36,0.9,50,1931900
20240212,10:30:37,0.9,50,1931900
20240212,10:30:38,0.9,50,1919400
20240212,10:30:39,0.9,50,1919400
20240212,10:30:40,0.9,50,1919400
20240212,10:30:41,0.9,50,1919400
20240212,10:30:42,0.9,50,1919400
20240212,10:30:43,0.9,50,1919400
20240212,10:30:44,0.9,50,1919400
20240212,10:30:45,0.9,50,1919400
20240212,10:30:46,0.9,50,1919400
20240212,10:30:47,0.9,50,1919400
20240212,10:30:48,0.9,50,1919400
20240212,10:30:49,0.9,50,1919400
20240212,10:30:50,0.9,50,1919400
20240212,10:30:51,0.9,100,1919400
20240212,10:30:52,0.9,50,1919400
20240212,10:30:53,0.9,50,1919400
20240212,10:30:54,0.9,50,1919400
20240212,10:30:55,0.9,50,1919400
20240212,10:30:56,0.9,50,1919400
20240212,10:30:57,0.9,50,1919400
20240212,10:30:58,0.9,50,1919400
20240212,10:30:59,0.9,50,1919400
20240212,10:31:00,0.9,50,1919400
20240212,10:31:03,0.9,50,1919400
20240212,10:31:04,0.9,700,1919400
20240212,10:31:05,0.9,50,1919400
20240212,10:31:06,0.9,50,1919400
20240212,10:31:07,0.9,50,1919400
20240212,10:31:08,0.9,50,1919400
20240212,10:31:09,0.9,50,1919400
20240212,10:31:10,0.9,50,1919400
20240212,10:31:11,0.9,50,1919400
20240212,10:31:12,0.9,50,1919400
20240212,10:31:13,0.9,50,1919400
20240212,10:31:14,0.9,50,1919400
20240212,10:31:15,0.9,50,1919400
20240212,10:31:16,0.9,5000,1919400
20240212,10:31:17,0.85,1650,1919400
20240212,10:31:19,0.9,50,1919400
20240212,10:31:20,0.9,50,1919400
20240212,10:31:21,0.9,50,1919400
20240212,10:31:22,0.9,50,1919400
20240212,10:31:23,0.9,1000,1919400
20240212,10:31:24,0.9,100,1919400
20240212,10:31:25,0.9,50,1919400
20240212,10:31:26,0.9,50,1919400
20240212,10:31:27,0.9,50,1919400
20240212,10:31:28,0.9,50,1919400
20240212,10:31:29,0.9,50,1919400
20240212,10:31:30,0.9,50,1919400
20240212,10:31:31,0.9,50,1919400
20240212,10:31:32,0.9,50,1919400
20240212,10:31:33,0.9,50,1919400
20240212,10:31:49,0.9,50,1919400
20240212,10:32:09,0.9,200,1919400
20240212,10:32:19,0.9,50,1919400
20240212,10:32:24,0.9,50,1919400
20240212,10:32:25,0.9,50,1919400
20240212,10:32:26,0.9,50,1919400
20240212,10:32:27,0.9,50,1919400
20240212,10:32:28,0.9,50,1919400
20240212,10:32:29,0.9,50,1919400
20240212,10:32:30,0.9,50,1919400
20240212,10:32:31,0.9,50,1919400
20240212,10:32:32,0.9,50,1919400
20240212,10:32:33,0.9,50,1919400
20240212,10:32:34,0.9,100,1919400
20240212,10:32:35,0.9,50,1919400
20240212,10:32:36,0.9,50,1919400
20240212,10:32:37,0.9,50,1919400
20240212,10:32:38,0.9,50,1919400
20240212,10:32:39,0.9,50,1919400
20240212,10:32:40,0.9,50,1919400
20240212,10:32:41,0.9,50,1919400
20240212,10:32:42,0.9,50,1919400
20240212,10:32:43,0.9,50,1919400
20240212,10:32:44,0.9,50,1919400
20240212,10:32:45,0.9,50,1919400
20240212,10:32:46,0.9,50,1919400
20240212,10:32:47,0.9,7550,1919400
20240212,10:32:48,0.9,50,1919400
20240212,10:32:52,0.9,50,1919400
20240212,10:33:10,0.85,2200,1919400
20240212,10:33:11,0.85,1800,1919400
20240212,10:33:12,0.9,600,1919400
20240212,10:33:14,0.85,1400,1919400
20240212,10:33:14,0.85,3600,1919400
20240212,10:33:37,0.9,50,1919400
20240212,10:33:38,0.9,50,1907950
20240212,10:33:39,0.9,50,1907950
20240212,10:33:40,0.9,50,1907950
20240212,10:33:41,0.9,50,1907950
20240212,10:33:42,0.9,50,1907950
20240212,10:33:43,0.9,50,1907950
20240212,10:33:44,0.9,50,1907950
20240212,10:33:45,0.9,50,1907950
20240212,10:33:46,0.9,50,1907950
20240212,10:33:47,0.9,50,1907950
20240212,10:33:48,0.9,50,1907950
20240212,10:33:49,0.9,50,1907950
20240212,10:33:50,0.9,50,1907950
20240212,10:33:51,0.9,50,1907950
20240212,10:33:52,0.9,50,1907950
20240212,10:33:53,0.9,50,1907950
20240212,10:33:54,0.9,50,1907950
20240212,10:33:55,0.9,50,1907950
20240212,10:33:56,0.9,50,1907950
20240212,10:33:57,0.9,50,1907950
20240212,10:33:58,0.9,1550,1907950
20240212,10:33:59,0.9,50,1907950
20240212,10:34:00,0.9,50,1907950
20240212,10:34:01,0.9,50,1907950
20240212,10:34:02,0.9,50,1907950
20240212,10:34:03,0.9,1850,1907950
20240212,10:34:04,0.9,50,1907950
20240212,10:34:05,0.9,1850,1907950
20240212,10:34:06,0.9,3650,1907950
20240212,10:34:07,0.9,50,1907950
20240212,10:34:08,0.9,1850,1907950
20240212,10:34:09,0.9,50,1907950
20240212,10:34:10,0.9,50,1907950
20240212,10:34:11,0.9,200,1907950
20240212,10:34:27,0.9,50,1907950
20240212,10:34:28,0.9,50,1907950
20240212,10:34:29,0.9,50,1907950
20240212,10:34:30,0.9,50,1907950
20240212,10:34:31,0.9,50,1907950
20240212,10:34:32,0.9,50,1907950
20240212,10:34:33,0.9,50,1907950
20240212,10:34:34,0.9,50,1907950
20240212,10:34:35,0.9,50,1907950
20240212,10:34:36,0.9,50,1907950
20240212,10:34:37,0.9,50,1907950
20240212,10:34:38,0.9,50,1907950
20240212,10:34:39,0.9,50,1907950
20240212,10:34:40,0.9,50,1907950
20240212,10:34:41,0.9,50,1907950
20240212,10:34:42,0.9,50,1907950
20240212,10:34:43,0.9,50,1907950
20240212,10:34:44,0.9,50,1907950
20240212,10:34:45,0.9,50,1907950
20240212,10:34:46,0.9,50,1907950
20240212,10:34:47,0.9,50,1907950
20240212,10:34:48,0.9,50,1907950
20240212,10:34:49,0.9,100,1907950
20240212,10:34:50,0.9,100,1907950
20240212,10:34:52,0.9,150,1907950
20240212,10:34:53,0.9,50,1907950
20240212,10:34:54,0.9,50,1907950
20240212,10:34:55,0.9,50,1907950
20240212,10:34:56,0.9,50,1907950
20240212,10:34:57,0.9,50,1907950
20240212,10:34:58,0.9,50,1907950
20240212,10:34:59,0.9,50,1907950
20240212,10:35:00,0.9,50,1907950
20240212,10:35:01,0.9,50,1907950
20240212,10:35:02,0.9,100,1907950
20240212,10:35:03,0.9,150,1907950
20240212,10:35:04,0.9,150,1907950
20240212,10:35:05,0.9,50,1907950
20240212,10:35:08,0.9,50,1907950
20240212,10:35:09,0.9,150,1907950
20240212,10:35:10,0.9,400,1907950
20240212,10:35:11,0.9,150,1907950
20240212,10:35:12,0.9,150,1907950
20240212,10:35:13,0.9,150,1907950
20240212,10:35:14,0.9,150,1907950
20240212,10:35:15,0.9,150,1907950
20240212,10:35:16,0.9,150,1907950
20240212,10:35:17,0.9,150,1907950
20240212,10:35:18,0.9,150,1907950
20240212,10:35:19,0.9,150,1907950
20240212,10:35:20,0.9,150,1907950
20240212,10:35:21,0.9,50,1907950
20240212,10:35:23,0.9,2500,1907950
20240212,10:35:24,0.9,50,1907950
20240212,10:35:25,0.9,50,1907950
20240212,10:35:26,0.9,850,1907950
20240212,10:35:27,0.9,50,1907950
20240212,10:35:28,0.9,150,1907950
20240212,10:35:29,0.9,50,1907950
20240212,10:35:30,0.9,50,1907950
20240212,10:35:31,0.9,150,1907950
20240212,10:35:32,0.9,1650,1907950
20240212,10:35:33,0.9,150,1907950
20240212,10:35:34,0.9,50,1907950
20240212,10:35:44,0.9,1000,1907950
20240212,10:35:47,0.9,1500,1907950
20240212,10:35:58,0.9,400,1907950
20240212,10:36:07,0.9,200,1907950
20240212,10:36:33,0.9,250,1907950
20240212,10:36:41,0.9,50,1899700
20240212,10:36:58,0.85,50,1899700
20240212,10:36:59,0.85,50,1899700
20240212,10:37:00,0.85,50,1899700
20240212,10:37:01,0.85,50,1899700
20240212,10:37:03,0.85,50,1899700
20240212,10:37:04,0.85,50,1899700
20240212,10:37:05,0.85,50,1899700
20240212,10:37:06,0.85,50,1899700
20240212,10:37:07,0.85,200,1899700
20240212,10:37:08,0.85,200,1899700
20240212,10:37:09,0.85,200,1899700
20240212,10:37:10,0.85,200,1899700
20240212,10:37:16,0.85,50,1899700
20240212,10:37:34,0.9,12050,1899700
20240212,10:37:40,0.85,550,1899700
20240212,10:37:41,0.85,50,1899700
20240212,10:37:42,0.85,50,1899700
20240212,10:37:43,0.85,50,1899700
20240212,10:37:44,0.85,50,1899700
20240212,10:37:44,0.9,500,1899700
20240212,10:37:45,0.85,50,1899700
20240212,10:37:46,0.85,50,1899700
20240212,10:37:47,0.85,100,1899700
20240212,10:37:48,0.85,200,1899700
20240212,10:37:49,0.85,200,1899700
20240212,10:37:50,0.85,200,1899700
20240212,10:37:51,0.85,50,1899700
20240212,10:37:52,0.85,50,1899700
20240212,10:37:53,0.85,50,1899700
20240212,10:37:54,0.85,50,1899700
20240212,10:37:55,0.85,50,1899700
20240212,10:37:56,0.85,50,1899700
20240212,10:37:57,0.85,50,1899700
20240212,10:37:58,0.9,150,1899700
20240212,10:37:59,0.9,900,1899700
20240212,10:38:01,0.85,200,1899700
20240212,10:38:02,0.9,50,1899700
20240212,10:38:06,0.9,200,1899700
20240212,10:38:08,0.85,50,1899700
20240212,10:38:10,0.85,100,1899700
20240212,10:38:11,0.85,200,1899700
20240212,10:38:12,0.85,200,1899700
20240212,10:38:13,0.85,200,1899700
20240212,10:38:14,0.85,50,1899700
20240212,10:38:15,0.85,50,1899700
20240212,10:38:16,0.85,50,1899700
20240212,10:38:17,0.85,50,1899700
20240212,10:38:18,0.85,50,1899700
20240212,10:38:19,0.85,50,1899700
20240212,10:38:19,0.9,50,1899700
20240212,10:38:20,0.85,50,1899700
20240212,10:38:21,0.85,50,1899700
20240212,10:38:22,0.85,50,1899700
20240212,10:38:23,0.85,50,1899700
20240212,10:38:25,0.85,100,1899700
20240212,10:38:26,0.85,50,1899700
20240212,10:38:28,0.85,100,1899700
20240212,10:38:29,0.85,50,1899700
20240212,10:38:30,0.85,50,1899700
20240212,10:38:30,0.85,300,1899700
20240212,10:38:31,0.85,50,1899700
20240212,10:38:32,0.85,50,1899700
20240212,10:38:33,0.85,100,1899700
20240212,10:38:34,0.85,50,1899700
20240212,10:38:36,0.85,50,1899700
20240212,10:38:42,0.9,1800,1899700
20240212,10:38:42,0.9,6950,1899700
20240212,10:38:54,0.9,50,1899700
20240212,10:38:59,0.85,250,1899700
20240212,10:39:03,0.85,250,1899700
20240212,10:39:03,0.9,50,1899700
20240212,10:39:05,0.85,50,1899700
20240212,10:39:07,0.85,100,1899700
20240212,10:39:10,0.85,50,1899700
20240212,10:39:13,0.9,450,1899700
20240212,10:39:14,0.85,1500,1899700
20240212,10:39:17,0.85,400,1899700
20240212,10:39:22,0.85,150,1899700
20240212,10:39:25,0.85,500,1899700
20240212,10:39:54,0.9,50,1889450
20240212,10:40:07,0.9,900,1889450
20240212,10:40:12,0.9,50,1889450
20240212,10:40:17,0.9,50,1889450
20240212,10:40:29,0.9,100,1889450
20240212,10:40:30,0.9,100,1889450
20240212,10:40:36,0.85,250,1889450
20240212,10:40:39,0.85,300,1889450
20240212,10:40:41,0.9,50,1889450
20240212,10:40:42,0.9,50,1889450
20240212,10:40:43,0.9,350,1889450
20240212,10:40:44,0.9,50,1889450
20240212,10:40:45,0.9,300,1889450
20240212,10:40:46,0.9,50,1889450
20240212,10:40:47,0.9,50,1889450
20240212,10:40:48,0.9,50,1889450
20240212,10:40:50,0.85,300,1889450
20240212,10:40:52,0.85,250,1889450
20240212,10:40:55,0.85,250,1889450
20240212,10:41:00,0.85,250,1889450
20240212,10:41:03,0.85,250,1889450
20240212,10:41:09,0.85,350,1889450
20240212,10:41:18,0.85,1800,1889450
20240212,10:41:35,0.85,1800,1889450
20240212,10:41:55,0.85,650,1889450
20240212,10:42:06,0.9,200,1889450
20240212,10:42:13,0.85,1800,1889450
20240212,10:42:24,0.85,100,1889450
20240212,10:42:25,0.9,100,1889450
20240212,10:42:35,0.9,50,1889450
20240212,10:42:35,0.85,50,1889450
20240212,10:42:49,0.85,50,1885150
20240212,10:42:50,0.85,50,1885150
20240212,10:42:51,0.85,50,1885150
20240212,10:42:52,0.85,50,1885150
20240212,10:42:53,0.85,100,1885150
20240212,10:42:54,0.85,50,1885150
20240212,10:42:55,0.85,50,1885150
20240212,10:42:56,0.85,250,1885150
20240212,10:42:57,0.85,200,1885150
20240212,10:42:58,0.85,400,1885150
20240212,10:42:59,0.85,50,1885150
20240212,10:43:00,0.85,50,1885150
20240212,10:43:01,0.85,50,1885150
20240212,10:43:02,0.85,50,1885150
20240212,10:43:03,0.85,50,1885150
20240212,10:43:04,0.85,50,1885150
20240212,10:43:05,0.85,50,1885150
20240212,10:43:06,0.85,50,1885150
20240212,10:43:07,0.85,50,1885150
20240212,10:43:08,0.85,50,1885150
20240212,10:43:09,0.85,50,1885150
20240212,10:43:10,0.85,50,1885150
20240212,10:43:11,0.85,50,1885150
20240212,10:43:12,0.85,50,1885150
20240212,10:43:13,0.85,50,1885150
20240212,10:43:14,0.85,50,1885150
20240212,10:43:15,0.85,50,1885150
20240212,10:43:16,0.85,50,1885150
20240212,10:43:17,0.85,50,1885150
20240212,10:43:18,0.85,50,1885150
20240212,10:43:19,0.85,50,1885150
20240212,10:43:20,0.85,50,1885150
20240212,10:43:21,0.85,50,1885150
20240212,10:43:22,0.85,50,1885150
20240212,10:43:23,0.85,50,1885150
20240212,10:43:24,0.85,200,1885150
20240212,10:43:25,0.85,200,1885150
20240212,10:43:26,0.85,200,1885150
20240212,10:43:39,0.85,200,1885150
20240212,10:43:40,0.85,150,1885150
20240212,10:43:41,0.85,200,1885150
20240212,10:43:42,0.85,150,1885150
20240212,10:43:53,0.85,900,1885150
20240212,10:44:00,0.9,900,1885150
20240212,10:44:04,0.9,50,1885150
20240212,10:44:05,0.9,900,1885150
20240212,10:44:07,0.9,200,1885150
20240212,10:44:24,0.9,100,1885150
20240212,10:44:46,0.85,250,1885150
20240212,10:44:48,0.85,100,1885150
20240212,10:44:50,0.85,200,1885150
20240212,10:45:23,0.85,900,1885150
20240212,10:45:31,0.85,300,1885150
20240212,10:45:53,0.85,900,1881300
20240212,10:46:07,0.9,200,1881300
20240212,10:46:23,0.9,50,1881300
20240212,10:46:36,0.85,50,1881300
20240212,10:47:28,0.9,23550,1881300
20240212,10:47:31,0.9,5050,1881300
20240212,10:47:31,0.9,50,1881300
20240212,10:47:32,0.95,500,1881300
20240212,10:47:33,0.95,50,1881300
20240212,10:47:41,0.9,250,1881300
20240212,10:47:42,0.95,150,1881300
20240212,10:47:46,0.9,450,1881300
20240212,10:47:47,0.9,300,1881300
20240212,10:47:50,0.95,50,1881300
20240212,10:47:53,0.9,21500,1881300
20240212,10:47:59,0.9,50,1881300
20240212,10:48:06,0.9,200,1881300
20240212,10:48:49,0.9,7700,1884450
20240212,10:49:03,0.9,1400,1884450
20240212,10:49:05,0.9,1800,1884450
20240212,10:49:07,0.9,1800,1884450
20240212,10:49:08,0.85,200,1884450
20240212,10:49:15,0.9,1050,1884450
20240212,10:49:36,0.9,50,1884450
20240212,10:49:49,0.85,50,1884450
20240212,10:49:59,0.9,2000,1884450
20240212,10:50:02,0.9,1000,1884450
20240212,10:50:15,0.85,1850,1884450
20240212,10:50:16,0.85,1800,1884450
20240212,10:50:20,0.9,500,1884450
20240212,10:50:30,0.9,200,1884450
20240212,10:51:18,0.9,100,1884450
20240212,10:51:35,0.9,500,1884450
20240212,10:51:36,0.9,500,1884450
20240212,10:51:37,0.9,100,1884450
20240212,10:51:50,0.85,50,1882400
20240212,10:52:03,0.85,150,1882400
20240212,10:52:04,0.85,150,1882400
20240212,10:52:05,0.85,150,1882400
20240212,10:52:06,0.85,150,1882400
20240212,10:52:07,0.9,350,1882400
20240212,10:52:08,0.85,150,1882400
20240212,10:52:09,0.85,150,1882400
20240212,10:52:10,0.85,150,1882400
20240212,10:52:11,0.85,150,1882400
20240212,10:52:12,0.85,150,1882400
20240212,10:52:13,0.85,150,1882400
20240212,10:52:14,0.85,150,1882400
20240212,10:52:15,0.85,150,1882400
20240212,10:52:16,0.85,150,1882400
20240212,10:52:17,0.85,150,1882400
20240212,10:52:18,0.85,150,1882400
20240212,10:52:20,0.9,100,1882400
20240212,10:52:24,0.85,100,1882400
20240212,10:52:43,0.85,150,1882400
20240212,10:52:44,0.85,150,1882400
20240212,10:52:45,0.85,150,1882400
20240212,10:52:46,0.85,150,1882400
20240212,10:52:47,0.85,150,1882400
20240212,10:52:56,0.85,150,1882400
20240212,10:52:57,0.85,150,1882400
20240212,10:52:58,0.85,14250,1882400
20240212,10:52:59,0.85,150,1882400
20240212,10:53:28,0.9,100,1882400
20240212,10:53:33,0.85,1800,1882400
20240212,10:54:01,0.85,50,1882400
20240212,10:54:07,0.9,100,1882400
20240212,10:54:08,0.9,100,1882400
20240212,10:54:49,0.9,250,1875300
20240212,10:54:57,0.85,200,1875300
20240212,10:55:06,0.9,100,1875300
20240212,10:55:46,0.85,100,1875300
20240212,10:56:13,0.9,200,1875300
20240212,10:56:49,0.85,50,1875300
20240212,10:56:57,0.9,50,1875300
20240212,10:57:01,0.85,250,1875300
20240212,10:57:05,0.85,650,1875300
20240212,10:57:07,0.9,100,1875300
20240212,10:57:10,0.85,1300,1875300
20240212,10:58:01,0.85,50,1877700
20240212,10:58:09,0.9,150,1877700
20240212,10:59:07,0.85,300,1877700
20240212,10:59:39,0.9,1800,1877700
20240212,10:59:52,0.9,1800,1877700
20240212,10:59:58,0.9,50,1877700
20240212,10:59:58,0.9,1800,1877700
20240212,11:00:01,0.9,1800,1877700
20240212,11:00:10,0.9,1800,1877700
20240212,11:00:11,0.9,50,1877700
20240212,11:00:12,0.9,1800,1877700
20240212,11:00:13,0.9,50,1877700
20240212,11:00:17,0.9,1800,1877700
20240212,11:00:19,0.9,1800,1877700
20240212,11:00:24,0.9,1800,1877700
20240212,11:00:32,0.9,200,1877700
20240212,11:00:58,0.9,50,1877700
20240212,11:01:54,0.85,500,1873550
20240212,11:01:59,0.85,50,1873550
20240212,11:02:04,0.9,1800,1873550
20240212,11:02:09,0.9,200,1873550
20240212,11:02:10,0.95,19150,1873550
20240212,11:02:11,0.9,18400,1873550
20240212,11:02:22,0.85,500,1873550
20240212,11:02:33,0.9,900,1873550
20240212,11:02:58,0.9,1500,1873550
20240212,11:02:59,0.9,4500,1873550
20240212,11:03:00,0.9,14850,1873550
20240212,11:03:04,0.9,1500,1873550
20240212,11:03:05,0.95,200,1873550
20240212,11:03:08,0.9,3500,1873550
20240212,11:03:09,0.9,300,1873550
20240212,11:03:13,0.9,1600,1873550
20240212,11:03:14,0.9,400,1873550
20240212,11:03:23,0.95,50,1873550
20240212,11:03:25,0.9,1800,1873550
20240212,11:03:29,0.9,1800,1873550
20240212,11:03:30,0.95,50,1873550
20240212,11:03:39,0.9,1800,1873550
20240212,11:03:40,0.9,1800,1873550
20240212,11:03:41,0.95,150,1877450
20240212,11:03:44,0.9,50,1877450
20240212,11:03:51,0.9,100,1877450
20240212,11:03:54,0.9,3450,1877450
20240212,11:03:56,0.9,1900,1877450
20240212,11:03:57,0.95,9000,1877450
20240212,11:03:58,0.9,3300,1877450
20240212,11:04:00,0.9,1800,1877450
20240212,11:04:03,0.9,200,1877450
20240212,11:04:04,0.9,1800,1877450
20240212,11:04:07,0.95,200,1877450
20240212,11:04:12,0.95,100,1877450
20240212,11:04:13,0.9,200,1877450
20240212,11:04:15,0.9,1800,1877450
20240212,11:04:20,0.9,1800,1877450
20240212,11:04:22,0.9,50,1877450
20240212,11:04:24,0.9,1150,1877450
20240212,11:04:42,0.95,50,1877450
20240212,11:04:43,0.9,2300,1877450
20240212,11:05:01,0.9,50,1877450
20240212,11:05:16,0.95,1000,1877450
20240212,11:05:40,0.9,250,1877450
20240212,11:05:41,0.9,50,1877450
20240212,11:05:43,0.9,250,1877450
20240212,11:05:45,0.9,900,1877450
20240212,11:05:50,0.9,1550,1877450
20240212,11:05:58,0.95,1100,1877450
20240212,11:06:00,0.95,500,1877450
20240212,11:06:13,0.95,200,1877450
20240212,11:06:43,0.95,100,1883900
20240212,11:07:00,0.85,3600,1883900
20240212,11:07:06,0.9,50,1883900
20240212,11:07:07,0.9,600,1883900
20240212,11:07:10,0.9,50,1883900
20240212,11:07:12,0.9,50,1883900
20240212,11:07:38,0.85,50,1883900
20240212,11:07:42,0.85,50,1883900
20240212,11:07:59,0.85,50,1883900
20240212,11:08:09,0.9,100,1883900
20240212,11:08:18,0.9,5800,1883900
20240212,11:08:19,0.85,350,1883900
20240212,11:08:38,0.85,50,1883900
20240212,11:08:39,0.85,300,1883900
20240212,11:08:43,0.85,1800,1883900
20240212,11:08:54,0.85,50,1883900
20240212,11:08:59,0.9,50,1883900
20240212,11:09:24,0.9,100,1883900
20240212,11:09:52,0.9,50,1881550
20240212,11:09:58,0.85,200,1881550
20240212,11:10:06,0.9,50,1881550
20240212,11:10:07,0.9,50,1881550
20240212,11:10:07,0.9,300,1881550
20240212,11:10:08,0.9,50,1881550
20240212,11:10:09,0.9,500,1881550
20240212,11:10:13,0.9,250,1881550
20240212,11:10:14,0.85,50,1881550
20240212,11:10:15,0.85,50,1881550
20240212,11:10:21,0.9,50,1881550
20240212,11:10:23,0.85,50,1881550
20240212,11:10:28,0.85,50,1881550
20240212,11:10:28,0.9,200,1881550
20240212,11:10:29,0.9,50,1881550
20240212,11:10:32,0.9,1000,1881550
20240212,11:10:39,0.9,50,1881550
20240212,11:10:40,0.9,50,1881550
20240212,11:10:41,0.9,50,1881550
20240212,11:10:42,0.9,100,1881550
20240212,11:10:43,0.9,50,1881550
20240212,11:10:44,0.9,50,1881550
20240212,11:10:45,0.9,50,1881550
20240212,11:10:46,0.9,50,1881550
20240212,11:10:47,0.9,300,1881550
20240212,11:10:48,0.9,50,1881550
20240212,11:10:49,0.9,1200,1881550
20240212,11:10:50,0.9,50,1881550
20240212,11:10:51,0.9,100,1881550
20240212,11:10:52,0.9,50,1881550
20240212,11:10:53,0.9,50,1881550
20240212,11:10:54,0.9,50,1881550
20240212,11:10:56,0.9,50,1881550
20240212,11:10:57,0.9,50,1881550
20240212,11:10:58,0.9,50,1881550
20240212,11:10:59,0.9,50,1881550
20240212,11:11:00,0.9,50,1881550
20240212,11:11:01,0.9,50,1881550
20240212,11:11:02,0.9,50,1881550
20240212,11:11:03,0.9,50,1881550
20240212,11:11:04,0.9,50,1881550
20240212,11:11:05,0.9,50,1881550
20240212,11:11:06,0.9,50,1881550
20240212,11:11:07,0.9,50,1881550
20240212,11:11:08,0.9,50,1881550
20240212,11:11:27,0.9,50,1881550
20240212,11:11:32,0.9,2000,1881550
20240212,11:11:33,0.85,50,1881550
20240212,11:11:33,0.9,3000,1881550
20240212,11:11:34,0.9,3000,1881550
20240212,11:11:35,0.9,1000,1881550
20240212,11:11:43,0.9,1800,1881550
20240212,11:11:44,0.9,1800,1881550
20240212,11:11:45,0.9,5300,1881550
20240212,11:11:49,0.9,1800,1881550
20240212,11:11:51,0.9,1800,1881550
20240212,11:11:53,0.85,500,1881550
20240212,11:11:54,0.85,500,1881550
20240212,11:12:11,0.9,250,1881550
20240212,11:12:22,0.9,100,1881550
20240212,11:12:38,0.9,2000,1881550
20240212,11:12:48,0.9,50,1886100
20240212,11:13:15,0.85,500,1886100
20240212,11:13:31,0.9,450,1886100
20240212,11:13:36,0.9,50,1886100
20240212,11:13:38,0.9,50,1886100
20240212,11:13:42,0.9,1800,1886100
20240212,11:13:48,0.9,350,1886100
20240212,11:13:52,0.9,250,1886100
20240212,11:14:00,0.9,1900,1886100
20240212,11:14:01,0.9,11350,1886100
20240212,11:14:08,0.95,200,1886100
20240212,11:14:10,0.9,50,1886100
20240212,11:14:17,0.9,250,1886100
20240212,11:14:22,0.9,100,1886100
20240212,11:14:28,0.95,150,1886100
20240212,11:14:29,0.9,50,1886100
20240212,11:14:35,0.9,100,1886100
20240212,11:14:39,0.9,100,1886100
20240212,11:14:43,0.9,100,1886100
20240212,11:14:45,0.95,1000,1886100
20240212,11:14:47,0.9,100,1886100
20240212,11:15:04,0.9,1200,1886100
20240212,11:15:11,0.9,50,1886100
20240212,11:15:12,0.95,250,1886100
20240212,11:15:16,0.9,50,1886100
20240212,11:15:25,0.9,250,1886100
20240212,11:15:26,0.9,1800,1886100
20240212,11:15:28,0.9,100,1886100
20240212,11:15:29,0.9,2400,1886100
20240212,11:15:35,0.9,2250,1886100
20240212,11:15:36,0.9,1800,1886100
20240212,11:15:37,0.9,1800,1886100
20240212,11:15:39,0.9,1800,1886100
20240212,11:15:41,0.9,3600,1886100
20240212,11:15:42,0.9,1800,1886100
20240212,11:15:43,0.9,5400,1886100
20240212,11:15:45,0.9,1800,1880300
20240212,11:15:51,0.85,6200,1880300
20240212,11:16:11,0.9,300,1880300
20240212,11:16:21,0.9,150,1880300
20240212,11:16:35,0.85,50,1880300
20240212,11:16:41,0.9,1150,1880300
20240212,11:16:49,0.9,50,1880300
20240212,11:16:59,0.85,500,1880300
20240212,11:17:00,0.85,1500,1880300
20240212,11:17:13,0.85,100,1880300
20240212,11:17:24,0.85,200,1880300
20240212,11:17:25,0.85,200,1880300
20240212,11:17:29,0.9,100,1880300
20240212,11:17:39,0.9,100,1880300
20240212,11:18:08,0.9,200,1880300
20240212,11:18:08,0.9,100,1880300
20240212,11:18:58,0.9,100,1880300
20240212,11:19:08,0.85,1100,1881500
20240212,11:20:36,0.9,600,1881500
20240212,11:20:53,0.85,400,1881500
20240212,11:21:03,0.9,750,1881500
20240212,11:21:14,0.85,1000,1881500
20240212,11:21:36,0.85,50,1881500
20240212,11:21:58,0.9,50,1878850
20240212,11:22:11,0.9,50,1878850
20240212,11:22:12,0.9,150,1878850
20240212,11:22:18,0.85,1500,1878850
20240212,11:22:32,0.9,50,1878850
20240212,11:22:46,0.9,50,1878850
20240212,11:23:17,0.85,200,1878850
20240212,11:23:18,0.85,200,1878850
20240212,11:23:19,0.85,200,1878850
20240212,11:23:28,0.85,200,1878850
20240212,11:23:29,0.85,200,1878850
20240212,11:23:30,0.85,200,1878850
20240212,11:23:46,0.85,100,1878850
20240212,11:24:06,0.9,200,1878850
20240212,11:24:25,0.9,100,1878850
20240212,11:24:34,0.85,50,1878850
20240212,11:25:14,0.85,150,1878700
20240212,11:25:19,0.85,100,1878700
20240212,11:25:28,0.9,100,1878700
20240212,11:25:42,0.9,300,1878700
20240212,11:25:45,0.9,12000,1878700
20240212,11:25:49,0.9,28150,1878700
20240212,11:25:50,0.9,100,1878700
20240212,11:25:51,0.9,50,1878700
20240212,11:25:54,0.9,50,1878700
20240212,11:25:55,0.9,50,1878700
20240212,11:26:06,0.95,200,1878700
20240212,11:26:14,0.9,1800,1878700
20240212,11:26:15,0.9,1800,1878700
20240212,11:26:18,0.9,100,1878700
20240212,11:26:20,0.9,1300,1878700
20240212,11:26:22,0.9,1800,1878700
20240212,11:26:23,0.9,16000,1878700
20240212,11:26:24,0.9,50,1878700
20240212,11:26:25,0.9,100,1878700
20240212,11:27:12,0.9,500,1878700
20240212,11:28:12,0.9,250,1878600
20240212,11:28:18,0.85,50,1878600
20240212,11:28:28,0.85,2600,1878600
20240212,11:28:30,0.9,23600,1878600
20240212,11:28:33,0.9,50,1878600
20240212,11:28:34,0.9,50,1878600
20240212,11:28:36,0.9,150,1878600
20240212,11:28:48,0.9,50,1878600
20240212,11:28:59,0.95,50,1878600
20240212,11:29:01,0.9,150,1878600
20240212,11:29:02,0.95,150,1878600
20240212,11:29:03,0.95,650,1878600
20240212,11:29:12,0.95,500,1878600
20240212,11:29:18,0.95,50,1878600
20240212,11:29:22,0.9,50,1878600
20240212,11:29:23,0.9,50,1878600
20240212,11:29:25,0.9,50,1878600
20240212,11:29:44,0.9,150,1878600
20240212,11:29:57,0.95,200,1878600
20240212,11:30:00,0.9,50,1878600
20240212,11:30:08,0.9,150,1878600
20240212,11:30:15,0.9,650,1878600
20240212,11:30:25,0.95,18000,1878600
20240212,11:30:28,0.95,800,1878600
20240212,11:30:29,0.9,500,1878600
20240212,11:30:30,0.95,200,1878600
20240212,11:30:31,0.95,250,1878600
20240212,11:30:39,0.9,250,1878600
20240212,11:30:43,0.9,50,1878600
20240212,11:30:50,0.9,350,1878600
20240212,11:30:51,0.9,100,1855700
20240212,11:30:52,0.9,1900,1855700
20240212,11:30:53,0.9,1850,1855700
20240212,11:30:54,0.9,1850,1855700
20240212,11:30:55,0.9,48300,1855700
20240212,11:30:57,0.9,200,1855700
20240212,11:30:58,0.85,50,1855700
20240212,11:31:10,0.85,1600,1855700
20240212,11:31:59,0.9,50,1855700
20240212,11:32:11,0.9,50,1855700
20240212,11:32:12,0.9,100,1855700
20240212,11:32:36,0.85,50,1855700
20240212,11:32:46,0.85,50,1855700
20240212,11:32:52,0.9,400,1855700
20240212,11:33:15,0.85,51800,1855700
20240212,11:33:16,0.85,69950,1855700
20240212,11:33:17,0.85,15000,1855700
20240212,11:34:03,0.9,1800,1899900
20240212,11:34:10,0.9,200,1899900
20240212,11:34:25,0.85,50,1899900
20240212,11:34:26,0.85,50,1899900
20240212,11:34:44,0.85,150,1899900
20240212,11:35:03,0.9,500,1899900
20240212,11:35:37,0.85,100,1899900
20240212,11:36:18,0.9,200,1899900
20240212,11:36:46,0.85,2150,1899900
20240212,11:36:55,0.9,300,1900550
20240212,11:37:04,0.85,250,1900550
20240212,11:37:17,0.85,1500,1900550
20240212,11:37:25,0.85,1250,1900550
20240212,11:37:30,0.85,1500,1900550
20240212,11:37:39,0.85,50,1900550
20240212,11:37:59,0.85,50,1900550
20240212,11:38:01,0.85,300,1900550
20240212,11:38:09,0.9,200,1900550
20240212,11:38:21,0.85,100,1900550
20240212,11:38:22,0.85,50,1900550
20240212,11:38:25,0.9,1000,1900550
20240212,11:39:02,0.9,1000,1900550
20240212,11:39:07,0.9,1150,1900550
20240212,11:39:44,0.9,50,1900550
20240212,11:40:01,0.9,50,1900550
20240212,11:40:02,0.9,100,1900300
20240212,11:40:23,0.9,1000,1900300
20240212,11:40:30,0.9,200,1900300
20240212,11:40:51,0.9,100,1900300
20240212,11:41:02,0.85,50,1900300
20240212,11:41:03,0.85,50,1900300
20240212,11:41:04,0.85,50,1900300
20240212,11:41:05,0.85,50,1900300
20240212,11:41:06,0.85,50,1900300
20240212,11:41:07,0.85,50,1900300
20240212,11:41:08,0.85,1950,1900300
20240212,11:41:09,0.85,50,1900300
20240212,11:41:10,0.85,50,1900300
20240212,11:41:11,0.85,50,1900300
20240212,11:41:12,0.85,100,1900300
20240212,11:41:13,0.85,50,1900300
20240212,11:41:14,0.85,550,1900300
20240212,11:41:15,0.85,50,1900300
20240212,11:41:16,0.85,50,1900300
20240212,11:41:17,0.85,50,1900300
20240212,11:41:18,0.85,50,1900300
20240212,11:41:19,0.85,50,1900300
20240212,11:41:20,0.85,50,1900300
20240212,11:41:21,0.85,50,1900300
20240212,11:41:22,0.85,50,1900300
20240212,11:41:23,0.85,50,1900300
20240212,11:41:24,0.85,50,1900300
20240212,11:41:25,0.85,50,1900300
20240212,11:41:26,0.85,50,1900300
20240212,11:41:27,0.85,50,1900300
20240212,11:41:58,0.85,1500,1900300
20240212,11:42:07,0.9,200,1900300
20240212,11:42:09,0.85,50,1900300
20240212,11:42:29,0.85,100,1900300
20240212,11:42:38,0.85,50,1900300
20240212,11:43:07,0.9,50,1901750
20240212,11:43:29,0.85,1800,1901750
20240212,11:43:29,0.85,3600,1901750
20240212,11:44:26,0.9,200,1901750
20240212,11:46:09,0.9,200,1901750
20240212,11:46:33,0.85,1000,1902150
20240212,11:46:54,0.85,1000,1902150
20240212,11:47:40,0.9,500,1902150
20240212,11:47:53,0.85,100,1902150
20240212,11:47:55,0.9,50,1902150
20240212,11:48:08,0.85,1800,1902150
20240212,11:48:10,0.9,200,1902150
20240212,11:48:12,0.85,300,1902150
20240212,11:48:13,0.85,400,1902150
20240212,11:48:18,0.85,300,1902150
20240212,11:48:25,0.9,200,1902150
20240212,11:48:27,0.9,50,1902150
20240212,11:48:40,0.9,900,1902150
20240212,11:48:55,0.85,800,1902850
20240212,11:48:56,0.9,500,1902850
20240212,11:49:16,0.9,250,1902850
20240212,11:49:54,0.9,100,1902850
20240212,11:50:16,0.9,200,1902850
20240212,11:50:27,0.9,200,1902850
20240212,11:50:28,0.9,50,1902850
20240212,11:50:52,0.85,1000,1902850
20240212,11:50:56,0.85,250,1902850
20240212,11:51:08,0.9,200,1902850
20240212,11:52:10,0.9,200,1902850
20240212,11:52:26,0.9,1800,1903650
20240212,11:52:45,0.9,1000,1903650
20240212,11:52:55,0.9,500,1903650
20240212,11:53:06,0.9,500,1903650
20240212,11:53:11,0.9,200,1903650
20240212,11:53:36,0.85,1800,1903650
20240212,11:53:44,0.9,500,1903650
20240212,11:53:56,0.9,50,1903650
20240212,11:54:04,0.85,3600,1903650
20240212,11:54:05,0.85,2100,1903650
20240212,11:54:06,0.9,200,1903650
20240212,11:54:13,0.85,1200,1903650
20240212,11:54:36,0.85,900,1903650
20240212,11:54:56,0.9,200,1907800
20240212,11:55:11,0.85,3800,1907800
20240212,11:55:12,0.85,10700,1907800
20240212,11:55:13,0.85,1550,1907800
20240212,11:55:14,0.85,23200,1907800
20240212,11:55:15,0.85,50,1907800
20240212,11:55:16,0.85,50,1907800
20240212,11:55:17,0.85,100,1907800
20240212,11:55:19,0.85,50,1907800
20240212,11:55:21,0.85,50,1907800
20240212,11:55:59,0.85,500,1907800
20240212,11:56:08,0.85,200,1907800
20240212,11:56:24,0.8,1450,1907800
20240212,11:56:24,0.8,100,1907800
20240212,11:56:38,0.85,400,1907800
20240212,11:56:42,0.8,400,1907800
20240212,11:56:46,0.85,1800,1907800
20240212,11:56:57,0.85,1500,1907800
20240212,11:57:01,0.85,1800,1907800
20240212,11:57:09,0.85,7200,1907800
20240212,11:57:10,0.85,1800,1907800
20240212,11:57:11,0.85,3000,1907800
20240212,11:57:12,0.85,23850,1907800
20240212,11:57:15,0.9,350,1907800
20240212,11:57:21,0.85,1900,1907800
20240212,11:57:29,0.85,500,1907800
20240212,11:57:33,0.85,50,1907800
20240212,11:57:47,0.9,50,1907800
20240212,11:57:54,0.85,350,1881750
20240212,11:58:06,0.9,200,1881750
20240212,11:58:27,0.85,600,1881750
20240212,11:58:59,0.85,150,1881750
20240212,11:59:18,0.9,100,1881750
20240212,11:59:28,0.9,400,1881750
20240212,11:59:56,0.85,1000,1881750
20240212,11:59:57,0.9,26900,1881750
20240212,12:00:13,0.85,50,1881750
20240212,12:00:42,0.9,2000,1881750
20240212,12:01:20,0.9,150,1864550
20240212,12:01:23,0.9,1500,1864550
20240212,12:02:05,0.85,100,1864550
20240212,12:02:16,0.9,200,1864550
20240212,12:02:44,0.9,9450,1864550
20240212,12:02:45,0.9,33300,1864550
20240212,12:03:05,0.9,10800,1864550
20240212,12:03:05,0.95,25750,1864550
20240212,12:03:09,0.9,550,1864550
20240212,12:03:19,0.9,50,1864550
20240212,12:03:32,0.85,50,1864550
20240212,12:03:52,0.85,50,1863600
20240212,12:03:55,0.85,150,1863600
20240212,12:04:24,0.9,2000,1863600
20240212,12:04:25,0.9,1800,1863600
20240212,12:04:27,0.9,1900,1863600
20240212,12:04:30,0.9,1000,1863600
20240212,12:04:42,0.85,1000,1863600
20240212,12:04:53,0.85,1300,1863600
20240212,12:05:03,0.85,50,1863600
20240212,12:05:05,0.85,5000,1863600
20240212,12:05:06,0.85,3750,1863600
20240212,12:05:08,0.85,2800,1863600
20240212,12:05:09,0.85,2100,1863600
20240212,12:05:11,0.85,3200,1863600
20240212,12:05:13,0.85,1600,1863600
20240212,12:05:29,0.9,50,1863600
20240212,12:05:32,0.85,50,1863600
20240212,12:05:33,0.85,1800,1863600
20240212,12:05:34,0.85,1650,1863600
20240212,12:05:38,0.9,500,1863600
20240212,12:06:04,0.9,100,1863600
20240212,12:06:10,0.85,100,1863600
20240212,12:06:10,0.85,300,1863600
20240212,12:06:11,0.85,600,1863600
20240212,12:06:17,0.9,1800,1863600
20240212,12:06:18,0.9,1800,1863600
20240212,12:06:19,0.9,1400,1863600
20240212,12:06:24,0.85,200,1863600
20240212,12:06:24,0.9,1800,1863600
20240212,12:06:41,0.9,1800,1863600
20240212,12:06:54,0.9,750,1863250
20240212,12:07:03,0.85,50,1863250
20240212,12:07:05,0.85,350,1863250
20240212,12:07:09,0.85,400,1863250
20240212,12:07:17,0.9,1800,1863250
20240212,12:07:18,0.9,1800,1863250
20240212,12:07:18,0.9,1400,1863250
20240212,12:07:33,0.85,250,1863250
20240212,12:07:53,0.9,300,1863250
20240212,12:08:00,0.9,1800,1863250
20240212,12:08:02,0.9,250,1863250
20240212,12:08:25,0.85,200,1863250
20240212,12:08:25,0.85,1200,1863250
20240212,12:08:27,0.85,200,1863250
20240212,12:09:00,0.9,1500,1863250
20240212,12:09:06,0.9,800,1863250
20240212,12:09:08,0.85,1800,1863250
20240212,12:09:09,0.85,500,1863250
20240212,12:09:10,0.85,200,1863250
20240212,12:09:11,0.85,3200,1863250
20240212,12:09:12,0.85,1200,1863250
20240212,12:09:13,0.85,1200,1863250
20240212,12:09:14,0.85,2200,1863250
20240212,12:09:17,0.85,200,1863250
20240212,12:09:31,0.85,50,1863250
20240212,12:09:32,0.85,50,1863250
20240212,12:09:48,0.85,250,1863250
20240212,12:09:55,0.9,10000,1863250
20240212,12:10:02,0.9,1100,1869000
20240212,12:10:03,0.9,1800,1869000
20240212,12:10:05,0.9,1800,1869000
20240212,12:10:24,0.9,1800,1869000
20240212,12:10:29,0.9,200,1869000
20240212,12:10:31,0.9,1800,1869000
20240212,12:10:41,0.9,400,1869000
20240212,12:10:42,0.9,1800,1869000
20240212,12:10:44,0.9,1800,1869000
20240212,12:10:46,0.9,650,1869000
20240212,12:10:47,0.9,1800,1869000
20240212,12:10:54,0.85,50,1869000
20240212,12:10:58,0.9,1550,1869000
20240212,12:11:01,0.85,1800,1869000
20240212,12:11:16,0.9,250,1869000
20240212,12:11:37,0.85,1800,1869000
20240212,12:11:40,0.9,50,1869000
20240212,12:12:04,0.9,100,1869000
20240212,12:12:07,0.9,100,1869000
20240212,12:12:08,0.9,100,1869000
20240212,12:12:23,0.9,1350,1869000
20240212,12:12:25,0.9,750,1869000
20240212,12:12:29,0.9,200,1869000
20240212,12:13:01,0.9,50,1869000
20240212,12:13:02,0.9,50,1858000
20240212,12:13:03,0.9,50,1858000
20240212,12:13:04,0.9,50,1858000
20240212,12:13:05,0.9,50,1858000
20240212,12:13:06,0.9,100,1858000
20240212,12:13:07,0.9,2100,1858000
20240212,12:13:16,0.9,50,1858000
20240212,12:13:17,0.9,50,1858000
20240212,12:13:18,0.9,50,1858000
20240212,12:13:19,0.9,100,1858000
20240212,12:13:20,0.9,100,1858000
20240212,12:13:21,0.9,1900,1858000
20240212,12:13:22,0.9,100,1858000
20240212,12:13:23,0.9,100,1858000
20240212,12:13:24,0.9,50,1858000
20240212,12:13:25,0.9,50,1858000
20240212,12:13:26,0.9,50,1858000
20240212,12:13:27,0.9,50,1858000
20240212,12:13:28,0.9,50,1858000
20240212,12:13:29,0.9,50,1858000
20240212,12:13:30,0.9,26650,1858000
20240212,12:13:31,0.95,100,1858000
20240212,12:13:36,0.9,250,1858000
20240212,12:13:39,0.95,750,1858000
20240212,12:13:40,0.95,500,1858000
20240212,12:13:41,0.9,250,1858000
20240212,12:13:48,0.9,800,1858000
20240212,12:13:59,0.95,300,1858000
20240212,12:14:02,0.9,5450,1858000
20240212,12:14:04,0.9,50,1858000
20240212,12:14:09,0.95,50,1858000
20240212,12:14:10,0.95,250,1858000
20240212,12:14:11,0.95,100,1858000
20240212,12:14:12,0.95,100,1858000
20240212,12:14:13,0.95,100,1858000
20240212,12:14:14,0.95,100,1858000
20240212,12:14:16,0.95,50,1858000
20240212,12:14:17,0.95,50,1858000
20240212,12:14:18,0.95,50,1858000
20240212,12:14:19,0.95,50,1858000
20240212,12:14:20,0.95,50,1858000
20240212,12:14:21,0.95,50,1858000
20240212,12:14:22,0.95,150,1858000
20240212,12:14:23,0.95,200,1858000
20240212,12:14:24,0.95,100,1858000
20240212,12:14:25,0.95,100,1858000
20240212,12:14:26,0.95,100,1858000
20240212,12:14:54,0.95,50,1858000
20240212,12:14:55,0.95,50,1858000
20240212,12:14:56,0.95,50,1858000
20240212,12:14:57,0.95,50,1858000
20240212,12:14:58,0.95,50,1858000
20240212,12:14:59,0.95,50,1858000
20240212,12:15:00,0.95,50,1858000
20240212,12:15:01,0.9,250,1858000
20240212,12:15:06,0.9,250,1858000
20240212,12:15:08,0.95,50,1858000
20240212,12:15:09,0.95,50,1858000
20240212,12:15:10,0.95,50,1858000
20240212,12:15:10,0.95,1000,1858000
20240212,12:15:11,0.95,50,1858000
20240212,12:15:12,0.95,50,1858000
20240212,12:15:14,0.95,50,1858000
20240212,12:15:14,0.9,700,1858000
20240212,12:15:15,0.95,50,1858000
20240212,12:15:16,0.95,50,1858000
20240212,12:15:17,0.95,50,1858000
20240212,12:15:18,0.95,50,1858000
20240212,12:15:19,0.95,50,1858000
20240212,12:15:20,0.95,50,1858000
20240212,12:15:21,0.95,50,1858000
20240212,12:15:22,0.95,50,1858000
20240212,12:15:23,0.95,50,1858000
20240212,12:15:24,0.95,100,1858000
20240212,12:15:25,0.9,1450,1858000
20240212,12:15:26,0.95,100,1858000
20240212,12:15:27,0.95,50,1858000
20240212,12:15:28,0.95,50,1858000
20240212,12:15:29,0.95,50,1858000
20240212,12:15:32,0.9,100,1858000
20240212,12:15:37,0.9,700,1858000
20240212,12:15:45,0.9,50,1858000
20240212,12:16:08,0.95,250,1840800
20240212,12:16:09,0.95,50,1840800
20240212,12:16:10,0.95,100,1840800
20240212,12:16:11,0.95,100,1840800
20240212,12:16:12,0.95,100,1840800
20240212,12:16:13,0.95,100,1840800
20240212,12:16:14,0.95,100,1840800
20240212,12:16:15,0.95,100,1840800
20240212,12:16:16,0.95,100,1840800
20240212,12:16:17,0.95,100,1840800
20240212,12:16:18,0.95,100,1840800
20240212,12:16:19,0.95,100,1840800
20240212,12:16:20,0.95,50,1840800
20240212,12:16:21,0.95,50,1840800
20240212,12:16:22,0.95,50,1840800
20240212,12:16:23,0.95,100,1840800
20240212,12:16:24,0.95,50,1840800
20240212,12:16:46,0.95,300,1840800
20240212,12:16:49,0.9,50,1840800
20240212,12:16:51,0.9,250,1840800
20240212,12:17:02,0.9,800,1840800
20240212,12:17:12,0.95,52600,1840800
20240212,12:17:12,0.95,50,1840800
20240212,12:17:13,0.95,300,1840800
20240212,12:17:21,0.95,1800,1840800
20240212,12:17:23,0.95,1800,1840800
20240212,12:17:24,1.0,50,1840800
20240212,12:17:26,0.95,1500,1840800
20240212,12:17:27,0.95,600,1840800
20240212,12:17:28,0.95,1500,1840800
20240212,12:17:29,0.95,1500,1840800
20240212,12:17:31,0.95,1500,1840800
20240212,12:17:32,0.95,1800,1840800
20240212,12:17:32,0.95,50,1840800
20240212,12:17:34,0.95,1800,1840800
20240212,12:17:37,0.95,1800,1840800
20240212,12:17:38,0.95,1800,1840800
20240212,12:17:40,0.95,1800,1840800
20240212,12:17:45,1.0,50,1840800
20240212,12:17:49,0.95,1000,1840800
20240212,12:17:49,0.95,1800,1840800
20240212,12:17:51,0.95,1800,1840800
20240212,12:17:56,0.95,500,1840800
20240212,12:18:05,0.95,1500,1840800
20240212,12:18:07,1.0,200,1840800
20240212,12:18:13,0.95,500,1840800
20240212,12:18:15,0.95,1500,1840800
20240212,12:18:16,0.95,1900,1840800
20240212,12:18:17,0.95,1500,1840800
20240212,12:18:19,1.0,8450,1840800
20240212,12:18:21,0.95,1800,1840800
20240212,12:18:31,0.95,50,1840800
20240212,12:18:36,0.95,400,1840800
20240212,12:18:44,0.95,500,1840800
20240212,12:18:45,0.95,250,1840800
20240212,12:18:47,0.95,1200,1840800
20240212,12:18:48,0.95,250,1840800
20240212,12:18:50,0.95,1800,1840800
20240212,12:18:51,0.95,250,1840800
20240212,12:18:53,0.95,1000,1843300
20240212,12:18:54,0.95,2300,1843300
20240212,12:18:55,0.95,1800,1843300
20240212,12:18:56,0.95,100,1843300
20240212,12:19:05,0.9,1800,1843300
20240212,12:19:06,0.9,1800,1843300
20240212,12:19:08,0.9,3200,1843300
20240212,12:19:09,0.9,700,1843300
20240212,12:19:23,0.9,1000,1843300
20240212,12:20:04,0.95,250,1843300
20240212,12:20:17,0.9,50,1843300
20240212,12:20:22,0.9,250,1843300
20240212,12:20:27,0.95,350,1843300
20240212,12:20:29,0.9,550,1843300
20240212,12:20:30,0.95,200,1843300
20240212,12:20:33,0.95,1000,1843300
20240212,12:20:53,0.95,50,1843300
20240212,12:21:15,0.95,100,1843300
20240212,12:21:24,0.9,1500,1843300
20240212,12:21:25,0.9,1600,1843300
20240212,12:21:28,0.95,50,1843300
20240212,12:21:29,0.95,50,1843300
20240212,12:21:30,0.95,50,1843300
20240212,12:21:31,0.95,50,1843300
20240212,12:21:32,0.95,50,1843300
20240212,12:21:33,0.95,50,1843300
20240212,12:21:34,0.95,50,1843300
20240212,12:21:35,0.95,50,1843300
20240212,12:21:36,0.95,50,1843300
20240212,12:21:37,0.95,50,1843300
20240212,12:21:38,0.95,50,1843300
20240212,12:21:39,0.95,50,1843300
20240212,12:21:40,0.95,50,1843300
20240212,12:21:41,0.95,50,1843300
20240212,12:21:42,0.95,850,1843300
20240212,12:21:43,0.95,50,1843300
20240212,12:21:44,0.95,50,1843300
20240212,12:21:45,0.95,50,1843300
20240212,12:21:46,0.95,100,1843300
20240212,12:21:47,0.95,1100,1843300
20240212,12:21:48,0.95,100,1843300
20240212,12:21:49,0.95,100,1843300
20240212,12:21:50,0.95,100,1843300
20240212,12:21:51,0.9,1500,1843300
20240212,12:21:52,0.95,3050,1843300
20240212,12:21:53,0.95,50,1843300
20240212,12:21:54,0.95,50,1843300
20240212,12:21:55,0.95,50,1840450
20240212,12:21:56,0.95,50,1840450
20240212,12:21:57,0.95,50,1840450
20240212,12:21:58,0.95,50,1840450
20240212,12:21:59,0.95,50,1840450
20240212,12:22:00,0.95,50,1840450
20240212,12:22:01,0.95,100,1840450
20240212,12:22:02,0.95,100,1840450
20240212,12:22:03,0.95,100,1840450
20240212,12:22:04,0.95,150,1840450
20240212,12:22:05,0.95,3050,1840450
20240212,12:22:06,0.9,1300,1840450
20240212,12:22:07,0.95,250,1840450
20240212,12:22:08,0.95,50,1840450
20240212,12:22:09,0.95,50,1840450
20240212,12:22:10,0.95,50,1840450
20240212,12:22:11,0.95,50,1840450
20240212,12:22:12,0.95,50,1840450
20240212,12:22:13,0.95,50,1840450
20240212,12:22:14,0.95,50,1840450
20240212,12:22:15,0.95,100,1840450
20240212,12:22:16,0.95,50,1840450
20240212,12:22:17,0.95,50,1840450
20240212,12:22:18,0.95,50,1840450
20240212,12:22:19,0.95,50,1840450
20240212,12:22:21,0.95,50,1840450
20240212,12:22:22,0.95,50,1840450
20240212,12:22:23,0.95,50,1840450
20240212,12:22:24,0.95,50,1840450
20240212,12:22:25,0.95,50,1840450
20240212,12:22:26,0.95,50,1840450
20240212,12:22:27,0.95,50,1840450
20240212,12:22:42,0.95,50,1840450
20240212,12:22:45,0.95,50,1840450
20240212,12:22:48,0.95,50,1840450
20240212,12:22:49,0.95,50,1840450
20240212,12:22:50,0.95,50,1840450
20240212,12:22:51,0.95,50,1840450
20240212,12:22:52,0.95,50,1840450
20240212,12:22:53,0.95,50,1840450
20240212,12:22:55,0.95,50,1840450
20240212,12:22:56,0.95,50,1840450
20240212,12:22:57,0.95,50,1840450
20240212,12:23:04,0.95,50,1840450
20240212,12:23:05,0.95,50,1840450
20240212,12:23:06,0.95,50,1840450
20240212,12:23:07,0.95,50,1840450
20240212,12:23:08,0.95,50,1840450
20240212,12:23:09,0.95,50,1840450
20240212,12:23:10,0.95,50,1840450
20240212,12:23:11,0.95,550,1840450
20240212,12:23:12,0.95,50,1840450
20240212,12:23:13,0.95,50,1840450
20240212,12:23:14,0.95,50,1840450
20240212,12:23:15,0.95,50,1840450
20240212,12:23:16,0.95,50,1840450
20240212,12:23:17,0.95,850,1840450
20240212,12:23:18,0.95,50,1840450
20240212,12:23:19,0.95,50,1840450
20240212,12:23:20,0.95,50,1840450
20240212,12:23:21,0.95,250,1840450
20240212,12:23:22,0.95,50,1840450
20240212,12:23:23,0.95,50,1840450
20240212,12:23:24,0.95,50,1840450
20240212,12:23:25,0.95,50,1840450
20240212,12:23:26,0.95,50,1840450
20240212,12:23:27,0.95,50,1840450
20240212,12:23:28,0.95,50,1840450
20240212,12:23:29,0.95,50,1840450
20240212,12:23:30,0.95,50,1840450
20240212,12:23:31,0.95,50,1840450
20240212,12:23:32,0.95,50,1840450
20240212,12:23:33,0.95,50,1840450
20240212,12:23:34,0.95,50,1840450
20240212,12:23:35,0.95,50,1840450
20240212,12:23:36,0.95,50,1840450
20240212,12:23:37,0.95,50,1840450
20240212,12:23:38,0.95,50,1840450
20240212,12:23:39,0.95,50,1840450
20240212,12:23:40,0.95,1850,1840450
20240212,12:23:42,0.95,50,1840450
20240212,12:23:43,0.95,50,1840450
20240212,12:23:44,0.95,50,1840450
20240212,12:23:45,0.95,50,1840450
20240212,12:23:46,0.95,50,1840450
20240212,12:23:47,0.95,50,1840450
20240212,12:23:48,0.95,50,1840450
20240212,12:23:49,0.95,50,1840450
20240212,12:23:50,0.95,50,1840450
20240212,12:23:51,0.95,50,1840450
20240212,12:23:53,0.95,50,1840450
20240212,12:24:09,0.95,200,1840450
20240212,12:24:34,0.9,50,1840450
20240212,12:24:38,0.9,500,1840450
20240212,12:25:09,0.9,150,1834950
20240212,12:25:22,0.9,3600,1834950
20240212,12:25:22,0.9,1800,1834950
20240212,12:25:25,0.9,1800,1834950
20240212,12:25:27,0.9,300,1834950
20240212,12:25:37,0.9,1000,1834950
20240212,12:25:43,0.9,1800,1834950
20240212,12:26:07,0.95,200,1834950
20240212,12:26:10,0.95,1800,1834950
20240212,12:26:13,0.9,50,1834950
20240212,12:26:14,0.9,50,1834950
20240212,12:26:22,0.9,50,1834950
20240212,12:26:23,0.9,50,1834950
20240212,12:26:30,0.95,50,1834950
20240212,12:26:31,0.95,1850,1834950
20240212,12:26:32,0.95,50,1834950
20240212,12:26:34,0.95,100,1834950
20240212,12:26:35,0.95,50,1834950
20240212,12:26:36,0.95,50,1834950
20240212,12:26:37,0.95,50,1834950
20240212,12:26:38,0.95,50,1834950
20240212,12:26:39,0.95,50,1834950
20240212,12:26:40,0.95,50,1834950
20240212,12:26:43,0.95,1800,1834950
20240212,12:26:52,0.95,1800,1834950
20240212,12:27:05,0.9,50,1834950
20240212,12:28:01,0.9,50,1834950
20240212,12:28:07,0.95,200,1831700
20240212,12:28:15,0.9,5400,1831700
20240212,12:28:25,0.9,1200,1831700
20240212,12:28:26,0.9,6850,1831700
20240212,12:28:28,0.9,1000,1831700
20240212,12:28:48,0.9,50,1831700
20240212,12:29:06,0.9,50,1831700
20240212,12:29:18,0.9,50,1831700
20240212,12:29:20,0.9,50,1831700
20240212,12:29:34,0.9,50,1831700
20240212,12:29:35,0.9,50,1831700
20240212,12:29:36,0.9,200,1831700
20240212,12:29:37,0.9,200,1831700
20240212,12:29:38,0.9,200,1831700
20240212,12:29:39,0.9,50,1831700
20240212,12:29:40,0.9,50,1831700
20240212,12:29:41,0.9,50,1831700
20240212,12:29:42,0.9,200,1831700
20240212,12:29:43,0.9,200,1831700
20240212,12:29:44,0.9,200,1831700
20240212,12:29:45,0.9,200,1831700
20240212,12:29:46,0.9,200,1831700
20240212,12:29:48,0.9,50,1831700
20240212,12:29:49,0.9,100,1831700
20240212,12:29:50,0.9,200,1831700
20240212,12:29:51,0.9,200,1831700
20240212,12:29:53,0.9,400,1831700
20240212,12:29:54,0.9,200,1831700
20240212,12:29:55,0.9,200,1831700
20240212,12:29:56,0.9,200,1831700
20240212,12:29:57,0.9,200,1831700
20240212,12:29:59,0.9,50,1831700
20240212,12:30:00,0.9,50,1831700
20240212,12:30:01,0.9,50,1831700
20240212,12:30:02,0.9,50,1831700
20240212,12:30:03,0.9,50,1831700
20240212,12:30:15,0.9,50,1831700
20240212,12:30:16,0.9,50,1831700
20240212,12:30:17,0.9,50,1831700
20240212,12:30:18,0.9,3500,1831700
20240212,12:30:19,0.9,200,1831700
20240212,12:30:20,0.9,1950,1831700
20240212,12:30:21,0.85,200,1831700
20240212,12:30:22,0.85,200,1831700
20240212,12:30:23,0.85,200,1831700
20240212,12:30:24,0.85,200,1831700
20240212,12:30:25,0.85,200,1831700
20240212,12:30:27,0.85,200,1831700
20240212,12:30:29,0.85,50,1831700
20240212,12:30:30,0.85,200,1831700
20240212,12:30:31,0.85,200,1831700
20240212,12:30:32,0.9,400,1831700
20240212,12:30:45,0.85,200,1831700
20240212,12:30:46,0.85,200,1831700
20240212,12:30:47,0.85,200,1831700
20240212,12:30:54,0.85,200,1831700
20240212,12:30:55,0.85,200,1831700
20240212,12:31:03,0.85,100,1829850
20240212,12:31:47,0.85,50,1829850
20240212,12:32:01,0.85,200,1829850
20240212,12:32:02,0.85,200,1829850
20240212,12:32:03,0.85,250,1829850
20240212,12:32:06,0.85,50,1829850
20240212,12:32:08,0.9,200,1829850
20240212,12:32:23,0.85,200,1829850
20240212,12:32:24,0.85,200,1829850
20240212,12:32:25,0.85,200,1829850
20240212,12:32:55,0.85,50,1829850
20240212,12:33:35,0.9,250,1829850
20240212,12:33:47,0.9,50,1829850
20240212,12:33:52,0.9,250,1829850
20240212,12:33:56,0.85,50,1829850
20240212,12:34:07,0.9,200,1829850
20240212,12:34:23,0.85,50,1829850
20240212,12:34:59,0.9,1700,1829850
20240212,12:35:02,0.85,1800,1829850
20240212,12:35:03,0.85,1800,1829850
20240212,12:35:41,0.85,50,1829850
20240212,12:35:55,0.9,1950,1829850
20240212,12:35:55,0.9,1300,1829850
20240212,12:36:05,0.9,1800,1829850
20240212,12:36:07,0.9,200,1829850
20240212,12:36:08,0.9,1800,1829850
20240212,12:36:09,0.9,1800,1829850
20240212,12:36:22,0.9,3600,1829850
20240212,12:36:22,0.9,1400,1829850
20240212,12:36:45,0.9,50,1829850
20240212,12:36:46,0.9,1050,1829850
20240212,12:36:49,0.85,50,1829850
20240212,12:37:00,0.85,50,1829850
20240212,12:37:44,0.9,1800,1831600
20240212,12:37:46,0.9,1800,1831600
20240212,12:37:49,0.9,1800,1831600
20240212,12:37:50,0.85,50,1831600
20240212,12:37:51,0.9,1800,1831600
20240212,12:37:54,0.9,1800,1831600
20240212,12:37:58,0.9,50,1831600
20240212,12:38:02,0.85,100,1831600
20240212,12:38:10,0.9,200,1831600
20240212,12:38:18,0.9,50,1831600
20240212,12:39:10,0.9,50,1831600
20240212,12:39:16,0.9,50,1831600
20240212,12:39:21,0.9,50,1831600
20240212,12:39:22,0.9,100,1831600
20240212,12:39:46,0.85,200,1831600
20240212,12:39:59,0.85,900,1828950
20240212,12:40:04,0.9,1500,1828950
20240212,12:40:10,0.9,1500,1828950
20240212,12:40:12,0.9,500,1828950
20240212,12:40:29,0.9,200,1828950
20240212,12:40:40,0.9,50,1828950
20240212,12:40:42,0.9,50,1828950
20240212,12:41:05,0.85,50,1828950
20240212,12:41:07,0.9,700,1828950
20240212,12:41:11,0.9,50,1828950
20240212,12:41:29,0.9,400,1828950
20240212,12:41:33,0.9,50,1828950
20240212,12:41:36,0.9,400,1828950
20240212,12:41:43,0.9,100,1828950
20240212,12:41:45,0.85,500,1828950
20240212,12:42:05,0.85,150,1828950
20240212,12:42:06,0.9,150,1828950
20240212,12:42:07,0.9,50,1828950
20240212,12:42:15,0.9,50,1828950
20240212,12:42:33,0.85,500,1828950
20240212,12:42:50,0.9,100,1828950
20240212,12:43:00,0.9,100,1828950
20240212,12:44:06,0.9,200,1830750
20240212,12:44:12,0.85,400,1830750
20240212,12:44:33,0.9,150,1830750
20240212,12:44:37,0.85,1050,1830750
20240212,12:45:09,0.9,100,1830750
20240212,12:45:21,0.85,150,1830750
20240212,12:45:22,0.85,150,1830750
20240212,12:45:23,0.85,150,1830750
20240212,12:45:24,0.85,150,1830750
20240212,12:45:25,0.85,150,1830750
20240212,12:45:26,0.85,150,1830750
20240212,12:45:27,0.9,500,1830750
20240212,12:45:28,0.85,50,1830750
20240212,12:45:29,0.85,150,1830750
20240212,12:45:30,0.85,150,1830750
20240212,12:45:31,0.85,150,1830750
20240212,12:45:32,0.85,150,1830750
20240212,12:45:33,0.85,150,1830750
20240212,12:45:34,0.85,150,1830750
20240212,12:45:46,0.85,150,1830750
20240212,12:45:47,0.85,200,1830750
20240212,12:45:48,0.85,150,1830750
20240212,12:45:49,0.9,100,1830750
20240212,12:46:09,0.9,200,1830750
20240212,12:46:10,0.85,150,1830300
20240212,12:46:11,0.85,150,1830300
20240212,12:46:12,0.85,150,1830300
20240212,12:46:31,0.85,450,1830300
20240212,12:47:15,0.85,50,1830300
20240212,12:48:08,0.9,300,1830300
20240212,12:48:27,0.9,100,1830300
20240212,12:48:34,0.85,50,1830300
20240212,12:48:35,0.85,50,1830300
20240212,12:48:42,0.85,250,1830300
20240212,12:49:24,0.85,50,1830300
20240212,12:49:27,0.9,1000,1829400
20240212,12:49:30,0.9,50,1829400
20240212,12:49:45,0.85,150,1829400
20240212,12:49:48,0.9,50,1829400
20240212,12:49:49,0.9,50,1829400
20240212,12:50:03,0.85,150,1829400
20240212,12:50:04,0.85,50,1829400
20240212,12:50:19,0.85,150,1829400
20240212,12:50:20,0.85,150,1829400
20240212,12:50:30,0.9,200,1829400
20240212,12:50:35,0.85,50,1829400
20240212,12:50:38,0.9,50,1829400
20240212,12:50:46,0.85,50,1829400
20240212,12:50:49,0.9,300,1829400
20240212,12:50:50,0.9,50,1829400
20240212,12:50:58,0.9,50,1829400
20240212,12:51:00,0.85,250,1829400
20240212,12:51:05,0.85,50,1829400
20240212,12:51:26,0.85,600,1829400
20240212,12:51:38,0.9,1250,1829400
20240212,12:51:50,0.85,150,1829400
20240212,12:51:51,0.85,150,1829400
20240212,12:52:11,0.9,1200,1828850
20240212,12:52:20,0.9,100,1828850
20240212,12:52:41,0.9,1000,1828850
20240212,12:53:20,0.9,1500,1828850
20240212,12:53:21,0.9,1500,1828850
20240212,12:53:27,0.9,1800,1828850
20240212,12:53:28,0.9,150,1828850
20240212,12:54:08,0.9,200,1828850
20240212,12:55:04,0.9,200,1828850
20240212,12:55:22,0.9,1050,1824900
20240212,12:55:25,0.85,200,1824900
20240212,12:55:26,0.85,150,1824900
20240212,12:55:28,0.9,31700,1824900
20240212,12:55:31,0.9,50,1824900
20240212,12:55:32,0.9,50,1824900
20240212,12:55:33,0.9,50,1824900
20240212,12:55:37,0.9,150,1824900
20240212,12:55:38,0.9,150,1824900
20240212,12:55:43,0.9,1000,1824900
20240212,12:55:53,0.9,1000,1824900
20240212,12:55:58,0.9,250,1824900
20240212,12:56:03,0.9,50,1824900
20240212,12:56:06,0.9,1700,1824900
20240212,12:56:08,0.9,50,1824900
20240212,12:56:11,0.95,300,1824900
20240212,12:56:26,0.9,1500,1824900
20240212,12:57:08,0.9,400,1824900
20240212,12:57:08,0.9,200,1824900
20240212,12:57:09,0.9,1000,1824900
20240212,12:57:10,0.95,3000,1824900
20240212,12:57:12,0.95,1800,1824900
20240212,12:57:15,0.95,1800,1824900
20240212,12:57:16,0.95,500,1824900
20240212,12:57:17,0.95,1500,1824900
20240212,12:57:19,0.95,1500,1824900
20240212,12:57:22,0.95,3300,1824900
20240212,12:57:23,0.95,1500,1824900
20240212,12:57:24,0.95,2800,1824900
20240212,12:57:25,0.95,17850,1824900
20240212,12:57:26,0.95,50,1824900
20240212,12:57:27,1.0,700,1824900
20240212,12:57:32,0.95,2000,1824900
20240212,12:57:43,1.0,800,1824900
20240212,12:57:44,0.95,1800,1824900
20240212,12:57:45,0.95,17200,1824900
20240212,12:57:46,0.9,50,1824900
20240212,12:57:48,0.9,50,1824900
20240212,12:57:50,0.95,850,1824900
20240212,12:57:51,0.9,50,1824900
20240212,12:57:54,0.95,1550,1824900
20240212,12:57:55,0.95,1500,1824900
20240212,12:57:56,0.95,800,1824900
20240212,12:57:58,0.9,500,1824900
20240212,12:58:02,0.95,1100,1799600
20240212,12:58:05,0.95,100,1799600
20240212,12:58:06,0.95,2000,1799600
20240212,12:58:09,0.9,1000,1799600
20240212,12:58:09,0.9,2700,1799600
20240212,12:58:10,0.95,2000,1799600
20240212,12:58:11,0.9,1200,1799600
20240212,12:58:12,0.9,15600,1799600
20240212,12:58:13,0.9,400,1799600
20240212,12:58:23,0.95,100,1799600
20240212,12:59:06,0.9,200,1799600
20240212,12:59:26,0.9,800,1799600
20240212,13:00:03,0.95,4500,1799600
20240212,13:00:08,0.95,400,1799600
20240212,13:00:11,0.9,200,1799600
20240212,13:00:16,0.95,400,1799600
20240212,13:00:33,0.95,200,1799600
20240212,13:00:38,0.95,50,1799600
20240212,13:00:48,0.95,50,1799600
20240212,13:00:54,0.95,50,1799600
20240212,13:00:58,0.95,150,1799600
20240212,13:01:02,0.95,50,1803200
20240212,13:01:11,0.9,400,1803200
20240212,13:01:11,0.9,1100,1803200
20240212,13:01:12,0.9,700,1803200
20240212,13:01:23,0.9,250,1803200
20240212,13:01:32,0.95,150,1803200
20240212,13:01:38,0.95,500,1803200
20240212,13:01:39,0.95,500,1803200
20240212,13:01:48,0.95,50,1803200
20240212,13:01:51,0.95,500,1803200
20240212,13:02:04,0.9,400,1803200
20240212,13:02:11,0.9,400,1803200
20240212,13:02:11,0.95,200,1803200
20240212,13:02:19,0.9,700,1803200
20240212,13:02:32,0.95,1800,1803200
20240212,13:02:35,0.95,1800,1803200
20240212,13:02:43,0.9,3200,1803200
20240212,13:02:46,0.95,1800,1803200
20240212,13:02:59,0.95,150,1803200
20240212,13:03:03,0.9,550,1803200
20240212,13:03:09,0.95,1800,1803200
20240212,13:03:13,0.95,1800,1803200
20240212,13:03:14,0.9,2800,1803200
20240212,13:03:16,0.9,600,1803200
20240212,13:03:17,0.9,1250,1803200
20240212,13:03:21,0.9,300,1803200
20240212,13:03:23,0.9,200,1803200
20240212,13:03:24,0.9,50,1803200
20240212,13:03:26,0.9,200,1803200
20240212,13:03:26,0.9,50,1803200
20240212,13:03:29,0.9,500,1803200
20240212,13:03:33,0.9,1000,1803200
20240212,13:03:34,0.95,800,1803200
20240212,13:03:38,0.9,12000,1803200
20240212,13:03:39,0.9,50,1803200
20240212,13:03:40,0.95,1800,1803200
20240212,13:03:44,0.9,50,1803200
20240212,13:03:47,0.95,200,1803200
20240212,13:03:54,0.95,50,1803200
20240212,13:03:57,0.9,200,1803200
20240212,13:03:58,0.9,700,1803200
20240212,13:04:07,0.9,1500,1791800
20240212,13:04:09,0.95,200,1791800
20240212,13:04:10,0.9,550,1791800
20240212,13:04:15,0.9,300,1791800
20240212,13:04:21,0.9,50,1791800
20240212,13:04:23,0.9,50,1791800
20240212,13:04:24,0.95,50,1791800
20240212,13:04:36,0.9,1000,1791800
20240212,13:04:39,0.95,100,1791800
20240212,13:04:40,0.95,104750,1791800
20240212,13:04:41,0.95,1800,1791800
20240212,13:04:42,0.95,8250,1791800
20240212,13:04:43,0.95,17500,1791800
20240212,13:04:47,0.9,100,1791800
20240212,13:04:48,0.95,800,1791800
20240212,13:05:13,0.95,500,1791800
20240212,13:05:17,0.95,1800,1791800
20240212,13:05:24,0.95,1800,1791800
20240212,13:05:27,0.95,50,1791800
20240212,13:05:28,0.95,1800,1791800
20240212,13:05:33,0.95,1800,1791800
20240212,13:05:38,0.95,17300,1791800
20240212,13:05:42,0.95,500,1791800
20240212,13:05:43,1.0,1800,1791800
20240212,13:05:49,1.0,1800,1791800
20240212,13:05:54,1.0,1800,1791800
20240212,13:05:55,0.95,1000,1791800
20240212,13:05:57,0.95,1500,1791800
20240212,13:05:59,1.0,1800,1791800
20240212,13:06:04,1.0,1800,1791800
20240212,13:06:07,0.95,300,1791800
20240212,13:06:08,0.95,1700,1791800
20240212,13:06:09,1.0,1800,1791800
20240212,13:06:12,1.0,1800,1791800
20240212,13:06:13,1.0,1800,1791800
20240212,13:06:14,0.95,1500,1791800
20240212,13:06:19,1.0,1800,1791800
20240212,13:06:20,1.0,100,1791800
20240212,13:06:23,0.95,800,1791800
20240212,13:06:24,0.95,6200,1791800
20240212,13:06:25,0.95,500,1791800
20240212,13:06:26,0.95,2600,1791800
20240212,13:06:29,1.0,1800,1791800
20240212,13:06:30,0.95,400,1791800
20240212,13:06:33,1.0,800,1791800
20240212,13:06:34,1.0,50,1791800
20240212,13:06:35,1.0,1800,1791800
20240212,13:06:41,1.0,100,1791800
20240212,13:06:44,0.95,500,1791800
20240212,13:06:47,0.95,1000,1791800
20240212,13:06:50,0.95,15300,1791800
20240212,13:06:51,0.95,50,1791800
20240212,13:06:57,0.95,6250,1791800
20240212,13:07:03,0.9,43250,1796150
20240212,13:07:04,0.9,12050,1796150
20240212,13:07:05,0.95,3600,1796150
20240212,13:07:06,0.95,600,1796150
20240212,13:07:14,0.95,1800,1796150
20240212,13:07:15,0.95,1800,1796150
20240212,13:07:32,0.95,50,1796150
20240212,13:07:40,0.9,3000,1796150
20240212,13:07:41,0.9,6000,1796150
20240212,13:07:45,0.9,12050,1796150
20240212,13:07:46,0.9,1500,1796150
20240212,13:07:49,0.9,3300,1796150
20240212,13:07:50,0.9,10000,1796150
20240212,13:07:52,0.9,16750,1796150
20240212,13:07:53,0.9,50,1796150
20240212,13:07:54,0.9,1500,1796150
20240212,13:07:57,0.9,800,1796150
20240212,13:08:02,0.9,350,1796150
20240212,13:08:05,0.9,250,1796150
20240212,13:08:06,0.9,200,1796150
20240212,13:08:07,0.9,250,1796150
20240212,13:08:08,0.9,250,1796150
20240212,13:08:09,0.9,500,1796150
20240212,13:08:14,0.9,250,1796150
20240212,13:08:17,0.85,1500,1796150
20240212,13:08:31,0.9,250,1796150
20240212,13:08:55,0.85,50,1796150
20240212,13:09:12,0.9,50,1796150
20240212,13:09:21,0.85,750,1796150
20240212,13:09:22,0.85,600,1796150
20240212,13:09:23,0.9,250,1796150
20240212,13:09:28,0.85,200,1796150
20240212,13:09:29,0.9,1500,1796150
20240212,13:09:31,0.9,1500,1796150
20240212,13:09:33,0.9,50,1796150
20240212,13:09:43,0.9,800,1796150
20240212,13:09:56,0.9,1800,1796150
20240212,13:10:11,0.85,50,1784550
20240212,13:10:20,0.85,1800,1784550
20240212,13:10:27,0.9,200,1784550
20240212,13:10:38,0.9,900,1784550
20240212,13:10:48,0.9,800,1784550
20240212,13:10:50,0.9,4000,1784550
20240212,13:11:09,0.9,1000,1784550
20240212,13:11:10,0.9,1000,1784550
20240212,13:11:11,0.9,1000,1784550
20240212,13:11:20,0.85,250,1784550
20240212,13:11:44,0.9,50,1784550
20240212,13:11:45,0.9,800,1784550
20240212,13:12:06,0.85,500,1784550
20240212,13:12:10,0.9,200,1784550
20240212,13:12:21,0.9,50,1784550
20240212,13:12:25,0.9,350,1784550
20240212,13:12:38,0.85,100,1784550
20240212,13:13:06,0.9,50,1781650
20240212,13:13:08,0.9,100,1781650
20240212,13:13:09,0.9,100,1781650
20240212,13:13:10,0.9,100,1781650
20240212,13:13:12,0.9,150,1781650
20240212,13:13:13,0.9,50,1781650
20240212,13:13:39,0.9,100,1781650
20240212,13:13:41,0.85,250,1781650
20240212,13:13:46,0.9,50,1781650
20240212,13:14:05,0.9,1400,1781650
20240212,13:14:06,0.9,200,1781650
20240212,13:14:18,0.9,50,1781650
20240212,13:14:24,0.9,50,1781650
20240212,13:14:29,0.85,1000,1781650
20240212,13:14:35,0.9,50,1781650
20240212,13:14:39,0.85,1000,1781650
20240212,13:14:42,0.85,1000,1781650
20240212,13:14:44,0.85,1000,1781650
20240212,13:14:46,0.9,50,1781650
20240212,13:14:49,0.85,1000,1781650
20240212,13:15:02,0.9,50,1781650
20240212,13:15:05,0.9,3000,1781650
20240212,13:15:06,0.9,3600,1781650
20240212,13:15:16,0.9,100,1781650
20240212,13:15:22,0.9,5000,1781650
20240212,13:16:00,0.85,250,1781650
20240212,13:16:06,0.9,150,1785400
20240212,13:16:07,0.9,200,1785400
20240212,13:16:12,0.9,500,1785400
20240212,13:16:14,0.9,400,1785400
20240212,13:16:17,0.9,100,1785400
20240212,13:16:25,0.9,900,1785400
20240212,13:16:54,0.85,250,1785400
20240212,13:17:04,0.85,50,1785400
20240212,13:17:13,0.85,50,1785400
20240212,13:17:30,0.9,250,1785400
20240212,13:17:31,0.9,1200,1785400
20240212,13:17:41,0.9,50,1785400
20240212,13:18:07,0.9,200,1785400
20240212,13:18:10,0.9,1500,1785400
20240212,13:18:13,0.9,50,1785400
20240212,13:18:23,0.9,1000,1785400
20240212,13:18:28,0.9,250,1785400
20240212,13:18:43,0.9,16250,1785400
20240212,13:18:44,0.9,200,1785400
20240212,13:18:45,0.9,200,1785400
20240212,13:18:47,0.9,250,1785400
20240212,13:18:50,0.9,200,1785400
20240212,13:18:51,0.9,2050,1785400
20240212,13:18:52,0.9,500,1785400
20240212,13:19:00,0.9,22200,1785400
20240212,13:19:01,0.95,500,1785400
20240212,13:19:04,0.95,1800,1785400
20240212,13:19:06,0.95,1800,1782150
20240212,13:19:11,0.9,1750,1782150
20240212,13:19:12,0.95,1800,1782150
20240212,13:19:13,0.95,1800,1782150
20240212,13:19:14,0.95,1800,1782150
20240212,13:19:15,0.95,1800,1782150
20240212,13:19:16,0.95,1800,1782150
20240212,13:19:17,0.95,1800,1782150
20240212,13:19:18,0.95,1800,1782150
20240212,13:19:22,0.95,300,1782150
20240212,13:19:29,0.95,250,1782150
20240212,13:19:31,0.9,200,1782150
20240212,13:19:41,0.9,250,1782150
20240212,13:19:48,0.95,250,1782150
20240212,13:19:49,0.9,250,1782150
20240212,13:19:50,0.9,250,1782150
20240212,13:19:52,0.95,1850,1782150
20240212,13:19:55,0.9,250,1782150
20240212,13:20:09,0.95,2000,1782150
20240212,13:20:11,0.9,350,1782150
20240212,13:20:17,0.9,250,1782150
20240212,13:20:19,0.9,250,1782150
20240212,13:20:22,0.9,250,1782150
20240212,13:20:29,0.95,200,1782150
20240212,13:20:35,0.9,350,1782150
20240212,13:20:40,0.9,300,1782150
20240212,13:20:43,0.9,200,1782150
20240212,13:20:43,0.9,2450,1782150
20240212,13:20:44,0.9,3400,1782150
20240212,13:20:45,0.9,3800,1782150
20240212,13:20:46,0.9,3200,1782150
20240212,13:20:47,0.9,4200,1782150
20240212,13:20:48,0.85,3650,1782150
20240212,13:20:55,0.9,1800,1782150
20240212,13:20:56,0.9,1800,1782150
20240212,13:21:22,0.9,19200,1782150
20240212,13:21:23,0.9,3000,1782150
20240212,13:21:23,0.9,1000,1782150
20240212,13:21:24,0.9,4200,1782150
20240212,13:21:25,0.9,5200,1782150
20240212,13:21:27,0.9,4650,1782150
20240212,13:21:28,0.9,200,1782150
20240212,13:21:28,0.9,1800,1782150
20240212,13:21:59,0.9,300,1782150
20240212,13:22:03,0.9,800,1799300
20240212,13:22:04,0.9,500,1799300
20240212,13:22:05,0.95,50,1799300
20240212,13:22:09,0.95,200,1799300
20240212,13:22:12,0.9,1500,1799300
20240212,13:22:17,0.9,750,1799300
20240212,13:22:29,0.95,300,1799300
20240212,13:22:44,0.95,50,1799300
20240212,13:22:45,0.95,50,1799300
20240212,13:22:52,0.95,50,1799300
20240212,13:22:53,0.9,300,1799300
20240212,13:23:11,0.9,100,1799300
20240212,13:23:12,0.9,300,1799300
20240212,13:23:20,0.9,100,1799300
20240212,13:23:30,0.9,50,1799300
20240212,13:23:34,0.9,200,1799300
20240212,13:23:42,0.9,50,1799300
20240212,13:23:48,0.9,650,1799300
20240212,13:23:51,0.9,100,1799300
20240212,13:23:52,0.9,1100,1799300
20240212,13:23:57,0.9,600,1799300
20240212,13:24:00,0.9,250,1799300
20240212,13:24:07,0.95,200,1799300
20240212,13:25:21,0.95,9400,1803200
20240212,13:25:35,0.95,50,1803200
20240212,13:25:53,0.9,50,1803200
20240212,13:26:08,0.95,50,1803200
20240212,13:26:09,0.95,150,1803200
20240212,13:26:49,0.95,100,1803200
20240212,13:27:00,0.9,50,1803200
20240212,13:27:14,0.9,1500,1803200
20240212,13:27:33,0.9,50,1803200
20240212,13:27:36,0.95,15600,1803200
20240212,13:27:40,0.9,2400,1803200
20240212,13:27:48,0.95,150,1803200
20240212,13:28:10,0.9,50,1803200
20240212,13:28:11,0.95,100,1797600
20240212,13:28:12,0.9,1100,1797600
20240212,13:28:14,0.95,200,1797600
20240212,13:28:22,0.95,50,1797600
20240212,13:28:35,0.9,50,1797600
20240212,13:29:06,0.9,300,1797600
20240212,13:29:16,0.95,12700,1797600
20240212,13:29:23,0.9,50,1797600
20240212,13:29:34,0.9,200,1797600
20240212,13:29:36,0.9,50,1797600
20240212,13:29:47,0.95,50,1797600
20240212,13:30:10,0.95,50,1797600
20240212,13:30:35,0.95,200,1797600
20240212,13:30:43,0.9,400,1797600
20240212,13:30:43,0.9,1000,1797600
20240212,13:30:44,0.9,3600,1797600
20240212,13:30:45,0.9,200,1797600
20240212,13:30:46,0.9,1800,1797600
20240212,13:30:47,0.9,3600,1797600
20240212,13:30:49,0.9,650,1797600
20240212,13:30:49,0.9,2000,1797600
20240212,13:30:50,0.9,1600,1797600
20240212,13:31:02,0.9,400,1797600
20240212,13:31:02,0.9,2800,1797600
20240212,13:31:03,0.85,6600,1797600
20240212,13:31:04,0.85,2200,1797600
20240212,13:31:07,0.9,50,1800150
20240212,13:31:19,0.9,50,1800150
20240212,13:31:21,0.9,50,1800150
20240212,13:31:22,0.9,250,1800150
20240212,13:31:28,0.9,300,1800150
20240212,13:31:29,0.9,250,1800150
20240212,13:31:39,0.9,250,1800150
20240212,13:31:41,0.9,1800,1800150
20240212,13:31:42,0.9,1800,1800150
20240212,13:31:45,0.9,50,1800150
20240212,13:31:47,0.9,300,1800150
20240212,13:31:52,0.9,50,1800150
20240212,13:31:59,0.9,250,1800150
20240212,13:31:59,0.9,50,1800150
20240212,13:32:02,0.9,50,1800150
20240212,13:32:06,0.9,250,1800150
20240212,13:32:07,0.9,200,1800150
20240212,13:32:21,0.9,50,1800150
20240212,13:32:32,0.9,1900,1800150
20240212,13:32:32,0.9,1800,1800150
20240212,13:32:36,0.9,9700,1800150
20240212,13:32:39,0.95,50,1800150
20240212,13:32:40,0.95,50,1800150
20240212,13:32:41,0.95,50,1800150
20240212,13:32:41,0.95,1800,1800150
20240212,13:32:56,0.95,50,1800150
20240212,13:32:57,0.95,50,1800150
20240212,13:32:58,0.95,50,1800150
20240212,13:33:12,0.9,50,1800150
20240212,13:33:26,0.9,50,1800150
20240212,13:33:32,0.9,50,1800150
20240212,13:33:40,0.9,400,1800150
20240212,13:33:41,0.9,1000,1800150
20240212,13:33:54,0.9,250,1800150
20240212,13:33:55,0.9,3100,1800150
20240212,13:33:56,0.9,1800,1800150
20240212,13:33:59,0.9,100,1800150
20240212,13:34:08,0.95,200,1800150
20240212,13:34:18,0.9,850,1800700
20240212,13:34:19,0.95,300,1800700
20240212,13:34:40,0.9,300,1800700
20240212,13:34:41,0.95,50,1800700
20240212,13:34:44,0.9,150,1800700
20240212,13:34:44,0.9,50,1800700
20240212,13:34:55,0.9,150,1800700
20240212,13:35:02,0.95,50,1800700
20240212,13:35:03,0.95,50,1800700
20240212,13:35:05,0.95,100,1800700
20240212,13:35:06,0.95,50,1800700
20240212,13:35:07,0.9,250,1800700
20240212,13:35:07,0.9,300,1800700
20240212,13:35:22,0.95,50,1800700
20240212,13:35:24,0.9,150,1800700
20240212,13:35:25,0.9,50,1800700
20240212,13:35:32,0.95,1000,1800700
20240212,13:35:42,0.9,500,1800700
20240212,13:35:52,0.9,50,1800700
20240212,13:36:01,0.9,50,1800700
20240212,13:36:07,0.95,200,1800700
20240212,13:36:30,0.9,100,1800700
20240212,13:36:48,0.95,50,1800700
20240212,13:36:49,0.95,50,1800700
20240212,13:36:55,0.95,50,1800700
20240212,13:36:56,0.95,50,1800700
20240212,13:36:57,0.95,50,1800700
20240212,13:37:01,0.95,50,1800700
20240212,13:37:02,0.95,50,1800700
20240212,13:37:03,0.95,50,1800700
20240212,13:37:04,0.95,50,1800700
20240212,13:37:05,0.95,100,1800700
20240212,13:37:07,0.95,50,1800500
20240212,13:37:08,0.95,50,1800500
20240212,13:37:09,0.95,50,1800500
20240212,13:37:10,0.95,100,1800500
20240212,13:37:11,0.95,100,1800500
20240212,13:37:12,0.95,100,1800500
20240212,13:37:13,0.95,100,1800500
20240212,13:37:14,0.95,150,1800500
20240212,13:37:15,0.95,200,1800500
20240212,13:37:16,0.95,50,1800500
20240212,13:37:17,0.95,50,1800500
20240212,13:37:18,0.95,50,1800500
20240212,13:37:19,0.95,50,1800500
20240212,13:37:20,0.95,50,1800500
20240212,13:37:21,0.95,3850,1800500
20240212,13:37:22,0.95,50,1800500
20240212,13:37:23,0.95,50,1800500
20240212,13:37:24,0.95,50,1800500
20240212,13:37:25,0.95,50,1800500
20240212,13:37:26,0.95,50,1800500
20240212,13:37:27,0.95,50,1800500
20240212,13:38:02,0.95,50,1800500
20240212,13:38:03,0.95,50,1800500
20240212,13:38:04,0.95,100,1800500
20240212,13:38:05,0.95,50,1800500
20240212,13:38:06,0.95,50,1800500
20240212,13:38:07,0.95,50,1800500
20240212,13:38:08,0.95,50,1800500
20240212,13:38:09,0.95,250,1800500
20240212,13:38:10,0.9,800,1800500
20240212,13:38:11,0.95,50,1800500
20240212,13:38:12,0.95,50,1800500
20240212,13:38:13,0.95,50,1800500
20240212,13:38:14,0.95,50,1800500
20240212,13:38:15,0.95,50,1800500
20240212,13:38:16,0.95,50,1800500
20240212,13:38:17,0.95,50,1800500
20240212,13:38:18,0.95,50,1800500
20240212,13:38:19,0.95,50,1800500
20240212,13:38:20,0.95,50,1800500
20240212,13:38:21,0.95,50,1800500
20240212,13:38:22,0.95,50,1800500
20240212,13:38:24,0.95,50,1800500
20240212,13:38:25,0.95,50,1800500
20240212,13:38:26,0.95,50,1800500
20240212,13:38:27,0.95,50,1800500
20240212,13:38:28,0.95,50,1800500
20240212,13:38:29,0.95,50,1800500
20240212,13:38:30,0.95,50,1800500
20240212,13:38:31,0.95,150,1800500
20240212,13:38:32,0.95,150,1800500
20240212,13:38:33,0.95,150,1800500
20240212,13:38:34,0.95,50,1800500
20240212,13:38:35,0.95,50,1800500
20240212,13:38:36,0.95,50,1800500
20240212,13:38:37,0.95,50,1800500
20240212,13:38:38,0.95,50,1800500
20240212,13:38:39,0.95,50,1800500
20240212,13:38:41,0.95,1500,1800500
20240212,13:38:42,0.95,6000,1800500
20240212,13:38:44,0.95,7200,1800500
20240212,13:38:45,0.95,1800,1800500
20240212,13:38:47,0.95,23150,1800500
20240212,13:38:49,0.95,5850,1800500
20240212,13:38:50,0.95,900,1800500
20240212,13:38:53,0.95,50,1800500
20240212,13:38:54,0.95,50,1800500
20240212,13:38:55,0.95,50,1800500
20240212,13:38:56,0.95,50,1800500
20240212,13:38:57,0.95,50,1800500
20240212,13:38:58,0.95,50,1800500
20240212,13:38:59,0.95,50,1800500
20240212,13:39:00,0.95,50,1800500
20240212,13:39:01,0.95,50,1800500
20240212,13:39:02,0.95,4550,1800500
20240212,13:39:03,0.95,14750,1800500
20240212,13:39:04,1.0,50,1800500
20240212,13:39:05,1.0,50,1800500
20240212,13:39:06,1.0,50,1800500
20240212,13:39:07,1.0,100,1800500
20240212,13:39:08,1.0,50,1800500
20240212,13:39:09,1.0,50,1800500
20240212,13:39:10,1.0,50,1800500
20240212,13:39:11,1.0,50,1800500
20240212,13:39:12,0.95,11950,1800500
20240212,13:39:13,0.95,50,1800500
20240212,13:39:14,0.95,50,1800500
20240212,13:39:15,0.95,50,1800500
20240212,13:39:21,0.95,700,1800500
20240212,13:39:25,0.95,50,1800500
20240212,13:39:26,0.95,50,1800500
20240212,13:39:27,0.95,50,1800500
20240212,13:39:28,0.95,50,1800500
20240212,13:39:29,0.95,50,1800500
20240212,13:39:30,0.95,50,1800500
20240212,13:39:31,0.95,3050,1800500
20240212,13:39:32,0.95,4550,1800500
20240212,13:39:33,0.95,50,1800500
20240212,13:39:35,0.95,50,1800500
20240212,13:39:36,0.95,50,1800500
20240212,13:39:37,0.95,50,1800500
20240212,13:39:38,0.95,50,1800500
20240212,13:39:39,0.95,50,1800500
20240212,13:39:40,0.95,50,1800500
20240212,13:39:41,0.95,50,1800500
20240212,13:39:42,0.95,50,1800500
20240212,13:39:43,0.95,50,1800500
20240212,13:39:44,0.95,1550,1800500
20240212,13:39:45,0.95,1550,1800500
20240212,13:39:47,0.95,100,1800500
20240212,13:39:48,0.95,50,1800500
20240212,13:39:49,0.95,50,1800500
20240212,13:39:50,0.95,50,1800500
20240212,13:39:51,0.95,50,1800500
20240212,13:39:52,0.95,50,1800500
20240212,13:39:56,0.95,50,1800500
20240212,13:40:11,0.95,1800,1837600
20240212,13:40:14,0.95,17500,1837600
20240212,13:40:16,1.0,900,1837600
20240212,13:40:25,1.0,1500,1837600
20240212,13:40:29,1.0,200,1837600
20240212,13:40:34,1.0,50,1837600
20240212,13:40:46,1.0,50,1837600
20240212,13:41:01,1.0,50,1837600
20240212,13:41:02,0.95,1500,1837600
20240212,13:41:18,0.95,1500,1837600
20240212,13:41:28,0.95,1800,1837600
20240212,13:41:33,0.95,800,1837600
20240212,13:41:34,0.95,1200,1837600
20240212,13:41:43,0.95,1500,1837600
20240212,13:41:47,1.0,50,1837600
20240212,13:41:49,1.0,50,1837600
20240212,13:41:54,1.0,50,1837600
20240212,13:41:55,1.0,50,1837600
20240212,13:41:57,1.0,50,1837600
20240212,13:41:58,1.0,50,1837600
20240212,13:41:59,1.0,50,1837600
20240212,13:42:00,1.0,50,1837600
20240212,13:42:01,1.0,50,1837600
20240212,13:42:08,1.0,200,1837600
20240212,13:42:33,0.95,1800,1837600
20240212,13:42:35,0.95,1800,1837600
20240212,13:42:35,0.95,7200,1837600
20240212,13:42:37,0.95,50,1837600
20240212,13:42:39,0.95,8200,1837600
20240212,13:42:43,0.95,50,1837600
20240212,13:42:57,0.9,800,1837600
20240212,13:42:57,0.9,1200,1837600
20240212,13:43:09,0.9,1000,1832300
20240212,13:43:15,0.9,500,1832300
20240212,13:43:23,0.9,1500,1832300
20240212,13:43:27,0.95,1000,1832300
20240212,13:43:34,0.95,1000,1832300
20240212,13:44:12,0.95,200,1832300
20240212,13:44:25,0.95,50,1832300
20240212,13:44:49,0.95,100,1832300
20240212,13:44:52,0.9,1800,1832300
20240212,13:45:01,0.95,50,1832300
20240212,13:45:08,0.9,200,1832300
20240212,13:45:26,0.95,1800,1832300
20240212,13:45:28,0.95,1500,1832300
20240212,13:45:28,0.95,1800,1832300
20240212,13:45:30,0.9,50,1832300
20240212,13:45:30,0.95,3700,1832300
20240212,13:45:37,0.9,1300,1832300
20240212,13:45:59,0.95,450,1832300
20240212,13:46:05,0.95,17750,1832300
20240212,13:46:05,0.95,50,1832300
20240212,13:46:06,0.95,50,1833950
20240212,13:46:08,1.0,200,1833950
20240212,13:46:14,0.95,1050,1833950
20240212,13:46:22,0.95,600,1833950
20240212,13:46:26,0.95,50,1833950
20240212,13:46:33,1.0,50,1833950
20240212,13:46:33,0.95,1800,1833950
20240212,13:46:40,0.95,1500,1833950
20240212,13:46:43,0.95,1500,1833950
20240212,13:46:51,0.95,50,1833950
20240212,13:46:52,0.95,100,1833950
20240212,13:46:58,0.95,9250,1833950
20240212,13:47:26,0.95,500,1833950
20240212,13:47:28,0.9,50,1833950
20240212,13:47:29,0.9,50,1833950
20240212,13:47:30,0.9,50,1833950
20240212,13:47:32,0.9,100,1833950
20240212,13:47:33,0.9,50,1833950
20240212,13:47:35,0.9,50,1833950
20240212,13:47:36,0.9,50,1833950
20240212,13:47:37,0.9,50,1833950
20240212,13:47:38,0.9,50,1833950
20240212,13:47:39,0.9,50,1833950
20240212,13:47:40,0.9,50,1833950
20240212,13:47:41,0.9,50,1833950
20240212,13:47:42,0.9,50,1833950
20240212,13:47:43,0.9,50,1833950
20240212,13:47:44,0.9,50,1833950
20240212,13:47:45,0.9,50,1833950
20240212,13:47:46,0.9,50,1833950
20240212,13:47:47,0.9,50,1833950
20240212,13:47:48,0.9,50,1833950
20240212,13:47:49,0.9,50,1833950
20240212,13:47:50,0.9,50,1833950
20240212,13:47:51,0.9,50,1833950
20240212,13:47:52,0.9,50,1833950
20240212,13:47:53,0.9,50,1833950
20240212,13:47:54,0.9,50,1833950
20240212,13:47:56,0.9,50,1833950
20240212,13:47:57,0.9,50,1833950
20240212,13:47:58,0.9,50,1833950
20240212,13:47:59,0.9,50,1833950
20240212,13:48:00,0.9,50,1833950
20240212,13:48:01,0.9,50,1833950
20240212,13:48:02,0.9,50,1833950
20240212,13:48:03,0.9,50,1833950
20240212,13:48:04,0.9,50,1833950
20240212,13:48:05,0.9,50,1833950
20240212,13:48:06,0.9,50,1833950
20240212,13:48:07,0.9,50,1833950
20240212,13:48:09,0.95,200,1833950
20240212,13:48:35,0.95,1500,1833950
20240212,13:48:37,0.95,1500,1833950
20240212,13:48:38,0.95,1500,1833950
20240212,13:48:40,0.95,1500,1833950
20240212,13:48:58,0.95,50,1833950
20240212,13:48:59,0.95,50,1833950
20240212,13:50:10,0.95,200,1826400
20240212,13:50:29,0.95,200,1826400
20240212,13:50:59,0.95,100,1826400
20240212,13:51:09,0.95,50,1826400
20240212,13:52:08,0.95,200,1826400
20240212,13:52:17,0.9,1800,1826950
20240212,13:52:18,0.9,1800,1826950
20240212,13:52:19,0.9,3600,1826950
20240212,13:52:20,0.9,1800,1826950
20240212,13:52:21,0.9,3600,1826950
20240212,13:52:23,0.9,1800,1826950
20240212,13:52:30,0.95,50,1826950
20240212,13:53:52,0.9,550,1826950
20240212,13:54:03,0.95,800,1826950
20240212,13:54:10,0.95,200,1826950
20240212,13:54:12,0.95,50,1826950
20240212,13:54:19,0.95,50,1826950
20240212,13:54:20,0.95,50,1826950
20240212,13:54:23,0.95,50,1826950
20240212,13:54:29,0.95,50,1826950
20240212,13:54:42,0.95,50,1826950
20240212,13:54:45,0.95,50,1826950
20240212,13:54:47,0.95,50,1826950
20240212,13:54:48,0.95,50,1826950
20240212,13:55:05,0.9,46050,1826950
20240212,13:55:09,0.9,1500,1826950
20240212,13:55:11,0.9,1500,1805750
20240212,13:55:16,0.9,1100,1805750
20240212,13:55:17,0.85,3000,1805750
20240212,13:55:18,0.9,100,1805750
20240212,13:55:21,0.9,750,1805750
20240212,13:55:39,0.9,20000,1805750
20240212,13:55:42,0.9,50,1805750
20240212,13:55:43,0.9,50,1805750
20240212,13:55:44,0.9,50,1805750
20240212,13:55:45,0.9,50,1805750
20240212,13:55:46,0.9,50,1805750
20240212,13:55:47,0.9,200,1805750
20240212,13:55:48,0.9,200,1805750
20240212,13:55:49,0.9,200,1805750
20240212,13:55:50,0.9,200,1805750
20240212,13:55:51,0.9,200,1805750
20240212,13:55:52,0.9,300,1805750
20240212,13:55:53,0.9,1300,1805750
20240212,13:55:54,0.9,1050,1805750
20240212,13:55:55,0.9,150,1805750
20240212,13:55:57,0.9,150,1805750
20240212,13:55:58,0.9,800,1805750
20240212,13:55:59,0.9,650,1805750
20240212,13:56:00,0.9,550,1805750
20240212,13:56:01,0.9,150,1805750
20240212,13:56:05,0.9,650,1805750
20240212,13:56:06,0.9,550,1805750
20240212,13:56:07,0.95,450,1805750
20240212,13:56:08,0.9,650,1805750
20240212,13:56:09,0.9,450,1805750
20240212,13:56:11,0.9,600,1805750
20240212,13:56:32,0.9,1150,1805750
20240212,13:56:34,0.9,150,1805750
20240212,13:56:45,0.9,1500,1805750
20240212,13:56:47,0.9,1500,1805750
20240212,13:56:50,0.9,1500,1805750
20240212,13:56:51,0.9,1500,1805750
20240212,13:56:53,0.9,1800,1805750
20240212,13:56:54,0.9,2550,1805750
20240212,13:56:55,0.9,1650,1805750
20240212,13:56:56,0.9,12950,1805750
20240212,13:56:57,0.9,500,1805750
20240212,13:56:58,0.9,150,1805750
20240212,13:56:59,0.85,7900,1805750
20240212,13:57:00,0.85,150,1805750
20240212,13:57:01,0.85,150,1805750
20240212,13:57:03,0.9,100,1805750
20240212,13:57:08,0.9,850,1805750
20240212,13:57:14,0.85,150,1805750
20240212,13:57:15,0.85,150,1805750
20240212,13:57:16,0.85,150,1805750
20240212,13:57:21,0.9,8400,1805750
20240212,13:57:44,0.9,1750,1805750
20240212,13:57:58,0.9,50,1805750
20240212,13:58:01,0.9,50,1805750
20240212,13:58:04,0.85,150,1805750
20240212,13:58:05,0.85,50,1805750
20240212,13:58:12,0.9,200,1783850
20240212,13:58:13,0.9,50,1783850
20240212,13:58:30,0.9,50,1783850
20240212,13:58:46,0.9,1800,1783850
20240212,13:58:48,0.9,1800,1783850
20240212,13:58:50,0.9,1800,1783850
20240212,13:58:51,0.9,250,1783850
20240212,13:58:52,0.9,1000,1783850
20240212,13:58:53,0.9,100,1783850
20240212,13:59:05,0.9,1800,1783850
20240212,13:59:06,0.9,700,1783850
20240212,13:59:30,0.9,50,1783850
20240212,13:59:36,0.9,250,1783850
20240212,13:59:47,0.9,1500,1783850
20240212,13:59:48,0.9,1800,1783850
20240212,14:00:04,0.9,500,1783850
20240212,14:00:16,0.85,100,1783850
20240212,14:00:35,0.9,1900,1783850
20240212,14:00:36,0.85,1900,1783850
20240212,14:00:37,0.85,1800,1783850
20240212,14:00:41,0.9,100,1783850
20240212,14:00:43,0.9,50,1783850
20240212,14:00:55,0.85,900,1783850
20240212,14:01:10,0.9,50,1783850
20240212,14:01:17,0.85,500,1778450
20240212,14:01:54,0.9,500,1778450
20240212,14:02:04,0.9,900,1778450
20240212,14:02:05,0.9,50,1778450
20240212,14:02:26,0.9,250,1778450
20240212,14:02:35,0.85,100,1778450
20240212,14:02:53,0.9,900,1778450
20240212,14:02:54,0.9,2650,1778450
20240212,14:02:55,0.9,1800,1778450
20240212,14:03:33,0.9,50,1778450
20240212,14:03:50,0.9,100,1778450
20240212,14:04:10,0.9,200,1778450
20240212,14:04:49,0.9,1800,1778600
20240212,14:05:31,0.9,300,1778600
20240212,14:06:05,0.85,150,1778600
20240212,14:06:08,0.9,150,1778600
20240212,14:06:09,0.9,50,1778600
20240212,14:06:30,0.9,5000,1778600
20240212,14:07:29,0.9,1000,1784150
20240212,14:07:59,0.9,100,1784150
20240212,14:07:59,0.9,50,1784150
20240212,14:08:02,0.85,50,1784150
20240212,14:08:09,0.9,200,1784150
20240212,14:08:35,0.85,1000,1784150
20240212,14:08:59,0.9,50,1784150
20240212,14:10:44,0.9,400,1785500
20240212,14:11:02,0.85,50,1785500
20240212,14:11:05,0.85,700,1785500
20240212,14:11:14,0.9,200,1785500
20240212,14:11:27,0.9,500,1785500
20240212,14:11:32,0.9,250,1785500
20240212,14:11:47,0.9,50,1785500
20240212,14:11:50,0.9,50,1785500
20240212,14:12:07,0.85,1000,1785500
20240212,14:12:09,0.9,200,1785500
20240212,14:12:44,0.85,500,1785500
20240212,14:12:55,0.9,50,1785500
20240212,14:13:14,0.9,50,1784800
20240212,14:13:15,0.9,100,1784800
20240212,14:13:16,0.9,50,1784800
20240212,14:13:17,0.85,100,1784800
20240212,14:13:18,0.9,50,1784800
20240212,14:13:19,0.9,50,1784800
20240212,14:13:20,0.9,50,1784800
20240212,14:13:21,0.9,50,1784800
20240212,14:13:22,0.9,50,1784800
20240212,14:13:23,0.9,200,1784800
20240212,14:13:24,0.9,50,1784800
20240212,14:13:25,0.9,20600,1784800
20240212,14:13:27,0.9,50,1784800
20240212,14:13:28,0.9,50,1784800
20240212,14:13:29,0.95,50,1784800
20240212,14:13:30,0.95,100,1784800
20240212,14:13:32,0.9,1550,1784800
20240212,14:13:34,0.9,1500,1784800
20240212,14:13:35,0.95,50,1784800
20240212,14:13:36,0.95,50,1784800
20240212,14:13:37,0.9,1500,1784800
20240212,14:13:41,0.9,800,1784800
20240212,14:13:44,0.9,800,1784800
20240212,14:14:01,0.9,800,1784800
20240212,14:14:06,0.9,100,1784800
20240212,14:14:11,0.95,200,1784800
20240212,14:14:15,0.95,50,1784800
20240212,14:14:23,0.95,1800,1784800
20240212,14:14:25,0.95,1800,1784800
20240212,14:14:27,0.95,1800,1784800
20240212,14:14:38,0.9,3000,1784800
20240212,14:14:44,0.95,100,1784800
20240212,14:14:45,0.95,100,1784800
20240212,14:14:46,0.95,50,1784800
20240212,14:14:47,0.95,50,1784800
20240212,14:14:48,0.95,50,1784800
20240212,14:14:49,0.95,50,1784800
20240212,14:14:50,0.95,50,1784800
20240212,14:14:51,0.95,50,1784800
20240212,14:14:52,0.95,50,1784800
20240212,14:14:53,0.95,50,1784800
20240212,14:14:54,0.95,50,1784800
20240212,14:14:55,0.95,100,1784800
20240212,14:14:56,0.95,50,1784800
20240212,14:14:57,0.95,50,1784800
20240212,14:14:58,0.95,50,1784800
20240212,14:14:59,0.95,50,1784800
20240212,14:15:00,0.95,50,1784800
20240212,14:15:01,0.95,50,1784800
20240212,14:15:02,0.95,50,1784800
20240212,14:15:03,0.95,50,1784800
20240212,14:15:58,0.9,100,1784800
20240212,14:16:02,0.95,50,1784800
20240212,14:16:09,0.95,100,1784800
20240212,14:16:10,0.95,100,1784800
20240212,14:16:51,0.9,1800,1784800
20240212,14:16:51,0.9,6200,1779150
20240212,14:16:59,0.95,50,1779150
20240212,14:17:26,0.9,300,1779150
20240212,14:17:28,0.95,50,1779150
20240212,14:17:51,0.9,1800,1779150
20240212,14:17:53,0.9,1800,1779150
20240212,14:17:56,0.9,500,1779150
20240212,14:18:07,0.95,200,1779150
20240212,14:18:08,0.9,300,1779150
20240212,14:18:15,0.9,100,1779150
20240212,14:19:01,0.9,350,1779150
20240212,14:19:02,0.9,1800,1779150
20240212,14:19:03,0.9,3600,1779150
20240212,14:19:04,0.9,3600,1779150
20240212,14:19:08,0.9,400,1779150
20240212,14:19:33,0.95,200,1779150
20240212,14:19:36,0.95,200,1779000
20240212,14:19:39,0.95,200,1779000
20240212,14:19:54,0.9,150,1779000
20240212,14:19:54,0.95,50,1779000
20240212,14:19:55,0.95,350,1779000
20240212,14:19:56,0.9,150,1779000
20240212,14:19:57,0.9,150,1779000
20240212,14:19:58,0.9,150,1779000
20240212,14:19:59,0.9,150,1779000
20240212,14:20:00,0.95,200,1779000
20240212,14:20:09,0.9,300,1779000
20240212,14:20:11,0.95,100,1779000
20240212,14:20:27,0.95,200,1779000
20240212,14:20:29,0.9,1800,1779000
20240212,14:20:30,0.95,300,1779000
20240212,14:20:43,0.9,1000,1779000
20240212,14:20:58,0.9,400,1779000
20240212,14:20:59,0.9,250,1779000
20240212,14:21:06,0.9,300,1779000
20240212,14:21:10,0.9,250,1779000
20240212,14:21:13,0.9,250,1779000
20240212,14:21:14,0.9,700,1779000
20240212,14:21:16,0.95,200,1779000
20240212,14:21:18,0.95,9150,1779000
20240212,14:21:19,0.95,4550,1779000
20240212,14:21:20,0.95,200,1779000
20240212,14:21:24,0.95,100,1779000
20240212,14:21:32,0.9,250,1779000
20240212,14:21:33,0.9,250,1779000
20240212,14:21:36,0.9,12600,1779000
20240212,14:21:37,0.9,200,1779000
20240212,14:21:54,0.9,200,1779000
20240212,14:21:57,0.9,200,1779000
20240212,14:22:00,0.9,200,1779000
20240212,14:22:02,0.9,200,1779000
20240212,14:22:06,0.9,200,1779000
20240212,14:22:07,0.9,200,1779000
20240212,14:22:22,0.9,50,1783900
20240212,14:23:12,0.85,50,1783900
20240212,14:23:14,0.9,200,1783900
20240212,14:23:16,0.9,100,1783900
20240212,14:23:17,0.9,200,1783900
20240212,14:23:20,0.9,200,1783900
20240212,14:23:23,0.9,200,1783900
20240212,14:23:26,0.9,200,1783900
20240212,14:23:28,0.9,13850,1783900
20240212,14:23:29,0.95,200,1783900
20240212,14:23:31,0.9,500,1783900
20240212,14:23:32,0.95,200,1783900
20240212,14:23:33,0.9,300,1783900
20240212,14:23:35,0.95,2450,1783900
20240212,14:23:37,0.95,200,1783900
20240212,14:23:38,0.9,50,1783900
20240212,14:23:39,0.9,250,1783900
20240212,14:23:40,0.9,350,1783900
20240212,14:23:41,0.9,450,1783900
20240212,14:23:45,0.95,1800,1783900
20240212,14:23:47,0.95,50,1783900
20240212,14:23:57,0.9,100,1783900
20240212,14:24:08,0.95,100,1783900
20240212,14:24:09,0.95,100,1783900
20240212,14:24:20,0.9,1800,1783900
20240212,14:24:21,0.9,1800,1783900
20240212,14:24:22,0.9,3600,1783900
20240212,14:24:23,0.9,100,1783900
20240212,14:24:26,0.9,1450,1783900
20240212,14:24:28,0.9,100,1783900
20240212,14:24:37,0.9,1200,1783900
20240212,14:24:37,0.9,6000,1783900
20240212,14:24:38,0.9,1500,1783900
20240212,14:24:40,0.9,1500,1783900
20240212,14:24:54,0.9,200,1783900
20240212,14:24:57,0.9,200,1783900
20240212,14:25:00,0.9,200,1783900
20240212,14:25:03,0.9,200,1783900
20240212,14:25:06,0.9,200,1783900
20240212,14:25:14,0.85,50,1778500
20240212,14:25:17,0.9,1200,1778500
20240212,14:25:22,0.9,50,1778500
20240212,14:25:34,0.85,500,1778500
20240212,14:25:53,0.9,200,1778500
20240212,14:25:56,0.9,200,1778500
20240212,14:25:59,0.9,200,1778500
20240212,14:26:02,0.9,200,1778500
20240212,14:26:05,0.9,200,1778500
20240212,14:26:08,0.9,200,1778500
20240212,14:26:09,0.9,200,1778500
20240212,14:26:11,0.9,200,1778500
20240212,14:26:14,0.9,200,1778500
20240212,14:26:16,0.9,50,1778500
20240212,14:26:17,0.9,200,1778500
20240212,14:26:18,0.9,50,1778500
20240212,14:26:20,0.9,800,1778500
20240212,14:26:20,0.9,200,1778500
20240212,14:26:35,0.9,800,1778500
20240212,14:27:18,0.9,2000,1778500
20240212,14:27:20,0.85,50,1778500
20240212,14:27:21,0.9,200,1778500
20240212,14:27:24,0.9,200,1778500
20240212,14:27:27,0.9,200,1778500
20240212,14:27:30,0.85,300,1778500
20240212,14:27:33,0.9,200,1778500
20240212,14:27:36,0.9,200,1778500
20240212,14:27:39,0.9,200,1778500
20240212,14:27:42,0.9,200,1778500
20240212,14:27:45,0.9,200,1778500
20240212,14:28:17,0.85,2200,1778550
20240212,14:28:31,0.9,500,1778550
20240212,14:28:39,0.9,17100,1778550
20240212,14:28:41,0.9,50,1778550
20240212,14:28:44,0.9,50,1778550
20240212,14:28:54,0.9,50,1778550
20240212,14:29:21,0.95,100,1778550
20240212,14:29:38,0.95,150,1778550
20240212,14:29:55,0.95,900,1778550
20240212,14:30:01,0.9,200,1778550
20240212,14:30:05,0.9,200,1778550
20240212,14:30:08,0.9,200,1778550
20240212,14:30:10,0.9,150,1778550
20240212,14:30:13,0.9,150,1778550
20240212,14:30:13,0.9,900,1778550
20240212,14:30:15,0.9,50,1778550
20240212,14:30:17,0.9,250,1778550
20240212,14:30:20,0.9,100,1778550
20240212,14:30:21,0.9,200,1778550
20240212,14:30:23,0.9,100,1778550
20240212,14:30:25,0.9,200,1778550
20240212,14:30:30,0.9,100,1778550
20240212,14:30:32,0.9,100,1778550
20240212,14:30:32,0.95,200,1778550
20240212,14:30:34,0.9,200,1778550
20240212,14:30:35,0.95,300,1778550
20240212,14:30:36,0.9,50,1778550
20240212,14:30:37,0.9,100,1778550
20240212,14:30:45,0.95,500,1778550
20240212,14:30:46,0.95,500,1778550
20240212,14:30:48,0.9,2500,1778550
20240212,14:31:02,0.9,500,1778550
20240212,14:31:06,0.9,100,1778550
20240212,14:31:11,0.95,500,1778550
20240212,14:31:27,0.9,500,1778550
20240212,14:31:29,0.9,150,1769600
20240212,14:31:40,0.95,400,1769600
20240212,14:31:43,0.9,400,1769600
20240212,14:31:58,0.9,250,1769600
20240212,14:32:03,0.9,300,1769600
20240212,14:32:09,0.9,250,1769600
20240212,14:32:10,0.9,300,1769600
20240212,14:32:11,0.9,800,1769600
20240212,14:32:12,0.9,800,1769600
20240212,14:32:15,0.9,250,1769600
20240212,14:32:16,0.9,250,1769600
20240212,14:32:18,0.9,50,1769600
20240212,14:32:21,0.9,250,1769600
20240212,14:32:34,0.9,50,1769600
20240212,14:32:35,0.9,50,1769600
20240212,14:32:36,0.95,50,1769600
20240212,14:32:50,0.9,1650,1769600
20240212,14:33:46,0.95,50,1769600
20240212,14:33:47,0.9,1400,1769600
20240212,14:33:49,0.9,300,1769600
20240212,14:33:53,0.9,250,1769600
20240212,14:33:57,0.9,250,1769600
20240212,14:33:58,0.9,500,1769600
20240212,14:34:03,0.9,250,1769600
20240212,14:34:04,0.9,250,1769600
20240212,14:34:05,0.9,700,1769600
20240212,14:34:08,0.95,200,1769600
20240212,14:34:11,0.9,13550,1769600
20240212,14:34:12,0.9,1500,1769600
20240212,14:34:59,0.85,500,1778600
20240212,14:35:06,0.85,300,1778600
20240212,14:35:24,0.85,100,1778600
20240212,14:35:33,0.9,150,1778600
20240212,14:35:34,0.9,150,1778600
20240212,14:35:35,0.9,50,1778600
20240212,14:36:00,0.9,50,1778600
20240212,14:36:07,0.9,200,1778600
20240212,14:36:46,0.9,200,1778600
20240212,14:37:00,0.85,150,1778600
20240212,14:37:42,0.85,50,1775750
20240212,14:38:08,0.9,50,1775750
20240212,14:38:09,0.9,150,1775750
20240212,14:38:14,0.85,8200,1775750
20240212,14:38:15,0.85,2050,1775750
20240212,14:38:32,0.85,8500,1775750
20240212,14:38:32,0.85,7200,1775750
20240212,14:38:41,0.85,1550,1775750
20240212,14:38:43,0.85,650,1775750
20240212,14:38:43,0.85,500,1775750
20240212,14:38:44,0.85,2000,1775750
20240212,14:38:52,0.85,250,1775750
20240212,14:38:57,0.85,500,1775750
20240212,14:38:58,0.85,3650,1775750
20240212,14:38:58,0.85,50,1775750
20240212,14:38:59,0.85,100,1775750
20240212,14:39:01,0.85,50,1775750
20240212,14:39:02,0.85,1600,1775750
20240212,14:39:03,0.85,1500,1775750
20240212,14:39:05,0.85,1500,1775750
20240212,14:39:07,0.85,1500,1775750
20240212,14:39:33,0.8,1700,1775750
20240212,14:39:34,0.85,6000,1775750
20240212,14:39:37,0.85,16600,1775750
20240212,14:39:39,0.85,100,1775750
20240212,14:39:40,0.85,450,1775750
20240212,14:39:41,0.85,50,1775750
20240212,14:39:42,0.85,50,1775750
20240212,14:39:45,0.85,250,1775750
20240212,14:39:46,0.85,850,1775750
20240212,14:39:48,0.85,150,1775750
20240212,14:39:54,0.85,100,1775750
20240212,14:39:59,0.85,250,1775750
20240212,14:40:01,0.85,50,1775750
20240212,14:40:05,0.85,250,1775750
20240212,14:40:09,0.85,900,1775750
20240212,14:40:13,0.9,1800,1775750
20240212,14:40:15,0.85,1700,1784600
20240212,14:40:33,0.9,250,1784600
20240212,14:40:41,0.85,7300,1784600
20240212,14:40:48,0.85,50,1784600
20240212,14:40:53,0.9,500,1784600
20240212,14:40:59,0.9,800,1784600
20240212,14:41:03,0.85,4550,1784600
20240212,14:41:24,0.85,500,1784600
20240212,14:41:40,0.85,1800,1784600
20240212,14:41:43,0.85,200,1784600
20240212,14:41:43,0.85,250,1784600
20240212,14:41:44,0.85,250,1784600
20240212,14:41:49,0.9,800,1784600
20240212,14:41:56,0.9,3200,1784600
20240212,14:41:58,0.85,1800,1784600
20240212,14:41:58,0.85,250,1784600
20240212,14:42:01,0.85,250,1784600
20240212,14:42:02,0.85,1050,1784600
20240212,14:42:09,0.85,400,1784600
20240212,14:42:21,0.8,500,1784600
20240212,14:43:03,0.8,100,1784600
20240212,14:43:11,0.85,900,1784600
20240212,14:43:17,0.85,150,1782150
20240212,14:43:46,0.85,50,1782150
20240212,14:43:49,0.8,1000,1782150
20240212,14:43:58,0.85,50,1782150
20240212,14:44:00,0.85,50,1782150
20240212,14:44:02,0.85,50,1782150
20240212,14:44:07,0.85,250,1782150
20240212,14:44:17,0.85,50,1782150
20240212,14:44:35,0.85,50,1782150
20240212,14:45:08,0.8,500,1782150
20240212,14:45:09,0.85,550,1782150
20240212,14:45:10,0.85,50,1782150
20240212,14:45:33,0.8,400,1782150
20240212,14:45:34,0.8,300,1782150
20240212,14:45:36,0.8,200,1782150
20240212,14:45:37,0.8,150,1782150
20240212,14:45:39,0.8,250,1782150
20240212,14:45:41,0.8,250,1782150
20240212,14:45:41,0.8,100,1782150
20240212,14:46:10,0.85,200,1782150
20240212,14:46:30,0.85,500,1782150
20240212,14:46:30,0.85,500,1780300
20240212,14:46:43,0.85,50,1780300
20240212,14:46:54,0.85,900,1780300
20240212,14:47:21,0.85,850,1780300
20240212,14:47:34,0.8,500,1780300
20240212,14:47:46,0.85,850,1780300
20240212,14:48:01,0.8,50,1780300
20240212,14:48:08,0.85,1800,1780300
20240212,14:48:08,0.85,200,1780300
20240212,14:48:14,0.85,850,1780300
20240212,14:48:28,0.85,850,1780300
20240212,14:48:29,0.85,1800,1780300
20240212,14:48:31,0.85,1800,1780300
20240212,14:48:40,0.8,150,1780300
20240212,14:48:46,0.85,850,1780300
20240212,14:48:50,0.85,17400,1780300
20240212,14:48:55,0.9,48500,1780300
20240212,14:48:56,0.85,550,1780300
20240212,14:49:03,0.85,50,1780300
20240212,14:49:19,0.85,50,1807550
20240212,14:49:33,0.85,200,1807550
20240212,14:49:42,0.85,1000,1807550
20240212,14:49:50,0.9,700,1807550
20240212,14:49:59,0.85,100,1807550
20240212,14:50:06,0.85,50,1807550
20240212,14:50:07,0.85,50,1807550
20240212,14:50:21,0.85,100,1807550
20240212,14:50:26,0.85,100,1807550
20240212,14:50:30,0.9,200,1807550
20240212,14:50:40,0.9,200,1807550
20240212,14:51:05,0.9,700,1807550
20240212,14:51:15,0.85,50,1807550
20240212,14:51:37,0.9,1400,1807550
20240212,14:51:38,0.85,250,1807550
20240212,14:51:41,0.85,300,1807550
20240212,14:51:43,0.85,250,1807550
20240212,14:51:44,0.85,800,1807550
20240212,14:51:45,0.85,100,1807550
20240212,14:51:47,0.85,250,1807550
20240212,14:51:50,0.85,250,1807550
20240212,14:52:15,0.9,200,1807550
20240212,14:52:23,0.85,50,1807150
20240212,14:52:24,0.85,1800,1807150
20240212,14:52:29,0.85,1800,1807150
20240212,14:52:38,0.85,400,1807150
20240212,14:52:38,0.85,350,1807150
20240212,14:52:39,0.85,1900,1807150
20240212,14:52:43,0.9,1800,1807150
20240212,14:52:44,0.85,300,1807150
20240212,14:52:48,0.85,1800,1807150
20240212,14:52:53,0.85,4650,1807150
20240212,14:52:53,0.85,100,1807150
20240212,14:52:54,0.85,600,1807150
20240212,14:52:55,0.85,200,1807150
20240212,14:52:56,0.85,600,1807150
20240212,14:52:57,0.85,200,1807150
20240212,14:52:58,0.85,4000,1807150
20240212,14:52:59,0.85,200,1807150
20240212,14:53:01,0.85,1200,1807150
20240212,14:53:01,0.85,2100,1807150
20240212,14:53:02,0.85,1000,1807150
20240212,14:53:04,0.85,2200,1807150
20240212,14:53:08,0.85,700,1807150
20240212,14:53:13,0.85,100,1807150
20240212,14:53:14,0.85,500,1807150
20240212,14:53:19,0.9,50,1807150
20240212,14:53:35,0.85,700,1807150
20240212,14:53:36,0.85,3050,1807150
20240212,14:53:37,0.85,850,1807150
20240212,14:53:38,0.85,250,1807150
20240212,14:53:39,0.85,450,1807150
20240212,14:53:40,0.85,50,1807150
20240212,14:53:41,0.85,50,1807150
20240212,14:53:42,0.85,350,1807150
20240212,14:53:46,0.85,100,1807150
20240212,14:53:51,0.85,500,1807150
20240212,14:53:52,0.85,500,1807150
20240212,14:53:57,0.85,50,1807150
20240212,14:54:00,0.85,2400,1807150
20240212,14:54:01,0.85,1600,1807150
20240212,14:54:09,0.9,700,1807150
20240212,14:54:10,0.9,200,1807150
20240212,14:54:14,0.85,3600,1807150
20240212,14:54:20,0.85,400,1807150
20240212,14:54:21,0.85,100,1807150
20240212,14:54:22,0.85,100,1807150
20240212,14:54:27,0.85,100,1807150
20240212,14:54:30,0.85,700,1807150
20240212,14:54:32,0.85,100,1807150
20240212,14:54:33,0.9,6000,1807150
20240212,14:54:34,0.85,1500,1807150
20240212,14:54:50,0.85,200,1807150
20240212,14:54:51,0.85,800,1807150
20240212,14:54:52,0.85,1600,1807150
20240212,14:54:54,0.85,1800,1807150
20240212,14:54:55,0.85,1800,1807150
20240212,14:55:00,0.85,100,1807150
20240212,14:55:06,0.85,50,1807150
20240212,14:55:12,0.9,6000,1807150
20240212,14:55:26,0.85,1800,1859800
20240212,14:55:27,0.85,1800,1859800
20240212,14:55:38,0.85,3000,1859800
20240212,14:55:40,0.9,500,1859800
20240212,14:55:53,0.85,50,1859800
20240212,14:56:16,0.9,200,1859800
20240212,14:56:27,0.85,15850,1859800
20240212,14:56:27,0.85,50,1859800
20240212,14:56:28,0.85,50,1859800
20240212,14:56:30,0.85,50,1859800
20240212,14:56:41,0.85,1800,1859800
20240212,14:57:17,0.85,1800,1859800
20240212,14:57:18,0.85,1800,1859800
20240212,14:57:19,0.85,3450,1859800
20240212,14:57:33,0.8,10750,1859800
20240212,14:57:34,0.8,25800,1859800
20240212,14:57:35,0.8,6400,1859800
20240212,14:57:36,0.8,10150,1859800
20240212,14:57:37,0.8,15400,1859800
20240212,14:57:38,0.8,4600,1859800
20240212,14:57:39,0.8,3050,1859800
20240212,14:58:07,0.8,600,1859800
20240212,14:58:08,0.85,200,1859800
20240212,14:58:52,0.85,50,1848050
20240212,14:59:25,0.85,1800,1848050
20240212,14:59:27,0.85,1800,1848050
20240212,14:59:29,0.85,1800,1848050
20240212,14:59:31,0.8,200,1848050
20240212,14:59:32,0.8,7200,1848050
20240212,14:59:33,0.8,36800,1848050
20240212,14:59:46,0.85,50,1848050
20240212,14:59:55,0.85,1800,1848050
20240212,14:59:57,0.85,1850,1848050
20240212,14:59:58,0.8,200,1848050
20240212,15:00:00,0.85,1800,1848050
20240212,15:00:24,0.85,450,1848050
20240212,15:00:25,0.85,900,1848050
20240212,15:00:26,0.85,900,1848050
20240212,15:00:32,0.85,200,1848050
20240212,15:00:33,0.85,150,1848050
20240212,15:00:35,0.85,300,1848050
20240212,15:00:40,0.8,1800,1848050
20240212,15:01:13,0.85,1300,1848050
20240212,15:01:19,0.85,2000,1848050
20240212,15:01:43,0.8,1800,1833800
20240212,15:02:09,0.8,1500,1833800
20240212,15:02:14,0.8,700,1833800
20240212,15:02:19,0.8,1500,1833800
20240212,15:02:20,0.8,4500,1833800
20240212,15:02:21,0.8,1500,1833800
20240212,15:02:27,0.8,1500,1833800
20240212,15:02:28,0.8,4500,1833800
20240212,15:02:29,0.85,1250,1833800
20240212,15:02:30,0.8,500,1833800
20240212,15:02:35,0.85,1800,1833800
20240212,15:02:36,0.8,4500,1833800
20240212,15:02:38,0.8,500,1833800
20240212,15:02:46,0.8,2400,1833800
20240212,15:02:49,0.8,1500,1833800
20240212,15:02:49,0.8,3000,1833800
20240212,15:02:58,0.8,9000,1833800
20240212,15:03:01,0.8,500,1833800
20240212,15:03:15,0.8,6000,1833800
20240212,15:03:37,0.8,1500,1833800
20240212,15:04:21,0.8,3600,1794350
20240212,15:04:21,0.8,1800,1794350
20240212,15:04:26,0.8,1500,1794350
20240212,15:04:41,0.85,50,1794350
20240212,15:04:46,0.8,2000,1794350
20240212,15:04:47,0.75,16700,1794350
20240212,15:04:50,0.75,1800,1794350
20240212,15:05:15,0.8,11100,1794350
20240212,15:05:21,0.75,50,1794350
20240212,15:05:24,0.8,17700,1794350
20240212,15:05:46,0.8,600,1794350
20240212,15:05:50,0.8,600,1794350
20240212,15:05:54,0.8,350,1794350
20240212,15:05:59,0.85,200,1794350
20240212,15:06:01,0.85,50,1794350
20240212,15:06:05,0.8,50,1794350
20240212,15:06:13,0.85,8950,1794350
20240212,15:06:26,0.85,50,1794350
20240212,15:06:27,0.85,50,1794350
20240212,15:06:28,0.85,50,1794350
20240212,15:06:33,0.85,50,1794350
20240212,15:06:34,0.85,50,1794350
20240212,15:06:36,0.85,50,1794350
20240212,15:06:37,0.85,50,1794350
20240212,15:06:38,0.85,50,1794350
20240212,15:06:39,0.85,50,1794350
20240212,15:06:40,0.8,8950,1794350
20240212,15:06:43,0.8,3600,1794350
20240212,15:06:44,0.8,1800,1794350
20240212,15:06:45,0.8,2600,1794350
20240212,15:06:46,0.8,1800,1794350
20240212,15:06:47,0.8,1800,1794350
20240212,15:06:57,0.8,4600,1794350
20240212,15:07:01,0.8,50,1794350
20240212,15:07:03,0.8,1800,1794350
20240212,15:07:05,0.8,500,1794350
20240212,15:07:13,0.8,50,1794350
20240212,15:07:21,0.8,1800,1776200
20240212,15:07:30,0.8,500,1776200
20240212,15:08:11,0.8,50,1776200
20240212,15:08:46,0.8,50,1776200
20240212,15:08:49,0.8,50,1776200
20240212,15:09:16,0.8,50,1776200
20240212,15:09:18,0.75,4500,1776200
20240212,15:09:19,0.8,1500,1776200
20240212,15:09:24,0.8,13200,1776200
20240212,15:09:30,0.8,1000,1776200
20240212,15:09:34,0.8,9050,1776200
20240212,15:09:45,0.75,25000,1776200
20240212,15:09:47,0.8,50,1776200
20240212,15:09:51,0.8,100,1776200
20240212,15:09:52,0.8,500,1776200
20240212,15:09:53,0.8,1350,1776200
20240212,15:09:55,0.75,49950,1776200
20240212,15:09:59,0.75,5400,1776200
20240212,15:10:02,0.75,65700,1776200
20240212,15:10:04,0.75,5400,1776200
20240212,15:10:05,0.75,10800,1776200
20240212,15:10:11,0.75,1800,1776200
20240212,15:10:12,0.75,1000,1776200
20240212,15:10:14,0.75,23000,1776200
20240212,15:10:14,0.75,57600,1776200
20240212,15:10:24,0.75,10000,1882400
20240212,15:10:33,0.75,50,1882400
20240212,15:10:59,0.75,7200,1882400
20240212,15:10:59,0.8,600,1882400
20240212,15:11:05,0.75,150,1882400
20240212,15:11:13,0.75,24500,1882400
20240212,15:11:23,0.75,1800,1882400
20240212,15:11:25,0.75,100,1882400
20240212,15:11:29,0.75,14400,1882400
20240212,15:11:30,0.75,11400,1882400
20240212,15:11:36,0.8,12600,1882400
20240212,15:11:37,0.8,55900,1882400
20240212,15:11:39,0.8,12800,1882400
20240212,15:11:41,0.8,100,1882400
20240212,15:11:43,0.8,250,1882400
20240212,15:11:44,0.8,650,1882400
20240212,15:11:45,0.8,250,1882400
20240212,15:11:45,0.8,450,1882400
20240212,15:11:46,0.85,50,1882400
20240212,15:11:47,0.8,450,1882400
20240212,15:11:49,0.8,850,1882400
20240212,15:11:51,0.8,66550,1882400
20240212,15:11:52,0.8,200,1882400
20240212,15:11:52,0.8,100,1882400
20240212,15:11:56,0.85,1800,1882400
20240212,15:11:57,0.85,12600,1882400
20240212,15:11:58,0.85,7200,1882400
20240212,15:12:05,0.8,12650,1882400
20240212,15:12:08,0.8,50,1882400
20240212,15:12:09,0.8,50,1882400
20240212,15:12:27,0.8,1800,1882400
20240212,15:12:29,0.75,100,1882400
20240212,15:12:30,0.75,6750,1882400
20240212,15:12:31,0.75,500,1882400
20240212,15:12:31,0.75,3600,1882400
20240212,15:12:39,0.75,1800,1882400
20240212,15:12:40,0.75,1800,1882400
20240212,15:12:41,0.75,1800,1882400
20240212,15:12:49,0.8,50,1882400
20240212,15:13:05,0.75,2800,1882400
20240212,15:13:06,0.75,2850,1882400
20240212,15:13:07,0.75,3000,1882400
20240212,15:13:08,0.75,4000,1882400
20240212,15:13:09,0.75,4000,1882400
20240212,15:13:10,0.75,3000,1882400
20240212,15:13:11,0.75,14250,1882400
20240212,15:13:13,0.75,4000,1882400
20240212,15:13:15,0.75,200,1882400
20240212,15:13:27,0.8,50,1936050
20240212,15:13:31,0.75,2200,1936050
20240212,15:13:32,0.75,1800,1936050
20240212,15:13:35,0.75,200,1936050
20240212,15:13:36,0.75,150,1936050
20240212,15:13:37,0.75,100,1936050
20240212,15:13:41,0.75,1200,1936050
20240212,15:13:42,0.75,3000,1936050
20240212,15:13:43,0.75,400,1936050
20240212,15:13:44,0.75,3200,1936050
20240212,15:13:45,0.75,3200,1936050
20240212,15:13:46,0.75,4000,1936050
20240212,15:13:47,0.75,3400,1936050
20240212,15:13:48,0.75,2800,1936050
20240212,15:13:52,0.75,200,1936050
20240212,15:13:54,0.75,1800,1936050
20240212,15:13:55,0.75,2400,1936050
20240212,15:14:02,0.8,1000,1936050
20240212,15:14:06,0.75,50,1936050
20240212,15:14:07,0.8,150,1936050
20240212,15:14:11,0.8,500,1936050
20240212,15:14:16,0.75,800,1936050
20240212,15:14:17,0.75,3600,1936050
20240212,15:14:19,0.75,5000,1936050
20240212,15:14:20,0.75,2400,1936050
20240212,15:14:21,0.75,2400,1936050
20240212,15:14:23,0.75,400,1936050
20240212,15:14:23,0.75,1800,1936050
20240212,15:14:25,0.75,3200,1936050
20240212,15:14:26,0.75,2800,1936050
20240212,15:14:27,0.75,2000,1936050
20240212,15:14:29,0.75,2400,1936050
20240212,15:14:29,0.75,1400,1936050
20240212,15:14:31,0.7,33950,1936050
20240212,15:14:32,0.7,1600,1936050
20240212,15:14:33,0.75,250,1936050
20240212,15:14:37,0.7,1800,1936050
20240212,15:14:38,0.75,500,1936050
20240212,15:14:54,0.75,500,1936050
20240212,15:14:56,0.7,1250,1936050
20240212,15:15:06,0.7,200,1936050
20240212,15:15:07,0.75,1100,1936050
20240212,15:15:08,0.75,1850,1936050
20240212,15:15:20,0.75,600,1936050
20240212,15:15:21,0.75,1000,1936050
20240212,15:15:24,0.7,300,1936050
20240212,15:15:25,0.7,150,1936050
20240212,15:15:26,0.7,1500,1936050
20240212,15:15:26,0.7,750,1936050
20240212,15:15:28,0.7,150,1936050
20240212,15:15:39,0.7,200,1936050
20240212,15:15:41,0.7,1500,1936050
20240212,15:15:42,0.7,2150,1936050
20240212,15:15:50,0.75,1800,1936050
20240212,15:15:50,0.75,700,1936050
20240212,15:15:54,0.7,1800,1936050
20240212,15:15:55,0.7,1800,1936050
20240212,15:15:56,0.7,2800,1936050
20240212,15:15:58,0.7,1800,1936050
20240212,15:15:59,0.7,1800,1936050
20240212,15:16:01,0.7,1000,1936050
20240212,15:16:07,0.7,1000,1936050
20240212,15:16:09,0.7,1800,1936050
20240212,15:16:10,0.7,1800,1936050
20240212,15:16:11,0.7,1800,1936050
20240212,15:16:14,0.75,1000,1936050
20240212,15:16:26,0.7,1800,1936050
20240212,15:16:27,0.7,1800,1995850
20240212,15:16:38,0.75,5400,1995850
20240212,15:16:39,0.75,10800,1995850
20240212,15:16:47,0.75,500,1995850
20240212,15:16:54,0.75,1000,1995850
20240212,15:17:08,0.7,3600,1995850
20240212,15:17:09,0.7,1200,1995850
20240212,15:17:11,0.7,1200,1995850
20240212,15:17:20,0.7,1200,1995850
20240212,15:17:24,0.7,1050,1995850
20240212,15:17:25,0.7,750,1995850
20240212,15:17:27,0.7,750,1995850
20240212,15:17:28,0.7,10000,1995850
20240212,15:17:29,0.7,1500,1995850
20240212,15:17:30,0.75,850,1995850
20240212,15:17:31,0.7,4200,1995850
20240212,15:17:32,0.7,8250,1995850
20240212,15:17:33,0.7,750,1995850
20240212,15:17:37,0.75,100,1995850
20240212,15:17:38,0.7,850,1995850
20240212,15:17:43,0.7,1250,1995850
20240212,15:17:47,0.7,400,1995850
20240212,15:17:49,0.7,1250,1995850
20240212,15:17:51,0.7,1250,1995850
20240212,15:17:52,0.7,1250,1995850
20240212,15:17:53,0.7,850,1995850
20240212,15:18:00,0.7,1250,1995850
20240212,15:18:01,0.7,1000,1995850
20240212,15:18:02,0.7,400,1995850
20240212,15:18:03,0.7,250,1995850
20240212,15:18:04,0.7,1900,1995850
20240212,15:18:06,0.75,500,1995850
20240212,15:18:12,0.7,400,1995850
20240212,15:18:13,0.7,3800,1995850
20240212,15:18:14,0.7,4400,1995850
20240212,15:18:15,0.7,4400,1995850
20240212,15:18:16,0.7,3200,1995850
20240212,15:18:17,0.7,3800,1995850
20240212,15:18:18,0.7,3750,1995850
20240212,15:18:19,0.7,3000,1995850
20240212,15:18:21,0.7,2000,1995850
20240212,15:18:22,0.7,1800,1995850
20240212,15:18:23,0.75,5400,1995850
20240212,15:18:24,0.75,3600,1995850
20240212,15:18:26,0.7,200,1995850
20240212,15:18:27,0.7,13000,1995850
20240212,15:18:28,0.7,6600,1995850
20240212,15:18:29,0.7,200,1995850
20240212,15:18:31,0.7,7200,1995850
20240212,15:18:32,0.75,7300,1995850
20240212,15:18:33,0.7,5400,1995850
20240212,15:18:39,0.75,50,1995850
20240212,15:18:40,0.75,50,1995850
20240212,15:18:51,0.7,12200,1995850
20240212,15:18:52,0.7,10850,1995850
20240212,15:19:00,0.75,50,1995850
20240212,15:19:04,0.75,13900,1995850
20240212,15:19:05,0.75,3600,1995850
20240212,15:19:13,0.75,100,1995850
20240212,15:19:17,0.75,17550,1995850
20240212,15:19:19,0.7,4500,1995850
20240212,15:19:20,0.7,3400,1995850
20240212,15:19:22,0.7,3800,2094750
20240212,15:19:22,0.7,600,2094750
20240212,15:19:23,0.7,2600,2094750
20240212,15:19:24,0.7,3400,2094750
20240212,15:19:25,0.7,4800,2094750
20240212,15:19:26,0.7,3200,2094750
20240212,15:19:27,0.7,3600,2094750
20240212,15:19:28,0.75,250,2094750
20240212,15:19:31,0.7,200,2094750
20240212,15:19:32,0.7,3000,2094750
20240212,15:19:33,0.7,3450,2094750
20240212,15:19:34,0.7,200,2094750
20240212,15:19:38,0.7,9000,2094750
20240212,15:19:40,0.7,200,2094750
20240212,15:19:40,0.7,4800,2094750
20240212,15:19:41,0.7,4350,2094750
20240212,15:19:43,0.65,10250,2094750
20240212,15:19:44,0.65,600,2094750
20240212,15:19:46,0.65,100,2094750
20240212,15:19:47,0.7,13200,2094750
20240212,15:19:52,0.75,50,2094750
20240212,15:19:53,0.75,1300,2094750
20240212,15:19:58,0.7,1800,2094750
20240212,15:19:59,0.7,2300,2094750
20240212,15:20:00,0.65,11500,2094750
20240212,15:20:01,0.65,200,2094750
20240212,15:20:05,0.65,400,2094750
20240212,15:20:06,0.65,4400,2094750
20240212,15:20:07,0.65,3200,2094750
20240212,15:20:08,0.65,3600,2094750
20240212,15:20:09,0.65,6000,2094750
20240212,15:20:10,0.65,400,2094750
20240212,15:20:11,0.7,900,2094750
20240212,15:20:14,0.65,600,2094750
20240212,15:20:20,0.7,1800,2094750
20240212,15:20:21,0.7,300,2094750
20240212,15:20:21,0.7,1600,2094750
20240212,15:20:25,0.7,50,2094750
20240212,15:20:28,0.7,4800,2094750
20240212,15:20:30,0.7,1700,2094750
20240212,15:20:33,0.65,1400,2094750
20240212,15:20:34,0.65,5800,2094750
20240212,15:20:35,0.65,5400,2094750
20240212,15:20:37,0.65,23100,2094750
20240212,15:20:37,0.65,2600,2094750
20240212,15:20:38,0.65,3600,2094750
20240212,15:20:39,0.65,1000,2094750
20240212,15:20:40,0.65,1000,2094750
20240212,15:20:41,0.65,1000,2094750
20240212,15:20:43,0.65,21350,2094750
20240212,15:20:43,0.65,500,2094750
20240212,15:20:44,0.65,1000,2094750
20240212,15:20:45,0.65,1200,2094750
20240212,15:20:46,0.65,600,2094750
20240212,15:20:52,0.7,2000,2094750
20240212,15:20:54,0.7,50,2094750
20240212,15:21:00,0.65,7450,2094750
20240212,15:21:01,0.65,12600,2094750
20240212,15:21:05,0.65,50,2094750
20240212,15:21:08,0.7,2300,2094750
20240212,15:21:10,0.7,1000,2094750
20240212,15:21:24,0.65,1000,2094750
20240212,15:21:27,0.7,50,2094750
20240212,15:21:44,0.7,1000,2094750
20240212,15:21:45,0.7,1800,2094750
20240212,15:21:45,0.7,1500,2094750
20240212,15:21:46,0.7,1500,2094750
20240212,15:21:53,0.7,100,2094750
20240212,15:21:54,0.7,1800,2094750
20240212,15:21:55,0.7,1800,2094750
20240212,15:21:56,0.7,1800,2094750
20240212,15:21:58,0.7,600,2094750
20240212,15:22:01,0.65,1800,2094750
20240212,15:22:02,0.65,1000,2094750
20240212,15:22:06,0.7,250,2094750
20240212,15:22:09,0.65,100,2094750
20240212,15:22:12,0.7,50,2094750
20240212,15:22:18,0.7,3100,2094750
20240212,15:22:19,0.7,1800,2094750
20240212,15:22:20,0.7,1900,2094750
20240212,15:22:21,0.7,1800,2146300
20240212,15:22:22,0.7,450,2146300
20240212,15:22:25,0.7,1800,2146300
20240212,15:22:26,0.7,1800,2146300
20240212,15:22:28,0.65,150,2146300
20240212,15:22:29,0.7,3600,2146300
20240212,15:22:30,0.7,2050,2146300
20240212,15:22:31,0.65,50,2146300
20240212,15:22:32,0.65,200,2146300
20240212,15:22:33,0.65,200,2146300
20240212,15:22:35,0.7,1500,2146300
20240212,15:22:43,0.7,50,2146300
20240212,15:22:45,0.7,1800,2146300
20240212,15:22:48,0.7,1700,2146300
20240212,15:22:52,0.7,100,2146300
20240212,15:23:04,0.65,3600,2146300
20240212,15:23:07,0.7,800,2146300
20240212,15:23:09,0.65,1300,2146300
20240212,15:23:10,0.65,150,2146300
20240212,15:23:11,0.65,300,2146300
20240212,15:23:12,0.65,450,2146300
20240212,15:23:12,0.65,150,2146300
20240212,15:23:13,0.65,150,2146300
20240212,15:23:15,0.7,750,2146300
20240212,15:23:21,0.7,1250,2146300
20240212,15:23:22,0.65,25000,2146300
20240212,15:23:28,0.65,12500,2146300
20240212,15:23:30,0.7,900,2146300
20240212,15:23:32,0.7,750,2146300
20240212,15:23:37,0.7,1000,2146300
20240212,15:23:39,0.65,150,2146300
20240212,15:23:40,0.65,300,2146300
20240212,15:23:41,0.65,300,2146300
20240212,15:23:42,0.65,300,2146300
20240212,15:23:44,0.65,300,2146300
20240212,15:23:53,0.65,1800,2146300
20240212,15:23:54,0.7,7400,2146300
20240212,15:23:54,0.65,3600,2146300
20240212,15:23:57,0.7,4850,2146300
20240212,15:23:58,0.7,1800,2146300
20240212,15:23:59,0.65,50,2146300
20240212,15:24:01,0.65,50,2146300
20240212,15:24:03,0.7,750,2146300
20240212,15:24:10,0.7,1500,2146300
20240212,15:24:13,0.65,2250,2146300
20240212,15:24:14,0.7,50,2146300
20240212,15:24:20,0.7,2000,2146300
20240212,15:24:24,0.7,700,2146300
20240212,15:24:25,0.7,50,2146300
20240212,15:24:34,0.7,750,2146300
20240212,15:24:35,0.7,1500,2146300
20240212,15:24:36,0.65,100,2146300
20240212,15:24:37,0.7,2300,2146300
20240212,15:24:37,0.7,1800,2146300
20240212,15:24:39,0.7,1200,2146300
20240212,15:24:42,0.7,2800,2146300
20240212,15:24:52,0.7,1100,2146300
20240212,15:24:54,0.65,700,2146300
20240212,15:24:56,0.7,4800,2146300
20240212,15:24:58,0.7,2200,2146300
20240212,15:24:59,0.7,2400,2146300
20240212,15:25:01,0.7,4900,2146300
20240212,15:25:01,0.65,2250,2146300
20240212,15:25:02,0.65,3400,2146300
20240212,15:25:03,0.65,4600,2146300
20240212,15:25:04,0.65,3200,2146300
20240212,15:25:05,0.65,3200,2146300
20240212,15:25:06,0.65,3550,2146300
20240212,15:25:07,0.65,3250,2146300
20240212,15:25:08,0.65,3700,2146300
20240212,15:25:10,0.7,3300,2146300
20240212,15:25:10,0.65,1000,2146300
20240212,15:25:11,0.65,5200,2146300
20240212,15:25:13,0.65,2500,2146300
20240212,15:25:14,0.65,3700,2146300
20240212,15:25:16,0.65,2200,2146300
20240212,15:25:16,0.65,800,2146300
20240212,15:25:17,0.65,4000,2146300
20240212,15:25:18,0.65,3850,2146300
20240212,15:25:19,0.65,2800,2146300
20240212,15:25:20,0.65,3000,2146300
20240212,15:25:21,0.65,1800,2144900
20240212,15:25:22,0.65,200,2144900
20240212,15:25:27,0.7,100,2144900
20240212,15:25:32,0.65,1000,2144900
20240212,15:25:34,0.65,200,2144900
20240212,15:25:34,0.65,2400,2144900
20240212,15:25:35,0.65,3600,2144900
20240212,15:25:36,0.65,3000,2144900
20240212,15:25:38,0.65,3800,2144900
20240212,15:25:38,0.65,200,2144900
20240212,15:25:39,0.65,1850,2144900
20240212,15:25:40,0.65,900,2144900
20240212,15:25:41,0.7,1500,2144900
20240212,15:25:43,0.65,12600,2144900
20240212,15:25:43,0.65,150,2144900
20240212,15:25:44,0.65,150,2144900
20240212,15:25:47,0.65,250,2144900
20240212,15:25:47,0.65,500,2144900
20240212,15:25:48,0.65,250,2144900
20240212,15:25:50,0.65,50,2144900
20240212,15:25:52,0.7,250,2144900
20240212,15:26:02,0.65,200,2144900
20240212,15:26:03,0.65,7600,2144900
20240212,15:26:03,0.65,1400,2144900
20240212,15:26:04,0.65,3200,2144900
20240212,15:26:06,0.65,1600,2144900
20240212,15:26:09,0.7,1400,2144900
20240212,15:26:14,0.65,47650,2144900
20240212,15:26:23,0.7,900,2144900
20240212,15:26:25,0.65,1750,2144900
20240212,15:26:27,0.65,10800,2144900
20240212,15:26:34,0.7,250,2144900
20240212,15:26:35,0.7,100,2144900
20240212,15:26:42,0.7,1200,2144900
20240212,15:26:46,0.7,500,2144900
20240212,15:26:48,0.65,600,2144900
20240212,15:27:01,0.65,1800,2144900
20240212,15:27:02,0.65,1800,2144900
20240212,15:27:03,0.65,1800,2144900
20240212,15:27:04,0.7,400,2144900
20240212,15:27:06,0.7,650,2144900
20240212,15:27:08,0.7,450,2144900
20240212,15:27:10,0.7,450,2144900
20240212,15:27:12,0.7,450,2144900
20240212,15:27:18,0.7,450,2144900
20240212,15:27:20,0.7,900,2144900
20240212,15:27:24,0.65,5000,2144900
20240212,15:27:25,0.65,1800,2144900
20240212,15:27:26,0.7,2900,2144900
20240212,15:27:28,0.7,2350,2144900
20240212,15:27:30,0.7,1500,2144900
20240212,15:27:32,0.7,400,2144900
20240212,15:27:34,0.7,100,2144900
20240212,15:27:37,0.7,450,2144900
20240212,15:27:40,0.7,1200,2144900
20240212,15:27:41,0.7,300,2144900
20240212,15:27:44,0.65,550,2144900
20240212,15:27:45,0.7,1350,2144900
20240212,15:27:47,0.7,300,2144900
20240212,15:27:48,0.7,3600,2144900
20240212,15:27:49,0.7,350,2144900
20240212,15:27:51,0.7,500,2144900
20240212,15:27:53,0.7,800,2144900
20240212,15:27:54,0.7,300,2144900
20240212,15:27:56,0.7,400,2144900
20240212,15:27:57,0.65,5500,2144900
20240212,15:27:58,0.65,1800,2144900
20240212,15:27:59,0.7,100,2144900
20240212,15:28:00,0.7,500,2144900
20240212,15:28:02,0.7,100,2144900
20240212,15:28:04,0.7,300,2144900
20240212,15:28:05,0.7,250,2144900
20240212,15:28:06,0.7,250,2144900
20240212,15:28:10,0.7,100,2144900
20240212,15:28:12,0.7,1800,2144900
20240212,15:28:13,0.7,700,2144900
20240212,15:28:18,0.7,400,2144900
20240212,15:28:19,0.7,1100,2144900
20240212,15:28:21,0.7,50,2144900
20240212,15:28:23,0.7,300,2162650
20240212,15:28:28,0.65,8750,2162650
20240212,15:28:31,0.65,100,2162650
20240212,15:28:32,0.7,100,2162650
20240212,15:28:34,0.7,3000,2162650
20240212,15:28:37,0.65,500,2162650
20240212,15:28:47,0.65,1800,2162650
20240212,15:28:48,0.7,1150,2162650
20240212,15:28:49,0.65,1800,2162650
20240212,15:28:51,0.65,900,2162650
20240212,15:28:56,0.65,1850,2162650
20240212,15:28:58,0.7,250,2162650
20240212,15:28:59,0.65,1500,2162650
20240212,15:29:00,0.65,1500,2162650
20240212,15:29:01,0.65,5100,2162650
20240212,15:29:03,0.7,1000,2162650
20240212,15:29:14,0.65,1800,2162650
20240212,15:29:15,0.65,8700,2162650
20240212,15:29:16,0.65,3850,2162650
20240212,15:29:17,0.65,3600,2162650
20240212,15:29:19,0.65,3600,2162650
20240212,15:29:22,0.7,400,2162650
20240212,15:29:28,0.65,450,2162650
20240212,15:29:29,0.65,500,2162650
20240212,15:29:35,0.65,500,2162650
20240212,15:29:37,0.65,100,2162650
20240212,15:29:42,0.7,600,2162650
20240212,15:29:42,0.7,150,2162650
20240212,15:29:44,0.7,100,2162650
20240212,15:29:49,0.65,40050,2162650
20240212,15:29:50,0.7,1700,2162650
20240212,15:29:54,0.65,200,2162650
20240212,15:29:55,0.7,1600,2162650
20240212,15:29:56,0.65,4800,2162650
20240213,09:15:00,0.7,1,2162650
20240213,09:15:00,0.7,14400,2162650
20240213,09:15:02,0.7,1800,2166000
20240213,09:15:03,0.7,4750,2166000
20240213,09:15:04,0.7,550,2166000
20240213,09:15:05,0.7,900,2166000
20240213,09:15:06,0.7,100,2166000
20240213,09:15:07,0.7,1050,2166000
20240213,09:15:09,0.7,400,2166000
20240213,09:15:10,0.7,600,2166000
20240213,09:15:11,0.7,200,2166000
20240213,09:15:14,0.7,9000,2166000
20240213,09:15:16,0.7,12700,2166000
20240213,09:15:24,0.7,2300,2166000
20240213,09:15:25,0.7,800,2166000
20240213,09:15:26,0.7,300,2166000
20240213,09:15:28,0.7,1600,2153400
20240213,09:15:29,0.7,600,2153400
20240213,09:15:30,0.7,50000,2153400
20240213,09:15:35,0.7,600,2153400
20240213,09:15:38,0.65,1250,2153400
20240213,09:15:41,0.65,200,2153400
20240213,09:15:42,0.7,200,2153400
20240213,09:15:43,0.7,800,2153400
20240213,09:15:55,0.7,3000,2153400
20240213,09:15:57,0.65,1550,2153400
20240213,09:15:58,0.7,4800,2153400
20240213,09:15:59,0.7,200,2153400
20240213,09:16:01,0.65,1000,2153400
20240213,09:16:02,0.65,1000,2153400
20240213,09:16:03,0.65,1000,2153400
20240213,09:16:04,0.65,1000,2153400
20240213,09:16:06,0.65,1000,2153400
20240213,09:16:07,0.65,1000,2153400
20240213,09:16:09,0.7,1100,2153400
20240213,09:16:10,0.65,1150,2153400
20240213,09:16:12,0.7,900,2153400
20240213,09:16:13,0.7,200,2153400
20240213,09:16:16,0.7,150,2153400
20240213,09:16:17,0.7,50,2153400
20240213,09:16:19,0.7,200,2153400
20240213,09:16:22,0.7,150,2153400
20240213,09:16:24,0.7,200,2153400
20240213,09:16:26,0.7,300,2153400
20240213,09:16:27,0.7,150,2153400
20240213,09:16:29,0.7,150,2153400
20240213,09:16:31,0.7,150,2153400
20240213,09:16:33,0.7,150,2153400
20240213,09:16:35,0.7,50,2153400
20240213,09:16:35,0.7,1800,2153400
20240213,09:16:37,0.7,50,2153400
20240213,09:16:38,0.7,400,2153400
20240213,09:16:46,0.7,2000,2153400
20240213,09:16:47,0.7,1500,2153400
20240213,09:16:48,0.7,1500,2153400
20240213,09:16:49,0.7,1500,2153400
20240213,09:16:56,0.7,300,2153400
20240213,09:16:58,0.7,1000,2153400
20240213,09:17:01,0.7,1350,2153400
20240213,09:17:03,0.7,750,2153400
20240213,09:17:04,0.7,1500,2153400
20240213,09:17:06,0.7,1000,2153400
20240213,09:17:19,0.7,250,2153400
20240213,09:17:20,0.7,550,2153400
20240213,09:17:21,0.7,250,2153400
20240213,09:17:22,0.7,1200,2153400
20240213,09:17:23,0.7,100,2153400
20240213,09:17:25,0.7,1050,2153400
20240213,09:17:26,0.7,1800,2153400
20240213,09:17:30,0.7,1900,2153400
20240213,09:17:30,0.65,50,2153400
20240213,09:17:35,0.7,250,2153400
20240213,09:17:39,0.7,700,2153400
20240213,09:17:40,0.65,150,2153400
20240213,09:17:41,0.7,200,2153400
20240213,09:17:43,0.7,5100,2153400
20240213,09:17:46,0.7,1000,2153400
20240213,09:17:48,0.7,500,2153400
20240213,09:17:58,0.7,50,2153400
20240213,09:18:31,0.7,100,2125800
20240213,09:18:34,0.7,300,2125800
20240213,09:18:36,0.7,100,2125800
20240213,09:18:41,0.7,100,2125800
20240213,09:18:44,0.7,50,2125800
20240213,09:18:52,0.7,50,2125800
20240213,09:18:54,0.7,50,2125800
20240213,09:19:01,0.7,50,2125800
20240213,09:19:08,0.7,100,2125800
20240213,09:19:10,0.7,3400,2125800
20240213,09:19:11,0.65,400,2125800
20240213,09:19:34,0.7,50,2125800
20240213,09:19:43,0.65,50,2125800
20240213,09:19:48,0.7,900,2125800
20240213,09:19:50,0.7,700,2125800
20240213,09:19:56,0.7,400,2125800
20240213,09:20:05,0.7,1900,2125800
20240213,09:20:11,0.7,100,2125800
20240213,09:20:23,0.7,50,2125800
20240213,09:20:33,0.7,7800,2125800
20240213,09:20:37,0.7,250,2125800
20240213,09:20:42,0.7,250,2125800
20240213,09:20:43,0.7,50,2125800
20240213,09:20:44,0.7,100,2125800
20240213,09:20:50,0.7,150,2125800
20240213,09:20:50,0.7,750,2125800
20240213,09:20:52,0.7,1500,2125800
20240213,09:20:53,0.7,600,2125800
20240213,09:20:55,0.7,50,2125800
20240213,09:20:56,0.7,50,2125800
20240213,09:20:57,0.7,200,2125800
20240213,09:20:58,0.7,200,2125800
20240213,09:20:59,0.7,200,2125800
20240213,09:21:01,0.7,50,2125800
20240213,09:21:02,0.7,50,2125800
20240213,09:21:03,0.7,200,2125800
20240213,09:21:04,0.7,200,2125800
20240213,09:21:06,0.7,200,2125800
20240213,09:21:07,0.7,200,2125800
20240213,09:21:08,0.7,200,2125800
20240213,09:21:10,0.7,250,2125800
20240213,09:21:11,0.7,50,2125800
20240213,09:21:12,0.7,50,2125800
20240213,09:21:13,0.7,200,2125800
20240213,09:21:15,0.7,400,2125800
20240213,09:21:16,0.7,200,2125800
20240213,09:21:17,0.7,50,2125800
20240213,09:21:18,0.7,50,2125800
20240213,09:21:19,0.7,50,2125800
20240213,09:21:20,0.7,50,2125800
20240213,09:21:20,0.7,25000,2125800
20240213,09:21:21,0.7,50,2125800
20240213,09:21:22,0.7,41300,2125800
20240213,09:21:24,0.7,5950,2125800
20240213,09:21:25,0.7,200,2125800
20240213,09:21:27,0.7,100,2125800
20240213,09:21:28,0.7,900,2043800
20240213,09:21:29,0.7,50,2043800
20240213,09:21:30,0.7,350,2043800
20240213,09:21:31,0.65,150,2043800
20240213,09:21:32,0.7,50,2043800
20240213,09:21:33,0.7,50,2043800
20240213,09:21:34,0.7,50,2043800
20240213,09:21:35,0.7,50,2043800
20240213,09:21:36,0.7,50,2043800
20240213,09:21:37,0.7,2200,2043800
20240213,09:21:38,0.7,50,2043800
20240213,09:21:39,0.7,50,2043800
20240213,09:21:40,0.7,350,2043800
20240213,09:21:42,0.7,400,2043800
20240213,09:21:42,0.7,1000,2043800
20240213,09:21:43,0.7,500,2043800
20240213,09:21:45,0.7,1550,2043800
20240213,09:21:45,0.7,250,2043800
20240213,09:21:46,0.7,550,2043800
20240213,09:21:48,0.7,1100,2043800
20240213,09:21:49,0.7,50,2043800
20240213,09:21:50,0.7,450,2043800
20240213,09:21:51,0.7,3500,2043800
20240213,09:21:52,0.7,50,2043800
20240213,09:21:53,0.7,50,2043800
20240213,09:21:54,0.7,50,2043800
20240213,09:21:55,0.7,50,2043800
20240213,09:21:56,0.7,50,2043800
20240213,09:21:57,0.7,50,2043800
20240213,09:21:58,0.7,50,2043800
20240213,09:22:07,0.7,1050,2043800
20240213,09:22:08,0.7,100,2043800
20240213,09:22:09,0.7,500,2043800
20240213,09:22:12,0.7,200,2043800
20240213,09:22:16,0.7,3200,2043800
20240213,09:22:23,0.7,400,2043800
20240213,09:22:29,0.65,4100,2043800
20240213,09:22:33,0.7,300,2043800
20240213,09:22:34,0.7,50,2043800
20240213,09:22:42,0.7,900,2043800
20240213,09:22:51,0.7,100,2043800
20240213,09:22:56,0.65,50,2043800
20240213,09:22:57,0.7,250,2043800
20240213,09:22:58,0.65,50,2043800
20240213,09:22:59,0.65,50,2043800
20240213,09:23:00,0.65,200,2043800
20240213,09:23:01,0.65,200,2043800
20240213,09:23:02,0.65,200,2043800
20240213,09:23:03,0.65,400,2043800
20240213,09:23:04,0.65,300,2043800
20240213,09:23:05,0.65,200,2043800
20240213,09:23:06,0.65,50,2043800
20240213,09:23:07,0.65,50,2043800
20240213,09:23:08,0.65,50,2043800
20240213,09:23:09,0.7,10300,2043800
20240213,09:23:10,0.65,200,2043800
20240213,09:23:11,0.65,13350,2043800
20240213,09:23:12,0.7,2250,2043800
20240213,09:23:13,0.7,25400,2043800
20240213,09:23:14,0.7,2000,2043800
20240213,09:23:15,0.75,750,2043800
20240213,09:23:16,0.7,2000,2043800
20240213,09:23:17,0.7,200,2043800
20240213,09:23:18,0.7,1500,2043800
20240213,09:23:19,0.7,2700,2043800
20240213,09:23:20,0.7,800,2043800
20240213,09:23:21,0.7,3800,2043800
20240213,09:23:22,0.75,2050,2043800
20240213,09:23:23,0.7,200,2043800
20240213,09:23:24,0.7,2000,2043800
20240213,09:23:25,0.7,200,2043800
20240213,09:23:26,0.7,200,2043800
20240213,09:23:27,0.7,2000,2043800
20240213,09:23:28,0.7,200,2043800
20240213,09:23:29,0.7,150,2043800
20240213,09:23:30,0.75,200,2043800
20240213,09:23:31,0.7,27000,2043800
20240213,09:23:32,0.7,150,2043800
20240213,09:23:33,0.7,150,2043800
20240213,09:23:34,0.7,50,2043800
20240213,09:23:35,0.7,900,2043800
20240213,09:23:36,0.7,18400,2043800
20240213,09:23:38,0.75,24400,2043800
20240213,09:23:39,0.7,1050,2043800
20240213,09:23:40,0.7,1500,2043800
20240213,09:23:42,0.7,1500,2043800
20240213,09:23:49,0.7,50,2043800
20240213,09:23:59,0.7,750,2043800
20240213,09:24:02,0.75,250,2043800
20240213,09:24:24,0.7,1800,2043800
20240213,09:24:25,0.7,12300,2043800
20240213,09:24:26,0.7,50,2043800
20240213,09:24:27,0.7,150,2043800
20240213,09:24:30,0.7,100,1993750
20240213,09:24:32,0.7,50,1993750
20240213,09:24:33,0.7,700,1993750
20240213,09:24:44,0.7,500,1993750
20240213,09:25:02,0.7,100,1993750
20240213,09:25:06,0.7,250,1993750
20240213,09:25:06,0.65,50,1993750
20240213,09:25:12,0.7,300,1993750
20240213,09:25:13,0.7,250,1993750
20240213,09:25:14,0.75,18350,1993750
20240213,09:25:19,0.7,50,1993750
20240213,09:25:20,0.7,1450,1993750
20240213,09:25:26,0.7,250,1993750
20240213,09:25:27,0.75,500,1993750
20240213,09:25:31,0.7,1100,1993750
20240213,09:25:40,0.7,150,1993750
20240213,09:25:41,0.75,100,1993750
20240213,09:25:42,0.75,100,1993750
20240213,09:25:43,0.75,300,1993750
20240213,09:25:44,0.75,100,1993750
20240213,09:25:45,0.75,50,1993750
20240213,09:25:46,0.75,50,1993750
20240213,09:25:47,0.75,50,1993750
20240213,09:25:48,0.75,50,1993750
20240213,09:25:49,0.75,50,1993750
20240213,09:25:50,0.75,50,1993750
20240213,09:25:51,0.75,50,1993750
20240213,09:25:52,0.75,50,1993750
20240213,09:25:53,0.75,50,1993750
20240213,09:25:54,0.75,50,1993750
20240213,09:25:55,0.75,50,1993750
20240213,09:25:56,0.75,50,1993750
20240213,09:25:57,0.75,50,1993750
20240213,09:25:58,0.75,50,1993750
20240213,09:25:59,0.75,50,1993750
20240213,09:26:00,0.75,50,1993750
20240213,09:26:01,0.75,50,1993750
20240213,09:26:02,0.75,50,1993750
20240213,09:26:03,0.75,550,1993750
20240213,09:26:04,0.75,50,1993750
20240213,09:26:05,0.7,550,1993750
20240213,09:26:10,0.7,1000,1993750
20240213,09:26:14,0.7,9000,1993750
20240213,09:26:17,0.75,50,1993750
20240213,09:26:18,0.75,100,1993750
20240213,09:26:19,0.75,100,1993750
20240213,09:26:20,0.75,150,1993750
20240213,09:26:21,0.75,150,1993750
20240213,09:26:22,0.75,150,1993750
20240213,09:26:23,0.75,150,1993750
20240213,09:26:24,0.75,1200,1993750
20240213,09:26:25,0.75,150,1993750
20240213,09:26:26,0.75,200,1993750
20240213,09:26:34,0.75,400,1993750
20240213,09:26:36,0.75,100,1993750
20240213,09:26:40,0.7,50,1993750
20240213,09:26:46,0.75,1000,1993750
20240213,09:26:47,0.75,100,1993750
20240213,09:26:48,0.75,1000,1993750
20240213,09:27:03,0.75,100,1993750
20240213,09:27:09,0.75,250,1993750
20240213,09:27:11,0.7,50,1993750
20240213,09:27:17,0.75,50,1993750
20240213,09:27:18,0.75,50,1993750
20240213,09:27:19,0.75,200,1993750
20240213,09:27:20,0.75,200,1993750
20240213,09:27:21,0.75,50,1993750
20240213,09:27:25,0.75,50,1993750
20240213,09:27:26,0.75,50,1993750
20240213,09:27:27,0.75,50,1993750
20240213,09:27:28,0.75,100,1993750
20240213,09:27:29,0.75,50,1993750
20240213,09:27:30,0.75,50,1993750
20240213,09:27:31,0.75,50,1983050
20240213,09:27:32,0.75,50,1983050
20240213,09:27:33,0.75,50,1983050
20240213,09:27:34,0.75,200,1983050
20240213,09:27:35,0.75,200,1983050
20240213,09:27:36,0.75,50,1983050
20240213,09:27:37,0.75,50,1983050
20240213,09:27:38,0.75,50,1983050
20240213,09:27:39,0.75,50,1983050
20240213,09:27:40,0.75,200,1983050
20240213,09:27:41,0.75,700,1983050
20240213,09:27:42,0.75,200,1983050
20240213,09:27:43,0.75,200,1983050
20240213,09:27:44,0.75,200,1983050
20240213,09:27:45,0.75,1450,1983050
20240213,09:27:49,0.75,50,1983050
20240213,09:27:51,0.75,50,1983050
20240213,09:27:57,0.75,50,1983050
20240213,09:27:59,0.7,750,1983050
20240213,09:28:15,0.75,750,1983050
20240213,09:28:24,0.7,150,1983050
20240213,09:28:26,0.75,1800,1983050
20240213,09:28:28,0.75,450,1983050
20240213,09:28:56,0.7,50,1983050
20240213,09:28:57,0.7,200,1983050
20240213,09:28:58,0.7,200,1983050
20240213,09:28:59,0.7,200,1983050
20240213,09:29:00,0.7,200,1983050
20240213,09:29:01,0.7,50,1983050
20240213,09:29:02,0.7,200,1983050
20240213,09:29:03,0.7,200,1983050
20240213,09:29:04,0.7,200,1983050
20240213,09:29:05,0.7,200,1983050
20240213,09:29:06,0.7,200,1983050
20240213,09:29:07,0.7,200,1983050
20240213,09:29:08,0.7,200,1983050
20240213,09:29:09,0.7,200,1983050
20240213,09:29:10,0.7,250,1983050
20240213,09:29:12,0.7,400,1983050
20240213,09:29:13,0.7,200,1983050
20240213,09:29:14,0.7,200,1983050
20240213,09:29:15,0.7,200,1983050
20240213,09:29:16,0.75,300,1983050
20240213,09:29:17,0.7,350,1983050
20240213,09:29:18,0.7,200,1983050
20240213,09:29:19,0.7,150,1983050
20240213,09:29:20,0.7,150,1983050
20240213,09:29:21,0.7,150,1983050
20240213,09:29:22,0.7,200,1983050
20240213,09:29:23,0.7,150,1983050
20240213,09:29:24,0.7,150,1983050
20240213,09:29:25,0.7,150,1983050
20240213,09:29:25,0.75,1800,1983050
20240213,09:29:26,0.7,150,1983050
20240213,09:29:28,0.75,850,1983050
20240213,09:29:29,0.7,1800,1983050
20240213,09:29:30,0.75,1500,1983050
20240213,09:29:31,0.7,1800,1983050
20240213,09:29:33,0.7,1150,1983050
20240213,09:29:35,0.75,1500,1983050
20240213,09:29:39,0.75,500,1983050
20240213,09:29:40,0.75,50,1983050
20240213,09:29:41,0.75,1550,1983050
20240213,09:29:42,0.7,50,1983050
20240213,09:29:46,0.75,100,1983050
20240213,09:29:47,0.7,400,1983050
20240213,09:29:48,0.7,500,1983050
20240213,09:29:52,0.7,29450,1983050
20240213,09:29:58,0.7,250,1983050
20240213,09:29:59,0.7,1150,1983050
20240213,09:30:17,0.75,500,1983050
20240213,09:30:19,0.75,500,1983050
20240213,09:30:25,0.75,250,1983050
20240213,09:30:25,0.75,50,1983050
20240213,09:30:37,0.75,200,1976650
20240213,09:30:43,0.7,1850,1976650
20240213,09:30:44,0.75,50,1976650
20240213,09:30:46,0.7,250,1976650
20240213,09:30:48,0.7,2700,1976650
20240213,09:30:49,0.75,1050,1976650
20240213,09:30:50,0.7,250,1976650
20240213,09:30:51,0.7,200,1976650
20240213,09:30:56,0.75,2600,1976650
20240213,09:31:02,0.75,5450,1976650
20240213,09:31:04,0.7,1800,1976650
20240213,09:31:23,0.7,50,1976650
20240213,09:31:24,0.75,750,1976650
20240213,09:31:25,0.75,4100,1976650
20240213,09:31:32,0.75,5000,1976650
20240213,09:31:33,0.75,400,1976650
20240213,09:31:35,0.75,50,1976650
20240213,09:31:39,0.75,50,1976650
20240213,09:31:40,0.75,100,1976650
20240213,09:31:44,0.75,5000,1976650
20240213,09:31:52,0.75,50,1976650
20240213,09:31:53,0.7,150,1976650
20240213,09:31:54,0.75,100,1976650
20240213,09:31:58,0.7,700,1976650
20240213,09:32:10,0.75,200,1976650
20240213,09:32:15,0.75,3600,1976650
20240213,09:32:16,0.75,26400,1976650
20240213,09:32:17,0.75,600,1976650
20240213,09:32:18,0.75,600,1976650
20240213,09:32:20,0.75,400,1976650
20240213,09:32:24,0.75,50,1976650
20240213,09:32:26,0.75,3350,1976650
20240213,09:32:28,0.75,100,1976650
20240213,09:32:29,0.75,5400,1976650
20240213,09:32:40,0.7,200,1976650
20240213,09:32:44,0.75,1000,1976650
20240213,09:32:46,0.75,100,1976650
20240213,09:32:50,0.7,100,1976650
20240213,09:32:52,0.75,1400,1976650
20240213,09:32:54,0.7,100,1976650
20240213,09:33:06,0.7,200,1976650
20240213,09:33:09,0.7,50,1976650
20240213,09:33:12,0.75,500,1976650
20240213,09:33:20,0.75,300,1976650
20240213,09:33:21,0.75,1500,1976650
20240213,09:33:21,0.7,5100,1976650
20240213,09:33:38,0.7,1000,1976650
20240213,09:34:12,0.75,200,1961550
20240213,09:34:17,0.7,50,1961550
20240213,09:34:21,0.7,9000,1961550
20240213,09:34:22,0.7,21650,1961550
20240213,09:34:23,0.7,4800,1961550
20240213,09:34:24,0.7,1800,1961550
20240213,09:34:30,0.7,50,1961550
20240213,09:34:32,0.7,6050,1961550
20240213,09:34:35,0.7,500,1961550
20240213,09:34:38,0.7,50,1961550
20240213,09:34:39,0.7,100,1961550
20240213,09:34:43,0.7,50,1961550
20240213,09:34:53,0.7,50,1961550
20240213,09:35:03,0.7,150,1961550
20240213,09:35:10,0.7,1500,1961550
20240213,09:35:14,0.7,150,1961550
20240213,09:35:37,0.75,50,1961550
20240213,09:35:38,0.75,300,1961550
20240213,09:36:07,0.7,50,1961550
20240213,09:36:09,0.75,200,1961550
20240213,09:36:26,0.7,50,1961550
20240213,09:36:27,0.75,500,1961550
20240213,09:36:35,0.7,50,1961550
20240213,09:36:42,0.75,100,1952600
20240213,09:37:14,0.75,200,1952600
20240213,09:37:27,0.75,200,1952600
20240213,09:37:33,0.75,150,1952600
20240213,09:37:52,0.7,50,1952600
20240213,09:37:56,0.7,50,1952600
20240213,09:38:03,0.75,50,1952600
20240213,09:38:04,0.75,50,1952600
20240213,09:38:05,0.75,100,1952600
20240213,09:38:06,0.75,100,1952600
20240213,09:38:07,0.75,200,1952600
20240213,09:38:08,0.75,50,1952600
20240213,09:38:09,0.75,550,1952600
20240213,09:38:10,0.75,50,1952600
20240213,09:38:11,0.75,50,1952600
20240213,09:38:12,0.75,50,1952600
20240213,09:38:13,0.75,100,1952600
20240213,09:38:14,0.75,100,1952600
20240213,09:38:15,0.75,150,1952600
20240213,09:38:17,0.75,50,1952600
20240213,09:38:18,0.75,50,1952600
20240213,09:38:19,0.75,50,1952600
20240213,09:38:20,0.75,150,1952600
20240213,09:38:21,0.75,150,1952600
20240213,09:38:22,0.75,150,1952600
20240213,09:38:23,0.75,50,1952600
20240213,09:38:24,0.75,50,1952600
20240213,09:38:24,0.75,100,1952600
20240213,09:38:25,0.75,50,1952600
20240213,09:38:26,0.75,50,1952600
20240213,09:38:27,0.75,50,1952600
20240213,09:38:28,0.75,50,1952600
20240213,09:38:29,0.75,50,1952600
20240213,09:38:30,0.75,50,1952600
20240213,09:38:31,0.75,50,1952600
20240213,09:38:32,0.75,50,1952600
20240213,09:38:33,0.75,200,1952600
20240213,09:38:34,0.75,200,1952600
20240213,09:38:35,0.75,200,1952600
20240213,09:38:36,0.75,50,1952600
20240213,09:38:37,0.7,2500,1952600
20240213,09:38:40,0.7,250,1952600
20240213,09:38:41,0.75,50,1952600
20240213,09:38:42,0.75,50,1952600
20240213,09:38:43,0.75,50,1952600
20240213,09:38:44,0.75,50,1952600
20240213,09:38:45,0.75,50,1952600
20240213,09:38:46,0.75,50,1952600
20240213,09:38:47,0.75,50,1952600
20240213,09:38:48,0.75,1850,1952600
20240213,09:38:51,0.7,200,1952600
20240213,09:38:54,0.7,3200,1952600
20240213,09:38:55,0.7,1800,1952600
20240213,09:39:04,0.75,50,1952600
20240213,09:39:05,0.75,50,1952600
20240213,09:39:06,0.75,50,1952600
20240213,09:39:07,0.75,50,1952600
20240213,09:39:08,0.75,50,1952600
20240213,09:39:09,0.75,50,1952600
20240213,09:39:10,0.75,200,1952600
20240213,09:39:11,0.7,450,1952600
20240213,09:39:12,0.75,200,1952600
20240213,09:39:13,0.75,2200,1952600
20240213,09:39:14,0.75,50,1952600
20240213,09:39:15,0.75,50,1952600
20240213,09:39:16,0.75,50,1952600
20240213,09:39:17,0.75,50,1952600
20240213,09:39:18,0.75,50,1952600
20240213,09:39:19,0.75,50,1952600
20240213,09:39:20,0.75,50,1952600
20240213,09:39:21,0.75,200,1952600
20240213,09:39:22,0.75,200,1952600
20240213,09:39:23,0.75,200,1952600
20240213,09:39:24,0.75,50,1952600
20240213,09:39:25,0.75,50,1952600
20240213,09:39:26,0.75,50,1952600
20240213,09:39:27,0.75,50,1952600
20240213,09:39:28,0.75,50,1952600
20240213,09:39:29,0.75,50,1952600
20240213,09:39:30,0.75,150,1952600
20240213,09:39:31,0.75,50,1952600
20240213,09:39:43,0.7,500,1947950
20240213,09:39:46,0.75,50,1947950
20240213,09:39:46,0.7,500,1947950
20240213,09:39:47,0.7,2900,1947950
20240213,09:39:50,0.75,50,1947950
20240213,09:39:51,0.75,50,1947950
20240213,09:39:52,0.75,50,1947950
20240213,09:39:53,0.75,50,1947950
20240213,09:39:56,0.75,50,1947950
20240213,09:39:57,0.75,50,1947950
20240213,09:40:06,0.7,50,1947950
20240213,09:40:17,0.75,50,1947950
20240213,09:40:18,0.75,50,1947950
20240213,09:40:19,0.75,50,1947950
20240213,09:40:20,0.75,50,1947950
20240213,09:40:21,0.75,50,1947950
20240213,09:40:26,0.75,50,1947950
20240213,09:40:27,0.75,200,1947950
20240213,09:40:32,0.75,50,1947950
20240213,09:40:33,0.75,250,1947950
20240213,09:40:34,0.75,1050,1947950
20240213,09:40:37,0.75,1800,1947950
20240213,09:40:38,0.7,50,1947950
20240213,09:40:39,0.75,1900,1947950
20240213,09:40:43,0.7,3800,1947950
20240213,09:41:19,0.7,500,1947950
20240213,09:41:29,0.7,2700,1947950
20240213,09:41:40,0.7,50,1947950
20240213,09:42:13,0.75,1850,1947950
20240213,09:42:39,0.7,3950,1946850
20240213,09:42:40,0.75,50,1946850
20240213,09:42:43,0.7,150,1946850
20240213,09:42:45,0.7,500,1946850
20240213,09:42:50,0.7,850,1946850
20240213,09:43:07,0.7,2850,1946850
20240213,09:43:12,0.7,500,1946850
20240213,09:43:33,0.75,50,1946850
20240213,09:43:35,0.7,200,1946850
20240213,09:43:37,0.75,50,1946850
20240213,09:43:38,0.75,200,1946850
20240213,09:43:39,0.75,200,1946850
20240213,09:43:40,0.75,200,1946850
20240213,09:43:41,0.75,200,1946850
20240213,09:43:42,0.75,200,1946850
20240213,09:43:43,0.75,50,1946850
20240213,09:43:44,0.75,50,1946850
20240213,09:43:48,0.75,200,1946850
20240213,09:43:51,0.75,50,1946850
20240213,09:43:53,0.7,4400,1946850
20240213,09:43:57,0.7,3900,1946850
20240213,09:44:06,0.7,3600,1946850
20240213,09:44:07,0.75,250,1946850
20240213,09:44:14,0.7,1000,1946850
20240213,09:44:25,0.7,3350,1946850
20240213,09:44:37,0.75,1500,1946850
20240213,09:44:38,0.75,50,1946850
20240213,09:44:54,0.7,1750,1946850
20240213,09:44:55,0.75,200,1946850
20240213,09:44:57,0.7,4700,1946850
20240213,09:44:58,0.7,3900,1946850
20240213,09:45:05,0.7,50,1946850
20240213,09:45:06,0.7,50,1946850
20240213,09:45:07,0.7,50,1946850
20240213,09:45:08,0.7,200,1946850
20240213,09:45:09,0.7,200,1946850
20240213,09:45:10,0.7,200,1946850
20240213,09:45:11,0.7,50,1946850
20240213,09:45:12,0.7,50,1946850
20240213,09:45:21,0.7,2600,1946850
20240213,09:45:32,0.7,15500,1946850
20240213,09:45:33,0.7,150,1971400
20240213,09:45:34,0.7,50,1971400
20240213,09:45:35,0.7,250,1971400
20240213,09:45:36,0.7,50,1971400
20240213,09:45:40,0.65,90500,1971400
20240213,09:45:43,0.65,50,1971400
20240213,09:45:48,0.65,3400,1971400
20240213,09:45:55,0.7,3950,1971400
20240213,09:45:56,0.7,1300,1971400
20240213,09:45:57,0.7,3300,1971400
20240213,09:45:58,0.65,50,1971400
20240213,09:46:00,0.7,600,1971400
20240213,09:46:06,0.65,50,1971400
20240213,09:46:07,0.65,250,1971400
20240213,09:46:08,0.65,50,1971400
20240213,09:46:09,0.65,50,1971400
20240213,09:46:10,0.65,50,1971400
20240213,09:46:11,0.65,50,1971400
20240213,09:46:12,0.65,50,1971400
20240213,09:46:13,0.65,200,1971400
20240213,09:46:14,0.65,200,1971400
20240213,09:46:20,0.65,50,1971400
20240213,09:46:21,0.65,50,1971400
20240213,09:46:22,0.65,200,1971400
20240213,09:46:23,0.65,200,1971400
20240213,09:46:24,0.65,200,1971400
20240213,09:46:26,0.65,50,1971400
20240213,09:46:27,0.65,50,1971400
20240213,09:46:28,0.65,50,1971400
20240213,09:46:29,0.65,50,1971400
20240213,09:46:30,0.65,50,1971400
20240213,09:46:31,0.65,50,1971400
20240213,09:46:32,0.65,50,1971400
20240213,09:46:33,0.7,250,1971400
20240213,09:46:34,0.65,500,1971400
20240213,09:46:35,0.65,200,1971400
20240213,09:46:36,0.65,200,1971400
20240213,09:46:37,0.65,200,1971400
20240213,09:46:38,0.65,50,1971400
20240213,09:46:39,0.65,50,1971400
20240213,09:46:40,0.65,50,1971400
20240213,09:46:41,0.65,50,1971400
20240213,09:46:42,0.65,50,1971400
20240213,09:46:43,0.65,50,1971400
20240213,09:46:44,0.65,50,1971400
20240213,09:46:45,0.65,50,1971400
20240213,09:46:46,0.65,50,1971400
20240213,09:46:47,0.65,200,1971400
20240213,09:46:48,0.65,250,1971400
20240213,09:46:49,0.65,200,1971400
20240213,09:46:50,0.65,200,1971400
20240213,09:46:51,0.65,200,1971400
20240213,09:46:53,0.65,200,1971400
20240213,09:46:54,0.65,200,1971400
20240213,09:46:55,0.65,200,1971400
20240213,09:47:07,0.65,450,1971400
20240213,09:47:08,0.65,150,1971400
20240213,09:47:16,0.7,50,1971400
20240213,09:47:16,0.65,1800,1971400
20240213,09:47:51,0.65,2050,1971400
20240213,09:47:55,0.65,100,1971400
20240213,09:48:01,0.65,50,1971400
20240213,09:48:03,0.65,150,1971400
20240213,09:48:04,0.65,150,1971400
20240213,09:48:05,0.65,150,1971400
20240213,09:48:10,0.7,250,1971400
20240213,09:48:11,0.65,100,1971400
20240213,09:48:12,0.7,10000,1971400
20240213,09:48:15,0.7,10000,1971400
20240213,09:48:32,0.7,50,1971400
20240213,09:48:39,0.65,500,1971400
20240213,09:49:04,0.65,250,1953750
20240213,09:49:20,0.65,50,1953750
20240213,09:49:39,0.7,50,1953750
20240213,09:49:48,0.65,750,1953750
20240213,09:49:48,0.7,500,1953750
20240213,09:49:49,0.7,2200,1953750
20240213,09:49:50,0.65,150,1953750
20240213,09:49:51,0.65,100,1953750
20240213,09:49:52,0.65,100,1953750
20240213,09:50:07,0.7,1800,1953750
20240213,09:50:16,0.65,500,1953750
20240213,09:50:31,0.7,450,1953750
20240213,09:50:31,0.7,50,1953750
20240213,09:50:32,0.7,300,1953750
20240213,09:50:41,0.7,1800,1953750
20240213,09:50:42,0.7,100,1953750
20240213,09:50:57,0.65,1800,1953750
20240213,09:50:58,0.65,9100,1953750
20240213,09:51:05,0.65,3600,1953750
20240213,09:51:05,0.65,9000,1953750
20240213,09:51:06,0.65,2400,1953750
20240213,09:51:08,0.7,400,1953750
20240213,09:51:14,0.7,11900,1953750
20240213,09:51:15,0.65,4300,1953750
20240213,09:51:16,0.65,4400,1953750
20240213,09:51:18,0.7,500,1953750
20240213,09:51:21,0.65,950,1953750
20240213,09:51:23,0.7,250,1953750
20240213,09:51:39,0.65,50,1932950
20240213,09:51:55,0.65,100,1932950
20240213,09:51:55,0.65,50,1932950
20240213,09:51:59,0.65,1800,1932950
20240213,09:52:01,0.65,1800,1932950
20240213,09:52:03,0.65,1800,1932950
20240213,09:52:05,0.65,1800,1932950
20240213,09:52:06,0.7,200,1932950
20240213,09:52:07,0.65,1800,1932950
20240213,09:52:15,0.65,5400,1932950
20240213,09:52:15,0.65,1800,1932950
20240213,09:52:17,0.65,65150,1932950
20240213,09:52:17,0.6,23950,1932950
20240213,09:52:20,0.65,16850,1932950
20240213,09:52:22,0.65,9000,1932950
20240213,09:52:23,0.65,3600,1932950
20240213,09:52:30,0.7,50,1932950
20240213,09:52:31,0.65,50,1932950
20240213,09:52:39,0.65,1650,1932950
20240213,09:53:00,0.7,50,1932950
20240213,09:53:16,0.65,100,1932950
20240213,09:53:37,0.7,1500,1932950
20240213,09:53:56,0.7,100,1932950
20240213,09:54:11,0.7,350,1932950
20240213,09:54:14,0.7,50,1932950
20240213,09:54:15,0.7,50,1932950
20240213,09:54:16,0.7,50,1932950
20240213,09:54:17,0.7,50,1932950
20240213,09:54:30,0.7,14150,1932950
20240213,09:54:30,0.7,1750,1932950
20240213,09:54:31,0.65,1800,1932950
20240213,09:54:46,0.65,850,1851650
20240213,09:55:03,0.7,50,1851650
20240213,09:55:09,0.7,50,1851650
20240213,09:55:12,0.7,100,1851650
20240213,09:55:27,0.7,900,1851650
20240213,09:55:29,0.7,250,1851650
20240213,09:55:30,0.7,350,1851650
20240213,09:55:31,0.7,50,1851650
20240213,09:55:32,0.7,600,1851650
20240213,09:55:35,0.7,200,1851650
20240213,09:55:53,0.7,6600,1851650
20240213,09:55:54,0.65,2250,1851650
20240213,09:55:57,0.7,14000,1851650
20240213,09:56:03,0.7,200,1851650
20240213,09:56:10,0.7,200,1851650
20240213,09:56:17,0.7,10200,1851650
20240213,09:56:18,0.7,6550,1851650
20240213,09:56:51,0.75,26550,1851650
20240213,09:56:55,0.7,1500,1851650
20240213,09:56:56,0.7,1500,1851650
20240213,09:56:58,0.7,1500,1851650
20240213,09:57:00,0.7,1500,1851650
20240213,09:57:01,0.75,50,1851650
20240213,09:57:02,0.7,3350,1851650
20240213,09:57:03,0.7,50,1851650
20240213,09:57:04,0.7,100,1851650
20240213,09:57:05,0.7,50,1851650
20240213,09:57:06,0.7,50,1851650
20240213,09:57:07,0.7,50,1851650
20240213,09:57:08,0.7,50,1851650
20240213,09:57:09,0.7,50,1851650
20240213,09:57:10,0.7,50,1851650
20240213,09:57:11,0.7,50,1851650
20240213,09:57:12,0.7,50,1851650
20240213,09:57:13,0.7,50,1851650
20240213,09:57:14,0.7,50,1851650
20240213,09:57:15,0.7,50,1851650
20240213,09:57:16,0.7,50,1851650
20240213,09:57:17,0.7,50,1851650
20240213,09:57:18,0.7,50,1851650
20240213,09:57:19,0.75,17600,1851650
20240213,09:57:20,0.75,50,1851650
20240213,09:57:21,0.75,50,1851650
20240213,09:57:22,0.75,50,1851650
20240213,09:57:23,0.75,50,1851650
20240213,09:57:24,0.75,50,1851650
20240213,09:57:25,0.75,50,1851650
20240213,09:57:26,0.75,50,1851650
20240213,09:57:27,0.75,50,1851650
20240213,09:57:28,0.75,100,1851650
20240213,09:57:29,0.75,100,1851650
20240213,09:57:30,0.75,100,1851650
20240213,09:57:31,0.75,100,1851650
20240213,09:57:32,0.75,100,1851650
20240213,09:57:33,0.75,100,1851650
20240213,09:57:34,0.75,100,1851650
20240213,09:57:35,0.75,100,1791150
20240213,09:57:36,0.75,150,1791150
20240213,09:57:37,0.75,150,1791150
20240213,09:57:38,0.75,150,1791150
20240213,09:57:39,0.75,150,1791150
20240213,09:57:40,0.7,650,1791150
20240213,09:57:41,0.75,200,1791150
20240213,09:57:42,0.75,200,1791150
20240213,09:57:43,0.75,200,1791150
20240213,09:57:44,0.75,200,1791150
20240213,09:57:45,0.75,200,1791150
20240213,09:57:46,0.75,200,1791150
20240213,09:57:47,0.75,200,1791150
20240213,09:57:48,0.75,300,1791150
20240213,09:57:49,0.75,200,1791150
20240213,09:57:50,0.75,200,1791150
20240213,09:57:51,0.75,200,1791150
20240213,09:57:52,0.75,200,1791150
20240213,09:57:53,0.75,200,1791150
20240213,09:57:55,0.75,400,1791150
20240213,09:57:56,0.75,200,1791150
20240213,09:57:56,0.75,1200,1791150
20240213,09:57:58,0.75,400,1791150
20240213,09:57:58,0.75,600,1791150
20240213,09:57:59,0.75,200,1791150
20240213,09:58:00,0.75,850,1791150
20240213,09:58:01,0.75,2750,1791150
20240213,09:58:02,0.75,200,1791150
20240213,09:58:03,0.75,200,1791150
20240213,09:58:04,0.75,200,1791150
20240213,09:58:06,0.75,400,1791150
20240213,09:58:06,0.75,18000,1791150
20240213,09:58:08,0.75,5800,1791150
20240213,09:58:09,0.8,8700,1791150
20240213,09:58:10,0.8,300,1791150
20240213,09:58:11,0.8,50,1791150
20240213,09:58:18,0.8,24100,1791150
20240213,09:58:21,0.75,450,1791150
20240213,09:58:22,0.75,500,1791150
20240213,09:58:29,0.75,50,1791150
20240213,09:58:30,0.75,50,1791150
20240213,09:58:31,0.75,700,1791150
20240213,09:58:32,0.75,11300,1791150
20240213,09:58:33,0.8,200,1791150
20240213,09:58:34,0.8,200,1791150
20240213,09:58:35,0.8,450,1791150
20240213,09:58:37,0.8,400,1791150
20240213,09:58:38,0.8,200,1791150
20240213,09:58:39,0.8,200,1791150
20240213,09:58:40,0.8,200,1791150
20240213,09:58:41,0.75,7400,1791150
20240213,09:58:42,0.75,2000,1791150
20240213,09:58:43,0.75,200,1791150
20240213,09:58:44,0.75,200,1791150
20240213,09:58:45,0.75,200,1791150
20240213,09:58:47,0.75,400,1791150
20240213,09:58:48,0.75,200,1791150
20240213,09:58:49,0.75,200,1791150
20240213,09:58:49,0.75,250,1791150
20240213,09:58:50,0.75,200,1791150
20240213,09:58:51,0.75,200,1791150
20240213,09:58:52,0.75,200,1791150
20240213,09:58:53,0.75,200,1791150
20240213,09:58:54,0.75,200,1791150
20240213,09:58:55,0.75,200,1791150
20240213,09:58:56,0.75,200,1791150
20240213,09:58:57,0.75,200,1791150
20240213,09:58:58,0.75,500,1791150
20240213,09:58:59,0.75,200,1791150
20240213,09:59:00,0.75,200,1791150
20240213,09:59:01,0.75,2000,1791150
20240213,09:59:02,0.75,200,1791150
20240213,09:59:03,0.75,2000,1791150
20240213,09:59:04,0.75,200,1791150
20240213,09:59:05,0.75,200,1791150
20240213,09:59:06,0.75,200,1791150
20240213,09:59:07,0.75,200,1791150
20240213,09:59:08,0.75,200,1791150
20240213,09:59:10,0.75,400,1791150
20240213,09:59:10,0.75,1800,1791150
20240213,09:59:11,0.75,2000,1791150
20240213,09:59:12,0.75,550,1791150
20240213,09:59:13,0.75,28700,1791150
20240213,09:59:14,0.8,50,1791150
20240213,09:59:15,0.8,50,1791150
20240213,09:59:16,0.8,50,1791150
20240213,09:59:18,0.8,100,1791150
20240213,09:59:19,0.8,200,1791150
20240213,09:59:20,0.8,200,1791150
20240213,09:59:21,0.8,500,1791150
20240213,09:59:23,0.8,50,1791150
20240213,09:59:24,0.8,50,1791150
20240213,09:59:25,0.8,50,1791150
20240213,09:59:26,0.8,50,1791150
20240213,09:59:27,0.8,50,1791150
20240213,09:59:28,0.8,50,1791150
20240213,09:59:29,0.8,50,1791150
20240213,09:59:30,0.8,50,1791150
20240213,09:59:31,0.8,50,1791150
20240213,09:59:32,0.8,50,1791150
20240213,09:59:33,0.8,50,1791150
20240213,09:59:34,0.8,50,1791150
20240213,09:59:35,0.8,50,1791150
20240213,09:59:36,0.8,200,1791150
20240213,09:59:37,0.8,200,1791150
20240213,09:59:38,0.8,50,1791150
20240213,09:59:39,0.8,100,1791150
20240213,09:59:40,0.8,50,1791150
20240213,09:59:41,0.8,50,1791150
20240213,09:59:42,0.8,50,1791150
20240213,10:00:03,0.75,600,1791150
20240213,10:00:05,0.75,50,1791150
20240213,10:00:07,0.8,3600,1791150
20240213,10:00:22,0.75,7000,1791150
20240213,10:00:23,0.75,16800,1791150
20240213,10:00:24,0.75,150,1791150
20240213,10:00:30,0.75,12300,1791150
20240213,10:00:31,0.8,12000,1791150
20240213,10:00:31,0.8,6600,1791150
20240213,10:00:32,0.8,53700,1791150
20240213,10:00:33,0.8,1300,1791150
20240213,10:00:34,0.75,50,1791150
20240213,10:00:37,0.8,50,1791150
20240213,10:00:39,0.75,1300,1800650
20240213,10:00:41,0.75,500,1800650
20240213,10:00:42,0.75,50,1800650
20240213,10:00:44,0.75,900,1800650
20240213,10:00:50,0.8,1500,1800650
20240213,10:00:51,0.8,2150,1800650
20240213,10:00:54,0.75,1800,1800650
20240213,10:00:56,0.75,5800,1800650
20240213,10:01:00,0.75,50,1800650
20240213,10:01:00,0.75,1800,1800650
20240213,10:01:04,0.8,50,1800650
20240213,10:01:05,0.8,150,1800650
20240213,10:01:06,0.75,800,1800650
20240213,10:01:07,0.8,200,1800650
20240213,10:01:08,0.8,200,1800650
20240213,10:01:09,0.8,200,1800650
20240213,10:01:10,0.8,200,1800650
20240213,10:01:15,0.8,1500,1800650
20240213,10:01:24,0.8,3000,1800650
20240213,10:01:26,0.8,300,1800650
20240213,10:01:32,0.8,100,1800650
20240213,10:01:50,0.75,1500,1800650
20240213,10:01:51,0.75,300,1800650
20240213,10:01:53,0.8,100,1800650
20240213,10:02:02,0.8,50,1800650
20240213,10:02:06,0.8,200,1800650
20240213,10:02:09,0.8,1000,1800650
20240213,10:02:18,0.8,50,1800650
20240213,10:02:28,0.8,12000,1800650
20240213,10:02:34,0.75,300,1800650
20240213,10:02:36,0.75,1800,1800650
20240213,10:02:37,0.75,1800,1800650
20240213,10:02:38,0.75,1800,1800650
20240213,10:02:39,0.75,1800,1800650
20240213,10:02:40,0.75,1800,1800650
20240213,10:02:41,0.75,1800,1800650
20240213,10:02:44,0.75,5400,1800650
20240213,10:02:45,0.75,1800,1800650
20240213,10:02:46,0.75,1800,1800650
20240213,10:02:47,0.75,1800,1800650
20240213,10:03:00,0.75,50,1800650
20240213,10:03:12,0.75,2400,1800650
20240213,10:03:13,0.75,2100,1800650
20240213,10:03:27,0.75,50,1800650
20240213,10:03:28,0.75,50,1800650
20240213,10:03:29,0.75,50,1800650
20240213,10:03:30,0.75,3650,1800650
20240213,10:03:31,0.75,1850,1800650
20240213,10:03:32,0.75,50,1800650
20240213,10:03:33,0.75,50,1800650
20240213,10:03:34,0.75,50,1800650
20240213,10:03:34,0.75,500,1800650
20240213,10:03:35,0.75,1550,1800650
20240213,10:03:37,0.75,50,1804850
20240213,10:03:38,0.75,500,1804850
20240213,10:03:39,0.75,500,1804850
20240213,10:03:40,0.75,7850,1804850
20240213,10:03:44,0.75,200,1804850
20240213,10:03:45,0.75,500,1804850
20240213,10:03:51,0.75,250,1804850
20240213,10:03:58,0.8,400,1804850
20240213,10:03:59,0.75,1800,1804850
20240213,10:04:00,0.75,200,1804850
20240213,10:04:04,0.75,9450,1804850
20240213,10:04:04,0.75,1500,1804850
20240213,10:04:05,0.7,10950,1804850
20240213,10:04:06,0.75,400,1804850
20240213,10:04:07,0.7,200,1804850
20240213,10:04:08,0.7,200,1804850
20240213,10:04:09,0.7,200,1804850
20240213,10:04:10,0.75,5400,1804850
20240213,10:04:12,0.75,550,1804850
20240213,10:04:14,0.75,4750,1804850
20240213,10:04:15,0.75,12900,1804850
20240213,10:04:24,0.75,200,1804850
20240213,10:04:33,0.75,500,1804850
20240213,10:04:37,0.8,300,1804850
20240213,10:04:39,0.75,50,1804850
20240213,10:04:41,0.75,800,1804850
20240213,10:04:47,0.75,500,1804850
20240213,10:04:48,0.75,4750,1804850
20240213,10:05:01,0.7,700,1804850
20240213,10:05:02,0.7,200,1804850
20240213,10:05:03,0.7,700,1804850
20240213,10:05:04,0.7,300,1804850
20240213,10:05:05,0.7,200,1804850
20240213,10:05:06,0.7,200,1804850
20240213,10:05:07,0.7,200,1804850
20240213,10:05:09,0.7,50,1804850
20240213,10:05:10,0.7,100,1804850
20240213,10:05:11,0.7,50,1804850
20240213,10:05:12,0.7,50,1804850
20240213,10:05:13,0.7,100,1804850
20240213,10:05:13,0.7,50,1804850
20240213,10:05:15,0.7,400,1804850
20240213,10:05:16,0.7,200,1804850
20240213,10:05:17,0.7,200,1804850
20240213,10:05:18,0.7,200,1804850
20240213,10:05:32,0.75,50,1804850
20240213,10:05:33,0.75,300,1804850
20240213,10:05:46,0.7,50,1804850
20240213,10:05:47,0.7,50,1804850
20240213,10:05:48,0.7,200,1804850
20240213,10:05:49,0.7,200,1804850
20240213,10:05:49,0.75,15250,1804850
20240213,10:05:50,0.75,13150,1804850
20240213,10:05:51,0.75,700,1804850
20240213,10:05:52,0.75,700,1804850
20240213,10:05:53,0.75,6600,1804850
20240213,10:05:54,0.75,13200,1804850
20240213,10:05:55,0.7,200,1804850
20240213,10:05:57,0.7,400,1804850
20240213,10:05:58,0.7,200,1804850
20240213,10:05:59,0.7,200,1804850
20240213,10:06:00,0.75,2000,1804850
20240213,10:06:01,0.7,200,1804850
20240213,10:06:02,0.75,2200,1804850
20240213,10:06:03,0.7,200,1804850
20240213,10:06:04,0.7,200,1804850
20240213,10:06:05,0.7,2000,1804850
20240213,10:06:06,0.7,200,1804850
20240213,10:06:06,0.75,200,1804850
20240213,10:06:07,0.7,250,1804850
20240213,10:06:09,0.7,200,1804850
20240213,10:06:14,0.75,500,1804850
20240213,10:06:15,0.7,50,1804850
20240213,10:06:16,0.7,50,1804850
20240213,10:06:17,0.7,50,1804850
20240213,10:06:18,0.7,50,1804850
20240213,10:06:20,0.7,100,1804850
20240213,10:06:21,0.7,50,1804850
20240213,10:06:22,0.7,50,1804850
20240213,10:06:23,0.7,50,1804850
20240213,10:06:24,0.7,550,1804850
20240213,10:06:25,0.7,250,1804850
20240213,10:06:26,0.7,200,1804850
20240213,10:06:27,0.7,200,1804850
20240213,10:06:28,0.7,200,1804850
20240213,10:06:29,0.7,50,1804850
20240213,10:06:30,0.7,50,1804850
20240213,10:06:31,0.7,200,1804850
20240213,10:06:32,0.7,200,1804850
20240213,10:06:33,0.7,200,1804850
20240213,10:06:34,0.7,200,1804850
20240213,10:06:35,0.7,200,1804850
20240213,10:06:36,0.7,200,1807400
20240213,10:06:37,0.7,200,1807400
20240213,10:06:38,0.7,200,1807400
20240213,10:06:39,0.7,200,1807400
20240213,10:06:40,0.7,200,1807400
20240213,10:06:41,0.7,250,1807400
20240213,10:06:42,0.7,200,1807400
20240213,10:06:43,0.7,200,1807400
20240213,10:06:44,0.7,200,1807400
20240213,10:06:45,0.7,200,1807400
20240213,10:06:46,0.7,200,1807400
20240213,10:06:47,0.7,200,1807400
20240213,10:06:48,0.7,200,1807400
20240213,10:06:49,0.7,200,1807400
20240213,10:06:50,0.7,200,1807400
20240213,10:06:51,0.7,200,1807400
20240213,10:06:52,0.7,200,1807400
20240213,10:06:53,0.7,200,1807400
20240213,10:06:54,0.7,200,1807400
20240213,10:06:55,0.7,200,1807400
20240213,10:06:56,0.7,1550,1807400
20240213,10:06:57,0.7,250,1807400
20240213,10:06:58,0.7,50,1807400
20240213,10:06:59,0.7,1850,1807400
20240213,10:07:00,0.7,50,1807400
20240213,10:07:01,0.7,1850,1807400
20240213,10:07:02,0.7,1850,1807400
20240213,10:07:03,0.7,1850,1807400
20240213,10:07:04,0.7,50,1807400
20240213,10:07:05,0.7,50,1807400
20240213,10:07:06,0.7,50,1807400
20240213,10:07:12,0.7,150,1807400
20240213,10:07:15,0.75,150,1807400
20240213,10:07:16,0.7,150,1807400
20240213,10:07:26,0.75,50,1807400
20240213,10:07:28,0.7,300,1807400
20240213,10:07:29,0.75,50,1807400
20240213,10:07:34,0.75,33050,1807400
20240213,10:07:35,0.75,5200,1807400
20240213,10:07:36,0.7,9200,1807400
20240213,10:07:37,0.75,100,1807400
20240213,10:07:40,0.75,1500,1807400
20240213,10:07:41,0.7,50,1807400
20240213,10:07:45,0.75,1500,1807400
20240213,10:07:48,0.75,500,1807400
20240213,10:07:49,0.75,300,1807400
20240213,10:08:03,0.7,100,1807400
20240213,10:08:09,0.75,100,1807400
20240213,10:08:10,0.75,100,1807400
20240213,10:08:17,0.75,100,1807400
20240213,10:08:19,0.75,19150,1807400
20240213,10:08:20,0.75,800,1807400
20240213,10:08:22,0.75,50,1807400
20240213,10:08:23,0.75,8100,1807400
20240213,10:08:26,0.8,50,1807400
20240213,10:08:27,0.8,50,1807400
20240213,10:08:28,0.75,1050,1807400
20240213,10:08:29,0.8,150,1807400
20240213,10:08:30,0.8,50,1807400
20240213,10:08:31,0.8,150,1807400
20240213,10:08:32,0.8,150,1807400
20240213,10:08:33,0.8,150,1807400
20240213,10:08:34,0.8,150,1807400
20240213,10:08:35,0.75,300,1807400
20240213,10:08:36,0.8,150,1807400
20240213,10:08:37,0.8,200,1807400
20240213,10:08:38,0.8,50,1807400
20240213,10:08:39,0.8,50,1807400
20240213,10:08:40,0.8,50,1807400
20240213,10:08:41,0.8,150,1807400
20240213,10:08:42,0.8,150,1807400
20240213,10:08:43,0.8,150,1807400
20240213,10:08:44,0.8,150,1807400
20240213,10:08:46,0.8,50,1807400
20240213,10:08:49,0.8,50,1807400
20240213,10:08:50,0.8,50,1807400
20240213,10:08:51,0.8,50,1807400
20240213,10:08:56,0.75,350,1807400
20240213,10:08:58,0.75,150,1807400
20240213,10:08:59,0.75,300,1807400
20240213,10:09:00,0.75,700,1807400
20240213,10:09:06,0.8,50,1807400
20240213,10:09:07,0.75,550,1807400
20240213,10:09:14,0.75,19400,1807400
20240213,10:09:14,0.75,100,1807400
20240213,10:09:20,0.7,1000,1807400
20240213,10:09:25,0.75,150,1807400
20240213,10:09:27,0.7,200,1807400
20240213,10:09:34,0.75,1200,1807400
20240213,10:09:35,0.75,50,1807400
20240213,10:09:36,0.75,250,1807400
20240213,10:09:38,0.75,15100,1834300
20240213,10:09:50,0.75,100,1834300
20240213,10:09:52,0.75,100,1834300
20240213,10:09:52,0.75,2000,1834300
20240213,10:09:53,0.75,250,1834300
20240213,10:09:55,0.7,3050,1834300
20240213,10:09:57,0.75,3300,1834300
20240213,10:09:58,0.7,4000,1834300
20240213,10:09:59,0.7,450,1834300
20240213,10:10:01,0.75,400,1834300
20240213,10:10:02,0.75,300,1834300
20240213,10:10:03,0.75,250,1834300
20240213,10:10:08,0.7,2200,1834300
20240213,10:10:09,0.7,100,1834300
20240213,10:10:10,0.7,350,1834300
20240213,10:10:12,0.7,200,1834300
20240213,10:10:13,0.7,100,1834300
20240213,10:10:14,0.75,14200,1834300
20240213,10:10:15,0.75,12450,1834300
20240213,10:10:16,0.8,3200,1834300
20240213,10:10:17,0.8,3300,1834300
20240213,10:10:18,0.8,2100,1834300
20240213,10:10:19,0.8,1400,1834300
20240213,10:10:20,0.8,150,1834300
20240213,10:10:21,0.75,650,1834300
20240213,10:10:34,0.75,550,1834300
20240213,10:10:42,0.8,50,1834300
20240213,10:10:43,0.75,750,1834300
20240213,10:10:48,0.75,100,1834300
20240213,10:10:51,0.75,400,1834300
20240213,10:10:52,0.8,150,1834300
20240213,10:10:53,0.75,100,1834300
20240213,10:10:57,0.75,850,1834300
20240213,10:10:58,0.8,9950,1834300
20240213,10:11:04,0.8,50,1834300
20240213,10:11:12,0.75,1800,1834300
20240213,10:11:19,0.8,100,1834300
20240213,10:11:20,0.8,1800,1834300
20240213,10:11:22,0.8,1800,1834300
20240213,10:11:24,0.75,700,1834300
20240213,10:11:33,0.75,200,1834300
20240213,10:11:41,0.75,300,1834300
20240213,10:11:43,0.75,50,1834300
20240213,10:11:45,0.8,50,1834300
20240213,10:11:56,0.75,100,1834300
20240213,10:12:00,0.8,500,1834300
20240213,10:12:10,0.8,250,1834300
20240213,10:12:14,0.75,300,1834300
20240213,10:13:28,0.8,1800,1834300
20240213,10:13:29,0.8,4800,1833400
20240213,10:13:30,0.8,100,1833400
20240213,10:13:30,0.8,1800,1833400
20240213,10:13:31,0.8,11950,1833400
20240213,10:13:32,0.8,32700,1833400
20240213,10:13:33,0.8,5700,1833400
20240213,10:13:35,0.8,1800,1833400
20240213,10:13:47,0.8,600,1833400
20240213,10:13:56,0.85,50,1833400
20240213,10:14:04,0.85,1800,1833400
20240213,10:14:07,0.8,1300,1833400
20240213,10:14:08,0.8,7450,1833400
20240213,10:14:11,0.8,200,1833400
20240213,10:14:13,0.8,1800,1833400
20240213,10:14:15,0.75,200,1833400
20240213,10:14:20,0.75,50,1833400
20240213,10:14:39,0.8,250,1833400
20240213,10:14:40,0.8,1800,1833400
20240213,10:14:47,0.8,1800,1833400
20240213,10:14:53,0.8,1800,1833400
20240213,10:15:01,0.8,1800,1833400
20240213,10:15:09,0.8,10000,1833400
20240213,10:15:17,0.8,100,1833400
20240213,10:15:18,0.8,1150,1833400
20240213,10:15:19,0.8,700,1833400
20240213,10:15:20,0.8,5600,1833400
20240213,10:15:21,0.8,15850,1833400
20240213,10:15:23,0.8,200,1833400
20240213,10:15:24,0.8,50,1833400
20240213,10:15:26,0.8,1800,1833400
20240213,10:15:32,0.85,50,1833400
20240213,10:15:33,0.85,300,1833400
20240213,10:15:34,0.8,150,1833400
20240213,10:15:36,0.85,6300,1833400
20240213,10:15:36,0.85,2850,1833400
20240213,10:15:37,0.85,5250,1805700
20240213,10:15:39,0.85,350,1805700
20240213,10:15:40,0.85,1800,1805700
20240213,10:15:44,0.85,200,1805700
20240213,10:15:54,0.85,250,1805700
20240213,10:16:00,0.85,45100,1805700
20240213,10:16:06,0.85,600,1805700
20240213,10:16:07,0.85,200,1805700
20240213,10:16:13,0.85,100,1805700
20240213,10:16:46,0.8,150,1805700
20240213,10:16:53,0.85,150,1805700
20240213,10:16:54,0.8,400,1805700
20240213,10:16:57,0.8,900,1805700
20240213,10:17:06,0.8,1800,1805700
20240213,10:17:08,0.8,9350,1805700
20240213,10:17:11,0.8,50,1805700
20240213,10:17:15,0.8,11200,1805700
20240213,10:17:16,0.85,150,1805700
20240213,10:17:19,0.8,10000,1805700
20240213,10:17:27,0.8,100,1805700
20240213,10:17:36,0.8,1800,1805700
20240213,10:17:45,0.8,200,1805700
20240213,10:17:47,0.8,1800,1805700
20240213,10:17:56,0.85,150,1805700
20240213,10:17:57,0.8,50,1805700
20240213,10:17:58,0.8,50,1805700
20240213,10:17:59,0.85,200,1805700
20240213,10:18:00,0.8,50,1805700
20240213,10:18:01,0.8,50,1805700
20240213,10:18:02,0.8,50,1805700
20240213,10:18:03,0.8,50,1805700
20240213,10:18:04,0.8,200,1805700
20240213,10:18:05,0.8,200,1805700
20240213,10:18:06,0.85,400,1805700
20240213,10:18:07,0.8,50,1805700
20240213,10:18:08,0.8,300,1805700
20240213,10:18:09,0.8,50,1805700
20240213,10:18:10,0.8,250,1805700
20240213,10:18:11,0.8,50,1805700
20240213,10:18:12,0.8,50,1805700
20240213,10:18:20,0.85,150,1805700
20240213,10:18:26,0.8,2400,1805700
20240213,10:18:27,0.8,4800,1805700
20240213,10:18:30,0.8,200,1805700
20240213,10:18:32,0.8,1800,1805700
20240213,10:18:34,0.8,2850,1805700
20240213,10:18:35,0.8,12600,1805700
20240213,10:18:36,0.8,50,1805700
20240213,10:18:39,0.8,50,1805700
20240213,10:18:42,0.75,100,1807250
20240213,10:18:48,0.8,150,1807250
20240213,10:18:50,0.75,200,1807250
20240213,10:18:51,0.75,200,1807250
20240213,10:18:52,0.75,850,1807250
20240213,10:18:53,0.75,200,1807250
20240213,10:18:54,0.75,350,1807250
20240213,10:18:55,0.75,200,1807250
20240213,10:18:56,0.75,350,1807250
20240213,10:18:57,0.75,200,1807250
20240213,10:18:58,0.75,200,1807250
20240213,10:18:59,0.75,200,1807250
20240213,10:19:00,0.75,200,1807250
20240213,10:19:01,0.75,200,1807250
20240213,10:19:02,0.75,200,1807250
20240213,10:19:03,0.75,200,1807250
20240213,10:19:04,0.75,200,1807250
20240213,10:19:05,0.75,200,1807250
20240213,10:19:06,0.75,200,1807250
20240213,10:19:07,0.75,350,1807250
20240213,10:19:08,0.75,250,1807250
20240213,10:19:09,0.8,250,1807250
20240213,10:19:10,0.75,200,1807250
20240213,10:19:11,0.75,200,1807250
20240213,10:19:12,0.75,200,1807250
20240213,10:19:13,0.75,50,1807250
20240213,10:19:16,0.8,1800,1807250
20240213,10:19:23,0.8,1500,1807250
20240213,10:19:28,0.8,50,1807250
20240213,10:19:57,0.8,150,1807250
20240213,10:20:06,0.75,500,1807250
20240213,10:20:09,0.75,1000,1807250
20240213,10:20:10,0.75,500,1807250
20240213,10:20:11,0.75,2400,1807250
20240213,10:20:15,0.75,14800,1807250
20240213,10:20:16,0.75,150,1807250
20240213,10:20:24,0.75,350,1807250
20240213,10:20:30,0.75,50,1807250
20240213,10:20:31,0.75,300,1807250
20240213,10:21:06,0.75,50,1807250
20240213,10:21:25,0.75,50,1807250
20240213,10:21:27,0.75,100,1807250
20240213,10:21:36,0.7,250,1807250
20240213,10:21:42,0.75,900,1807250
20240213,10:21:46,0.75,50,1806050
20240213,10:21:48,0.7,4000,1806050
20240213,10:21:54,0.7,1000,1806050
20240213,10:22:08,0.75,200,1806050
20240213,10:22:40,0.75,150,1806050
20240213,10:22:43,0.75,1800,1806050
20240213,10:23:04,0.7,250,1806050
20240213,10:23:06,0.75,50,1806050
20240213,10:23:29,0.7,50,1806050
20240213,10:23:48,0.75,200,1806050
20240213,10:24:07,0.75,1800,1806050
20240213,10:24:08,0.75,200,1806050
20240213,10:24:30,0.75,19600,1806050
20240213,10:24:31,0.8,50,1806050
20240213,10:24:36,0.75,100,1806050
20240213,10:24:39,0.75,2000,1806050
20240213,10:24:41,0.75,3600,1812900
20240213,10:24:43,0.75,1500,1812900
20240213,10:24:44,0.75,3300,1812900
20240213,10:24:45,0.75,1000,1812900
20240213,10:24:47,0.7,200,1812900
20240213,10:25:09,0.75,150,1812900
20240213,10:25:25,0.75,50,1812900
20240213,10:25:26,0.75,100,1812900
20240213,10:25:27,0.75,200,1812900
20240213,10:25:51,0.75,1050,1812900
20240213,10:26:04,0.7,50,1812900
20240213,10:26:05,0.7,750,1812900
20240213,10:26:10,0.75,250,1812900
20240213,10:26:30,0.7,100,1812900
20240213,10:26:39,0.7,1800,1812900
20240213,10:26:41,0.7,1800,1812900
20240213,10:27:40,0.75,50,1823100
20240213,10:27:42,0.7,500,1823100
20240213,10:28:09,0.75,200,1823100
20240213,10:28:11,0.75,550,1823100
20240213,10:28:43,0.75,50,1823100
20240213,10:29:10,0.75,50,1823100
20240213,10:29:11,0.75,500,1823100
20240213,10:29:18,0.75,250,1823100
20240213,10:29:46,0.75,50,1823100
20240213,10:29:55,0.75,1300,1823100
20240213,10:30:04,0.75,50,1823100
20240213,10:30:17,0.75,250,1823100
20240213,10:30:23,0.75,250,1823100
20240213,10:30:27,0.75,350,1823100
20240213,10:30:28,0.7,50,1823100
20240213,10:30:30,0.75,50,1823100
20240213,10:30:31,0.75,300,1823100
20240213,10:30:33,0.75,250,1823100
20240213,10:31:09,0.75,50,1819900
20240213,10:31:17,0.75,1000,1819900
20240213,10:31:27,0.75,250,1819900
20240213,10:31:35,0.75,450,1819900
20240213,10:31:36,0.7,100,1819900
20240213,10:31:41,0.75,250,1819900
20240213,10:31:55,0.75,250,1819900
20240213,10:31:55,0.75,1500,1819900
20240213,10:32:13,0.75,200,1819900
20240213,10:32:53,0.75,250,1819900
20240213,10:32:54,0.75,350,1819900
20240213,10:34:09,0.75,450,1816500
20240213,10:34:10,0.75,1800,1816500
20240213,10:34:11,0.75,300,1816500
20240213,10:34:12,0.75,32650,1816500
20240213,10:34:19,0.75,250,1816500
20240213,10:35:04,0.75,600,1816500
20240213,10:35:29,0.8,350,1816500
20240213,10:35:33,0.8,100,1816500
20240213,10:35:58,0.8,1800,1816500
20240213,10:36:01,0.75,10100,1816500
20240213,10:36:02,0.7,50,1816500
20240213,10:36:09,0.75,200,1816500
20240213,10:36:19,0.7,50,1816500
20240213,10:36:20,0.75,1800,1816500
20240213,10:36:23,0.75,50,1816500
20240213,10:36:27,0.75,1800,1816500
20240213,10:36:28,0.75,50,1816500
20240213,10:36:59,0.75,1400,1816500
20240213,10:37:05,0.75,50,1814550
20240213,10:37:06,0.75,3550,1814550
20240213,10:37:07,0.8,8550,1814550
20240213,10:37:08,0.8,50,1814550
20240213,10:37:09,0.8,150,1814550
20240213,10:37:10,0.8,250,1814550
20240213,10:37:11,0.8,50,1814550
20240213,10:37:13,0.8,100,1814550
20240213,10:37:14,0.8,50,1814550
20240213,10:37:15,0.8,50,1814550
20240213,10:37:17,0.8,1350,1814550
20240213,10:37:18,0.8,50,1814550
20240213,10:37:19,0.8,50,1814550
20240213,10:37:20,0.8,50,1814550
20240213,10:37:21,0.8,150,1814550
20240213,10:37:22,0.8,150,1814550
20240213,10:37:23,0.8,150,1814550
20240213,10:37:25,0.8,200,1814550
20240213,10:37:26,0.8,50,1814550
20240213,10:37:27,0.8,50,1814550
20240213,10:37:28,0.8,150,1814550
20240213,10:37:29,0.8,150,1814550
20240213,10:37:30,0.8,150,1814550
20240213,10:37:31,0.8,150,1814550
20240213,10:37:32,0.8,150,1814550
20240213,10:37:33,0.8,200,1814550
20240213,10:37:34,0.8,200,1814550
20240213,10:37:35,0.8,200,1814550
20240213,10:37:36,0.8,200,1814550
20240213,10:37:37,0.8,50,1814550
20240213,10:37:38,0.8,50,1814550
20240213,10:37:39,0.8,50,1814550
20240213,10:37:40,0.8,50,1814550
20240213,10:37:41,0.8,50,1814550
20240213,10:37:42,0.8,50,1814550
20240213,10:37:43,0.8,50,1814550
20240213,10:37:43,0.8,200,1814550
20240213,10:37:44,0.8,950,1814550
20240213,10:37:45,0.8,50,1814550
20240213,10:37:46,0.8,50,1814550
20240213,10:37:48,0.8,100,1814550
20240213,10:37:49,0.8,50,1814550
20240213,10:37:50,0.8,1850,1814550
20240213,10:37:51,0.8,50,1814550
20240213,10:37:52,0.8,50,1814550
20240213,10:37:53,0.8,50,1814550
20240213,10:37:54,0.8,50,1814550
20240213,10:37:55,0.8,50,1814550
20240213,10:37:56,0.8,50,1814550
20240213,10:37:57,0.8,200,1814550
20240213,10:37:58,0.8,200,1814550
20240213,10:37:59,0.8,200,1814550
20240213,10:38:00,0.8,50,1814550
20240213,10:38:07,0.8,200,1814550
20240213,10:38:12,0.8,50,1814550
20240213,10:38:13,0.8,50,1814550
20240213,10:38:14,0.8,200,1814550
20240213,10:38:16,0.8,400,1814550
20240213,10:38:17,0.8,200,1814550
20240213,10:38:18,0.8,200,1814550
20240213,10:38:19,0.8,200,1814550
20240213,10:38:20,0.8,200,1814550
20240213,10:38:21,0.75,1450,1814550
20240213,10:38:22,0.8,200,1814550
20240213,10:38:23,0.8,200,1814550
20240213,10:38:24,0.8,200,1814550
20240213,10:38:33,0.8,1800,1814550
20240213,10:38:58,0.8,100,1814550
20240213,10:39:08,0.8,150,1814550
20240213,10:39:12,0.75,50,1814550
20240213,10:39:14,0.8,50,1814550
20240213,10:39:16,0.75,150,1814550
20240213,10:39:19,0.75,50,1814550
20240213,10:39:29,0.75,50,1814550
20240213,10:39:30,0.75,9000,1814550
20240213,10:39:31,0.75,1800,1814550
20240213,10:39:33,0.75,50,1814550
20240213,10:39:35,0.75,50,1814550
20240213,10:39:37,0.75,50,1814550
20240213,10:39:54,0.75,50,1829200
20240213,10:40:15,0.75,50,1829200
20240213,10:40:26,0.8,50,1829200
20240213,10:40:27,0.8,150,1829200
20240213,10:40:28,0.8,50,1829200
20240213,10:40:29,0.8,300,1829200
20240213,10:40:33,0.75,50,1829200
20240213,10:40:38,0.75,1800,1829200
20240213,10:40:41,0.75,100,1829200
20240213,10:40:55,0.75,50,1829200
20240213,10:41:02,0.75,750,1829200
20240213,10:41:05,0.8,50,1829200
20240213,10:41:13,0.75,50,1829200
20240213,10:41:18,0.75,50,1829200
20240213,10:41:19,0.75,50,1829200
20240213,10:41:23,0.75,50,1829200
20240213,10:41:30,0.75,50,1829200
20240213,10:41:37,0.8,100,1829200
20240213,10:41:42,0.75,50,1829200
20240213,10:41:48,0.75,50,1829200
20240213,10:42:03,0.75,1800,1829200
20240213,10:42:04,0.75,600,1829200
20240213,10:42:06,0.8,200,1829200
20240213,10:42:38,0.75,50,1829200
20240213,10:42:39,0.75,50,1829200
20240213,10:42:40,0.8,50,1829200
20240213,10:42:43,0.8,100,1826350
20240213,10:43:08,0.75,150,1826350
20240213,10:43:13,0.75,50,1826350
20240213,10:43:22,0.8,1400,1826350
20240213,10:43:28,0.8,750,1826350
20240213,10:43:49,0.75,50,1826350
20240213,10:43:51,0.75,50,1826350
20240213,10:43:59,0.8,2000,1826350
20240213,10:44:00,0.8,6800,1826350
20240213,10:44:03,0.75,50,1826350
20240213,10:44:07,0.8,200,1826350
20240213,10:44:10,0.75,150,1826350
20240213,10:44:26,0.8,1800,1826350
20240213,10:44:27,0.8,1800,1826350
20240213,10:44:52,0.75,50,1826350
20240213,10:44:55,0.8,150,1826350
20240213,10:45:13,0.8,50,1826350
20240213,10:45:19,0.75,200,1826350
20240213,10:45:32,0.8,300,1826350
20240213,10:45:33,0.8,50,1826350
20240213,10:45:47,0.8,1000,1821800
20240213,10:45:52,0.75,1800,1821800
20240213,10:45:53,0.75,1800,1821800
20240213,10:46:12,0.8,3200,1821800
20240213,10:46:13,0.8,1500,1821800
20240213,10:46:21,0.8,1500,1821800
20240213,10:46:22,0.8,300,1821800
20240213,10:46:25,0.8,150,1821800
20240213,10:46:27,0.8,500,1821800
20240213,10:46:30,0.8,300,1821800
20240213,10:46:31,0.8,3000,1821800
20240213,10:46:32,0.8,300,1821800
20240213,10:46:33,0.8,300,1821800
20240213,10:46:34,0.8,500,1821800
20240213,10:46:35,0.8,600,1821800
20240213,10:46:36,0.8,850,1821800
20240213,10:46:37,0.8,18500,1821800
20240213,10:46:38,0.85,500,1821800
20240213,10:46:39,0.8,700,1821800
20240213,10:46:40,0.85,700,1821800
20240213,10:46:41,0.85,650,1821800
20240213,10:46:42,0.8,100,1821800
20240213,10:46:43,0.85,500,1821800
20240213,10:46:44,0.85,900,1821800
20240213,10:46:45,0.8,2100,1821800
20240213,10:46:46,0.85,100,1821800
20240213,10:46:47,0.85,600,1821800
20240213,10:46:48,0.85,350,1821800
20240213,10:46:49,0.85,650,1821800
20240213,10:46:50,0.85,850,1821800
20240213,10:46:51,0.85,200,1821800
20240213,10:46:52,0.85,650,1821800
20240213,10:46:53,0.85,300,1821800
20240213,10:46:54,0.85,750,1821800
20240213,10:46:55,0.85,300,1821800
20240213,10:46:56,0.85,600,1821800
20240213,10:46:57,0.85,450,1821800
20240213,10:46:58,0.85,2100,1821800
20240213,10:46:59,0.85,900,1821800
20240213,10:47:00,0.85,650,1821800
20240213,10:47:01,0.85,2400,1821800
20240213,10:47:02,0.85,950,1821800
20240213,10:47:03,0.85,50,1821800
20240213,10:47:04,0.85,900,1821800
20240213,10:47:05,0.85,350,1821800
20240213,10:47:07,0.85,300,1821800
20240213,10:47:08,0.85,300,1821800
20240213,10:47:09,0.85,750,1821800
20240213,10:47:10,0.85,300,1821800
20240213,10:47:11,0.85,300,1821800
20240213,10:47:12,0.85,150,1821800
20240213,10:47:13,0.85,300,1821800
20240213,10:47:14,0.85,550,1821800
20240213,10:47:16,0.85,300,1821800
20240213,10:47:18,0.85,300,1821800
20240213,10:47:19,0.85,300,1821800
20240213,10:47:20,0.85,300,1821800
20240213,10:47:22,0.85,300,1821800
20240213,10:47:23,0.85,300,1821800
20240213,10:47:25,0.85,1800,1821800
20240213,10:47:26,0.85,4200,1821800
20240213,10:47:28,0.85,300,1821800
20240213,10:47:29,0.85,300,1821800
20240213,10:47:31,0.85,200,1821800
20240213,10:47:32,0.85,200,1821800
20240213,10:47:48,0.8,1800,1821800
20240213,10:47:51,0.8,1800,1821800
20240213,10:48:02,0.8,50,1821800
20240213,10:48:07,0.8,100,1821800
20240213,10:48:08,0.85,200,1821800
20240213,10:48:29,0.85,50,1821800
20240213,10:48:40,0.8,1800,1821800
20240213,10:48:42,0.8,1800,1820850
20240213,10:48:43,0.8,1800,1820850
20240213,10:48:44,0.8,1800,1820850
20240213,10:48:47,0.8,1800,1820850
20240213,10:49:00,0.8,9300,1820850
20240213,10:49:02,0.8,1300,1820850
20240213,10:49:03,0.8,2650,1820850
20240213,10:49:05,0.8,1300,1820850
20240213,10:49:09,0.8,1700,1820850
20240213,10:49:20,0.8,1800,1820850
20240213,10:49:21,0.75,200,1820850
20240213,10:49:27,0.8,9650,1820850
20240213,10:49:27,0.8,7700,1820850
20240213,10:49:28,0.8,6000,1820850
20240213,10:49:56,0.75,50,1820850
20240213,10:50:21,0.8,1800,1820850
20240213,10:50:25,0.8,200,1820850
20240213,10:50:27,0.8,6150,1820850
20240213,10:50:28,0.85,300,1820850
20240213,10:50:43,0.8,100,1820850
20240213,10:50:52,0.8,3600,1820850
20240213,10:50:53,0.8,300,1820850
20240213,10:50:58,0.8,1800,1820850
20240213,10:51:05,0.8,1800,1820850
20240213,10:51:10,0.85,3300,1820850
20240213,10:51:23,0.8,1800,1820850
20240213,10:51:25,0.8,1800,1820850
20240213,10:51:32,0.85,50,1820850
20240213,10:51:35,0.8,50,1820850
20240213,10:52:07,0.85,200,1836550
20240213,10:52:10,0.85,100,1836550
20240213,10:52:11,0.85,100,1836550
20240213,10:52:12,0.85,100,1836550
20240213,10:52:13,0.85,100,1836550
20240213,10:52:14,0.85,100,1836550
20240213,10:52:15,0.85,150,1836550
20240213,10:52:19,0.85,1200,1836550
20240213,10:52:20,0.8,50,1836550
20240213,10:53:18,0.85,400,1836550
20240213,10:53:20,0.85,1800,1836550
20240213,10:53:23,0.85,3150,1836550
20240213,10:53:25,0.85,850,1836550
20240213,10:53:31,0.85,500,1836550
20240213,10:53:32,0.85,5400,1836550
20240213,10:53:51,0.85,4100,1836550
20240213,10:53:57,0.85,50,1836550
20240213,10:54:01,0.85,1000,1836550
20240213,10:54:03,0.85,400,1836550
20240213,10:54:07,0.9,200,1836550
20240213,10:54:20,0.9,200,1836550
20240213,10:54:23,0.9,1800,1836550
20240213,10:54:25,0.85,50,1836550
20240213,10:54:30,0.85,1800,1836550
20240213,10:54:32,0.85,1800,1836550
20240213,10:54:35,0.85,7000,1836550
20240213,10:54:37,0.8,100,1836550
20240213,10:54:43,0.85,1000,1836550
20240213,10:54:48,0.85,50,1839600
20240213,10:54:56,0.85,500,1839600
20240213,10:54:57,0.8,150,1839600
20240213,10:55:06,0.85,500,1839600
20240213,10:55:32,0.85,150,1839600
20240213,10:55:33,0.85,200,1839600
20240213,10:55:46,0.8,50,1839600
20240213,10:55:52,0.8,50,1839600
20240213,10:56:08,0.85,100,1839600
20240213,10:56:12,0.8,750,1839600
20240213,10:56:35,0.8,1500,1839600
20240213,10:57:19,0.8,50,1839600
20240213,10:57:36,0.85,100,1839600
20240213,10:58:06,0.85,200,1838100
20240213,10:58:10,0.8,1800,1838100
20240213,10:58:15,0.8,1350,1838100
20240213,10:58:24,0.8,16100,1838100
20240213,10:58:25,0.8,1300,1838100
20240213,10:58:26,0.8,50,1838100
20240213,10:58:28,0.8,250,1838100
20240213,10:58:29,0.8,50,1838100
20240213,10:58:54,0.75,50,1838100
20240213,10:59:26,0.75,50,1838100
20240213,10:59:27,0.75,50,1838100
20240213,10:59:38,0.8,50,1838100
20240213,10:59:44,0.75,200,1838100
20240213,10:59:45,0.75,4900,1838100
20240213,10:59:46,0.75,50,1838100
20240213,10:59:47,0.75,50,1838100
20240213,10:59:48,0.75,50,1838100
20240213,10:59:49,0.75,200,1838100
20240213,10:59:50,0.75,200,1838100
20240213,10:59:51,0.75,200,1838100
20240213,10:59:52,0.75,50,1838100
20240213,10:59:53,0.75,50,1838100
20240213,10:59:55,0.75,50,1838100
20240213,10:59:56,0.75,50,1838100
20240213,10:59:57,0.75,50,1838100
20240213,10:59:58,0.75,50,1838100
20240213,10:59:59,0.75,50,1838100
20240213,11:00:00,0.75,200,1838100
20240213,11:00:01,0.75,200,1838100
20240213,11:00:02,0.75,7550,1838100
20240213,11:00:03,0.75,200,1838100
20240213,11:00:04,0.75,1600,1838100
20240213,11:00:06,0.75,900,1838100
20240213,11:00:06,0.75,14900,1838100
20240213,11:00:07,0.7,200,1838100
20240213,11:00:08,0.75,350,1838100
20240213,11:00:09,0.7,200,1838100
20240213,11:00:10,0.7,200,1838100
20240213,11:00:12,0.7,500,1838100
20240213,11:00:13,0.7,200,1838100
20240213,11:00:14,0.7,200,1838100
20240213,11:00:15,0.7,200,1838100
20240213,11:00:17,0.7,400,1838100
20240213,11:00:18,0.7,200,1838100
20240213,11:00:19,0.7,200,1838100
20240213,11:00:20,0.7,200,1838100
20240213,11:00:21,0.7,200,1838100
20240213,11:00:22,0.75,950,1838100
20240213,11:00:27,0.75,200,1838100
20240213,11:00:30,0.75,50,1838100
20240213,11:00:31,0.75,300,1838100
20240213,11:00:35,0.75,11750,1838100
20240213,11:00:37,0.75,1500,1838100
20240213,11:00:39,0.75,1500,1838100
20240213,11:00:40,0.75,2700,1838100
20240213,11:00:42,0.75,2500,1838100
20240213,11:00:46,0.75,200,1828150
20240213,11:00:47,0.75,200,1828150
20240213,11:00:48,0.75,200,1828150
20240213,11:01:27,0.75,1550,1828150
20240213,11:01:38,0.75,1350,1828150
20240213,11:01:55,0.75,50,1828150
20240213,11:02:18,0.8,200,1828150
20240213,11:02:35,0.75,50,1828150
20240213,11:02:48,0.75,50,1828150
20240213,11:02:51,0.75,11050,1828150
20240213,11:03:07,0.75,1800,1828150
20240213,11:03:08,0.75,8800,1828150
20240213,11:03:09,0.75,300,1828150
20240213,11:03:17,0.75,1700,1828150
20240213,11:03:29,0.75,50,1828150
20240213,11:03:32,0.75,50,1828150
20240213,11:03:35,0.8,100,1828150
20240213,11:03:51,0.8,1800,1821850
20240213,11:04:06,0.75,250,1821850
20240213,11:04:07,0.75,200,1821850
20240213,11:04:08,0.75,150,1821850
20240213,11:04:08,0.8,200,1821850
20240213,11:04:21,0.75,50,1821850
20240213,11:04:24,0.75,50,1821850
20240213,11:04:31,0.8,100,1821850
20240213,11:04:40,0.8,100,1821850
20240213,11:05:04,0.8,100,1821850
20240213,11:05:33,0.8,100,1821850
20240213,11:05:33,0.8,50,1821850
20240213,11:05:34,0.8,150,1821850
20240213,11:05:35,0.8,100,1821850
20240213,11:05:56,0.8,300,1821850
20240213,11:06:14,0.8,200,1821850
20240213,11:06:29,0.8,50,1821850
20240213,11:07:11,0.75,250,1822000
20240213,11:07:11,0.8,50,1822000
20240213,11:07:17,0.8,1800,1822000
20240213,11:07:28,0.75,1800,1822000
20240213,11:07:37,0.75,1150,1822000
20240213,11:07:52,0.75,1500,1822000
20240213,11:07:53,0.75,6000,1822000
20240213,11:08:07,0.8,200,1822000
20240213,11:08:24,0.8,1000,1822000
20240213,11:08:32,0.8,450,1822000
20240213,11:08:36,0.8,1000,1822000
20240213,11:08:38,0.8,750,1822000
20240213,11:08:47,0.8,1000,1822000
20240213,11:08:59,0.8,350,1822000
20240213,11:09:20,0.8,1300,1822000
20240213,11:09:24,0.8,300,1822000
20240213,11:09:24,0.8,1500,1822000
20240213,11:09:33,0.8,500,1822000
20240213,11:09:34,0.8,1800,1822000
20240213,11:09:53,0.8,250,1822000
20240213,11:09:55,0.8,500,1814050
20240213,11:09:56,0.8,3600,1814050
20240213,11:09:56,0.8,11100,1814050
20240213,11:10:02,0.8,5000,1814050
20240213,11:10:09,0.8,250,1814050
20240213,11:10:15,0.8,7000,1814050
20240213,11:10:22,0.8,1000,1814050
20240213,11:10:23,0.85,200,1814050
20240213,11:10:32,0.85,50,1814050
20240213,11:10:32,0.85,300,1814050
20240213,11:10:46,0.8,450,1814050
20240213,11:11:22,0.85,250,1814050
20240213,11:11:22,0.85,1800,1814050
20240213,11:11:56,0.8,100,1814050
20240213,11:11:58,0.8,1800,1814050
20240213,11:11:58,0.8,5450,1814050
20240213,11:12:10,0.8,200,1814050
20240213,11:12:44,0.8,50,1814050
20240213,11:13:06,0.8,1000,1814050
20240213,11:13:08,0.8,250,1807250
20240213,11:13:09,0.8,28300,1807250
20240213,11:13:19,0.8,50,1807250
20240213,11:13:24,0.8,150,1807250
20240213,11:13:32,0.8,50,1807250
20240213,11:13:52,0.8,500,1807250
20240213,11:14:07,0.85,200,1807250
20240213,11:14:11,0.8,100,1807250
20240213,11:14:15,0.8,50,1807250
20240213,11:14:20,0.8,1800,1807250
20240213,11:14:29,0.85,1800,1807250
20240213,11:14:46,0.85,50,1807250
20240213,11:15:11,0.8,100,1807250
20240213,11:15:16,0.85,1800,1807250
20240213,11:15:17,0.8,50,1807250
20240213,11:15:32,0.85,50,1807250
20240213,11:15:33,0.85,300,1807250
20240213,11:16:10,0.85,250,1807250
20240213,11:16:11,0.8,200,1816250
20240213,11:16:14,0.8,100,1816250
20240213,11:16:19,0.8,1000,1816250
20240213,11:16:51,0.85,250,1816250
20240213,11:16:58,0.8,200,1816250
20240213,11:17:01,0.8,1200,1816250
20240213,11:17:30,0.85,50,1816250
20240213,11:17:43,0.8,100,1816250
20240213,11:17:45,0.8,50,1816250
20240213,11:17:58,0.8,1800,1816250
20240213,11:18:06,0.8,100,1816250
20240213,11:18:07,0.8,500,1816250
20240213,11:18:08,0.8,24150,1816250
20240213,11:18:15,0.8,50,1816250
20240213,11:18:23,0.8,1550,1816250
20240213,11:18:34,0.75,150,1816250
20240213,11:18:45,0.75,150,1816250
20240213,11:18:52,0.75,50,1816250
20240213,11:19:02,0.75,100,1808800
20240213,11:19:45,0.8,500,1808800
20240213,11:19:47,0.75,200,1808800
20240213,11:19:48,0.8,650,1808800
20240213,11:19:51,0.75,1400,1808800
20240213,11:20:25,0.8,200,1808800
20240213,11:20:27,0.8,50,1808800
20240213,11:20:27,0.8,250,1808800
20240213,11:20:28,0.8,50,1808800
20240213,11:20:38,0.75,250,1808800
20240213,11:20:38,0.8,100,1808800
20240213,11:20:41,0.8,450,1808800
20240213,11:20:44,0.75,50,1808800
20240213,11:20:45,0.75,50,1808800
20240213,11:21:25,0.8,1000,1808800
20240213,11:21:42,0.75,150,1808800
20240213,11:21:54,0.8,50,1811050
20240213,11:21:55,0.75,50,1811050
20240213,11:21:56,0.75,50,1811050
20240213,11:21:57,0.75,100,1811050
20240213,11:21:58,0.75,100,1811050
20240213,11:21:59,0.75,100,1811050
20240213,11:22:00,0.75,100,1811050
20240213,11:22:01,0.75,100,1811050
20240213,11:22:02,0.75,100,1811050
20240213,11:22:03,0.75,100,1811050
20240213,11:22:04,0.75,100,1811050
20240213,11:22:05,0.75,100,1811050
20240213,11:22:06,0.75,100,1811050
20240213,11:22:07,0.75,100,1811050
20240213,11:22:08,0.8,200,1811050
20240213,11:22:09,0.75,50,1811050
20240213,11:22:15,0.75,50,1811050
20240213,11:22:16,0.75,50,1811050
20240213,11:22:17,0.75,100,1811050
20240213,11:22:18,0.75,50,1811050
20240213,11:22:27,0.75,400,1811050
20240213,11:22:31,0.8,700,1811050
20240213,11:22:53,0.75,1800,1811050
20240213,11:23:30,0.75,250,1811050
20240213,11:24:03,0.75,50,1811050
20240213,11:24:07,0.8,50,1811050
20240213,11:24:08,0.8,50,1811050
20240213,11:24:09,0.8,100,1811050
20240213,11:24:15,0.75,50,1811050
20240213,11:24:17,0.8,1450,1811050
20240213,11:24:45,0.75,50,1811050
20240213,11:25:56,0.8,1050,1811050
20240213,11:25:57,0.8,300,1807350
20240213,11:26:02,0.75,500,1807350
20240213,11:26:14,0.8,200,1807350
20240213,11:26:16,0.8,50,1807350
20240213,11:26:22,0.8,50,1807350
20240213,11:26:58,0.75,200,1807350
20240213,11:26:59,0.75,1200,1807350
20240213,11:27:00,0.75,1300,1807350
20240213,11:27:01,0.8,400,1807350
20240213,11:27:20,0.8,150,1807350
20240213,11:27:26,0.75,200,1807350
20240213,11:27:34,0.8,100,1807350
20240213,11:27:35,0.75,50,1807350
20240213,11:27:42,0.8,3800,1807350
20240213,11:28:07,0.8,200,1805350
20240213,11:28:14,0.75,50,1805350
20240213,11:28:26,0.75,50,1805350
20240213,11:28:30,0.8,50,1805350
20240213,11:28:32,0.75,50,1805350
20240213,11:29:45,0.8,50,1805350
20240213,11:29:57,0.8,50,1805350
20240213,11:29:58,0.8,200,1805350
20240213,11:30:17,0.75,1800,1805350
20240213,11:30:20,0.8,750,1805350
20240213,11:30:26,0.8,200,1805350
20240213,11:30:28,0.8,100,1805350
20240213,11:30:31,0.8,50,1805350
20240213,11:30:32,0.8,300,1805350
20240213,11:30:33,0.75,50,1805350
20240213,11:30:36,0.75,50,1805350
20240213,11:30:45,0.75,50,1805350
20240213,11:30:49,0.75,50,1805350
20240213,11:30:58,0.8,400,1805350
20240213,11:31:12,0.75,50,1805350
20240213,11:31:24,0.8,50,1805350
20240213,11:31:36,0.75,400,1805350
20240213,11:32:02,0.8,1500,1805350
20240213,11:32:03,0.8,1500,1805350
20240213,11:32:29,0.8,200,1805350
20240213,11:32:48,0.8,250,1805350
20240213,11:33:04,0.75,50,1805350
20240213,11:33:12,0.75,100,1805350
20240213,11:33:12,0.75,50,1805350
20240213,11:33:13,0.75,100,1805350
20240213,11:33:19,0.75,1800,1805350
20240213,11:33:24,0.75,50,1805350
20240213,11:33:27,0.75,1800,1805350
20240213,11:33:34,0.75,50,1805350
20240213,11:33:44,0.75,50,1805350
20240213,11:33:50,0.75,1400,1804750
20240213,11:33:54,0.75,50,1804750
20240213,11:34:03,0.75,1800,1804750
20240213,11:34:04,0.75,1850,1804750
20240213,11:34:06,0.8,200,1804750
20240213,11:34:08,0.8,200,1804750
20240213,11:34:15,0.75,50,1804750
20240213,11:34:26,0.75,50,1804750
20240213,11:34:33,0.75,13800,1804750
20240213,11:34:35,0.7,1800,1804750
20240213,11:34:37,0.7,500,1804750
20240213,11:34:38,0.75,1850,1804750
20240213,11:34:41,0.75,1800,1804750
20240213,11:34:53,0.75,500,1804750
20240213,11:34:54,0.75,500,1804750
20240213,11:34:55,0.75,150,1804750
20240213,11:35:04,0.7,50,1804750
20240213,11:35:20,0.75,50,1804750
20240213,11:35:26,0.75,150,1804750
20240213,11:35:27,0.75,300,1804750
20240213,11:35:31,0.75,1800,1804750
20240213,11:35:32,0.75,1800,1804750
20240213,11:35:37,0.7,100,1804750
20240213,11:35:45,0.7,50,1804750
20240213,11:35:53,0.7,50,1804750
20240213,11:36:01,0.7,1300,1804750
20240213,11:36:02,0.7,50,1804750
20240213,11:36:03,0.7,50,1804750
20240213,11:36:05,0.7,1800,1804750
20240213,11:36:06,0.75,200,1804750
20240213,11:36:10,0.7,250,1804750
20240213,11:36:11,0.7,150,1804750
20240213,11:36:12,0.7,250,1804750
20240213,11:36:13,0.7,300,1804750
20240213,11:36:14,0.7,250,1804750
20240213,11:36:15,0.7,250,1804750
20240213,11:36:16,0.7,250,1804750
20240213,11:36:17,0.7,100,1804750
20240213,11:36:19,0.7,1000,1804750
20240213,11:36:23,0.7,50,1804750
20240213,11:36:34,0.7,50,1804750
20240213,11:36:44,0.7,50,1804750
20240213,11:36:54,0.7,50,1804750
20240213,11:37:00,0.7,200,1801700
20240213,11:37:04,0.7,50,1801700
20240213,11:37:24,0.7,50,1801700
20240213,11:37:35,0.7,50,1801700
20240213,11:37:37,0.7,50,1801700
20240213,11:37:39,0.7,50,1801700
20240213,11:37:41,0.7,50,1801700
20240213,11:37:44,0.7,150,1801700
20240213,11:37:44,0.7,100,1801700
20240213,11:37:45,0.7,250,1801700
20240213,11:37:46,0.7,250,1801700
20240213,11:37:47,0.7,300,1801700
20240213,11:37:48,0.7,300,1801700
20240213,11:37:49,0.7,250,1801700
20240213,11:37:50,0.7,300,1801700
20240213,11:37:51,0.7,250,1801700
20240213,11:37:52,0.7,250,1801700
20240213,11:37:53,0.7,250,1801700
20240213,11:37:54,0.7,250,1801700
20240213,11:37:57,0.7,100,1801700
20240213,11:37:57,0.7,50,1801700
20240213,11:38:04,0.7,100,1801700
20240213,11:38:06,0.75,200,1801700
20240213,11:38:10,0.75,50,1801700
20240213,11:38:14,0.7,100,1801700
20240213,11:38:22,0.7,100,1801700
20240213,11:38:23,0.7,200,1801700
20240213,11:38:24,0.7,150,1801700
20240213,11:38:25,0.7,100,1801700
20240213,11:38:27,0.7,100,1801700
20240213,11:39:59,0.7,200,1801850
20240213,11:40:00,0.7,250,1801850
20240213,11:40:01,0.7,250,1801850
20240213,11:40:02,0.7,300,1801850
20240213,11:40:03,0.7,300,1801850
20240213,11:40:04,0.7,250,1801850
20240213,11:40:05,0.7,250,1801850
20240213,11:40:06,0.7,200,1801850
20240213,11:40:23,0.7,1800,1801850
20240213,11:40:25,0.75,2000,1801850
20240213,11:40:27,0.75,50,1801850
20240213,11:40:28,0.75,300,1801850
20240213,11:40:29,0.7,1850,1801850
20240213,11:40:35,0.7,1800,1801850
20240213,11:41:23,0.7,1800,1801850
20240213,11:41:38,0.7,50,1801850
20240213,11:41:57,0.7,1000,1801850
20240213,11:42:09,0.75,200,1801850
20240213,11:42:48,0.7,500,1801850
20240213,11:42:50,0.7,50,1801850
20240213,11:42:54,0.7,100,1801850
20240213,11:43:26,0.7,100,1803650
20240213,11:43:30,0.7,100,1803650
20240213,11:43:33,0.7,50,1803650
20240213,11:43:38,0.7,100,1803650
20240213,11:43:39,0.75,500,1803650
20240213,11:43:43,0.7,50,1803650
20240213,11:43:54,0.7,50,1803650
20240213,11:43:54,0.75,600,1803650
20240213,11:44:00,0.7,250,1803650
20240213,11:44:00,0.7,150,1803650
20240213,11:44:01,0.7,100,1803650
20240213,11:44:04,0.7,50,1803650
20240213,11:44:10,0.75,200,1803650
20240213,11:44:14,0.7,50,1803650
20240213,11:44:24,0.7,50,1803650
20240213,11:44:32,0.7,150,1803650
20240213,11:44:34,0.7,50,1803650
20240213,11:44:35,0.7,250,1803650
20240213,11:44:36,0.7,250,1803650
20240213,11:44:37,0.7,250,1803650
20240213,11:44:38,0.7,300,1803650
20240213,11:44:39,0.7,200,1803650
20240213,11:44:44,0.7,50,1803650
20240213,11:44:45,0.7,50,1803650
20240213,11:44:47,0.7,50,1803650
20240213,11:44:50,0.7,200,1803650
20240213,11:44:51,0.7,1800,1803650
20240213,11:45:28,0.75,1850,1803650
20240213,11:45:29,0.75,300,1803650
20240213,11:45:31,0.75,1800,1803650
20240213,11:45:33,0.75,1800,1803650
20240213,11:45:36,0.75,1800,1803650
20240213,11:45:38,0.75,1800,1803650
20240213,11:46:01,0.7,100,1803650
20240213,11:46:02,0.7,100,1802400
20240213,11:46:08,0.75,700,1802400
20240213,11:46:22,0.75,1800,1802400
20240213,11:47:30,0.75,50,1802400
20240213,11:48:26,0.75,200,1802400
20240213,11:48:40,0.75,1000,1802400
20240213,11:49:14,0.7,3600,1806200
20240213,11:49:15,0.7,4750,1806200
20240213,11:49:56,0.7,50,1806200
20240213,11:50:17,0.7,1800,1806200
20240213,11:50:23,0.75,250,1806200
20240213,11:50:25,0.75,50,1806200
20240213,11:50:25,0.75,300,1806200
20240213,11:50:35,0.75,500,1806200
20240213,11:52:06,0.7,1800,1806200
20240213,11:52:06,0.75,200,1815150
20240213,11:52:51,0.7,50,1815150
20240213,11:52:56,0.7,100,1815150
20240213,11:52:56,0.7,150,1815150
20240213,11:52:57,0.7,100,1815150
20240213,11:52:59,0.7,100,1815150
20240213,11:53:00,0.7,300,1815150
20240213,11:53:01,0.75,200,1815150
20240213,11:53:02,0.7,50,1815150
20240213,11:53:14,0.7,50,1815150
20240213,11:53:24,0.7,50,1815150
20240213,11:53:28,0.75,50,1815150
20240213,11:53:29,0.75,1800,1815150
20240213,11:53:53,0.75,500,1815150
20240213,11:53:55,0.7,500,1815150
20240213,11:53:56,0.7,500,1815150
20240213,11:53:59,0.75,500,1815150
20240213,11:54:06,0.75,200,1815150
20240213,11:54:29,0.75,1200,1815150
20240213,11:54:43,0.75,50,1815150
20240213,11:54:46,0.7,1000,1815150
20240213,11:54:47,0.7,2000,1815150
20240213,11:54:48,0.7,2000,1815150
20240213,11:54:49,0.7,2000,1815150
20240213,11:54:50,0.7,2000,1815150
20240213,11:54:51,0.7,3000,1815150
20240213,11:54:52,0.7,2000,1819550
20240213,11:54:53,0.7,2000,1819550
20240213,11:54:54,0.7,2000,1819550
20240213,11:54:55,0.7,1000,1819550
20240213,11:55:11,0.75,1800,1819550
20240213,11:55:33,0.75,50,1819550
20240213,11:55:34,0.75,300,1819550
20240213,11:56:06,0.75,200,1819550
20240213,11:56:11,0.7,50,1819550
20240213,11:56:13,0.75,600,1819550
20240213,11:56:17,0.7,150,1819550
20240213,11:56:29,0.75,2000,1819550
20240213,11:56:35,0.75,100,1819550
20240213,11:56:48,0.7,50,1819550
20240213,11:57:10,0.75,600,1819550
20240213,11:57:24,0.7,1000,1819550
20240213,11:57:45,0.75,1000,1819550
20240213,11:58:03,0.75,400,1819550
20240213,11:58:12,0.75,200,1821950
20240213,11:58:14,0.7,1800,1821950
20240213,11:58:15,0.75,50,1821950
20240213,11:58:25,0.75,50,1821950
20240213,11:58:31,0.75,50,1821950
20240213,11:58:36,0.75,1800,1821950
20240213,11:58:37,0.75,1800,1821950
20240213,11:58:38,0.75,50,1821950
20240213,11:58:40,0.75,1800,1821950
20240213,11:58:41,0.7,50,1821950
20240213,11:58:53,0.75,1800,1821950
20240213,11:58:58,0.75,1800,1821950
20240213,11:59:16,0.75,1000,1821950
20240213,11:59:44,0.75,3600,1821950
20240213,11:59:45,0.75,56000,1821950
20240213,11:59:46,0.8,1800,1821950
20240213,11:59:49,0.75,50,1821950
20240213,11:59:51,0.75,50,1821950
20240213,11:59:55,0.75,100,1821950
20240213,12:00:00,0.8,1800,1821950
20240213,12:00:28,0.8,200,1821950
20240213,12:00:29,0.8,1500,1821950
20240213,12:00:31,0.8,1500,1821950
20240213,12:00:33,0.8,850,1821950
20240213,12:00:50,0.8,1600,1821950
20240213,12:00:54,0.8,22200,1784650
20240213,12:00:55,0.8,50,1784650
20240213,12:00:56,0.8,50,1784650
20240213,12:00:57,0.8,100,1784650
20240213,12:00:58,0.8,20100,1784650
20240213,12:01:02,0.8,1800,1784650
20240213,12:01:12,0.8,50,1784650
20240213,12:01:15,0.8,50,1784650
20240213,12:01:58,0.75,1800,1784650
20240213,12:01:59,0.75,1800,1784650
20240213,12:02:08,0.8,250,1784650
20240213,12:02:11,0.8,3000,1784650
20240213,12:02:30,0.75,50,1784650
20240213,12:02:53,0.75,1800,1784650
20240213,12:02:55,0.75,1800,1784650
20240213,12:03:44,0.75,50,1784650
20240213,12:04:15,0.8,200,1784650
20240213,12:04:37,0.8,200,1795050
20240213,12:04:50,0.8,50,1795050
20240213,12:05:18,0.75,1800,1795050
20240213,12:05:19,0.75,1800,1795050
20240213,12:05:19,0.75,16600,1795050
20240213,12:05:30,0.75,100,1795050
20240213,12:05:36,0.75,2050,1795050
20240213,12:05:45,0.75,1100,1795050
20240213,12:06:15,0.75,200,1795050
20240213,12:07:03,0.75,50,1795050
20240213,12:07:38,0.75,700,1793250
20240213,12:07:39,0.75,650,1793250
20240213,12:07:46,0.75,21450,1793250
20240213,12:07:47,0.75,50,1793250
20240213,12:07:48,0.75,100,1793250
20240213,12:07:49,0.75,400,1793250
20240213,12:07:50,0.75,1150,1793250
20240213,12:07:51,0.75,1550,1793250
20240213,12:07:52,0.75,5600,1793250
20240213,12:07:54,0.75,1500,1793250
20240213,12:07:55,0.75,600,1793250
20240213,12:07:57,0.75,250,1793250
20240213,12:08:03,0.75,5400,1793250
20240213,12:08:07,0.8,200,1793250
20240213,12:08:08,0.75,100,1793250
20240213,12:08:13,0.75,1000,1793250
20240213,12:08:38,0.75,50,1793250
20240213,12:08:43,0.75,1400,1793250
20240213,12:08:47,0.75,250,1793250
20240213,12:09:04,0.75,50,1793250
20240213,12:09:05,0.75,1500,1793250
20240213,12:09:07,0.75,1800,1793250
20240213,12:09:10,0.75,1800,1793250
20240213,12:09:12,0.75,750,1793250
20240213,12:09:13,0.75,50,1793250
20240213,12:09:15,0.75,1800,1793250
20240213,12:09:16,0.75,250,1793250
20240213,12:09:17,0.75,1050,1793250
20240213,12:09:26,0.75,50,1793250
20240213,12:09:29,0.75,50,1793250
20240213,12:09:42,0.75,150,1793250
20240213,12:09:46,0.7,400,1793250
20240213,12:09:48,0.7,50,1793250
20240213,12:09:51,0.75,5000,1793250
20240213,12:10:09,0.7,200,1813700
20240213,12:10:10,0.7,50,1813700
20240213,12:10:28,0.75,200,1813700
20240213,12:10:29,0.75,350,1813700
20240213,12:10:40,0.7,100,1813700
20240213,12:12:08,0.75,200,1813700
20240213,12:13:17,0.75,50,1813700
20240213,12:13:24,0.75,50,1813750
20240213,12:13:44,0.75,50,1813750
20240213,12:13:45,0.75,50,1813750
20240213,12:13:46,0.75,50,1813750
20240213,12:13:47,0.75,50,1813750
20240213,12:13:48,0.75,50,1813750
20240213,12:13:49,0.75,50,1813750
20240213,12:13:50,0.75,50,1813750
20240213,12:13:51,0.75,50,1813750
20240213,12:13:52,0.75,50,1813750
20240213,12:13:54,0.75,50,1813750
20240213,12:13:55,0.75,50,1813750
20240213,12:13:56,0.75,50,1813750
20240213,12:13:57,0.75,50,1813750
20240213,12:13:58,0.75,50,1813750
20240213,12:13:59,0.75,50,1813750
20240213,12:14:00,0.75,50,1813750
20240213,12:14:01,0.75,50,1813750
20240213,12:14:02,0.75,50,1813750
20240213,12:14:03,0.75,50,1813750
20240213,12:14:04,0.75,50,1813750
20240213,12:14:05,0.75,50,1813750
20240213,12:14:06,0.75,50,1813750
20240213,12:14:07,0.75,50,1813750
20240213,12:14:08,0.75,50,1813750
20240213,12:14:09,0.75,1000,1813750
20240213,12:14:10,0.75,50,1813750
20240213,12:14:11,0.75,50,1813750
20240213,12:14:12,0.75,50,1813750
20240213,12:14:13,0.7,100,1813750
20240213,12:14:14,0.75,50,1813750
20240213,12:14:15,0.75,50,1813750
20240213,12:14:16,0.75,50,1813750
20240213,12:14:17,0.75,50,1813750
20240213,12:14:18,0.75,50,1813750
20240213,12:14:19,0.75,50,1813750
20240213,12:14:20,0.75,50,1813750
20240213,12:14:21,0.75,50,1813750
20240213,12:14:22,0.7,200,1813750
20240213,12:14:23,0.75,50,1813750
20240213,12:14:24,0.75,50,1813750
20240213,12:14:25,0.75,50,1813750
20240213,12:14:26,0.75,50,1813750
20240213,12:14:27,0.75,50,1813750
20240213,12:14:28,0.75,100,1813750
20240213,12:14:29,0.75,100,1813750
20240213,12:14:30,0.75,14300,1813750
20240213,12:14:31,0.8,100,1813750
20240213,12:14:32,0.8,1900,1813750
20240213,12:14:39,0.75,500,1813750
20240213,12:14:43,0.8,1250,1813750
20240213,12:14:45,0.75,100,1813750
20240213,12:14:49,0.75,1000,1813750
20240213,12:14:51,0.75,1550,1813750
20240213,12:14:52,0.75,600,1813750
20240213,12:14:56,0.75,50,1813750
20240213,12:14:57,0.75,200,1813750
20240213,12:14:58,0.75,650,1813750
20240213,12:14:59,0.75,200,1813750
20240213,12:15:01,0.75,12250,1813750
20240213,12:15:02,0.7,150,1813750
20240213,12:15:03,0.7,150,1813750
20240213,12:15:04,0.7,150,1813750
20240213,12:15:05,0.7,200,1813750
20240213,12:15:06,0.7,200,1813750
20240213,12:15:07,0.7,150,1813750
20240213,12:15:08,0.7,150,1813750
20240213,12:15:09,0.7,150,1813750
20240213,12:15:19,0.75,150,1813750
20240213,12:15:20,0.7,150,1813750
20240213,12:15:21,0.7,600,1813750
20240213,12:15:22,0.7,50,1813750
20240213,12:15:23,0.7,100,1813750
20240213,12:15:27,0.7,600,1813750
20240213,12:15:31,0.75,50,1813750
20240213,12:15:32,0.7,1200,1813750
20240213,12:15:34,0.7,1200,1813750
20240213,12:15:35,0.7,900,1813750
20240213,12:15:40,0.7,200,1813750
20240213,12:16:07,0.75,400,1812300
20240213,12:16:38,0.7,1200,1812300
20240213,12:16:57,0.7,500,1812300
20240213,12:16:58,0.7,1800,1812300
20240213,12:16:59,0.7,1150,1812300
20240213,12:17:03,0.7,550,1812300
20240213,12:17:04,0.7,250,1812300
20240213,12:17:08,0.7,250,1812300
20240213,12:17:12,0.7,100,1812300
20240213,12:17:34,0.7,1800,1812300
20240213,12:17:35,0.7,1000,1812300
20240213,12:17:36,0.7,2100,1812300
20240213,12:17:38,0.7,3500,1812300
20240213,12:17:53,0.7,15950,1812300
20240213,12:18:02,0.7,1800,1812300
20240213,12:18:03,0.7,500,1812300
20240213,12:18:05,0.7,1800,1812300
20240213,12:18:07,0.75,200,1812300
20240213,12:18:09,0.7,1800,1812300
20240213,12:18:14,0.75,50,1812300
20240213,12:18:35,0.7,50,1812300
20240213,12:18:55,0.7,200,1812300
20240213,12:19:13,0.75,500,1823700
20240213,12:19:25,0.7,500,1823700
20240213,12:19:37,0.75,50,1823700
20240213,12:19:58,0.75,50,1823700
20240213,12:20:00,0.75,50,1823700
20240213,12:20:01,0.75,50,1823700
20240213,12:20:02,0.75,50,1823700
20240213,12:20:03,0.75,50,1823700
20240213,12:20:04,0.75,50,1823700
20240213,12:20:05,0.75,50,1823700
20240213,12:20:06,0.75,50,1823700
20240213,12:20:07,0.75,50,1823700
20240213,12:20:08,0.75,50,1823700
20240213,12:20:09,0.75,50,1823700
20240213,12:20:10,0.75,50,1823700
20240213,12:20:11,0.75,50,1823700
20240213,12:20:12,0.75,50,1823700
20240213,12:20:13,0.75,50,1823700
20240213,12:20:14,0.75,50,1823700
20240213,12:20:15,0.75,50,1823700
20240213,12:20:16,0.75,50,1823700
20240213,12:20:17,0.75,50,1823700
20240213,12:20:18,0.75,50,1823700
20240213,12:20:19,0.75,50,1823700
20240213,12:20:21,0.75,50,1823700
20240213,12:20:26,0.7,50,1823700
20240213,12:20:27,0.75,200,1823700
20240213,12:20:31,0.75,50,1823700
20240213,12:20:32,0.75,11100,1823700
20240213,12:20:33,0.75,10800,1823700
20240213,12:20:34,0.75,8750,1823700
20240213,12:20:51,0.7,1000,1823700
20240213,12:20:55,0.7,250,1823700
20240213,12:21:02,0.75,50,1823700
20240213,12:21:02,0.7,200,1823700
20240213,12:21:03,0.75,50,1823700
20240213,12:21:04,0.75,50,1823700
20240213,12:21:05,0.75,50,1823700
20240213,12:21:06,0.75,50,1823700
20240213,12:21:07,0.75,50,1823700
20240213,12:21:12,0.75,50,1823700
20240213,12:21:15,0.75,50,1823700
20240213,12:21:16,0.75,50,1823700
20240213,12:21:17,0.7,400,1823700
20240213,12:21:18,0.75,50,1823700
20240213,12:21:19,0.75,50,1823700
20240213,12:21:20,0.75,50,1823700
20240213,12:21:21,0.75,50,1823700
20240213,12:21:22,0.75,50,1823700
20240213,12:21:23,0.75,50,1823700
20240213,12:21:25,0.75,50,1823700
20240213,12:21:26,0.75,50,1823700
20240213,12:21:42,0.75,50,1823700
20240213,12:21:43,0.75,50,1823700
20240213,12:21:44,0.75,50,1823700
20240213,12:21:45,0.75,50,1823700
20240213,12:21:46,0.75,50,1823700
20240213,12:21:47,0.75,50,1823700
20240213,12:21:48,0.75,50,1823700
20240213,12:21:49,0.75,50,1823700
20240213,12:21:50,0.75,50,1823700
20240213,12:21:51,0.75,50,1823700
20240213,12:21:52,0.75,50,1823700
20240213,12:21:53,0.75,50,1823700
20240213,12:21:54,0.75,50,1823700
20240213,12:21:55,0.75,50,1823700
20240213,12:21:56,0.75,50,1823700
20240213,12:21:57,0.75,50,1835650
20240213,12:21:58,0.75,50,1835650
20240213,12:21:59,0.75,50,1835650
20240213,12:22:00,0.75,50,1835650
20240213,12:22:01,0.75,50,1835650
20240213,12:22:02,0.75,50,1835650
20240213,12:22:03,0.75,50,1835650
20240213,12:22:04,0.75,50,1835650
20240213,12:22:05,0.75,50,1835650
20240213,12:22:06,0.75,250,1835650
20240213,12:22:07,0.75,50,1835650
20240213,12:22:08,0.75,50,1835650
20240213,12:22:09,0.75,50,1835650
20240213,12:22:10,0.75,50,1835650
20240213,12:22:11,0.75,50,1835650
20240213,12:22:12,0.75,50,1835650
20240213,12:22:13,0.75,50,1835650
20240213,12:22:55,0.7,900,1835650
20240213,12:22:56,0.7,250,1835650
20240213,12:23:02,0.7,4850,1835650
20240213,12:23:06,0.7,2350,1835650
20240213,12:23:09,0.7,1000,1835650
20240213,12:23:10,0.7,650,1835650
20240213,12:23:11,0.7,500,1835650
20240213,12:23:12,0.7,900,1835650
20240213,12:23:13,0.7,600,1835650
20240213,12:23:14,0.75,50,1835650
20240213,12:23:16,0.7,850,1835650
20240213,12:23:16,0.7,300,1835650
20240213,12:23:17,0.7,1000,1835650
20240213,12:23:18,0.7,550,1835650
20240213,12:23:19,0.75,50,1835650
20240213,12:23:20,0.75,50,1835650
20240213,12:23:22,0.75,50,1835650
20240213,12:23:23,0.75,50,1835650
20240213,12:23:23,0.7,1800,1835650
20240213,12:23:25,0.7,1800,1835650
20240213,12:23:25,0.7,250,1835650
20240213,12:23:28,0.7,1000,1835650
20240213,12:23:33,0.7,1000,1835650
20240213,12:23:40,0.7,250,1835650
20240213,12:23:41,0.7,350,1835650
20240213,12:23:51,0.7,1250,1835650
20240213,12:24:02,0.7,250,1835650
20240213,12:24:05,0.75,50,1835650
20240213,12:24:07,0.75,300,1835650
20240213,12:24:08,0.75,50,1835650
20240213,12:24:09,0.75,50,1835650
20240213,12:24:10,0.75,50,1835650
20240213,12:24:11,0.75,50,1835650
20240213,12:24:12,0.75,50,1835650
20240213,12:24:13,0.75,50,1835650
20240213,12:24:14,0.75,50,1835650
20240213,12:24:15,0.75,50,1835650
20240213,12:24:15,0.7,50,1835650
20240213,12:24:16,0.75,50,1835650
20240213,12:24:17,0.75,50,1835650
20240213,12:24:18,0.75,50,1835650
20240213,12:24:19,0.75,50,1835650
20240213,12:24:20,0.75,50,1835650
20240213,12:24:21,0.75,50,1835650
20240213,12:24:22,0.75,50,1835650
20240213,12:24:23,0.75,50,1835650
20240213,12:24:24,0.75,50,1835650
20240213,12:24:26,0.75,100,1835650
20240213,12:24:27,0.75,50,1835650
20240213,12:24:28,0.75,50,1835650
20240213,12:24:29,0.75,50,1835650
20240213,12:24:30,0.75,50,1835650
20240213,12:24:31,0.75,50,1835650
20240213,12:24:32,0.75,50,1835650
20240213,12:24:33,0.75,50,1835650
20240213,12:24:35,0.75,100,1835650
20240213,12:24:36,0.75,50,1835650
20240213,12:24:37,0.75,150,1835650
20240213,12:24:38,0.75,50,1835650
20240213,12:24:40,0.75,50,1835650
20240213,12:24:41,0.75,50,1835650
20240213,12:24:42,0.75,50,1835650
20240213,12:24:43,0.75,50,1835650
20240213,12:24:44,0.75,50,1835650
20240213,12:24:45,0.75,50,1835650
20240213,12:24:46,0.75,50,1835650
20240213,12:24:47,0.75,50,1835650
20240213,12:24:48,0.75,50,1835650
20240213,12:24:49,0.75,50,1835650
20240213,12:24:50,0.75,50,1835650
20240213,12:24:51,0.75,50,1835650
20240213,12:24:52,0.75,50,1835650
20240213,12:24:53,0.75,50,1835650
20240213,12:24:54,0.75,50,1835650
20240213,12:24:55,0.75,50,1835650
20240213,12:24:56,0.75,50,1835650
20240213,12:24:58,0.75,50,1841000
20240213,12:25:00,0.75,100,1841000
20240213,12:25:02,0.75,50,1841000
20240213,12:25:03,0.75,50,1841000
20240213,12:25:04,0.75,50,1841000
20240213,12:25:05,0.75,50,1841000
20240213,12:25:06,0.75,50,1841000
20240213,12:25:07,0.75,50,1841000
20240213,12:25:08,0.75,50,1841000
20240213,12:25:09,0.75,50,1841000
20240213,12:25:10,0.75,50,1841000
20240213,12:25:11,0.75,50,1841000
20240213,12:25:12,0.75,50,1841000
20240213,12:25:13,0.75,50,1841000
20240213,12:25:14,0.75,50,1841000
20240213,12:25:15,0.75,50,1841000
20240213,12:25:20,0.75,50,1841000
20240213,12:25:21,0.75,50,1841000
20240213,12:25:22,0.75,50,1841000
20240213,12:25:22,0.7,500,1841000
20240213,12:25:23,0.75,350,1841000
20240213,12:25:24,0.7,550,1841000
20240213,12:25:25,0.75,50,1841000
20240213,12:25:26,0.75,50,1841000
20240213,12:25:27,0.75,700,1841000
20240213,12:25:28,0.75,50,1841000
20240213,12:25:29,0.75,550,1841000
20240213,12:25:30,0.75,50,1841000
20240213,12:25:31,0.75,50,1841000
20240213,12:25:32,0.75,50,1841000
20240213,12:25:33,0.75,50,1841000
20240213,12:25:34,0.75,50,1841000
20240213,12:25:35,0.75,50,1841000
20240213,12:25:36,0.75,50,1841000
20240213,12:25:37,0.75,50,1841000
20240213,12:25:41,0.75,50,1841000
20240213,12:25:42,0.75,50,1841000
20240213,12:25:43,0.75,50,1841000
20240213,12:25:44,0.75,50,1841000
20240213,12:25:47,0.75,50,1841000
20240213,12:25:48,0.75,50,1841000
20240213,12:25:49,0.75,50,1841000
20240213,12:25:50,0.75,100,1841000
20240213,12:25:51,0.75,100,1841000
20240213,12:25:52,0.75,100,1841000
20240213,12:25:53,0.75,50,1841000
20240213,12:25:54,0.75,50,1841000
20240213,12:25:55,0.75,50,1841000
20240213,12:25:56,0.75,50,1841000
20240213,12:25:57,0.75,50,1841000
20240213,12:26:04,0.75,50,1841000
20240213,12:26:05,0.75,50,1841000
20240213,12:26:06,0.75,50,1841000
20240213,12:26:06,0.75,100,1841000
20240213,12:26:07,0.75,50,1841000
20240213,12:26:08,0.75,50,1841000
20240213,12:26:09,0.75,250,1841000
20240213,12:26:10,0.75,50,1841000
20240213,12:27:16,0.75,1200,1841000
20240213,12:27:16,0.75,1800,1841000
20240213,12:27:50,0.7,50,1841000
20240213,12:28:16,0.75,50,1843200
20240213,12:28:16,0.75,150,1843200
20240213,12:28:40,0.7,250,1843200
20240213,12:28:40,0.7,10450,1843200
20240213,12:28:43,0.7,350,1843200
20240213,12:28:44,0.75,50,1843200
20240213,12:28:45,0.7,850,1843200
20240213,12:28:56,0.75,50,1843200
20240213,12:28:56,0.7,1500,1843200
20240213,12:28:58,0.75,150,1843200
20240213,12:28:59,0.75,100,1843200
20240213,12:29:00,0.75,100,1843200
20240213,12:29:01,0.75,50,1843200
20240213,12:29:02,0.75,100,1843200
20240213,12:29:03,0.75,150,1843200
20240213,12:29:04,0.75,150,1843200
20240213,12:29:05,0.75,50,1843200
20240213,12:29:06,0.75,50,1843200
20240213,12:29:07,0.7,300,1843200
20240213,12:29:08,0.75,50,1843200
20240213,12:29:09,0.75,450,1843200
20240213,12:29:10,0.75,2600,1843200
20240213,12:29:11,0.75,4250,1843200
20240213,12:29:12,0.7,5950,1843200
20240213,12:29:13,0.75,300,1843200
20240213,12:29:14,0.75,50,1843200
20240213,12:29:15,0.75,50,1843200
20240213,12:29:16,0.75,50,1843200
20240213,12:29:17,0.75,50,1843200
20240213,12:29:22,0.7,450,1843200
20240213,12:29:24,0.7,50,1843200
20240213,12:29:28,0.7,350,1843200
20240213,12:29:44,0.7,500,1843200
20240213,12:29:47,0.7,1000,1843200
20240213,12:30:04,0.7,600,1843200
20240213,12:30:05,0.7,50,1843200
20240213,12:30:06,0.7,200,1843200
20240213,12:30:07,0.7,200,1843200
20240213,12:30:08,0.7,50,1843200
20240213,12:30:09,0.7,50,1843200
20240213,12:30:10,0.7,50,1843200
20240213,12:30:27,0.75,200,1843200
20240213,12:30:30,0.75,50,1843200
20240213,12:30:31,0.7,250,1843200
20240213,12:30:32,0.7,3650,1843200
20240213,12:30:33,0.7,1100,1843200
20240213,12:30:41,0.7,2100,1843200
20240213,12:30:46,0.7,500,1843200
20240213,12:30:53,0.7,700,1843200
20240213,12:31:04,0.7,800,1853600
20240213,12:31:05,0.7,300,1853600
20240213,12:31:06,0.7,250,1853600
20240213,12:31:07,0.7,550,1853600
20240213,12:31:08,0.7,200,1853600
20240213,12:31:09,0.7,1200,1853600
20240213,12:31:11,0.7,250,1853600
20240213,12:31:16,0.7,250,1853600
20240213,12:31:18,0.7,1000,1853600
20240213,12:31:29,0.75,50,1853600
20240213,12:31:31,0.75,1850,1853600
20240213,12:31:32,0.75,50,1853600
20240213,12:31:33,0.75,1000,1853600
20240213,12:31:38,0.75,50,1853600
20240213,12:31:39,0.75,50,1853600
20240213,12:31:39,0.75,17600,1853600
20240213,12:31:40,0.7,2050,1853600
20240213,12:31:41,0.7,3150,1853600
20240213,12:31:42,0.75,150,1853600
20240213,12:31:43,0.75,15800,1853600
20240213,12:31:46,0.75,50,1853600
20240213,12:31:46,0.75,14300,1853600
20240213,12:31:47,0.75,50,1853600
20240213,12:31:48,0.75,650,1853600
20240213,12:31:49,0.75,50,1853600
20240213,12:31:50,0.75,50,1853600
20240213,12:31:52,0.75,250,1853600
20240213,12:31:53,0.75,200,1853600
20240213,12:31:54,0.75,200,1853600
20240213,12:32:00,0.75,50,1853600
20240213,12:32:01,0.75,50,1853600
20240213,12:32:02,0.75,50,1853600
20240213,12:32:03,0.75,200,1853600
20240213,12:32:04,0.75,200,1853600
20240213,12:32:05,0.75,200,1853600
20240213,12:32:06,0.75,200,1853600
20240213,12:32:06,0.7,1800,1853600
20240213,12:32:07,0.75,400,1853600
20240213,12:32:08,0.75,200,1853600
20240213,12:32:10,0.75,400,1853600
20240213,12:32:11,0.75,200,1853600
20240213,12:32:12,0.75,200,1853600
20240213,12:32:13,0.75,200,1853600
20240213,12:32:17,0.75,50,1853600
20240213,12:32:18,0.75,50,1853600
20240213,12:32:19,0.75,50,1853600
20240213,12:32:20,0.75,150,1853600
20240213,12:32:21,0.75,50,1853600
20240213,12:32:22,0.75,50,1853600
20240213,12:32:23,0.7,1200,1853600
20240213,12:32:24,0.75,200,1853600
20240213,12:32:34,0.75,50,1853600
20240213,12:32:36,0.75,50,1853600
20240213,12:32:37,0.75,50,1853600
20240213,12:32:38,0.75,50,1853600
20240213,12:32:39,0.75,50,1853600
20240213,12:32:40,0.75,200,1853600
20240213,12:32:41,0.75,200,1853600
20240213,12:32:42,0.75,50,1853600
20240213,12:32:43,0.75,50,1853600
20240213,12:32:44,0.75,50,1853600
20240213,12:32:54,0.7,50,1853600
20240213,12:33:05,0.75,50,1853600
20240213,12:33:06,0.75,200,1853600
20240213,12:33:07,0.75,200,1853600
20240213,12:33:08,0.75,200,1853600
20240213,12:33:09,0.75,200,1853600
20240213,12:33:10,0.75,200,1853600
20240213,12:33:11,0.75,200,1853600
20240213,12:33:12,0.75,200,1853600
20240213,12:33:13,0.75,200,1853600
20240213,12:33:14,0.75,200,1853600
20240213,12:33:40,0.75,250,1853600
20240213,12:34:00,0.75,50,1885300
20240213,12:34:01,0.75,50,1885300
20240213,12:34:02,0.75,50,1885300
20240213,12:34:03,0.75,200,1885300
20240213,12:34:04,0.75,200,1885300
20240213,12:34:05,0.75,200,1885300
20240213,12:34:06,0.75,400,1885300
20240213,12:34:07,0.75,1800,1885300
20240213,12:34:10,0.75,100,1885300
20240213,12:34:36,0.7,9650,1885300
20240213,12:34:53,0.7,9550,1885300
20240213,12:34:54,0.7,3600,1885300
20240213,12:34:55,0.7,9000,1885300
20240213,12:34:56,0.7,8400,1885300
20240213,12:35:30,0.75,150,1885300
20240213,12:35:31,0.75,250,1885300
20240213,12:35:32,0.75,50,1885300
20240213,12:35:36,0.7,3000,1885300
20240213,12:35:53,0.75,50,1885300
20240213,12:35:54,0.75,50,1885300
20240213,12:35:55,0.75,50,1885300
20240213,12:35:56,0.75,50,1885300
20240213,12:35:57,0.75,200,1885300
20240213,12:35:58,0.75,200,1885300
20240213,12:35:59,0.75,200,1885300
20240213,12:36:09,0.75,250,1885300
20240213,12:36:10,0.75,50,1885300
20240213,12:36:11,0.75,50,1885300
20240213,12:36:12,0.75,200,1885300
20240213,12:36:13,0.7,250,1885300
20240213,12:36:14,0.75,300,1885300
20240213,12:36:15,0.75,200,1885300
20240213,12:36:16,0.75,200,1885300
20240213,12:36:22,0.75,50,1885300
20240213,12:36:24,0.75,50,1885300
20240213,12:36:25,0.75,50,1885300
20240213,12:36:26,0.75,50,1885300
20240213,12:36:27,0.75,50,1885300
20240213,12:36:28,0.75,50,1885300
20240213,12:36:29,0.75,50,1885300
20240213,12:36:30,0.75,200,1885300
20240213,12:36:31,0.75,200,1885300
20240213,12:36:32,0.75,200,1885300
20240213,12:36:33,0.75,200,1885300
20240213,12:36:34,0.75,200,1885300
20240213,12:36:35,0.75,50,1885300
20240213,12:36:36,0.75,50,1885300
20240213,12:36:37,0.75,50,1885300
20240213,12:36:38,0.75,50,1885300
20240213,12:36:39,0.75,200,1885300
20240213,12:36:40,0.75,200,1885300
20240213,12:36:41,0.75,200,1885300
20240213,12:36:45,0.7,150,1885300
20240213,12:37:12,0.75,550,1869400
20240213,12:37:27,0.75,500,1869400
20240213,12:37:34,0.7,150,1869400
20240213,12:38:18,0.75,650,1869400
20240213,12:38:18,0.75,50,1869400
20240213,12:38:33,0.75,150,1869400
20240213,12:38:35,0.7,9000,1869400
20240213,12:38:38,0.7,1000,1869400
20240213,12:39:00,0.7,50,1869400
20240213,12:39:01,0.7,50,1869400
20240213,12:39:01,0.75,50,1869400
20240213,12:39:03,0.7,100,1869400
20240213,12:39:04,0.7,200,1869400
20240213,12:39:06,0.7,400,1869400
20240213,12:39:07,0.7,200,1869400
20240213,12:39:07,0.7,50,1869400
20240213,12:39:08,0.7,200,1869400
20240213,12:39:10,0.7,400,1869400
20240213,12:39:11,0.7,50,1869400
20240213,12:39:12,0.7,50,1869400
20240213,12:39:14,0.7,100,1869400
20240213,12:39:15,0.7,50,1869400
20240213,12:39:15,0.75,50,1869400
20240213,12:39:16,0.7,50,1869400
20240213,12:39:17,0.7,50,1869400
20240213,12:39:18,0.7,200,1869400
20240213,12:39:19,0.7,200,1869400
20240213,12:39:20,0.7,200,1869400
20240213,12:39:21,0.7,200,1869400
20240213,12:39:22,0.7,200,1869400
20240213,12:39:23,0.7,200,1869400
20240213,12:39:24,0.7,200,1869400
20240213,12:39:26,0.7,200,1869400
20240213,12:39:27,0.7,100,1869400
20240213,12:39:27,0.7,500,1869400
20240213,12:39:28,0.7,700,1869400
20240213,12:39:30,0.7,200,1869400
20240213,12:39:31,0.7,50,1869400
20240213,12:39:32,0.7,50,1869400
20240213,12:39:34,0.7,250,1869400
20240213,12:39:35,0.7,200,1869400
20240213,12:39:36,0.7,200,1869400
20240213,12:39:37,0.7,200,1869400
20240213,12:39:38,0.7,200,1869400
20240213,12:39:39,0.7,200,1869400
20240213,12:39:40,0.7,200,1869400
20240213,12:39:41,0.7,1000,1869400
20240213,12:39:45,0.75,50,1869400
20240213,12:39:57,0.7,50,1869400
20240213,12:40:08,0.7,250,1869400
20240213,12:40:17,0.75,50,1872350
20240213,12:40:25,0.75,250,1872350
20240213,12:40:28,0.75,50,1872350
20240213,12:40:29,0.75,300,1872350
20240213,12:41:08,0.7,2000,1872350
20240213,12:41:13,0.7,2500,1872350
20240213,12:42:00,0.75,50,1872350
20240213,12:42:01,0.75,200,1872350
20240213,12:42:02,0.75,200,1872350
20240213,12:42:03,0.75,200,1872350
20240213,12:42:04,0.75,50,1872350
20240213,12:42:05,0.75,50,1872350
20240213,12:42:06,0.75,50,1872350
20240213,12:42:07,0.75,50,1872350
20240213,12:42:08,0.75,50,1872350
20240213,12:42:09,0.75,250,1872350
20240213,12:42:10,0.75,50,1872350
20240213,12:42:11,0.75,50,1872350
20240213,12:42:12,0.75,50,1872350
20240213,12:42:13,0.75,50,1872350
20240213,12:42:14,0.75,50,1872350
20240213,12:42:15,0.75,50,1872350
20240213,12:42:16,0.75,50,1872350
20240213,12:42:17,0.75,550,1872350
20240213,12:42:18,0.75,50,1872350
20240213,12:42:19,0.75,50,1872350
20240213,12:42:20,0.75,50,1872350
20240213,12:42:21,0.75,50,1872350
20240213,12:42:22,0.75,50,1872350
20240213,12:42:23,0.75,50,1872350
20240213,12:42:24,0.75,50,1872350
20240213,12:42:25,0.75,50,1872350
20240213,12:42:26,0.75,50,1872350
20240213,12:42:27,0.75,50,1872350
20240213,12:42:28,0.75,50,1872350
20240213,12:42:29,0.75,50,1872350
20240213,12:42:30,0.75,50,1872350
20240213,12:42:31,0.75,50,1872350
20240213,12:42:32,0.75,50,1872350
20240213,12:42:33,0.75,200,1872350
20240213,12:42:34,0.75,200,1872350
20240213,12:42:35,0.75,200,1872350
20240213,12:42:38,0.75,50,1872350
20240213,12:42:39,0.75,50,1872350
20240213,12:42:40,0.75,50,1872350
20240213,12:42:41,0.75,50,1872350
20240213,12:42:42,0.75,50,1872350
20240213,12:42:43,0.75,50,1872350
20240213,12:42:44,0.75,50,1872350
20240213,12:42:45,0.75,50,1872350
20240213,12:42:46,0.75,50,1872350
20240213,12:42:47,0.75,50,1872350
20240213,12:42:48,0.75,50,1872350
20240213,12:42:49,0.75,50,1872350
20240213,12:42:50,0.75,50,1872350
20240213,12:42:51,0.75,50,1872350
20240213,12:42:52,0.75,50,1872350
20240213,12:42:53,0.75,50,1872350
20240213,12:42:54,0.75,50,1872350
20240213,12:42:55,0.75,50,1872350
20240213,12:42:56,0.75,50,1872350
20240213,12:43:31,0.7,1800,1874300
20240213,12:44:09,0.75,200,1874300
20240213,12:44:10,0.7,100,1874300
20240213,12:44:15,0.7,50,1874300
20240213,12:44:16,0.7,50,1874300
20240213,12:44:17,0.7,50,1874300
20240213,12:44:18,0.7,50,1874300
20240213,12:44:19,0.7,50,1874300
20240213,12:44:20,0.7,50,1874300
20240213,12:44:21,0.7,100,1874300
20240213,12:44:22,0.7,50,1874300
20240213,12:44:23,0.7,50,1874300
20240213,12:44:24,0.7,50,1874300
20240213,12:44:25,0.7,50,1874300
20240213,12:44:26,0.7,50,1874300
20240213,12:44:27,0.7,50,1874300
20240213,12:44:28,0.7,200,1874300
20240213,12:44:29,0.7,200,1874300
20240213,12:44:31,0.7,50,1874300
20240213,12:44:32,0.7,50,1874300
20240213,12:44:33,0.7,50,1874300
20240213,12:44:34,0.7,50,1874300
20240213,12:44:35,0.7,50,1874300
20240213,12:44:36,0.7,50,1874300
20240213,12:44:37,0.7,50,1874300
20240213,12:44:38,0.7,50,1874300
20240213,12:44:39,0.7,50,1874300
20240213,12:44:40,0.7,50,1874300
20240213,12:44:41,0.7,50,1874300
20240213,12:44:42,0.7,50,1874300
20240213,12:44:43,0.7,50,1874300
20240213,12:44:44,0.7,50,1874300
20240213,12:44:45,0.7,50,1874300
20240213,12:44:46,0.7,50,1874300
20240213,12:44:47,0.7,50,1874300
20240213,12:44:48,0.7,50,1874300
20240213,12:44:49,0.7,50,1874300
20240213,12:44:50,0.7,50,1874300
20240213,12:44:51,0.7,50,1874300
20240213,12:44:52,0.7,50,1874300
20240213,12:44:53,0.7,50,1874300
20240213,12:44:54,0.7,50,1874300
20240213,12:44:55,0.7,50,1874300
20240213,12:44:56,0.7,50,1874300
20240213,12:44:57,0.7,50,1874300
20240213,12:44:58,0.7,50,1874300
20240213,12:44:59,0.7,50,1874300
20240213,12:45:00,0.7,50,1874300
20240213,12:45:01,0.7,100,1874300
20240213,12:45:02,0.7,200,1874300
20240213,12:45:03,0.7,200,1874300
20240213,12:45:04,0.7,200,1874300
20240213,12:45:05,0.7,500,1874300
20240213,12:45:06,0.7,50,1874300
20240213,12:45:07,0.7,50,1874300
20240213,12:45:08,0.7,50,1874300
20240213,12:45:09,0.7,50,1874300
20240213,12:45:10,0.7,50,1874300
20240213,12:45:11,0.7,50,1874300
20240213,12:45:12,0.7,50,1874300
20240213,12:45:13,0.7,50,1874300
20240213,12:45:14,0.7,50,1874300
20240213,12:45:15,0.7,200,1874300
20240213,12:45:16,0.7,850,1874300
20240213,12:45:17,0.7,200,1874300
20240213,12:45:18,0.7,200,1874300
20240213,12:45:21,0.7,50,1874300
20240213,12:45:22,0.7,50,1874300
20240213,12:45:23,0.7,50,1874300
20240213,12:45:24,0.75,550,1874300
20240213,12:45:25,0.7,50,1874300
20240213,12:45:26,0.7,200,1874300
20240213,12:45:27,0.75,250,1874300
20240213,12:45:28,0.7,500,1874300
20240213,12:45:29,0.7,50,1874300
20240213,12:45:30,0.7,50,1874300
20240213,12:45:31,0.7,50,1874300
20240213,12:45:32,0.7,50,1874300
20240213,12:45:33,0.7,50,1874300
20240213,12:45:34,0.7,50,1874300
20240213,12:45:35,0.7,50,1874300
20240213,12:45:36,0.7,50,1874300
20240213,12:45:37,0.7,50,1874300
20240213,12:45:38,0.7,50,1874300
20240213,12:45:39,0.7,50,1874300
20240213,12:45:40,0.7,200,1874300
20240213,12:45:41,0.7,2300,1874300
20240213,12:45:42,0.7,200,1874300
20240213,12:45:43,0.7,1950,1874300
20240213,12:45:45,0.7,1800,1874300
20240213,12:45:46,0.7,50,1874300
20240213,12:45:47,0.7,50,1874300
20240213,12:45:48,0.7,50,1874300
20240213,12:45:49,0.7,50,1874300
20240213,12:45:50,0.7,50,1874300
20240213,12:46:05,0.7,50,1877850
20240213,12:46:06,0.7,50,1877850
20240213,12:46:07,0.7,200,1877850
20240213,12:46:08,0.7,200,1877850
20240213,12:46:09,0.7,200,1877850
20240213,12:46:09,0.75,200,1877850
20240213,12:46:10,0.7,200,1877850
20240213,12:46:11,0.7,200,1877850
20240213,12:46:12,0.7,200,1877850
20240213,12:46:13,0.7,700,1877850
20240213,12:46:15,0.7,50,1877850
20240213,12:46:16,0.7,50,1877850
20240213,12:46:17,0.7,50,1877850
20240213,12:46:18,0.7,50,1877850
20240213,12:46:20,0.7,250,1877850
20240213,12:46:21,0.7,200,1877850
20240213,12:46:22,0.7,50,1877850
20240213,12:46:23,0.7,50,1877850
20240213,12:46:24,0.7,50,1877850
20240213,12:46:25,0.7,50,1877850
20240213,12:46:27,0.7,100,1877850
20240213,12:46:28,0.7,50,1877850
20240213,12:46:29,0.7,50,1877850
20240213,12:46:31,0.65,6100,1877850
20240213,12:46:32,0.7,50,1877850
20240213,12:46:34,0.7,50,1877850
20240213,12:46:35,0.7,1800,1877850
20240213,12:46:36,0.7,50,1877850
20240213,12:46:37,0.7,1800,1877850
20240213,12:46:40,0.65,50,1877850
20240213,12:46:41,0.7,100,1877850
20240213,12:46:45,0.7,2450,1877850
20240213,12:46:46,0.7,50,1877850
20240213,12:47:09,0.7,1800,1877850
20240213,12:47:13,0.7,1800,1877850
20240213,12:48:15,0.7,200,1877850
20240213,12:48:16,0.7,50,1877850
20240213,12:48:17,0.7,50,1877850
20240213,12:48:18,0.7,650,1877850
20240213,12:48:19,0.7,150,1877850
20240213,12:48:20,0.7,150,1877850
20240213,12:48:21,0.7,150,1877850
20240213,12:48:22,0.7,200,1877850
20240213,12:48:23,0.7,200,1877850
20240213,12:48:24,0.7,200,1877850
20240213,12:48:25,0.7,50,1877850
20240213,12:48:26,0.7,50,1877850
20240213,12:48:27,0.7,50,1877850
20240213,12:48:28,0.7,200,1877850
20240213,12:48:29,0.7,200,1877850
20240213,12:48:30,0.7,250,1877850
20240213,12:48:31,0.7,200,1877850
20240213,12:48:32,0.7,200,1877850
20240213,12:48:33,0.7,15800,1877850
20240213,12:48:34,0.7,100,1877850
20240213,12:48:35,0.7,200,1877850
20240213,12:48:36,0.7,100,1877850
20240213,12:48:37,0.7,150,1877850
20240213,12:48:39,0.7,50,1877850
20240213,12:48:40,0.7,150,1877850
20240213,12:48:41,0.7,200,1877850
20240213,12:48:42,0.7,100,1877850
20240213,12:48:46,0.75,50,1877850
20240213,12:48:46,0.7,100,1877850
20240213,12:48:47,0.7,150,1877850
20240213,12:48:48,0.7,150,1877850
20240213,12:48:49,0.7,100,1877850
20240213,12:48:50,0.7,100,1877850
20240213,12:48:51,0.7,250,1877850
20240213,12:48:52,0.7,300,1877850
20240213,12:48:53,0.7,250,1877850
20240213,12:48:54,0.7,250,1877850
20240213,12:48:55,0.75,200,1877850
20240213,12:49:04,0.75,900,1873700
20240213,12:49:41,0.75,200,1873700
20240213,12:49:53,0.7,6050,1873700
20240213,12:49:59,0.7,50,1873700
20240213,12:50:02,0.75,50,1873700
20240213,12:50:09,0.7,1800,1873700
20240213,12:50:09,0.75,50,1873700
20240213,12:50:24,0.75,200,1873700
20240213,12:50:26,0.75,50,1873700
20240213,12:50:27,0.75,300,1873700
20240213,12:50:55,0.7,100,1873700
20240213,12:51:05,0.75,50,1873700
20240213,12:51:07,0.75,50,1873700
20240213,12:51:08,0.75,50,1873700
20240213,12:51:09,0.75,50,1873700
20240213,12:51:10,0.75,50,1873700
20240213,12:51:12,0.75,50,1873700
20240213,12:51:13,0.75,50,1873700
20240213,12:51:14,0.75,50,1873700
20240213,12:51:15,0.75,50,1873700
20240213,12:51:16,0.75,200,1873700
20240213,12:51:17,0.75,200,1873700
20240213,12:51:18,0.75,200,1873700
20240213,12:51:19,0.75,200,1873700
20240213,12:51:20,0.75,200,1873700
20240213,12:51:21,0.75,200,1873700
20240213,12:51:22,0.75,200,1873700
20240213,12:52:09,0.75,200,1875650
20240213,12:52:16,0.75,50,1875650
20240213,12:52:17,0.75,50,1875650
20240213,12:52:18,0.75,50,1875650
20240213,12:52:19,0.75,50,1875650
20240213,12:52:20,0.75,50,1875650
20240213,12:52:21,0.75,50,1875650
20240213,12:52:22,0.75,200,1875650
20240213,12:52:23,0.75,200,1875650
20240213,12:52:24,0.75,50,1875650
20240213,12:52:25,0.75,50,1875650
20240213,12:52:26,0.75,50,1875650
20240213,12:52:27,0.75,50,1875650
20240213,12:52:28,0.75,50,1875650
20240213,12:52:29,0.75,50,1875650
20240213,12:52:30,0.75,50,1875650
20240213,12:52:31,0.75,50,1875650
20240213,12:52:32,0.75,50,1875650
20240213,12:52:33,0.75,50,1875650
20240213,12:52:34,0.75,50,1875650
20240213,12:52:35,0.75,50,1875650
20240213,12:52:37,0.75,50,1875650
20240213,12:52:51,0.75,50,1875650
20240213,12:52:52,0.75,50,1875650
20240213,12:52:53,0.75,50,1875650
20240213,12:52:54,0.75,50,1875650
20240213,12:52:55,0.75,50,1875650
20240213,12:52:56,0.75,50,1875650
20240213,12:52:57,0.75,50,1875650
20240213,12:52:58,0.75,50,1875650
20240213,12:52:59,0.75,850,1875650
20240213,12:53:00,0.75,50,1875650
20240213,12:53:01,0.75,50,1875650
20240213,12:53:02,0.75,50,1875650
20240213,12:53:03,0.75,50,1875650
20240213,12:53:04,0.75,50,1875650
20240213,12:53:05,0.75,50,1875650
20240213,12:53:06,0.75,50,1875650
20240213,12:53:07,0.75,50,1875650
20240213,12:53:08,0.75,200,1875650
20240213,12:53:09,0.75,200,1875650
20240213,12:53:10,0.75,50,1875650
20240213,12:53:11,0.75,50,1875650
20240213,12:53:12,0.75,50,1875650
20240213,12:53:13,0.75,50,1875650
20240213,12:53:14,0.75,50,1875650
20240213,12:53:15,0.75,200,1875650
20240213,12:53:16,0.75,200,1875650
20240213,12:53:17,0.75,200,1875650
20240213,12:53:18,0.75,200,1875650
20240213,12:54:14,0.75,200,1875650
20240213,12:54:25,0.7,50,1875650
20240213,12:54:26,0.7,50,1875650
20240213,12:54:27,0.7,100,1875650
20240213,12:54:28,0.7,200,1875650
20240213,12:54:29,0.7,200,1875650
20240213,12:54:30,0.7,200,1875650
20240213,12:54:31,0.7,50,1875650
20240213,12:54:32,0.7,50,1875650
20240213,12:54:33,0.7,50,1875650
20240213,12:54:34,0.7,50,1875650
20240213,12:54:35,0.7,50,1875650
20240213,12:55:07,0.75,50,1875650
20240213,12:55:12,0.7,400,1878650
20240213,12:55:20,0.75,50,1878650
20240213,12:55:42,0.75,50,1878650
20240213,12:55:43,0.7,350,1878650
20240213,12:55:56,0.75,250,1878650
20240213,12:56:13,0.75,200,1878650
20240213,12:56:39,0.7,250,1878650
20240213,12:57:02,0.75,50,1878650
20240213,12:57:03,0.75,50,1878650
20240213,12:57:04,0.75,50,1878650
20240213,12:57:05,0.7,9050,1878650
20240213,12:57:06,0.65,18350,1878650
20240213,12:57:07,0.65,16300,1878650
20240213,12:57:08,0.7,1850,1878650
20240213,12:57:09,0.7,50,1878650
20240213,12:57:12,0.7,50,1878650
20240213,12:57:15,0.7,5400,1878650
20240213,12:57:26,0.7,50,1878650
20240213,12:57:27,0.7,50,1878650
20240213,12:57:28,0.7,50,1878650
20240213,12:57:29,0.7,200,1878650
20240213,12:57:30,0.7,200,1878650
20240213,12:57:31,0.7,200,1878650
20240213,12:57:32,0.7,200,1878650
20240213,12:57:34,0.7,400,1878650
20240213,12:57:35,0.7,200,1878650
20240213,12:57:39,0.7,50,1878650
20240213,12:57:40,0.7,50,1878650
20240213,12:57:41,0.7,50,1878650
20240213,12:57:42,0.7,50,1878650
20240213,12:57:43,0.7,50,1878650
20240213,12:57:44,0.7,50,1878650
20240213,12:57:45,0.7,50,1878650
20240213,12:57:46,0.7,50,1878650
20240213,12:57:47,0.7,50,1878650
20240213,12:57:49,0.7,100,1878650
20240213,12:57:49,0.65,50,1878650
20240213,12:57:51,0.7,100,1878650
20240213,12:57:52,0.7,50,1878650
20240213,12:57:56,0.7,50,1878650
20240213,12:57:57,0.7,50,1878650
20240213,12:57:58,0.7,50,1878650
20240213,12:58:00,0.7,100,1878650
20240213,12:58:01,0.7,50,1878650
20240213,12:58:02,0.7,50,1878650
20240213,12:58:04,0.7,50,1862700
20240213,12:58:05,0.7,50,1862700
20240213,12:58:07,0.7,100,1862700
20240213,12:58:08,0.7,400,1862700
20240213,12:58:09,0.7,200,1862700
20240213,12:58:10,0.7,200,1862700
20240213,12:58:11,0.7,50,1862700
20240213,12:58:12,0.7,50,1862700
20240213,12:58:13,0.7,50,1862700
20240213,12:58:14,0.7,50,1862700
20240213,12:58:15,0.7,50,1862700
20240213,12:58:16,0.7,700,1862700
20240213,12:58:19,0.7,1800,1862700
20240213,12:58:19,0.7,250,1862700
20240213,12:58:20,0.7,50,1862700
20240213,12:58:21,0.7,4150,1862700
20240213,12:58:22,0.7,1850,1862700
20240213,12:58:23,0.7,300,1862700
20240213,12:58:26,0.7,1000,1862700
20240213,12:58:26,0.7,250,1862700
20240213,12:58:30,0.7,250,1862700
20240213,12:58:32,0.7,350,1862700
20240213,12:58:35,0.7,250,1862700
20240213,12:58:38,0.7,250,1862700
20240213,12:58:40,0.7,1800,1862700
20240213,12:58:41,0.7,24700,1862700
20240213,12:58:41,0.7,25300,1862700
20240213,12:59:00,0.7,17200,1862700
20240213,12:59:00,0.7,50,1862700
20240213,12:59:04,0.7,700,1862700
20240213,12:59:05,0.7,1500,1862700
20240213,12:59:14,0.65,50,1862700
20240213,12:59:16,0.65,50,1862700
20240213,12:59:20,0.7,400,1862700
20240213,12:59:21,0.7,350,1862700
20240213,12:59:22,0.7,300,1862700
20240213,12:59:25,0.65,400,1862700
20240213,12:59:26,0.65,200,1862700
20240213,12:59:27,0.65,200,1862700
20240213,12:59:28,0.65,200,1862700
20240213,12:59:29,0.65,200,1862700
20240213,12:59:30,0.65,200,1862700
20240213,12:59:31,0.65,200,1862700
20240213,12:59:32,0.65,200,1862700
20240213,12:59:32,0.7,200,1862700
20240213,12:59:34,0.65,400,1862700
20240213,12:59:35,0.65,200,1862700
20240213,12:59:36,0.65,200,1862700
20240213,12:59:37,0.65,350,1862700
20240213,12:59:38,0.65,50,1862700
20240213,12:59:39,0.65,250,1862700
20240213,12:59:40,0.65,200,1862700
20240213,12:59:41,0.65,350,1862700
20240213,12:59:42,0.65,200,1862700
20240213,12:59:43,0.65,50,1862700
20240213,12:59:44,0.65,50,1862700
20240213,12:59:45,0.65,50,1862700
20240213,12:59:46,0.65,50,1862700
20240213,12:59:47,0.65,50,1862700
20240213,12:59:48,0.65,50,1862700
20240213,12:59:49,0.65,200,1862700
20240213,12:59:50,0.65,250,1862700
20240213,12:59:51,0.65,200,1862700
20240213,12:59:52,0.65,350,1862700
20240213,12:59:53,0.65,200,1862700
20240213,12:59:54,0.65,200,1862700
20240213,12:59:55,0.65,200,1862700
20240213,12:59:56,0.65,200,1862700
20240213,12:59:57,0.65,3800,1862700
20240213,12:59:58,0.65,300,1862700
20240213,12:59:59,0.65,200,1862700
20240213,13:00:00,0.65,200,1862700
20240213,13:00:01,0.65,200,1862700
20240213,13:00:02,0.65,200,1862700
20240213,13:00:03,0.65,550,1862700
20240213,13:00:04,0.65,50,1862700
20240213,13:00:05,0.65,200,1862700
20240213,13:00:06,0.65,200,1862700
20240213,13:00:07,0.65,200,1862700
20240213,13:00:08,0.65,200,1862700
20240213,13:00:09,0.65,200,1862700
20240213,13:00:10,0.65,200,1862700
20240213,13:00:11,0.65,200,1862700
20240213,13:00:12,0.65,200,1862700
20240213,13:00:13,0.65,200,1862700
20240213,13:00:14,0.65,200,1862700
20240213,13:00:15,0.65,200,1862700
20240213,13:00:16,0.65,200,1862700
20240213,13:00:17,0.65,200,1862700
20240213,13:00:18,0.65,200,1862700
20240213,13:00:19,0.65,200,1862700
20240213,13:00:20,0.65,200,1862700
20240213,13:00:21,0.65,200,1862700
20240213,13:00:23,0.65,400,1862700
20240213,13:00:24,0.65,200,1862700
20240213,13:00:25,0.65,200,1862700
20240213,13:00:26,0.65,200,1862700
20240213,13:00:27,0.65,200,1862700
20240213,13:00:28,0.65,200,1862700
20240213,13:00:29,0.65,200,1862700
20240213,13:00:32,0.65,5000,1862700
20240213,13:00:35,0.7,1200,1862700
20240213,13:00:37,0.65,1000,1862700
20240213,13:00:41,0.7,50,1862700
20240213,13:00:41,0.7,300,1862700
20240213,13:00:42,0.65,300,1862700
20240213,13:00:50,0.7,250,1862700
20240213,13:00:53,0.65,250,1862700
20240213,13:01:02,0.65,50,1862700
20240213,13:01:14,0.7,250,1843400
20240213,13:01:15,0.7,400,1843400
20240213,13:01:16,0.7,250,1843400
20240213,13:01:21,0.7,3300,1843400
20240213,13:01:22,0.7,250,1843400
20240213,13:01:22,0.7,1800,1843400
20240213,13:01:23,0.7,300,1843400
20240213,13:01:24,0.7,350,1843400
20240213,13:01:26,0.7,50,1843400
20240213,13:01:26,0.7,200,1843400
20240213,13:01:30,0.7,250,1843400
20240213,13:01:33,0.7,250,1843400
20240213,13:01:34,0.7,500,1843400
20240213,13:01:37,0.7,50,1843400
20240213,13:01:39,0.7,500,1843400
20240213,13:01:44,0.7,1800,1843400
20240213,13:01:44,0.7,3600,1843400
20240213,13:01:46,0.7,1800,1843400
20240213,13:01:49,0.7,1200,1843400
20240213,13:01:57,0.7,250,1843400
20240213,13:01:58,0.7,550,1843400
20240213,13:01:59,0.7,250,1843400
20240213,13:02:01,0.7,250,1843400
20240213,13:02:03,0.65,100,1843400
20240213,13:02:07,0.7,50,1843400
20240213,13:02:08,0.7,600,1843400
20240213,13:02:10,0.7,200,1843400
20240213,13:02:11,0.7,1800,1843400
20240213,13:02:13,0.7,100,1843400
20240213,13:02:17,0.7,100,1843400
20240213,13:02:22,0.7,350,1843400
20240213,13:02:26,0.7,100,1843400
20240213,13:02:36,0.7,1800,1843400
20240213,13:02:50,0.7,1800,1843400
20240213,13:03:00,0.7,300,1843400
20240213,13:03:02,0.7,250,1843400
20240213,13:03:09,0.7,50,1843400
20240213,13:03:19,0.65,1000,1843400
20240213,13:03:20,0.65,1000,1843400
20240213,13:03:21,0.7,100,1843400
20240213,13:03:22,0.65,1200,1843400
20240213,13:03:23,0.65,2000,1843400
20240213,13:03:34,0.65,50,1843400
20240213,13:03:40,0.65,150,1843400
20240213,13:03:57,0.7,200,1843400
20240213,13:04:07,0.7,200,1843400
20240213,13:04:14,0.65,1000,1830500
20240213,13:04:15,0.65,1000,1830500
20240213,13:04:16,0.65,2000,1830500
20240213,13:04:28,0.65,1500,1830500
20240213,13:04:33,0.7,1200,1830500
20240213,13:04:34,0.7,2800,1830500
20240213,13:04:43,0.65,400,1830500
20240213,13:04:46,0.7,800,1830500
20240213,13:04:47,0.7,2200,1830500
20240213,13:05:03,0.7,250,1830500
20240213,13:05:04,0.7,250,1830500
20240213,13:05:07,0.7,250,1830500
20240213,13:05:19,0.7,250,1830500
20240213,13:05:21,0.7,50,1830500
20240213,13:05:38,0.7,1300,1830500
20240213,13:05:39,0.7,350,1830500
20240213,13:05:41,0.7,50,1830500
20240213,13:05:42,0.7,50,1830500
20240213,13:06:00,0.7,50,1830500
20240213,13:06:07,0.7,200,1830500
20240213,13:06:32,0.7,1800,1830500
20240213,13:06:34,0.7,1800,1830500
20240213,13:06:37,0.7,1800,1830500
20240213,13:06:39,0.7,1800,1830500
20240213,13:07:52,0.7,2000,1831100
20240213,13:07:59,0.7,19950,1831100
20240213,13:08:00,0.7,1000,1831100
20240213,13:08:11,0.7,1800,1831100
20240213,13:08:46,0.7,1200,1831100
20240213,13:08:47,0.7,1200,1831100
20240213,13:08:57,0.65,300,1831100
20240213,13:09:29,0.65,50,1831100
20240213,13:09:38,0.7,50,1831100
20240213,13:10:10,0.65,50,1831900
20240213,13:10:11,0.65,50,1831900
20240213,13:10:12,0.65,200,1831900
20240213,13:10:13,0.65,200,1831900
20240213,13:10:14,0.65,200,1831900
20240213,13:10:15,0.65,200,1831900
20240213,13:10:16,0.65,200,1831900
20240213,13:10:26,0.7,200,1831900
20240213,13:10:28,0.7,50,1831900
20240213,13:10:28,0.7,300,1831900
20240213,13:10:48,0.65,50,1831900
20240213,13:11:30,0.65,50,1831900
20240213,13:11:31,0.65,50,1831900
20240213,13:11:32,0.65,50,1831900
20240213,13:11:33,0.65,50,1831900
20240213,13:11:34,0.65,50,1831900
20240213,13:11:35,0.65,50,1831900
20240213,13:11:36,0.65,50,1831900
20240213,13:11:37,0.65,50,1831900
20240213,13:11:38,0.65,50,1831900
20240213,13:11:58,0.65,50,1831900
20240213,13:12:00,0.65,50,1831900
20240213,13:12:01,0.65,50,1831900
20240213,13:12:02,0.65,50,1831900
20240213,13:12:03,0.65,50,1831900
20240213,13:12:04,0.65,50,1831900
20240213,13:12:05,0.65,50,1831900
20240213,13:12:06,0.65,50,1831900
20240213,13:12:07,0.65,50,1831900
20240213,13:12:08,0.65,50,1831900
20240213,13:12:09,0.7,250,1831900
20240213,13:12:10,0.65,50,1831900
20240213,13:12:11,0.65,350,1831900
20240213,13:12:12,0.65,200,1831900
20240213,13:12:14,0.65,400,1831900
20240213,13:12:15,0.65,250,1831900
20240213,13:12:16,0.65,50,1831900
20240213,13:12:17,0.65,50,1831900
20240213,13:12:18,0.65,50,1831900
20240213,13:12:19,0.65,50,1831900
20240213,13:12:20,0.65,50,1831900
20240213,13:12:21,0.65,50,1831900
20240213,13:12:22,0.65,100,1831900
20240213,13:12:23,0.7,1550,1831900
20240213,13:12:24,0.65,50,1831900
20240213,13:12:26,0.65,450,1831900
20240213,13:12:27,0.65,200,1831900
20240213,13:12:28,0.65,200,1831900
20240213,13:12:29,0.65,200,1831900
20240213,13:12:30,0.65,200,1831900
20240213,13:12:31,0.65,250,1831900
20240213,13:12:32,0.65,200,1831900
20240213,13:12:32,0.65,1200,1831900
20240213,13:12:33,0.65,200,1831900
20240213,13:12:34,0.65,200,1831900
20240213,13:12:35,0.65,200,1831900
20240213,13:12:39,0.65,50,1831900
20240213,13:12:43,0.65,200,1831900
20240213,13:12:44,0.65,600,1831900
20240213,13:12:45,0.65,200,1831900
20240213,13:12:46,0.65,200,1831900
20240213,13:12:55,0.65,50,1831900
20240213,13:12:56,0.65,100,1831900
20240213,13:13:06,0.65,50,1831900
20240213,13:13:12,0.65,200,1833150
20240213,13:13:13,0.65,200,1833150
20240213,13:13:14,0.65,250,1833150
20240213,13:13:15,0.65,200,1833150
20240213,13:13:16,0.65,200,1833150
20240213,13:13:17,0.65,200,1833150
20240213,13:13:18,0.65,150,1833150
20240213,13:13:19,0.65,150,1833150
20240213,13:13:20,0.65,200,1833150
20240213,13:13:21,0.65,150,1833150
20240213,13:13:24,0.65,150,1833150
20240213,13:13:25,0.65,750,1833150
20240213,13:13:26,0.65,150,1833150
20240213,13:13:27,0.65,150,1833150
20240213,13:13:28,0.65,150,1833150
20240213,13:13:37,0.65,2800,1833150
20240213,13:13:43,0.65,150,1833150
20240213,13:13:44,0.65,150,1833150
20240213,13:13:45,0.65,150,1833150
20240213,13:13:46,0.65,150,1833150
20240213,13:13:47,0.65,150,1833150
20240213,13:13:48,0.65,1800,1833150
20240213,13:13:49,0.65,1800,1833150
20240213,13:13:50,0.65,1800,1833150
20240213,13:13:51,0.65,1800,1833150
20240213,13:13:57,0.7,450,1833150
20240213,13:13:59,0.65,1800,1833150
20240213,13:14:00,0.65,1800,1833150
20240213,13:14:01,0.65,1800,1833150
20240213,13:14:02,0.65,2250,1833150
20240213,13:14:08,0.7,250,1833150
20240213,13:14:09,0.7,200,1833150
20240213,13:14:11,0.65,50,1833150
20240213,13:14:26,0.65,1500,1833150
20240213,13:14:28,0.65,50,1833150
20240213,13:15:05,0.65,50,1833150
20240213,13:15:08,0.65,50,1833150
20240213,13:15:16,0.65,150,1833150
20240213,13:15:42,0.65,50,1833150
20240213,13:15:43,0.7,350,1833150
20240213,13:15:44,0.7,100,1833150
20240213,13:15:50,0.7,50,1833150
20240213,13:16:18,0.7,300,1833150
20240213,13:16:19,0.65,1000,1820600
20240213,13:16:20,0.65,2000,1820600
20240213,13:16:21,0.65,2000,1820600
20240213,13:16:33,0.65,1000,1820600
20240213,13:16:34,0.65,1050,1820600
20240213,13:16:35,0.65,2000,1820600
20240213,13:16:36,0.65,1000,1820600
20240213,13:17:07,0.7,2000,1820600
20240213,13:18:25,0.7,200,1820600
20240213,13:18:37,0.7,50,1820600
20240213,13:20:22,0.7,1500,1820600
20240213,13:20:25,0.7,450,1821350
20240213,13:20:39,0.7,100,1821350
20240213,13:20:39,0.7,300,1821350
20240213,13:20:47,0.65,50,1821350
20240213,13:21:52,0.7,50,1821350
20240213,13:22:20,0.7,200,1820100
20240213,13:23:29,0.65,50,1820100
20240213,13:23:34,0.65,50,1820100
20240213,13:23:50,0.7,50,1820100
20240213,13:24:05,0.65,200,1820100
20240213,13:24:06,0.65,200,1820100
20240213,13:24:07,0.65,400,1820100
20240213,13:24:08,0.65,200,1820100
20240213,13:24:09,0.65,200,1820100
20240213,13:24:12,0.65,200,1820100
20240213,13:24:13,0.65,200,1820100
20240213,13:24:14,0.65,200,1820100
20240213,13:24:15,0.65,200,1820100
20240213,13:24:28,0.65,100,1820100
20240213,13:24:34,0.65,50,1820100
20240213,13:24:53,0.65,50,1820100
20240213,13:24:54,0.65,50,1820100
20240213,13:25:01,0.65,50,1820100
20240213,13:25:11,0.65,250,1819300
20240213,13:25:12,0.65,50,1819300
20240213,13:25:13,0.65,350,1819300
20240213,13:25:14,0.65,250,1819300
20240213,13:25:15,0.65,250,1819300
20240213,13:25:16,0.65,150,1819300
20240213,13:25:17,0.65,350,1819300
20240213,13:25:18,0.65,300,1819300
20240213,13:25:19,0.65,250,1819300
20240213,13:25:20,0.65,250,1819300
20240213,13:25:21,0.65,300,1819300
20240213,13:25:22,0.65,250,1819300
20240213,13:25:23,0.65,200,1819300
20240213,13:25:24,0.65,100,1819300
20240213,13:25:26,0.65,50,1819300
20240213,13:25:27,0.65,50,1819300
20240213,13:25:28,0.7,50,1819300
20240213,13:25:29,0.7,300,1819300
20240213,13:25:30,0.65,50,1819300
20240213,13:25:31,0.65,250,1819300
20240213,13:25:32,0.65,150,1819300
20240213,13:25:33,0.65,250,1819300
20240213,13:25:34,0.65,300,1819300
20240213,13:25:35,0.65,350,1819300
20240213,13:25:36,0.65,200,1819300
20240213,13:25:37,0.65,100,1819300
20240213,13:25:38,0.65,50,1819300
20240213,13:26:23,0.7,200,1819300
20240213,13:26:37,0.65,1000,1819300
20240213,13:26:38,0.7,150,1819300
20240213,13:26:41,0.65,1000,1819300
20240213,13:26:42,0.65,1000,1819300
20240213,13:26:43,0.65,2000,1819300
20240213,13:26:44,0.65,1000,1819300
20240213,13:26:45,0.65,2000,1819300
20240213,13:26:46,0.65,1000,1819300
20240213,13:26:47,0.65,2000,1819300
20240213,13:26:54,0.65,50,1819300
20240213,13:26:57,0.65,150,1819300
20240213,13:26:58,0.65,1800,1819300
20240213,13:27:01,0.65,1800,1819300
20240213,13:27:03,0.65,1800,1819300
20240213,13:27:06,0.65,1800,1819300
20240213,13:27:07,0.65,150,1819300
20240213,13:28:13,0.7,700,1819300
20240213,13:28:38,0.7,700,1813800
20240213,13:29:51,0.7,100,1813800
20240213,13:30:30,0.7,200,1813800
20240213,13:31:06,0.7,50,1813800
20240213,13:31:06,0.7,300,1813800
20240213,13:32:28,0.7,700,1813000
20240213,13:32:38,0.65,650,1813000
20240213,13:32:53,0.65,150,1813000
20240213,13:32:55,0.65,50,1813000
20240213,13:32:57,0.65,50,1813000
20240213,13:33:17,0.7,5750,1813000
20240213,13:33:19,0.65,50,1813000
20240213,13:33:21,0.65,150,1813000
20240213,13:33:31,0.65,50,1813000
20240213,13:34:03,0.65,50,1813000
20240213,13:34:08,0.7,50,1813000
20240213,13:34:08,0.7,50,1807300
20240213,13:34:09,0.7,100,1807300
20240213,13:34:15,0.65,150,1807300
20240213,13:34:15,0.7,3800,1807300
20240213,13:34:17,0.65,150,1807300
20240213,13:34:23,0.7,750,1807300
20240213,13:34:25,0.65,50,1807300
20240213,13:34:33,0.65,150,1807300
20240213,13:34:35,0.65,50,1807300
20240213,13:34:37,0.65,150,1807300
20240213,13:34:38,0.7,1100,1807300
20240213,13:34:44,0.65,50,1807300
20240213,13:34:56,0.7,50,1807300
20240213,13:35:07,0.7,1400,1807300
20240213,13:35:20,0.65,50,1807300
20240213,13:35:38,0.7,50,1807300
20240213,13:35:39,0.7,850,1807300
20240213,13:36:21,0.7,500,1807300
20240213,13:36:54,0.7,500,1807300
20240213,13:37:33,0.65,100,1810900
20240213,13:37:59,0.7,3300,1810900
20240213,13:37:59,0.7,3200,1810900
20240213,13:38:04,0.7,200,1810900
20240213,13:38:05,0.7,950,1810900
20240213,13:38:13,0.7,200,1810900
20240213,13:38:16,0.7,300,1810900
20240213,13:38:21,0.7,200,1810900
20240213,13:38:36,0.65,150,1810900
20240213,13:38:36,0.7,1000,1810900
20240213,13:38:51,0.65,1000,1810900
20240213,13:39:00,0.7,1800,1810900
20240213,13:39:05,0.65,1500,1810900
20240213,13:39:09,0.7,800,1810900
20240213,13:39:12,0.7,10000,1810900
20240213,13:39:13,0.7,1800,1810900
20240213,13:39:15,0.7,700,1810900
20240213,13:39:17,0.7,200,1810900
20240213,13:39:18,0.7,250,1810900
20240213,13:39:20,0.7,200,1810900
20240213,13:39:21,0.7,10000,1810900
20240213,13:39:22,0.7,1800,1810900
20240213,13:39:23,0.7,46950,1810900
20240213,13:40:08,0.75,200,1810900
20240213,13:40:33,0.75,550,1789250
20240213,13:40:56,0.7,200,1789250
20240213,13:40:57,0.75,1800,1789250
20240213,13:41:19,0.75,50,1789250
20240213,13:41:35,0.75,50,1789250
20240213,13:41:44,0.7,2000,1789250
20240213,13:42:09,0.75,200,1789250
20240213,13:42:21,0.7,50,1789250
20240213,13:42:38,0.75,1800,1789250
20240213,13:42:39,0.75,8200,1789250
20240213,13:42:41,0.75,10000,1789250
20240213,13:43:04,0.7,400,1789250
20240213,13:43:10,0.75,50,1784900
20240213,13:43:26,0.7,50,1784900
20240213,13:43:38,0.75,1500,1784900
20240213,13:43:39,0.75,1500,1784900
20240213,13:43:44,0.7,250,1784900
20240213,13:43:56,0.75,200,1784900
20240213,13:44:00,0.75,1800,1784900
20240213,13:44:04,0.75,1800,1784900
20240213,13:44:08,0.75,1800,1784900
20240213,13:44:11,0.75,200,1784900
20240213,13:44:34,0.75,900,1784900
20240213,13:45:28,0.75,100,1784900
20240213,13:45:29,0.75,50,1784900
20240213,13:45:30,0.75,300,1784900
20240213,13:45:41,0.7,50,1784900
20240213,13:45:42,0.75,100,1784900
20240213,13:45:43,0.7,50,1784900
20240213,13:46:12,0.75,1200,1784900
20240213,13:46:14,0.7,1500,1775450
20240213,13:46:16,0.7,250,1775450
20240213,13:46:20,0.7,250,1775450
20240213,13:46:54,0.75,1850,1775450
20240213,13:47:07,0.7,200,1775450
20240213,13:47:08,0.75,200,1775450
20240213,13:47:09,0.7,300,1775450
20240213,13:47:10,0.7,50,1775450
20240213,13:47:11,0.7,50,1775450
20240213,13:47:55,0.75,2000,1775450
20240213,13:47:56,0.75,2000,1775450
20240213,13:48:20,0.75,200,1775450
20240213,13:48:25,0.75,900,1775450
20240213,13:48:35,0.7,100,1775450
20240213,13:48:38,0.75,900,1775450
20240213,13:49:41,0.7,1000,1772600
20240213,13:49:42,0.7,1000,1772600
20240213,13:49:43,0.7,1000,1772600
20240213,13:49:44,0.7,1000,1772600
20240213,13:49:45,0.7,2000,1772600
20240213,13:49:46,0.7,1000,1772600
20240213,13:49:47,0.7,1000,1772600
20240213,13:49:48,0.7,1000,1772600
20240213,13:50:24,0.75,200,1772600
20240213,13:50:32,0.75,50,1772600
20240213,13:50:32,0.75,200,1772600
20240213,13:50:33,0.75,100,1772600
20240213,13:50:42,0.7,50,1772600
20240213,13:51:02,0.7,50,1772600
20240213,13:51:42,0.7,1800,1772600
20240213,13:52:27,0.75,200,1772600
20240213,13:52:41,0.7,1800,1772600
20240213,13:53:09,0.75,300,1772600
20240213,13:53:11,0.75,300,1772600
20240213,13:53:17,0.7,50,1772600
20240213,13:53:19,0.7,150,1772600
20240213,13:53:20,0.7,50,1772600
20240213,13:53:21,0.7,50,1772600
20240213,13:53:22,0.7,50,1772600
20240213,13:53:23,0.7,150,1772600
20240213,13:53:24,0.7,150,1772600
20240213,13:53:28,0.7,150,1772600
20240213,13:53:29,0.7,150,1772600
20240213,13:53:31,0.7,50,1772600
20240213,13:53:33,0.7,50,1772600
20240213,13:53:33,0.75,1850,1772600
20240213,13:53:40,0.7,50,1772600
20240213,13:53:46,0.7,150,1772600
20240213,13:54:07,0.7,200,1772600
20240213,13:54:08,0.7,50,1772600
20240213,13:54:12,0.7,150,1772600
20240213,13:54:12,0.7,200,1772600
20240213,13:54:14,0.7,50,1772600
20240213,13:54:15,0.7,50,1772600
20240213,13:54:17,0.7,200,1772600
20240213,13:54:28,0.7,1950,1772600
20240213,13:55:38,0.75,100,1772600
20240213,13:55:38,0.75,300,1777100
20240213,13:56:16,0.75,250,1777100
20240213,13:56:51,0.7,500,1777100
20240213,13:57:06,0.7,100,1777100
20240213,13:57:56,0.7,50,1777100
20240213,13:58:07,0.7,50,1777100
20240213,13:58:08,0.75,100,1777100
20240213,13:58:09,0.75,100,1777100
20240213,13:58:22,0.7,35000,1777100
20240213,13:58:24,0.7,29850,1777100
20240213,13:58:43,0.7,300,1777100
20240213,13:58:56,0.65,1000,1777100
20240213,13:58:57,0.7,1000,1777100
20240213,13:59:01,0.65,1000,1777100
20240213,13:59:32,0.65,5000,1777100
20240213,13:59:41,0.65,5000,1777100
20240213,13:59:43,0.7,1500,1777100
20240213,13:59:57,0.65,1000,1777100
20240213,13:59:58,0.65,1500,1777100
20240213,14:00:03,0.7,50,1777100
20240213,14:00:28,0.7,50,1777100
20240213,14:00:29,0.7,350,1777100
20240213,14:00:30,0.7,200,1777100
20240213,14:00:33,0.7,300,1777100
20240213,14:00:34,0.7,50,1777100
20240213,14:00:35,0.7,2100,1777100
20240213,14:00:40,0.65,350,1777100
20240213,14:00:42,0.65,300,1777100
20240213,14:00:42,0.65,100,1777100
20240213,14:00:43,0.65,250,1777100
20240213,14:00:44,0.65,250,1777100
20240213,14:00:47,0.65,50,1777100
20240213,14:00:47,0.65,150,1777100
20240213,14:00:48,0.65,150,1777100
20240213,14:00:49,0.65,100,1777100
20240213,14:00:51,0.7,100,1777100
20240213,14:01:27,0.7,250,1777100
20240213,14:01:29,0.7,350,1783050
20240213,14:01:30,0.7,250,1783050
20240213,14:01:31,0.65,100,1783050
20240213,14:01:32,0.65,300,1783050
20240213,14:01:33,0.65,200,1783050
20240213,14:01:34,0.65,250,1783050
20240213,14:01:35,0.65,250,1783050
20240213,14:01:36,0.65,500,1783050
20240213,14:01:37,0.65,250,1783050
20240213,14:01:38,0.65,550,1783050
20240213,14:01:39,0.65,2050,1783050
20240213,14:01:40,0.7,3850,1783050
20240213,14:01:41,0.65,3850,1783050
20240213,14:01:42,0.7,1900,1783050
20240213,14:01:43,0.65,3850,1783050
20240213,14:01:44,0.65,300,1783050
20240213,14:01:45,0.65,100,1783050
20240213,14:01:46,0.65,250,1783050
20240213,14:01:47,0.65,200,1783050
20240213,14:01:48,0.65,100,1783050
20240213,14:02:28,0.7,200,1783050
20240213,14:02:30,0.7,50,1783050
20240213,14:02:38,0.65,50,1783050
20240213,14:02:54,0.65,150,1783050
20240213,14:03:04,0.65,300,1783050
20240213,14:03:23,0.7,4700,1783050
20240213,14:03:40,0.65,50,1783050
20240213,14:03:43,0.7,50,1783050
20240213,14:03:56,0.65,50,1783050
20240213,14:04:22,0.7,1900,1783400
20240213,14:04:22,0.7,1950,1783400
20240213,14:04:33,0.65,50,1783400
20240213,14:04:34,0.65,250,1783400
20240213,14:04:35,0.65,200,1783400
20240213,14:04:36,0.65,300,1783400
20240213,14:04:37,0.65,200,1783400
20240213,14:04:38,0.65,200,1783400
20240213,14:04:39,0.65,200,1783400
20240213,14:04:58,0.65,200,1783400
20240213,14:04:59,0.65,250,1783400
20240213,14:05:03,0.65,50,1783400
20240213,14:05:11,0.65,50,1783400
20240213,14:05:23,0.65,600,1783400
20240213,14:05:23,0.65,150,1783400
20240213,14:05:24,0.65,250,1783400
20240213,14:05:26,0.7,2350,1783400
20240213,14:05:27,0.7,12100,1783400
20240213,14:05:28,0.65,250,1783400
20240213,14:05:29,0.65,6000,1783400
20240213,14:05:30,0.7,500,1783400
20240213,14:05:31,0.65,300,1783400
20240213,14:05:32,0.65,19000,1783400
20240213,14:05:32,0.65,150,1783400
20240213,14:05:33,0.65,200,1783400
20240213,14:05:34,0.65,250,1783400
20240213,14:05:36,0.65,300,1783400
20240213,14:05:37,0.65,350,1783400
20240213,14:05:38,0.65,250,1783400
20240213,14:05:39,0.65,250,1783400
20240213,14:05:39,0.65,200,1783400
20240213,14:05:40,0.65,250,1783400
20240213,14:05:42,0.7,7550,1783400
20240213,14:05:43,0.65,2100,1783400
20240213,14:05:43,0.65,100,1783400
20240213,14:05:44,0.65,2050,1783400
20240213,14:05:46,0.65,250,1783400
20240213,14:05:49,0.7,2100,1783400
20240213,14:05:51,0.7,100,1783400
20240213,14:05:53,0.7,600,1783400
20240213,14:05:54,0.7,1200,1783400
20240213,14:05:55,0.7,2200,1783400
20240213,14:05:56,0.7,2400,1783400
20240213,14:06:01,0.7,1400,1783400
20240213,14:06:03,0.7,250,1783400
20240213,14:06:04,0.7,5400,1783400
20240213,14:06:05,0.7,3600,1783400
20240213,14:06:06,0.7,400,1783400
20240213,14:06:07,0.7,30200,1783400
20240213,14:06:08,0.7,42250,1783400
20240213,14:06:09,0.75,200,1783400
20240213,14:06:13,0.7,150,1783400
20240213,14:06:27,0.75,1800,1783400
20240213,14:06:55,0.7,250,1783400
20240213,14:06:58,0.7,1000,1783400
20240213,14:06:59,0.7,2000,1783400
20240213,14:07:00,0.7,2000,1783400
20240213,14:07:01,0.7,2000,1783400
20240213,14:07:02,0.7,3000,1783400
20240213,14:07:47,0.75,10000,1783400
20240213,14:08:14,0.75,200,1845700
20240213,14:08:33,0.7,150,1845700
20240213,14:08:37,0.75,50,1845700
20240213,14:08:39,0.75,50,1845700
20240213,14:08:40,0.75,400,1845700
20240213,14:08:41,0.75,600,1845700
20240213,14:08:53,0.7,10000,1845700
20240213,14:08:55,0.7,600,1845700
20240213,14:08:56,0.7,21600,1845700
20240213,14:09:00,0.75,100,1845700
20240213,14:09:10,0.7,11450,1845700
20240213,14:09:11,0.7,1500,1845700
20240213,14:09:12,0.7,550,1845700
20240213,14:09:13,0.7,100,1845700
20240213,14:09:21,0.7,1500,1845700
20240213,14:09:36,0.7,50,1845700
20240213,14:09:38,0.7,200,1845700
20240213,14:09:39,0.65,1600,1845700
20240213,14:09:45,0.7,50,1845700
20240213,14:09:46,0.7,50,1845700
20240213,14:10:06,0.65,1150,1845700
20240213,14:10:21,0.7,100,1843150
20240213,14:10:25,0.7,50,1843150
20240213,14:10:28,0.7,200,1843150
20240213,14:10:28,0.7,50,1843150
20240213,14:10:30,0.7,50,1843150
20240213,14:10:31,0.7,300,1843150
20240213,14:10:45,0.7,50,1843150
20240213,14:10:48,0.65,500,1843150
20240213,14:10:56,0.7,900,1843150
20240213,14:11:01,0.7,100,1843150
20240213,14:11:04,0.7,1500,1843150
20240213,14:11:05,0.65,500,1843150
20240213,14:11:20,0.7,50,1843150
20240213,14:11:23,0.7,100,1843150
20240213,14:11:48,0.65,50,1843150
20240213,14:12:01,0.7,200,1843150
20240213,14:12:17,0.7,200,1843150
20240213,14:13:16,0.7,600,1840700
20240213,14:14:08,0.7,200,1840700
20240213,14:14:31,0.7,1800,1840700
20240213,14:14:53,0.65,150,1840700
20240213,14:15:48,0.7,350,1840700
20240213,14:15:49,0.7,50,1840700
20240213,14:15:54,0.7,1800,1840700
20240213,14:15:55,0.7,400,1840700
20240213,14:15:57,0.7,1800,1840700
20240213,14:15:59,0.7,100,1840700
20240213,14:16:12,0.7,200,1840700
20240213,14:16:27,0.7,50,1840700
20240213,14:16:39,0.7,500,1837850
20240213,14:17:10,0.7,400,1837850
20240213,14:17:14,0.7,250,1837850
20240213,14:17:15,0.7,150,1837850
20240213,14:17:59,0.7,50,1837850
20240213,14:18:15,0.7,150,1837850
20240213,14:18:40,0.7,50,1837850
20240213,14:18:45,0.65,100,1837850
20240213,14:19:05,0.65,50,1837850
20240213,14:20:07,0.7,50,1838200
20240213,14:20:18,0.7,1800,1838200
20240213,14:20:24,0.7,1800,1838200
20240213,14:20:26,0.7,200,1838200
20240213,14:20:27,0.65,10000,1838200
20240213,14:20:28,0.7,50,1838200
20240213,14:20:29,0.7,300,1838200
20240213,14:20:33,0.7,50,1838200
20240213,14:20:45,0.7,100,1838200
20240213,14:21:20,0.65,350,1838200
20240213,14:22:10,0.7,200,1838200
20240213,14:22:24,0.65,200,1838200
20240213,14:22:53,0.7,50,1846250
20240213,14:23:13,0.7,150,1846250
20240213,14:23:19,0.7,150,1846250
20240213,14:23:23,0.7,50,1846250
20240213,14:23:24,0.65,100,1846250
20240213,14:24:03,0.7,150,1846250
20240213,14:24:04,0.7,50,1846250
20240213,14:24:08,0.7,200,1846250
20240213,14:24:09,0.7,200,1846250
20240213,14:24:24,0.7,150,1846250
20240213,14:24:27,0.7,50,1846250
20240213,14:25:00,0.7,800,1846250
20240213,14:25:12,0.65,200,1846250
20240213,14:25:28,0.7,50,1844950
20240213,14:25:28,0.7,250,1844950
20240213,14:25:29,0.7,50,1844950
20240213,14:26:04,0.65,50,1844950
20240213,14:26:26,0.7,200,1844950
20240213,14:27:26,0.7,1800,1844950
20240213,14:27:29,0.7,1800,1844950
20240213,14:27:31,0.7,900,1844950
20240213,14:27:39,0.7,50,1844950
20240213,14:28:08,0.7,200,1844950
20240213,14:28:24,0.7,1800,1841550
20240213,14:28:57,0.7,100,1841550
20240213,14:29:17,0.7,600,1841550
20240213,14:31:02,0.7,1200,1841550
20240213,14:31:03,0.7,650,1841550
20240213,14:32:09,0.7,200,1841550
20240213,14:32:17,0.7,50,1841100
20240213,14:32:20,0.65,150,1841100
20240213,14:33:03,0.65,5400,1841100
20240213,14:33:04,0.65,3600,1841100
20240213,14:33:52,0.7,3000,1841100
20240213,14:34:07,0.7,2400,1841100
20240213,14:34:08,0.7,200,1841100
20240213,14:34:34,0.65,50,1846950
20240213,14:34:40,0.65,50,1846950
20240213,14:34:56,0.7,100,1846950
20240213,14:35:03,0.7,1400,1846950
20240213,14:35:17,0.65,50,1846950
20240213,14:35:22,0.65,150,1846950
20240213,14:35:28,0.7,100,1846950
20240213,14:35:28,0.7,300,1846950
20240213,14:35:53,0.7,50,1846950
20240213,14:36:09,0.65,1100,1846950
20240213,14:36:10,0.7,200,1846950
20240213,14:36:55,0.7,1700,1846950
20240213,14:37:05,0.7,50,1846950
20240213,14:37:36,0.7,500,1846950
20240213,14:37:36,0.7,500,1848600
20240213,14:37:37,0.7,1000,1848600
20240213,14:37:38,0.7,1000,1848600
20240213,14:38:14,0.7,200,1848600
20240213,14:38:23,0.65,150,1848600
20240213,14:38:30,0.65,50,1848600
20240213,14:38:35,0.65,150,1848600
20240213,14:38:37,0.65,150,1848600
20240213,14:38:47,0.65,200,1848600
20240213,14:38:48,0.7,300,1848600
20240213,14:38:52,0.65,150,1848600
20240213,14:38:54,0.65,50,1848600
20240213,14:40:32,0.7,250,1848800
20240213,14:40:32,0.7,300,1848800
20240213,14:40:33,0.7,50,1848800
20240213,14:40:36,0.65,100,1848800
20240213,14:40:37,0.7,100,1848800
20240213,14:40:40,0.65,100,1848800
20240213,14:40:53,0.65,1800,1848800
20240213,14:41:37,0.7,100,1848800
20240213,14:41:41,0.7,550,1848800
20240213,14:42:37,0.7,1200,1848800
20240213,14:42:50,0.7,50,1848800
20240213,14:42:57,0.7,50,1848800
20240213,14:42:59,0.7,1000,1848800
20240213,14:43:02,0.7,1000,1848800
20240213,14:43:05,0.7,1000,1848800
20240213,14:43:09,0.7,1000,1848800
20240213,14:43:13,0.7,1000,1848800
20240213,14:43:16,0.7,1000,1848800
20240213,14:43:39,0.7,500,1849900
20240213,14:43:52,0.7,50,1849900
20240213,14:44:00,0.7,100,1849900
20240213,14:44:03,0.7,50,1849900
20240213,14:44:14,0.7,200,1849900
20240213,14:44:14,0.7,50,1849900
20240213,14:44:25,0.7,1200,1849900
20240213,14:44:46,0.65,100,1849900
20240213,14:44:54,0.65,100,1849900
20240213,14:45:23,0.7,100,1849900
20240213,14:45:24,0.7,100,1849900
20240213,14:45:49,0.7,1050,1849900
20240213,14:45:50,0.7,300,1849900
20240213,14:46:04,0.7,1800,1849900
20240213,14:46:09,0.7,250,1849900
20240213,14:46:24,0.65,10000,1852900
20240213,14:46:37,0.7,7300,1852900
20240213,14:46:39,0.65,50,1852900
20240213,14:46:43,0.7,100,1852900
20240213,14:46:49,0.65,1000,1852900
20240213,14:46:50,0.65,2000,1852900
20240213,14:46:51,0.65,2000,1852900
20240213,14:46:52,0.65,3000,1852900
20240213,14:46:53,0.65,1000,1852900
20240213,14:46:59,0.65,50,1852900
20240213,14:48:02,0.65,900,1852900
20240213,14:48:56,0.7,200,1852900
20240213,14:48:57,0.65,200,1852900
20240213,14:49:26,0.7,900,1845450
20240213,14:50:01,0.65,50,1845450
20240213,14:50:32,0.7,200,1845450
20240213,14:50:32,0.7,350,1845450
20240213,14:50:33,0.7,1150,1845450
20240213,14:50:38,0.7,500,1845450
20240213,14:50:42,0.7,1500,1845450
20240213,14:50:49,0.7,1600,1845450
20240213,14:50:57,0.7,200,1845450
20240213,14:50:58,0.7,150,1845450
20240213,14:51:38,0.7,700,1845450
20240213,14:51:45,0.65,100,1845450
20240213,14:51:59,0.65,150,1845450
20240213,14:52:06,0.7,700,1845450
20240213,14:52:08,0.65,3600,1845450
20240213,14:52:16,0.7,2000,1845450
20240213,14:52:41,0.65,150,1845450
20240213,14:53:05,0.65,200,1841300
20240213,14:53:14,0.65,50,1841300
20240213,14:53:58,0.65,350,1841300
20240213,14:53:59,0.65,650,1841300
20240213,14:54:07,0.7,200,1841300
20240213,14:54:24,0.7,500,1841300
20240213,14:54:41,0.7,50,1841300
20240213,14:55:14,0.7,1800,1841300
20240213,14:55:19,0.7,1800,1841300
20240213,14:55:27,0.7,50,1839950
20240213,14:55:28,0.7,300,1839950
20240213,14:55:30,0.7,50,1839950
20240213,14:55:54,0.7,250,1839950
20240213,14:56:00,0.7,1900,1839950
20240213,14:56:22,0.7,1200,1839950
20240213,14:57:37,0.7,200,1839950
20240213,14:57:57,0.7,50,1839950
20240213,14:58:02,0.7,50,1839950
20240213,14:58:07,0.7,150,1839950
20240213,14:58:08,0.7,50,1839950
20240213,14:58:17,0.65,1800,1839950
20240213,14:58:44,0.7,100,1839950
20240213,14:58:44,0.7,4500,1841450
20240213,14:58:46,0.7,1800,1841450
20240213,14:58:48,0.7,500,1841450
20240213,14:58:52,0.7,1100,1841450
20240213,14:59:00,0.7,400,1841450
20240213,14:59:17,0.65,300,1841450
20240213,14:59:21,0.65,5000,1841450
20240213,14:59:31,0.7,250,1841450
20240213,14:59:33,0.7,500,1841450
20240213,14:59:33,0.7,2800,1841450
20240213,14:59:36,0.7,100,1841450
20240213,15:00:14,0.65,100,1841450
20240213,15:00:17,0.7,800,1841450
20240213,15:00:26,0.7,100,1841450
20240213,15:00:27,0.7,100,1841450
20240213,15:00:28,0.7,100,1841450
20240213,15:00:29,0.7,800,1841450
20240213,15:00:30,0.7,1700,1841450
20240213,15:00:32,0.7,50,1841450
20240213,15:00:33,0.7,2500,1841450
20240213,15:00:34,0.7,1300,1841450
20240213,15:00:36,0.7,400,1841450
20240213,15:00:42,0.7,1000,1841450
20240213,15:00:44,0.7,250,1841450
20240213,15:00:45,0.7,1200,1841450
20240213,15:00:47,0.7,250,1841450
20240213,15:00:50,0.7,400,1841450
20240213,15:00:51,0.7,250,1841450
20240213,15:00:55,0.7,250,1841450
20240213,15:00:56,0.7,600,1841450
20240213,15:00:57,0.7,1550,1841450
20240213,15:00:57,0.7,350,1841450
20240213,15:00:58,0.7,850,1841450
20240213,15:01:00,0.7,1800,1841450
20240213,15:01:03,0.65,50,1841450
20240213,15:01:05,0.7,1400,1841450
20240213,15:01:05,0.7,1500,1841450
20240213,15:01:07,0.7,1500,1841450
20240213,15:01:09,0.7,1800,1841450
20240213,15:01:12,0.7,1800,1841450
20240213,15:01:18,0.7,1000,1841450
20240213,15:01:26,0.7,100,1844050
20240213,15:01:28,0.7,1000,1844050
20240213,15:01:29,0.7,3000,1844050
20240213,15:01:30,0.7,1000,1844050
20240213,15:01:37,0.7,150,1844050
20240213,15:01:47,0.7,1000,1844050
20240213,15:01:47,0.7,3000,1844050
20240213,15:01:48,0.7,2750,1844050
20240213,15:01:49,0.7,3400,1844050
20240213,15:01:50,0.7,6900,1844050
20240213,15:01:51,0.7,65600,1844050
20240213,15:02:01,0.75,1500,1844050
20240213,15:02:02,0.7,100,1844050
20240213,15:02:06,0.7,1000,1844050
20240213,15:02:11,0.7,300,1844050
20240213,15:02:15,0.7,1800,1844050
20240213,15:02:20,0.75,800,1844050
20240213,15:02:26,0.75,9000,1844050
20240213,15:02:40,0.75,1800,1844050
20240213,15:02:42,0.75,1800,1844050
20240213,15:02:57,0.75,500,1844050
20240213,15:03:01,0.75,500,1844050
20240213,15:03:18,0.75,500,1844050
20240213,15:03:19,0.75,500,1844050
20240213,15:03:20,0.75,3500,1844050
20240213,15:03:21,0.75,6800,1844050
20240213,15:03:23,0.75,1800,1844050
20240213,15:04:25,0.75,1800,1822950
20240213,15:04:26,0.8,5400,1822950
20240213,15:04:34,0.8,5400,1822950
20240213,15:04:35,0.8,1800,1822950
20240213,15:04:45,0.8,5100,1822950
20240213,15:04:46,0.8,6700,1822950
20240213,15:04:51,0.8,600,1822950
20240213,15:04:58,0.8,3750,1822950
20240213,15:04:59,0.8,1800,1822950
20240213,15:05:01,0.8,100,1822950
20240213,15:05:08,0.8,18900,1822950
20240213,15:05:12,0.8,100,1822950
20240213,15:05:13,0.85,3050,1822950
20240213,15:05:14,0.8,50,1822950
20240213,15:05:16,0.85,1250,1822950
20240213,15:05:17,0.85,28050,1822950
20240213,15:05:18,0.85,50,1822950
20240213,15:05:20,0.85,100,1822950
20240213,15:05:29,0.9,300,1822950
20240213,15:05:31,0.9,50,1822950
20240213,15:05:35,0.9,50,1822950
20240213,15:05:35,0.85,1550,1822950
20240213,15:05:41,0.85,1800,1822950
20240213,15:05:42,0.85,150,1822950
20240213,15:05:43,0.85,1800,1822950
20240213,15:05:45,0.85,100,1822950
20240213,15:05:46,0.9,5050,1822950
20240213,15:06:10,0.85,200,1822950
20240213,15:06:16,0.9,1750,1822950
20240213,15:06:17,0.9,1800,1822950
20240213,15:06:29,0.85,50,1822950
20240213,15:06:36,0.9,500,1822950
20240213,15:06:40,0.9,5400,1822950
20240213,15:06:40,0.9,46550,1822950
20240213,15:06:41,0.9,1150,1822950
20240213,15:06:44,0.9,450,1822950
20240213,15:06:46,0.9,1800,1822950
20240213,15:06:48,0.9,3650,1822950
20240213,15:06:49,0.9,45250,1822950
20240213,15:07:03,0.85,100,1822950
20240213,15:07:06,0.9,1500,1822950
20240213,15:07:16,0.85,100,1822950
20240213,15:07:22,0.85,500,1822950
20240213,15:07:26,0.9,1800,1815450
20240213,15:07:26,0.9,1200,1815450
20240213,15:07:58,0.9,3600,1815450
20240213,15:08:01,0.9,1800,1815450
20240213,15:08:01,0.9,1200,1815450
20240213,15:08:27,0.9,1800,1815450
20240213,15:08:29,0.85,500,1815450
20240213,15:08:34,0.9,1800,1815450
20240213,15:08:36,0.9,1800,1815450
20240213,15:08:38,0.9,1800,1815450
20240213,15:08:46,0.85,1800,1815450
20240213,15:08:48,0.85,1800,1815450
20240213,15:08:50,0.85,1800,1815450
20240213,15:08:52,0.85,1800,1815450
20240213,15:08:55,0.85,1800,1815450
20240213,15:08:56,0.85,700,1815450
20240213,15:09:01,0.85,250,1815450
20240213,15:09:04,0.85,1800,1815450
20240213,15:09:05,0.85,600,1815450
20240213,15:09:07,0.85,1000,1815450
20240213,15:09:16,0.9,500,1815450
20240213,15:09:18,0.9,500,1815450
20240213,15:09:28,0.85,500,1815450
20240213,15:09:36,0.9,500,1815450
20240213,15:09:37,0.9,500,1815450
20240213,15:09:47,0.85,150,1815450
20240213,15:09:49,0.9,1000,1815450
20240213,15:09:55,0.85,1800,1815450
20240213,15:09:56,0.85,1200,1815450
20240213,15:10:01,0.85,1800,1815450
20240213,15:10:03,0.85,1800,1815450
20240213,15:10:03,0.85,3000,1815450
20240213,15:10:07,0.85,100,1815450
20240213,15:10:23,0.85,1000,1815450
20240213,15:10:24,0.85,2000,1828650
20240213,15:10:25,0.85,2500,1828650
20240213,15:10:25,0.85,1000,1828650
20240213,15:10:27,0.85,4400,1828650
20240213,15:10:28,0.85,27150,1828650
20240213,15:10:28,0.8,200,1828650
20240213,15:10:29,0.85,1250,1828650
20240213,15:10:30,0.8,2250,1828650
20240213,15:10:32,0.8,1200,1828650
20240213,15:10:33,0.8,500,1828650
20240213,15:10:34,0.85,250,1828650
20240213,15:10:39,0.85,250,1828650
20240213,15:10:40,0.8,1800,1828650
20240213,15:10:47,0.8,4100,1828650
20240213,15:10:54,0.8,33800,1828650
20240213,15:11:01,0.8,1150,1828650
20240213,15:11:02,0.8,2000,1828650
20240213,15:11:03,0.8,2000,1828650
20240213,15:11:04,0.8,4800,1828650
20240213,15:11:11,0.8,1800,1828650
20240213,15:11:17,0.8,4800,1828650
20240213,15:11:18,0.8,1000,1828650
20240213,15:11:19,0.8,1000,1828650
20240213,15:11:20,0.8,1000,1828650
20240213,15:11:22,0.8,1000,1828650
20240213,15:11:23,0.75,1100,1828650
20240213,15:11:32,0.75,500,1828650
20240213,15:11:43,0.75,50,1828650
20240213,15:11:46,0.75,100,1828650
20240213,15:12:25,0.8,1800,1828650
20240213,15:12:29,0.8,1000,1828650
20240213,15:12:32,0.8,1800,1828650
20240213,15:12:35,0.8,1800,1828650
20240213,15:12:40,0.75,1800,1828650
20240213,15:12:40,0.8,1800,1828650
20240213,15:12:42,0.8,1800,1828650
20240213,15:12:44,0.8,1800,1828650
20240213,15:12:49,0.75,500,1828650
20240213,15:12:58,0.75,1800,1828650
20240213,15:13:07,0.8,1800,1828650
20240213,15:13:10,0.8,700,1828650
20240213,15:13:11,0.75,1800,1828650
20240213,15:13:27,0.75,1800,1828650
20240213,15:13:36,0.75,1000,1816700
20240213,15:14:09,0.8,1500,1816700
20240213,15:14:10,0.8,7000,1816700
20240213,15:14:11,0.8,50550,1816700
20240213,15:14:16,0.85,3000,1816700
20240213,15:14:17,0.85,9000,1816700
20240213,15:14:18,0.85,3000,1816700
20240213,15:14:27,0.85,6500,1816700
20240213,15:14:31,0.8,1500,1816700
20240213,15:14:37,0.85,1500,1816700
20240213,15:14:38,0.85,7500,1816700
20240213,15:14:39,0.85,6000,1816700
20240213,15:14:43,0.85,1500,1816700
20240213,15:14:44,0.85,4500,1816700
20240213,15:14:45,0.85,9000,1816700
20240213,15:14:48,0.85,100,1816700
20240213,15:14:54,0.8,500,1816700
20240213,15:14:59,0.85,3000,1816700
20240213,15:15:10,0.8,150,1816700
20240213,15:15:12,0.85,50,1816700
20240213,15:15:16,0.85,1500,1816700
20240213,15:15:29,0.85,3800,1816700
20240213,15:15:30,0.85,6950,1816700
20240213,15:15:31,0.85,2550,1816700
20240213,15:15:32,0.85,3000,1816700
20240213,15:15:33,0.8,1150,1816700
20240213,15:15:34,0.8,1000,1816700
20240213,15:15:35,0.8,1000,1816700
20240213,15:15:36,0.8,1000,1816700
20240213,15:15:37,0.8,1000,1816700
20240213,15:15:38,0.8,1000,1816700
20240213,15:15:39,0.8,500,1816700
20240213,15:15:40,0.8,500,1816700
20240213,15:15:41,0.8,1000,1816700
20240213,15:15:42,0.8,13250,1816700
20240213,15:15:43,0.8,2000,1816700
20240213,15:15:44,0.8,2500,1816700
20240213,15:15:45,0.8,2000,1816700
20240213,15:15:46,0.75,1000,1816700
20240213,15:15:47,0.75,1000,1816700
20240213,15:15:48,0.75,1000,1816700
20240213,15:15:49,0.75,1000,1816700
20240213,15:15:50,0.75,1000,1816700
20240213,15:15:51,0.75,1000,1816700
20240213,15:15:52,0.75,1000,1816700
20240213,15:15:53,0.75,2400,1816700
20240213,15:15:54,0.75,6000,1816700
20240213,15:15:55,0.75,23400,1816700
20240213,15:15:56,0.75,12500,1816700
20240213,15:16:04,0.8,250,1816700
20240213,15:16:15,0.8,1000,1816700
20240213,15:16:21,0.75,50,1816700
20240213,15:16:25,0.8,1400,1816700
20240213,15:16:34,0.8,1000,1828100
20240213,15:16:40,0.8,1000,1828100
20240213,15:16:44,0.8,1000,1828100
20240213,15:16:50,0.75,50,1828100
20240213,15:16:56,0.75,1100,1828100
20240213,15:16:57,0.8,1500,1828100
20240213,15:16:58,0.8,1000,1828100
20240213,15:16:59,0.8,1000,1828100
20240213,15:17:00,0.8,1000,1828100
20240213,15:17:01,0.8,1000,1828100
20240213,15:17:02,0.8,500,1828100
20240213,15:17:03,0.8,1600,1828100
20240213,15:17:04,0.8,1000,1828100
20240213,15:17:05,0.8,2000,1828100
20240213,15:17:06,0.8,3100,1828100
20240213,15:17:07,0.8,1000,1828100
20240213,15:17:08,0.8,1000,1828100
20240213,15:17:09,0.8,32150,1828100
20240213,15:17:12,0.8,6000,1828100
20240213,15:17:16,0.85,1000,1828100
20240213,15:17:20,0.85,1000,1828100
20240213,15:17:25,0.85,1000,1828100
20240213,15:17:30,0.85,1000,1828100
20240213,15:17:34,0.85,50,1828100
20240213,15:17:37,0.8,200,1828100
20240213,15:17:39,0.8,700,1828100
20240213,15:17:40,0.8,50,1828100
20240213,15:17:44,0.8,400,1828100
20240213,15:17:52,0.85,100,1828100
20240213,15:17:53,0.8,100,1828100
20240213,15:17:56,0.8,7100,1828100
20240213,15:18:03,0.8,150,1828100
20240213,15:18:04,0.8,150,1828100
20240213,15:18:05,0.8,200,1828100
20240213,15:18:15,0.8,1500,1828100
20240213,15:18:21,0.85,700,1828100
20240213,15:18:33,0.85,600,1828100
20240213,15:18:44,0.85,600,1828100
20240213,15:18:59,0.85,500,1828100
20240213,15:19:13,0.85,500,1828100
20240213,15:19:26,0.85,350,1834900
20240213,15:19:39,0.85,2500,1834900
20240213,15:19:41,0.85,50,1834900
20240213,15:19:52,0.85,50,1834900
20240213,15:19:53,0.85,50,1834900
20240213,15:20:03,0.8,50,1834900
20240213,15:20:04,0.8,50,1834900
20240213,15:20:05,0.8,100,1834900
20240213,15:20:08,0.8,1800,1834900
20240213,15:20:13,0.85,400,1834900
20240213,15:20:15,0.85,1200,1834900
20240213,15:20:16,0.85,5000,1834900
20240213,15:20:18,0.8,250,1834900
20240213,15:20:21,0.8,950,1834900
20240213,15:20:27,0.8,350,1834900
20240213,15:20:36,0.8,400,1834900
20240213,15:20:36,0.8,1000,1834900
20240213,15:20:37,0.8,2600,1834900
20240213,15:20:38,0.8,1000,1834900
20240213,15:20:39,0.8,21050,1834900
20240213,15:20:40,0.8,1750,1834900
20240213,15:20:41,0.75,1000,1834900
20240213,15:20:42,0.75,1000,1834900
20240213,15:20:43,0.75,500,1834900
20240213,15:20:44,0.75,500,1834900
20240213,15:20:45,0.8,4100,1834900
20240213,15:20:46,0.75,3900,1834900
20240213,15:20:47,0.75,500,1834900
20240213,15:20:48,0.75,500,1834900
20240213,15:20:49,0.75,500,1834900
20240213,15:20:50,0.75,500,1834900
20240213,15:20:51,0.75,500,1834900
20240213,15:20:52,0.75,500,1834900
20240213,15:20:58,0.8,400,1834900
20240213,15:21:11,0.75,1000,1834900
20240213,15:21:12,0.8,400,1834900
20240213,15:21:18,0.8,600,1834900
20240213,15:21:22,0.8,500,1834900
20240213,15:21:23,0.75,550,1834900
20240213,15:21:30,0.8,400,1834900
20240213,15:21:31,0.8,500,1834900
20240213,15:21:32,0.8,1000,1834900
20240213,15:21:33,0.8,1000,1834900
20240213,15:21:35,0.8,1600,1834900
20240213,15:21:36,0.75,4600,1834900
20240213,15:21:37,0.75,2400,1834900
20240213,15:21:44,0.8,400,1834900
20240213,15:21:49,0.8,1000,1834900
20240213,15:21:50,0.8,1000,1834900
20240213,15:21:52,0.8,1000,1834900
20240213,15:21:53,0.8,1000,1834900
20240213,15:21:54,0.8,1500,1834900
20240213,15:21:54,0.8,500,1834900
20240213,15:21:55,0.8,7500,1834900
20240213,15:21:56,0.8,15500,1834900
20240213,15:21:58,0.85,500,1834900
20240213,15:22:00,0.85,1000,1834900
20240213,15:22:01,0.85,1000,1834900
20240213,15:22:02,0.85,1000,1834900
20240213,15:22:03,0.85,1000,1834900
20240213,15:22:04,0.85,2150,1834900
20240213,15:22:04,0.85,1000,1834900
20240213,15:22:05,0.85,1300,1834900
20240213,15:22:06,0.85,1000,1834900
20240213,15:22:07,0.85,1000,1834900
20240213,15:22:09,0.85,1500,1834900
20240213,15:22:10,0.85,500,1834900
20240213,15:22:11,0.85,1000,1834900
20240213,15:22:13,0.85,1750,1834900
20240213,15:22:14,0.85,1700,1834900
20240213,15:22:18,0.8,10600,1834900
20240213,15:22:19,0.8,4000,1834900
20240213,15:22:20,0.8,550,1834900
20240213,15:22:22,0.85,300,1834900
20240213,15:22:28,0.8,66950,1824750
20240213,15:22:33,0.8,300,1824750
20240213,15:22:35,0.75,100,1824750
20240213,15:22:39,0.8,50,1824750
20240213,15:22:41,0.8,1200,1824750
20240213,15:22:42,0.8,400,1824750
20240213,15:22:45,0.8,450,1824750
20240213,15:22:47,0.8,1200,1824750
20240213,15:22:48,0.8,700,1824750
20240213,15:23:00,0.8,300,1824750
20240213,15:23:09,0.8,800,1824750
20240213,15:23:11,0.8,400,1824750
20240213,15:23:12,0.8,400,1824750
20240213,15:23:13,0.8,400,1824750
20240213,15:23:15,0.8,700,1824750
20240213,15:23:18,0.8,800,1824750
20240213,15:23:19,0.8,800,1824750
20240213,15:23:20,0.8,800,1824750
20240213,15:23:26,0.8,300,1824750
20240213,15:23:39,0.75,1800,1824750
20240213,15:23:41,0.75,100,1824750
20240213,15:23:42,0.75,3000,1824750
20240213,15:23:42,0.75,1550,1824750
20240213,15:23:43,0.75,50,1824750
20240213,15:23:50,0.7,10500,1824750
20240213,15:23:53,0.75,1600,1824750
20240213,15:23:55,0.7,50,1824750
20240213,15:24:01,0.75,750,1824750
20240213,15:24:04,0.75,750,1824750
20240213,15:24:08,0.75,100,1824750
20240213,15:24:15,0.75,700,1824750
20240213,15:24:17,0.75,1400,1824750
20240213,15:24:20,0.75,250,1824750
20240213,15:24:30,0.7,4000,1824750
20240213,15:24:31,0.7,5000,1824750
20240213,15:24:32,0.7,2000,1824750
20240213,15:24:36,0.75,200,1824750
20240213,15:24:40,0.75,500,1824750
20240213,15:24:42,0.7,100,1824750
20240213,15:24:43,0.7,100,1824750
20240213,15:24:46,0.7,500,1824750
20240213,15:24:49,0.7,200,1824750
20240213,15:24:52,0.75,200,1824750
20240213,15:24:57,0.7,36600,1824750
20240213,15:24:58,0.7,3000,1824750
20240213,15:24:59,0.7,18050,1824750
20240213,15:25:02,0.7,300,1824750
20240213,15:25:03,0.7,50,1824750
20240213,15:25:04,0.7,1250,1824750
20240213,15:25:08,0.7,200,1824750
20240213,15:25:12,0.75,200,1824750
20240213,15:25:18,0.75,500,1824750
20240213,15:25:25,0.75,200,1824750
20240213,15:25:27,0.7,500,1793200
20240213,15:25:38,0.7,1800,1793200
20240213,15:25:40,0.7,100,1793200
20240213,15:25:41,0.7,1200,1793200
20240213,15:25:42,0.7,750,1793200
20240213,15:25:43,0.7,200,1793200
20240213,15:25:44,0.7,350,1793200
20240213,15:25:45,0.7,1800,1793200
20240213,15:25:46,0.75,100,1793200
20240213,15:25:47,0.7,500,1793200
20240213,15:25:48,0.7,100,1793200
20240213,15:25:49,0.7,300,1793200
20240213,15:25:50,0.7,350,1793200
20240213,15:25:52,0.7,100,1793200
20240213,15:25:55,0.7,50,1793200
20240213,15:25:58,0.7,1500,1793200
20240213,15:25:59,0.7,26700,1793200
20240213,15:26:03,0.65,500,1793200
20240213,15:26:06,0.65,500,1793200
20240213,15:26:09,0.7,100,1793200
20240213,15:26:24,0.7,100,1793200
20240213,15:26:26,0.7,1600,1793200
20240213,15:26:27,0.7,2400,1793200
20240213,15:26:29,0.65,50,1793200
20240213,15:26:31,0.7,300,1793200
20240213,15:26:34,0.65,900,1793200
20240213,15:26:37,0.7,100,1793200
20240213,15:26:40,0.7,1500,1793200
20240213,15:26:41,0.7,1500,1793200
20240213,15:26:53,0.65,500,1793200
20240213,15:26:55,0.7,100,1793200
20240213,15:27:04,0.65,500,1793200
20240213,15:27:08,0.65,500,1793200
20240213,15:27:09,0.7,1000,1793200
20240213,15:27:11,0.7,100,1793200
20240213,15:27:16,0.7,1450,1793200
20240213,15:27:23,0.65,100,1793200
20240213,15:27:25,0.7,100,1793200
20240213,15:27:27,0.7,200,1793200
20240213,15:27:28,0.7,500,1793200
20240213,15:27:35,0.65,100,1793200
20240213,15:27:40,0.7,100,1793200
20240213,15:27:41,0.65,600,1793200
20240213,15:27:46,0.7,1050,1793200
20240213,15:27:49,0.65,50,1793200
20240213,15:27:58,0.65,50,1793200
20240213,15:28:02,0.65,50,1793200
20240213,15:28:08,0.65,1800,1793200
20240213,15:28:09,0.65,4300,1793200
20240213,15:28:10,0.65,3900,1793200
20240213,15:28:11,0.65,5450,1793200
20240213,15:28:12,0.65,13200,1793200
20240213,15:28:13,0.65,22200,1793200
20240213,15:28:14,0.6,2050,1793200
20240213,15:28:22,0.6,500,1793200
20240213,15:28:31,0.65,1800,1795850
20240213,15:28:40,0.65,50,1795850
20240213,15:28:42,0.6,5000,1795850
20240213,15:28:44,0.65,50,1795850
20240213,15:28:47,0.6,5000,1795850
20240213,15:28:50,0.65,200,1795850
20240213,15:28:51,0.65,350,1795850
20240213,15:28:52,0.65,300,1795850
20240213,15:28:58,0.65,250,1795850
20240213,15:29:00,0.65,100,1795850
20240213,15:29:01,0.65,32850,1795850
20240213,15:29:02,0.65,8500,1795850
20240213,15:29:03,0.65,50,1795850
20240213,15:29:06,0.65,50,1795850
20240213,15:29:10,0.65,50,1795850
20240213,15:29:11,0.65,1800,1795850
20240213,15:29:18,0.65,50,1795850
20240213,15:29:23,0.6,1800,1795850
20240213,15:29:28,0.6,100,1795850
20240213,15:29:29,0.65,800,1795850
20240213,15:29:30,0.65,350,1795850
20240213,15:29:33,0.65,800,1795850
20240213,15:29:35,0.65,250,1795850
20240213,15:29:36,0.65,1800,1795850
20240213,15:29:37,0.65,250,1795850
20240213,15:29:40,0.6,50,1795850
20240213,15:29:41,0.65,900,1795850
20240213,15:29:42,0.6,50,1795850
20240213,15:29:46,0.6,9000,1795850
20240213,15:29:54,0.6,200,1795850
20240213,15:29:57,0.6,50,1795850
20240213,15:29:59,0.65,600,1795850
20240213,15:30:00,0.65,50,1795850
20240214,09:15:00,1.8,1,1795850
20240214,09:15:00,1.8,200,1795850
20240214,09:15:01,0.8,2000,1779100
20240214,09:15:03,0.8,1700,1779100
20240214,09:15:04,0.8,1050,1779100
20240214,09:15:06,0.65,3950,1779100
20240214,09:15:06,0.65,150,1779100
20240214,09:15:07,0.65,6150,1779100
20240214,09:15:08,0.65,3500,1779100
20240214,09:15:09,0.65,2150,1779100
20240214,09:15:10,0.6,2850,1779100
20240214,09:15:12,0.6,1500,1779100
20240214,09:15:15,0.65,4750,1779100
20240214,09:15:17,0.65,50,1779100
20240214,09:15:20,0.65,100,1779100
20240214,09:15:22,0.65,1400,1779100
20240214,09:15:23,0.65,250,1779100
20240214,09:15:24,0.65,50,1779100
20240214,09:15:26,0.65,50,1779100
20240214,09:15:27,0.65,100,1779100
20240214,09:15:31,0.6,250,1779100
20240214,09:15:32,0.6,250,1779100
20240214,09:15:34,0.65,200,1769750
20240214,09:15:36,0.65,2000,1769750
20240214,09:15:40,0.6,350,1769750
20240214,09:15:43,0.65,100,1769750
20240214,09:15:43,0.65,1800,1769750
20240214,09:15:44,0.65,1050,1769750
20240214,09:15:50,0.6,50,1769750
20240214,09:15:52,0.65,100,1769750
20240214,09:15:53,0.65,200,1769750
20240214,09:15:54,0.65,10800,1769750
20240214,09:15:55,0.65,5100,1769750
20240214,09:16:02,0.65,50,1769750
20240214,09:16:08,0.7,50,1769750
20240214,09:16:11,0.7,100,1769750
20240214,09:16:15,0.65,1000,1769750
20240214,09:16:19,0.65,150,1769750
20240214,09:16:20,0.65,50,1769750
20240214,09:16:23,0.65,1350,1769750
20240214,09:16:24,0.65,550,1769750
20240214,09:16:28,0.65,1800,1769750
20240214,09:16:30,0.65,500,1769750
20240214,09:16:32,0.6,50,1769750
20240214,09:16:38,0.65,150,1769750
20240214,09:16:43,0.6,250,1769750
20240214,09:16:48,0.65,1500,1769750
20240214,09:16:50,0.6,1850,1769750
20240214,09:16:53,0.6,600,1769750
20240214,09:17:13,0.6,3800,1769750
20240214,09:17:18,0.65,500,1769750
20240214,09:17:20,0.6,37050,1769750
20240214,09:17:21,0.55,2100,1769750
20240214,09:17:22,0.55,1900,1769750
20240214,09:17:23,0.55,84400,1769750
20240214,09:17:24,0.55,250,1769750
20240214,09:17:26,0.55,2050,1769750
20240214,09:17:27,0.55,250,1769750
20240214,09:17:29,0.55,6600,1769750
20240214,09:17:29,0.55,3300,1769750
20240214,09:17:30,0.55,7250,1769750
20240214,09:17:31,0.55,4600,1769750
20240214,09:17:32,0.55,1800,1769750
20240214,09:17:33,0.5,50,1769750
20240214,09:17:34,0.5,8550,1769750
20240214,09:17:35,0.5,5450,1769750
20240214,09:17:36,0.55,1000,1769750
20240214,09:17:43,0.6,1500,1769750
20240214,09:17:44,0.6,1750,1769750
20240214,09:17:45,0.55,100,1769750
20240214,09:17:46,0.6,2500,1769750
20240214,09:17:51,0.55,50,1769750
20240214,09:17:52,0.6,1500,1769750
20240214,09:17:55,0.55,50,1769750
20240214,09:17:56,0.6,1600,1769750
20240214,09:17:57,0.6,7300,1769750
20240214,09:17:59,0.55,1400,1769750
20240214,09:18:01,0.55,2000,1769750
20240214,09:18:02,0.55,400,1769750
20240214,09:18:03,0.55,200,1769750
20240214,09:18:04,0.55,200,1769750
20240214,09:18:08,0.55,600,1769750
20240214,09:18:10,0.55,400,1769750
20240214,09:18:11,0.6,1500,1769750
20240214,09:18:11,0.55,5800,1769750
20240214,09:18:12,0.55,1800,1769750
20240214,09:18:13,0.55,1800,1769750
20240214,09:18:14,0.55,1800,1769750
20240214,09:18:15,0.55,2600,1769750
20240214,09:18:16,0.55,1600,1769750
20240214,09:18:17,0.55,4250,1769750
20240214,09:18:18,0.55,1500,1769750
20240214,09:18:19,0.55,3900,1769750
20240214,09:18:20,0.55,4400,1769750
20240214,09:18:21,0.5,1800,1769750
20240214,09:18:22,0.55,4400,1769750
20240214,09:18:23,0.5,2600,1769750
20240214,09:18:24,0.5,2000,1769750
20240214,09:18:25,0.5,3200,1769750
20240214,09:18:27,0.55,6900,1769750
20240214,09:18:28,0.55,400,1769750
20240214,09:18:30,0.55,1900,1769750
20240214,09:18:31,0.5,200,1769750
20240214,09:18:32,0.55,2450,1769750
20240214,09:18:33,0.55,1900,1769750
20240214,09:18:34,0.5,800,1769750
20240214,09:18:35,0.55,4500,1684400
20240214,09:18:36,0.55,4000,1684400
20240214,09:18:37,0.5,1800,1684400
20240214,09:18:38,0.5,2000,1684400
20240214,09:18:39,0.5,1800,1684400
20240214,09:18:40,0.5,1000,1684400
20240214,09:18:42,0.5,1800,1684400
20240214,09:18:45,0.55,1800,1684400
20240214,09:18:46,0.55,1100,1684400
20240214,09:18:47,0.55,1800,1684400
20240214,09:18:57,0.5,500,1684400
20240214,09:19:03,0.5,1650,1684400
20240214,09:19:04,0.55,2100,1684400
20240214,09:19:05,0.55,1650,1684400
20240214,09:19:07,0.55,1800,1684400
20240214,09:19:08,0.55,1650,1684400
20240214,09:19:09,0.55,50,1684400
20240214,09:19:15,0.5,1000,1684400
20240214,09:19:18,0.55,3900,1684400
20240214,09:19:23,0.5,1000,1684400
20240214,09:19:36,0.55,4650,1684400
20240214,09:19:37,0.55,50,1684400
20240214,09:19:55,0.55,400,1684400
20240214,09:19:59,0.55,2750,1684400
20240214,09:20:02,0.55,50,1684400
20240214,09:20:03,0.55,550,1684400
20240214,09:20:04,0.55,3500,1684400
20240214,09:20:05,0.55,1100,1684400
20240214,09:20:06,0.55,850,1684400
20240214,09:20:07,0.55,200,1684400
20240214,09:20:08,0.55,150,1684400
20240214,09:20:09,0.55,750,1684400
20240214,09:20:10,0.55,150,1684400
20240214,09:20:12,0.55,700,1684400
20240214,09:20:13,0.55,1100,1684400
20240214,09:20:14,0.55,1050,1684400
20240214,09:20:15,0.55,1050,1684400
20240214,09:20:16,0.55,200,1684400
20240214,09:20:17,0.55,850,1684400
20240214,09:20:18,0.55,700,1684400
20240214,09:20:19,0.55,150,1684400
20240214,09:20:20,0.55,15650,1684400
20240214,09:20:21,0.55,200,1684400
20240214,09:20:22,0.55,9450,1684400
20240214,09:20:23,0.55,2550,1684400
20240214,09:20:24,0.55,1750,1684400
20240214,09:20:25,0.55,750,1684400
20240214,09:20:26,0.55,1900,1684400
20240214,09:20:27,0.55,200,1684400
20240214,09:20:28,0.55,250,1684400
20240214,09:20:29,0.6,47100,1684400
20240214,09:20:30,0.6,200,1684400
20240214,09:20:31,0.6,200,1684400
20240214,09:20:32,0.6,200,1684400
20240214,09:20:33,0.6,200,1684400
20240214,09:20:35,0.6,100,1684400
20240214,09:20:41,0.6,3350,1684400
20240214,09:20:42,0.55,250,1684400
20240214,09:20:44,0.55,350,1684400
20240214,09:20:45,0.6,13050,1684400
20240214,09:20:46,0.6,10850,1684400
20240214,09:20:47,0.6,2000,1684400
20240214,09:20:48,0.6,1250,1684400
20240214,09:20:49,0.6,9050,1684400
20240214,09:20:50,0.6,5400,1684400
20240214,09:20:51,0.6,5450,1684400
20240214,09:20:52,0.6,4000,1684400
20240214,09:20:53,0.6,5450,1684400
20240214,09:20:54,0.6,12050,1684400
20240214,09:20:55,0.6,7950,1684400
20240214,09:20:56,0.6,42700,1684400
20240214,09:20:59,0.6,34750,1684400
20240214,09:21:00,0.6,850,1684400
20240214,09:21:01,0.6,2250,1684400
20240214,09:21:02,0.6,250,1684400
20240214,09:21:03,0.6,250,1684400
20240214,09:21:04,0.6,450,1684400
20240214,09:21:05,0.6,50,1684400
20240214,09:21:06,0.6,50,1684400
20240214,09:21:08,0.6,1850,1684400
20240214,09:21:09,0.6,50,1684400
20240214,09:21:10,0.6,50,1684400
20240214,09:21:11,0.6,200,1684400
20240214,09:21:12,0.55,400,1684400
20240214,09:21:13,0.55,2950,1684400
20240214,09:21:14,0.6,50,1684400
20240214,09:21:15,0.6,50,1684400
20240214,09:21:18,0.6,850,1684400
20240214,09:21:19,0.6,1250,1684400
20240214,09:21:20,0.6,50,1684400
20240214,09:21:21,0.6,50,1684400
20240214,09:21:22,0.6,2650,1684400
20240214,09:21:24,0.6,50,1684400
20240214,09:21:25,0.6,50,1684400
20240214,09:21:52,0.6,3400,1677350
20240214,09:22:05,0.55,50,1677350
20240214,09:22:06,0.55,50,1677350
20240214,09:22:07,0.55,50,1677350
20240214,09:22:10,0.55,50,1677350
20240214,09:22:10,0.6,10000,1677350
20240214,09:22:11,0.55,50,1677350
20240214,09:22:12,0.55,50,1677350
20240214,09:22:13,0.6,550,1677350
20240214,09:22:14,0.55,200,1677350
20240214,09:22:24,0.55,150,1677350
20240214,09:22:26,0.6,600,1677350
20240214,09:22:30,0.6,1000,1677350
20240214,09:22:37,0.6,1650,1677350
20240214,09:22:38,0.55,2350,1677350
20240214,09:22:41,0.55,550,1677350
20240214,09:22:42,0.55,550,1677350
20240214,09:22:45,0.6,50,1677350
20240214,09:22:50,0.55,400,1677350
20240214,09:22:51,0.55,300,1677350
20240214,09:22:52,0.55,800,1677350
20240214,09:22:54,0.6,50,1677350
20240214,09:22:55,0.55,2050,1677350
20240214,09:22:56,0.55,2750,1677350
20240214,09:23:02,0.6,1350,1677350
20240214,09:23:03,0.55,13400,1677350
20240214,09:23:05,0.55,1800,1677350
20240214,09:23:07,0.6,2050,1677350
20240214,09:23:11,0.6,350,1677350
20240214,09:23:12,0.55,1500,1677350
20240214,09:23:18,0.55,50,1677350
20240214,09:23:19,0.55,50,1677350
20240214,09:23:20,0.55,200,1677350
20240214,09:23:21,0.55,200,1677350
20240214,09:23:22,0.55,200,1677350
20240214,09:23:24,0.55,400,1677350
20240214,09:23:24,0.55,1800,1677350
20240214,09:23:25,0.55,200,1677350
20240214,09:23:26,0.55,200,1677350
20240214,09:23:27,0.55,200,1677350
20240214,09:23:29,0.55,400,1677350
20240214,09:23:29,0.6,500,1677350
20240214,09:23:30,0.55,2050,1677350
20240214,09:23:31,0.55,200,1677350
20240214,09:23:32,0.55,3550,1677350
20240214,09:23:34,0.55,650,1677350
20240214,09:23:35,0.55,200,1677350
20240214,09:23:36,0.55,200,1677350
20240214,09:23:37,0.55,200,1677350
20240214,09:23:38,0.55,200,1677350
20240214,09:23:39,0.55,200,1677350
20240214,09:23:40,0.55,300,1677350
20240214,09:23:41,0.55,200,1677350
20240214,09:23:42,0.55,200,1677350
20240214,09:23:43,0.55,200,1677350
20240214,09:23:44,0.55,150,1677350
20240214,09:23:50,0.55,3000,1677350
20240214,09:24:03,0.6,600,1677350
20240214,09:24:11,0.55,300,1677350
20240214,09:24:13,0.6,1750,1677350
20240214,09:24:14,0.6,100,1677350
20240214,09:24:19,0.55,500,1677350
20240214,09:24:21,0.55,4150,1677350
20240214,09:24:25,0.5,50,1677350
20240214,09:24:30,0.5,50,1677350
20240214,09:24:36,0.55,250,1677350
20240214,09:24:39,0.55,1800,1677350
20240214,09:24:46,0.5,50,1665000
20240214,09:24:49,0.55,1200,1665000
20240214,09:24:55,0.55,4000,1665000
20240214,09:24:57,0.5,500,1665000
20240214,09:24:58,0.5,50,1665000
20240214,09:25:00,0.5,50,1665000
20240214,09:25:08,0.55,50,1665000
20240214,09:25:09,0.55,50,1665000
20240214,09:25:10,0.55,1850,1665000
20240214,09:25:10,0.55,1800,1665000
20240214,09:25:11,0.55,1850,1665000
20240214,09:25:12,0.55,3650,1665000
20240214,09:25:14,0.6,7000,1665000
20240214,09:25:15,0.6,50,1665000
20240214,09:25:16,0.6,50,1665000
20240214,09:25:17,0.6,50,1665000
20240214,09:25:18,0.6,50,1665000
20240214,09:25:19,0.6,50,1665000
20240214,09:25:21,0.6,100,1665000
20240214,09:25:22,0.6,50,1665000
20240214,09:25:23,0.6,50,1665000
20240214,09:25:24,0.6,50,1665000
20240214,09:25:25,0.6,50,1665000
20240214,09:25:26,0.6,50,1665000
20240214,09:25:27,0.6,50,1665000
20240214,09:25:28,0.6,50,1665000
20240214,09:25:33,0.55,7400,1665000
20240214,09:25:34,0.55,4450,1665000
20240214,09:25:35,0.55,1100,1665000
20240214,09:25:36,0.55,1150,1665000
20240214,09:25:38,0.55,4500,1665000
20240214,09:25:39,0.55,1500,1665000
20240214,09:25:40,0.5,1600,1665000
20240214,09:25:41,0.5,1800,1665000
20240214,09:25:42,0.5,100,1665000
20240214,09:25:43,0.5,250,1665000
20240214,09:25:44,0.5,250,1665000
20240214,09:25:45,0.5,4750,1665000
20240214,09:25:46,0.55,450,1665000
20240214,09:25:48,0.5,250,1665000
20240214,09:25:49,0.5,250,1665000
20240214,09:25:50,0.5,250,1665000
20240214,09:25:50,0.5,1100,1665000
20240214,09:25:51,0.5,250,1665000
20240214,09:25:52,0.5,450,1665000
20240214,09:25:53,0.5,500,1665000
20240214,09:25:55,0.5,650,1665000
20240214,09:25:56,0.5,800,1665000
20240214,09:25:56,0.5,50,1665000
20240214,09:25:57,0.55,150,1665000
20240214,09:25:59,0.55,150,1665000
20240214,09:26:01,0.55,50,1665000
20240214,09:26:02,0.55,150,1665000
20240214,09:26:03,0.55,1800,1665000
20240214,09:26:03,0.55,600,1665000
20240214,09:26:05,0.55,50,1665000
20240214,09:26:06,0.55,200,1665000
20240214,09:26:09,0.55,150,1665000
20240214,09:26:11,0.55,200,1665000
20240214,09:26:11,0.55,18000,1665000
20240214,09:26:12,0.55,5250,1665000
20240214,09:26:13,0.6,21150,1665000
20240214,09:26:14,0.6,350,1665000
20240214,09:26:15,0.6,150,1665000
20240214,09:26:17,0.6,50,1665000
20240214,09:26:18,0.6,150,1665000
20240214,09:26:19,0.6,100,1665000
20240214,09:26:23,0.6,400,1665000
20240214,09:26:30,0.55,450,1665000
20240214,09:26:31,0.55,250,1665000
20240214,09:26:37,0.6,300,1665000
20240214,09:26:47,0.55,550,1665000
20240214,09:26:47,0.55,600,1665000
20240214,09:26:49,0.6,450,1665000
20240214,09:26:51,0.55,500,1665000
20240214,09:26:53,0.55,350,1665000
20240214,09:26:56,0.55,300,1665000
20240214,09:26:57,0.55,250,1665000
20240214,09:26:58,0.6,300,1665000
20240214,09:27:00,0.55,50,1665000
20240214,09:27:12,0.6,150,1665000
20240214,09:27:13,0.6,350,1665000
20240214,09:27:18,0.6,250,1665000
20240214,09:27:19,0.55,50,1665000
20240214,09:27:44,0.55,300,1656800
20240214,09:27:45,0.55,50,1656800
20240214,09:27:50,0.55,400,1656800
20240214,09:27:59,0.55,250,1656800
20240214,09:28:00,0.55,150,1656800
20240214,09:28:01,0.55,150,1656800
20240214,09:28:01,0.55,300,1656800
20240214,09:28:02,0.55,1150,1656800
20240214,09:28:03,0.55,150,1656800
20240214,09:28:04,0.55,150,1656800
20240214,09:28:05,0.55,150,1656800
20240214,09:28:07,0.55,200,1656800
20240214,09:28:10,0.55,1800,1656800
20240214,09:28:12,0.6,350,1656800
20240214,09:28:13,0.55,50,1656800
20240214,09:28:14,0.55,100,1656800
20240214,09:28:26,0.55,1800,1656800
20240214,09:28:27,0.5,1300,1656800
20240214,09:28:28,0.55,6400,1656800
20240214,09:28:38,0.55,1500,1656800
20240214,09:28:38,0.55,500,1656800
20240214,09:28:40,0.55,4400,1656800
20240214,09:28:45,0.55,10000,1656800
20240214,09:28:48,0.55,5800,1656800
20240214,09:28:55,0.55,450,1656800
20240214,09:28:57,0.55,1450,1656800
20240214,09:28:57,0.55,550,1656800
20240214,09:28:58,0.55,5450,1656800
20240214,09:29:01,0.55,350,1656800
20240214,09:29:02,0.55,900,1656800
20240214,09:29:03,0.55,450,1656800
20240214,09:29:04,0.55,450,1656800
20240214,09:29:05,0.55,450,1656800
20240214,09:29:06,0.55,800,1656800
20240214,09:29:07,0.55,350,1656800
20240214,09:29:08,0.55,450,1656800
20240214,09:29:09,0.55,450,1656800
20240214,09:29:10,0.55,1100,1656800
20240214,09:29:11,0.55,1050,1656800
20240214,09:29:12,0.55,550,1656800
20240214,09:29:14,0.55,900,1656800
20240214,09:29:15,0.55,400,1656800
20240214,09:29:16,0.55,550,1656800
20240214,09:29:17,0.55,450,1656800
20240214,09:29:18,0.55,350,1656800
20240214,09:29:19,0.55,450,1656800
20240214,09:29:20,0.55,350,1656800
20240214,09:29:23,0.55,350,1656800
20240214,09:29:27,0.55,150,1656800
20240214,09:29:28,0.55,350,1656800
20240214,09:29:31,0.5,400,1656800
20240214,09:29:39,0.5,1100,1656800
20240214,09:29:55,0.5,250,1656800
20240214,09:30:02,0.5,900,1656800
20240214,09:30:04,0.5,50,1656800
20240214,09:30:07,0.5,50,1656800
20240214,09:30:42,0.55,200,1656950
20240214,09:30:43,0.55,50,1656950
20240214,09:30:45,0.55,250,1656950
20240214,09:30:48,0.55,1250,1656950
20240214,09:31:03,0.55,1800,1656950
20240214,09:31:14,0.55,250,1656950
20240214,09:31:15,0.55,100,1656950
20240214,09:31:21,0.55,150,1656950
20240214,09:31:27,0.55,1000,1656950
20240214,09:31:53,0.5,200,1656950
20240214,09:32:06,0.5,50,1656950
20240214,09:32:09,0.5,200,1656950
20240214,09:32:11,0.55,200,1656950
20240214,09:32:16,0.55,350,1656950
20240214,09:32:19,0.55,100,1656950
20240214,09:32:23,0.55,50,1656950
20240214,09:32:25,0.55,32200,1656950
20240214,09:32:26,0.55,6900,1656950
20240214,09:32:28,0.55,950,1656950
20240214,09:32:29,0.5,100,1656950
20240214,09:32:33,0.5,200,1656950
20240214,09:32:34,0.5,100,1656950
20240214,09:32:43,0.5,100,1656950
20240214,09:32:45,0.5,50,1656950
20240214,09:32:48,0.55,50,1656950
20240214,09:32:49,0.5,200,1656950
20240214,09:33:16,0.5,450,1656950
20240214,09:33:16,0.55,100,1656950
20240214,09:33:23,0.5,1200,1656950
20240214,09:33:32,0.5,200,1656950
20240214,09:33:35,0.5,200,1656950
20240214,09:33:38,0.5,200,1645850
20240214,09:33:41,0.5,200,1645850
20240214,09:33:43,0.5,200,1645850
20240214,09:33:46,0.5,1000,1645850
20240214,09:33:48,0.55,50,1645850
20240214,09:33:54,0.5,200,1645850
20240214,09:33:57,0.55,150,1645850
20240214,09:34:03,0.55,200,1645850
20240214,09:34:10,0.5,200,1645850
20240214,09:34:11,0.55,200,1645850
20240214,09:34:14,0.55,500,1645850
20240214,09:34:16,0.55,23450,1645850
20240214,09:34:17,0.55,800,1645850
20240214,09:34:18,0.55,50,1645850
20240214,09:34:19,0.55,450,1645850
20240214,09:34:20,0.6,50,1645850
20240214,09:34:40,0.55,150,1645850
20240214,09:34:48,0.55,1700,1645850
20240214,09:34:56,0.55,50,1645850
20240214,09:34:58,0.55,50,1645850
20240214,09:35:11,0.55,50,1645850
20240214,09:35:17,0.55,1800,1645850
20240214,09:35:25,0.55,50,1645850
20240214,09:35:27,0.55,250,1645850
20240214,09:35:41,0.55,100,1645850
20240214,09:35:42,0.6,200,1645850
20240214,09:35:51,0.55,500,1645850
20240214,09:35:58,0.6,50,1645850
20240214,09:36:10,0.6,200,1645850
20240214,09:36:35,0.55,2400,1645850
20240214,09:37:02,0.55,50,1653150
20240214,09:37:19,0.55,50,1653150
20240214,09:37:20,0.55,300,1653150
20240214,09:37:34,0.55,100,1653150
20240214,09:37:43,0.55,7200,1653150
20240214,09:37:43,0.55,1800,1653150
20240214,09:37:46,0.6,50,1653150
20240214,09:37:48,0.6,50,1653150
20240214,09:37:49,0.6,50,1653150
20240214,09:37:50,0.6,50,1653150
20240214,09:37:51,0.6,50,1653150
20240214,09:37:52,0.6,50,1653150
20240214,09:37:53,0.6,50,1653150
20240214,09:37:54,0.6,50,1653150
20240214,09:37:55,0.6,100,1653150
20240214,09:37:56,0.6,100,1653150
20240214,09:37:58,0.6,200,1653150
20240214,09:37:59,0.6,150,1653150
20240214,09:38:00,0.6,150,1653150
20240214,09:38:01,0.6,200,1653150
20240214,09:38:02,0.6,200,1653150
20240214,09:38:04,0.6,400,1653150
20240214,09:38:11,0.6,200,1653150
20240214,09:38:21,0.55,50,1653150
20240214,09:38:22,0.55,200,1653150
20240214,09:38:23,0.55,200,1653150
20240214,09:38:24,0.55,200,1653150
20240214,09:38:25,0.55,200,1653150
20240214,09:38:26,0.55,200,1653150
20240214,09:38:27,0.55,200,1653150
20240214,09:38:28,0.55,950,1653150
20240214,09:38:29,0.55,200,1653150
20240214,09:38:30,0.55,50,1653150
20240214,09:38:32,0.55,150,1653150
20240214,09:39:08,0.6,150,1653150
20240214,09:39:11,0.55,1800,1653150
20240214,09:39:15,0.6,1800,1653150
20240214,09:39:28,0.6,750,1653150
20240214,09:39:39,0.6,1800,1648600
20240214,09:39:45,0.6,1850,1648600
20240214,09:39:54,0.6,3600,1648600
20240214,09:40:00,0.6,50,1648600
20240214,09:40:01,0.6,50,1648600
20240214,09:40:03,0.6,100,1648600
20240214,09:40:04,0.6,150,1648600
20240214,09:40:04,0.55,250,1648600
20240214,09:40:05,0.6,150,1648600
20240214,09:40:06,0.6,350,1648600
20240214,09:40:07,0.6,150,1648600
20240214,09:40:08,0.6,150,1648600
20240214,09:40:09,0.6,150,1648600
20240214,09:40:10,0.6,150,1648600
20240214,09:40:12,0.6,2100,1648600
20240214,09:40:13,0.6,150,1648600
20240214,09:40:14,0.6,150,1648600
20240214,09:40:15,0.6,150,1648600
20240214,09:40:16,0.6,150,1648600
20240214,09:40:17,0.55,1950,1648600
20240214,09:40:18,0.6,150,1648600
20240214,09:40:19,0.6,150,1648600
20240214,09:40:20,0.55,1650,1648600
20240214,09:40:21,0.55,1650,1648600
20240214,09:40:22,0.6,150,1648600
20240214,09:40:24,0.55,1800,1648600
20240214,09:40:25,0.6,150,1648600
20240214,09:40:26,0.6,150,1648600
20240214,09:40:26,0.55,1800,1648600
20240214,09:40:27,0.55,1650,1648600
20240214,09:40:28,0.6,150,1648600
20240214,09:40:30,0.6,600,1648600
20240214,09:40:31,0.6,150,1648600
20240214,09:40:33,0.6,300,1648600
20240214,09:40:34,0.6,600,1648600
20240214,09:40:35,0.6,150,1648600
20240214,09:40:36,0.6,150,1648600
20240214,09:40:37,0.6,200,1648600
20240214,09:40:39,0.6,300,1648600
20240214,09:40:40,0.6,150,1648600
20240214,09:40:40,0.55,50,1648600
20240214,09:40:41,0.6,150,1648600
20240214,09:40:42,0.6,150,1648600
20240214,09:40:44,0.6,300,1648600
20240214,09:40:45,0.6,1950,1648600
20240214,09:40:46,0.6,150,1648600
20240214,09:40:47,0.6,150,1648600
20240214,09:40:48,0.6,150,1648600
20240214,09:40:49,0.6,150,1648600
20240214,09:40:50,0.6,1950,1648600
20240214,09:40:51,0.6,200,1648600
20240214,09:40:52,0.6,250,1648600
20240214,09:40:53,0.6,200,1648600
20240214,09:40:55,0.6,400,1648600
20240214,09:40:56,0.6,200,1648600
20240214,09:40:56,0.55,100,1648600
20240214,09:40:57,0.6,250,1648600
20240214,09:40:58,0.6,200,1648600
20240214,09:40:59,0.6,200,1648600
20240214,09:41:00,0.6,2000,1648600
20240214,09:41:01,0.6,200,1648600
20240214,09:41:02,0.6,2000,1648600
20240214,09:41:03,0.6,200,1648600
20240214,09:41:04,0.55,400,1648600
20240214,09:41:33,0.55,50,1648600
20240214,09:41:35,0.6,100,1648600
20240214,09:41:58,0.6,50,1648600
20240214,09:41:59,0.6,250,1648600
20240214,09:42:01,0.6,3000,1648600
20240214,09:42:04,0.6,1500,1648600
20240214,09:42:05,0.55,100,1648600
20240214,09:42:09,0.55,50,1648600
20240214,09:42:11,0.6,200,1648600
20240214,09:42:12,0.6,50,1648600
20240214,09:42:28,0.55,50,1648600
20240214,09:42:37,0.55,50,1648600
20240214,09:42:38,0.55,200,1648600
20240214,09:42:39,0.55,200,1649100
20240214,09:42:40,0.55,200,1649100
20240214,09:42:41,0.55,200,1649100
20240214,09:42:42,0.55,200,1649100
20240214,09:42:43,0.55,200,1649100
20240214,09:42:44,0.55,200,1649100
20240214,09:42:45,0.55,200,1649100
20240214,09:42:46,0.55,250,1649100
20240214,09:42:47,0.55,200,1649100
20240214,09:42:48,0.55,200,1649100
20240214,09:42:49,0.55,50,1649100
20240214,09:42:50,0.55,1200,1649100
20240214,09:42:51,0.55,200,1649100
20240214,09:42:52,0.55,200,1649100
20240214,09:42:53,0.55,200,1649100
20240214,09:42:54,0.55,200,1649100
20240214,09:42:55,0.55,200,1649100
20240214,09:42:56,0.55,200,1649100
20240214,09:42:57,0.55,200,1649100
20240214,09:42:58,0.55,200,1649100
20240214,09:42:59,0.55,200,1649100
20240214,09:43:00,0.55,200,1649100
20240214,09:43:01,0.55,50,1649100
20240214,09:43:02,0.55,150,1649100
20240214,09:43:03,0.55,200,1649100
20240214,09:43:04,0.55,200,1649100
20240214,09:43:05,0.55,200,1649100
20240214,09:43:06,0.55,200,1649100
20240214,09:43:07,0.55,200,1649100
20240214,09:43:08,0.55,200,1649100
20240214,09:43:09,0.55,200,1649100
20240214,09:43:10,0.55,200,1649100
20240214,09:43:11,0.55,1700,1649100
20240214,09:43:12,0.55,18200,1649100
20240214,09:43:13,0.55,300,1649100
20240214,09:43:14,0.55,2000,1649100
20240214,09:43:15,0.55,200,1649100
20240214,09:43:16,0.55,200,1649100
20240214,09:43:17,0.55,200,1649100
20240214,09:43:18,0.55,12900,1649100
20240214,09:43:19,0.55,200,1649100
20240214,09:43:20,0.55,2000,1649100
20240214,09:43:21,0.55,3850,1649100
20240214,09:43:22,0.5,11700,1649100
20240214,09:43:23,0.5,2000,1649100
20240214,09:43:24,0.5,200,1649100
20240214,09:43:29,0.55,1900,1649100
20240214,09:43:59,0.5,500,1649100
20240214,09:44:04,0.5,200,1649100
20240214,09:44:05,0.5,400,1649100
20240214,09:44:07,0.5,400,1649100
20240214,09:44:08,0.5,100,1649100
20240214,09:44:10,0.55,200,1649100
20240214,09:44:12,0.55,450,1649100
20240214,09:44:17,0.5,250,1649100
20240214,09:44:29,0.5,450,1649100
20240214,09:44:57,0.5,1800,1649100
20240214,09:45:15,0.5,900,1649100
20240214,09:45:24,0.55,1200,1649100
20240214,09:45:28,0.5,1500,1649100
20240214,09:45:36,0.55,1300,1649100
20240214,09:45:37,0.55,250,1649100
20240214,09:45:38,0.55,200,1649100
20240214,09:45:45,0.55,1100,1640700
20240214,09:45:53,0.55,50,1640700
20240214,09:45:58,0.55,1250,1640700
20240214,09:46:02,0.5,100,1640700
20240214,09:46:10,0.55,200,1640700
20240214,09:46:10,0.55,1250,1640700
20240214,09:46:23,0.55,1150,1640700
20240214,09:46:33,0.55,1350,1640700
20240214,09:46:40,0.5,50,1640700
20240214,09:46:54,0.55,1000,1640700
20240214,09:46:57,0.55,50,1640700
20240214,09:46:59,0.5,50,1640700
20240214,09:47:01,0.55,400,1640700
20240214,09:47:10,0.5,100,1640700
20240214,09:47:20,0.55,50,1640700
20240214,09:47:27,0.55,50,1640700
20240214,09:47:27,0.5,50,1640700
20240214,09:47:34,0.55,50,1640700
20240214,09:47:51,0.55,150,1640700
20240214,09:47:52,0.55,1800,1640700
20240214,09:47:53,0.55,1800,1640700
20240214,09:48:07,0.55,300,1640700
20240214,09:48:08,0.5,50,1640700
20240214,09:48:10,0.55,200,1640700
20240214,09:48:46,0.5,1800,1632900
20240214,09:48:48,0.5,100,1632900
20240214,09:48:49,0.5,2700,1632900
20240214,09:48:55,0.55,100,1632900
20240214,09:48:58,0.5,1800,1632900
20240214,09:49:11,0.55,50,1632900
20240214,09:49:12,0.5,50,1632900
20240214,09:49:13,0.5,100,1632900
20240214,09:49:14,0.5,100,1632900
20240214,09:49:15,0.5,100,1632900
20240214,09:49:19,0.5,50,1632900
20240214,09:49:20,0.55,350,1632900
20240214,09:49:27,0.55,100,1632900
20240214,09:50:17,0.55,1000,1632900
20240214,09:50:18,0.55,50,1632900
20240214,09:50:20,0.55,100,1632900
20240214,09:50:38,0.55,250,1632900
20240214,09:50:40,0.55,1500,1632900
20240214,09:50:42,0.55,450,1632900
20240214,09:50:52,0.55,1200,1632900
20240214,09:50:52,0.55,800,1632900
20240214,09:51:00,0.5,1450,1632900
20240214,09:51:15,0.55,50,1632900
20240214,09:51:27,0.55,50,1632900
20240214,09:51:28,0.55,5100,1632900
20240214,09:51:29,0.55,50,1632900
20240214,09:51:30,0.55,1100,1632900
20240214,09:51:31,0.55,50,1632900
20240214,09:51:32,0.55,50,1632900
20240214,09:51:33,0.55,1850,1632900
20240214,09:51:34,0.55,50,1632900
20240214,09:51:35,0.55,950,1632900
20240214,09:51:36,0.55,50,1632900
20240214,09:51:38,0.55,1850,1632900
20240214,09:51:39,0.55,3600,1632900
20240214,09:51:40,0.55,3600,1632900
20240214,09:51:41,0.55,11100,1621100
20240214,09:51:42,0.55,11100,1621100
20240214,09:51:47,0.55,2900,1621100
20240214,09:51:49,0.55,2000,1621100
20240214,09:51:50,0.55,1100,1621100
20240214,09:51:51,0.55,250,1621100
20240214,09:51:59,0.5,150,1621100
20240214,09:52:00,0.5,150,1621100
20240214,09:52:01,0.5,200,1621100
20240214,09:52:11,0.55,200,1621100
20240214,09:52:14,0.5,50,1621100
20240214,09:52:14,0.55,1800,1621100
20240214,09:52:24,0.55,400,1621100
20240214,09:52:50,0.55,50,1621100
20240214,09:53:06,0.55,500,1621100
20240214,09:53:16,0.5,1000,1621100
20240214,09:53:23,0.55,100,1621100
20240214,09:53:25,0.55,50,1621100
20240214,09:53:26,0.55,50,1621100
20240214,09:53:27,0.5,1000,1621100
20240214,09:53:28,0.5,250,1621100
20240214,09:53:34,0.55,1550,1621100
20240214,09:53:35,0.55,400,1621100
20240214,09:53:46,0.55,1800,1621100
20240214,09:53:48,0.55,1800,1621100
20240214,09:53:56,0.5,50,1621100
20240214,09:54:08,0.55,1800,1621100
20240214,09:54:09,0.55,200,1621100
20240214,09:54:14,0.55,1800,1621100
20240214,09:54:15,0.55,1800,1621100
20240214,09:54:22,0.55,100,1621100
20240214,09:54:26,0.55,50,1621100
20240214,09:54:27,0.55,50,1621100
20240214,09:54:28,0.55,1850,1621100
20240214,09:54:29,0.55,50,1621100
20240214,09:54:30,0.55,1400,1621100
20240214,09:54:31,0.55,50,1621100
20240214,09:54:32,0.55,14750,1621100
20240214,09:54:33,0.55,50,1621100
20240214,09:54:34,0.55,50,1621100
20240214,09:54:35,0.55,50,1621100
20240214,09:54:36,0.55,50,1621100
20240214,09:54:37,0.55,50,1621100
20240214,09:54:38,0.55,50,1621100
20240214,09:54:39,0.55,50,1621100
20240214,09:54:40,0.55,50,1621100
20240214,09:54:41,0.55,50,1621100
20240214,09:54:42,0.55,150,1633150
20240214,09:54:43,0.55,50,1633150
20240214,09:54:44,0.55,50,1633150
20240214,09:54:45,0.55,50,1633150
20240214,09:54:46,0.55,50,1633150
20240214,09:54:47,0.55,50,1633150
20240214,09:54:48,0.55,50,1633150
20240214,09:54:49,0.55,50,1633150
20240214,09:54:50,0.55,3450,1633150
20240214,09:54:51,0.55,50,1633150
20240214,09:54:52,0.55,1850,1633150
20240214,09:54:53,0.55,50,1633150
20240214,09:54:54,0.55,3350,1633150
20240214,09:54:55,0.55,50,1633150
20240214,09:54:56,0.55,1850,1633150
20240214,09:54:57,0.55,50,1633150
20240214,09:54:58,0.55,50,1633150
20240214,09:54:59,0.55,1900,1633150
20240214,09:55:00,0.55,100,1633150
20240214,09:55:01,0.55,50,1633150
20240214,09:55:02,0.55,100,1633150
20240214,09:55:03,0.55,50,1633150
20240214,09:55:04,0.55,50,1633150
20240214,09:55:05,0.55,100,1633150
20240214,09:55:06,0.55,100,1633150
20240214,09:55:07,0.55,100,1633150
20240214,09:55:08,0.55,150,1633150
20240214,09:55:09,0.55,100,1633150
20240214,09:55:10,0.55,150,1633150
20240214,09:55:11,0.55,5550,1633150
20240214,09:55:12,0.55,4550,1633150
20240214,09:55:13,0.6,150,1633150
20240214,09:55:14,0.6,150,1633150
20240214,09:55:15,0.6,150,1633150
20240214,09:55:25,0.55,2900,1633150
20240214,09:55:27,0.55,1900,1633150
20240214,09:55:28,0.6,50,1633150
20240214,09:55:29,0.6,50,1633150
20240214,09:55:30,0.6,2100,1633150
20240214,09:55:31,0.6,250,1633150
20240214,09:55:32,0.6,1850,1633150
20240214,09:55:33,0.6,50,1633150
20240214,09:55:34,0.55,1850,1633150
20240214,09:55:35,0.6,50,1633150
20240214,09:55:36,0.6,50,1633150
20240214,09:55:37,0.6,50,1633150
20240214,09:55:38,0.6,50,1633150
20240214,09:55:39,0.6,150,1633150
20240214,09:55:40,0.6,200,1633150
20240214,09:55:41,0.6,200,1633150
20240214,09:55:42,0.6,50,1633150
20240214,09:55:43,0.6,50,1633150
20240214,09:55:44,0.6,200,1633150
20240214,09:55:45,0.6,200,1633150
20240214,09:55:46,0.6,200,1633150
20240214,09:55:47,0.6,200,1633150
20240214,09:55:48,0.6,50,1633150
20240214,09:55:49,0.6,50,1633150
20240214,09:55:50,0.6,200,1633150
20240214,09:55:51,0.6,200,1633150
20240214,09:55:52,0.6,200,1633150
20240214,09:55:53,0.6,200,1633150
20240214,09:55:54,0.6,200,1633150
20240214,09:55:59,0.55,250,1633150
20240214,09:56:13,0.6,250,1633150
20240214,09:56:14,0.55,50,1633150
20240214,09:56:18,0.6,50,1633150
20240214,09:56:25,0.55,200,1633150
20240214,09:56:25,0.55,50,1633150
20240214,09:56:26,0.55,200,1633150
20240214,09:56:27,0.55,200,1633150
20240214,09:56:28,0.55,200,1633150
20240214,09:56:29,0.55,200,1633150
20240214,09:56:30,0.55,700,1633150
20240214,09:56:31,0.55,200,1633150
20240214,09:56:32,0.55,2000,1633150
20240214,09:56:33,0.55,3800,1633150
20240214,09:56:34,0.5,300,1633150
20240214,09:56:35,0.5,200,1633150
20240214,09:56:36,0.5,200,1633150
20240214,09:56:37,0.5,200,1633150
20240214,09:56:38,0.5,200,1633150
20240214,09:56:39,0.5,150,1633150
20240214,09:56:40,0.5,650,1633150
20240214,09:56:41,0.5,150,1633150
20240214,09:56:42,0.5,150,1633150
20240214,09:56:43,0.55,200,1633150
20240214,09:56:44,0.5,150,1633150
20240214,09:56:45,0.5,150,1633150
20240214,09:56:46,0.5,150,1633150
20240214,09:56:47,0.5,150,1633150
20240214,09:56:48,0.5,150,1633150
20240214,09:56:49,0.5,150,1633150
20240214,09:56:50,0.5,150,1633150
20240214,09:56:51,0.5,150,1633150
20240214,09:56:52,0.5,150,1633150
20240214,09:56:53,0.5,150,1633150
20240214,09:56:54,0.5,150,1633150
20240214,09:56:55,0.5,150,1633150
20240214,09:56:56,0.5,150,1633150
20240214,09:56:57,0.5,150,1633150
20240214,09:56:58,0.5,150,1633150
20240214,09:56:59,0.5,150,1633150
20240214,09:57:00,0.5,150,1633150
20240214,09:57:01,0.5,150,1633150
20240214,09:57:02,0.5,100,1633150
20240214,09:57:03,0.5,600,1633150
20240214,09:57:05,0.5,650,1633150
20240214,09:57:08,0.5,600,1633150
20240214,09:57:10,0.5,900,1633150
20240214,09:57:12,0.5,1000,1633150
20240214,09:57:14,0.5,450,1633150
20240214,09:57:55,0.55,50,1651800
20240214,09:58:14,0.55,200,1651800
20240214,09:59:03,0.55,350,1651800
20240214,09:59:18,0.5,50,1651800
20240214,09:59:19,0.5,300,1651800
20240214,09:59:42,0.5,200,1651800
20240214,10:00:01,0.55,100,1651800
20240214,10:00:13,0.5,1100,1651800
20240214,10:00:18,0.55,50,1651800
20240214,10:00:19,0.55,50,1651800
20240214,10:00:37,0.55,350,1651800
20240214,10:00:38,0.55,200,1651800
20240214,10:00:40,0.55,450,1651800
20240214,10:00:51,0.5,100,1653700
20240214,10:01:03,0.55,400,1653700
20240214,10:01:16,0.55,1700,1653700
20240214,10:01:18,0.55,7900,1653700
20240214,10:01:19,0.55,5850,1653700
20240214,10:01:26,0.55,10150,1653700
20240214,10:01:27,0.55,250,1653700
20240214,10:01:29,0.55,350,1653700
20240214,10:01:33,0.55,3150,1653700
20240214,10:01:34,0.55,250,1653700
20240214,10:01:35,0.55,700,1653700
20240214,10:01:39,0.55,450,1653700
20240214,10:01:39,0.55,1800,1653700
20240214,10:01:41,0.55,300,1653700
20240214,10:01:42,0.55,1800,1653700
20240214,10:01:43,0.55,150,1653700
20240214,10:01:44,0.55,150,1653700
20240214,10:01:46,0.55,800,1653700
20240214,10:01:55,0.55,1500,1653700
20240214,10:02:18,0.55,300,1653700
20240214,10:02:21,0.55,16300,1653700
20240214,10:02:22,0.55,150,1653700
20240214,10:02:23,0.55,300,1653700
20240214,10:02:24,0.55,300,1653700
20240214,10:02:32,0.55,250,1653700
20240214,10:02:32,0.55,150,1653700
20240214,10:02:34,0.55,1200,1653700
20240214,10:02:35,0.55,150,1653700
20240214,10:02:37,0.6,100,1653700
20240214,10:03:10,0.55,250,1653700
20240214,10:03:11,0.55,1950,1653700
20240214,10:03:19,0.55,250,1653700
20240214,10:03:29,0.55,250,1653700
20240214,10:03:34,0.55,400,1653700
20240214,10:03:35,0.55,250,1653700
20240214,10:03:36,0.55,21800,1653700
20240214,10:03:39,0.55,1800,1653700
20240214,10:03:55,0.5,1800,1659650
20240214,10:03:56,0.5,1800,1659650
20240214,10:04:12,0.55,200,1659650
20240214,10:04:16,0.5,1800,1659650
20240214,10:04:17,0.5,100,1659650
20240214,10:04:30,0.55,50,1659650
20240214,10:04:31,0.55,50,1659650
20240214,10:04:32,0.55,50,1659650
20240214,10:04:33,0.55,50,1659650
20240214,10:04:34,0.55,50,1659650
20240214,10:04:35,0.55,100,1659650
20240214,10:04:36,0.55,100,1659650
20240214,10:04:37,0.55,100,1659650
20240214,10:04:38,0.55,100,1659650
20240214,10:04:39,0.55,100,1659650
20240214,10:04:40,0.55,100,1659650
20240214,10:04:41,0.55,100,1659650
20240214,10:04:42,0.55,150,1659650
20240214,10:04:43,0.55,150,1659650
20240214,10:04:44,0.55,150,1659650
20240214,10:04:45,0.55,150,1659650
20240214,10:04:46,0.55,400,1659650
20240214,10:04:47,0.55,750,1659650
20240214,10:04:48,0.55,750,1659650
20240214,10:04:49,0.55,650,1659650
20240214,10:04:50,0.55,500,1659650
20240214,10:04:51,0.55,750,1659650
20240214,10:04:52,0.55,1600,1659650
20240214,10:04:53,0.55,1250,1659650
20240214,10:04:54,0.55,36100,1659650
20240214,10:04:55,0.55,50,1659650
20240214,10:05:00,0.55,50,1659650
20240214,10:05:06,0.55,550,1659650
20240214,10:05:07,0.55,250,1659650
20240214,10:05:08,0.55,700,1659650
20240214,10:05:09,0.6,2500,1659650
20240214,10:05:10,0.6,50,1659650
20240214,10:05:11,0.6,150,1659650
20240214,10:05:12,0.6,200,1659650
20240214,10:05:18,0.55,50,1659650
20240214,10:05:19,0.6,50,1659650
20240214,10:05:21,0.55,550,1659650
20240214,10:05:26,0.55,300,1659650
20240214,10:05:27,0.55,1200,1659650
20240214,10:05:33,0.55,100,1659650
20240214,10:05:35,0.6,450,1659650
20240214,10:05:38,0.55,700,1659650
20240214,10:05:39,0.55,50,1659650
20240214,10:05:46,0.6,100,1659650
20240214,10:05:48,0.55,50,1659650
20240214,10:05:49,0.55,50,1659650
20240214,10:06:11,0.6,200,1659650
20240214,10:06:20,0.55,50,1659650
20240214,10:06:24,0.55,9200,1659650
20240214,10:06:35,0.5,50,1659650
20240214,10:06:36,0.5,200,1659650
20240214,10:06:37,0.5,200,1659650
20240214,10:06:38,0.5,200,1659650
20240214,10:06:39,0.5,200,1659650
20240214,10:06:40,0.55,300,1659650
20240214,10:06:41,0.5,200,1659650
20240214,10:06:42,0.5,300,1659650
20240214,10:06:43,0.5,200,1684850
20240214,10:06:44,0.5,250,1684850
20240214,10:06:45,0.5,200,1684850
20240214,10:06:46,0.5,300,1684850
20240214,10:06:47,0.55,100,1684850
20240214,10:06:55,0.55,1400,1684850
20240214,10:06:56,0.5,100,1684850
20240214,10:06:57,0.5,100,1684850
20240214,10:07:01,0.5,100,1684850
20240214,10:07:02,0.55,150,1684850
20240214,10:07:05,0.5,100,1684850
20240214,10:07:08,0.5,100,1684850
20240214,10:07:13,0.5,300,1684850
20240214,10:07:23,0.5,100,1684850
20240214,10:07:27,0.5,100,1684850
20240214,10:07:31,0.5,100,1684850
20240214,10:07:35,0.55,150,1684850
20240214,10:07:40,0.5,550,1684850
20240214,10:07:43,0.5,50,1684850
20240214,10:08:00,0.5,100,1684850
20240214,10:08:04,0.5,100,1684850
20240214,10:08:07,0.5,300,1684850
20240214,10:08:11,0.55,200,1684850
20240214,10:08:18,0.5,100,1684850
20240214,10:08:21,0.5,100,1684850
20240214,10:08:25,0.5,300,1684850
20240214,10:08:28,0.55,500,1684850
20240214,10:08:36,0.5,100,1684850
20240214,10:08:39,0.55,1900,1684850
20240214,10:08:44,0.5,100,1684850
20240214,10:08:46,0.55,50,1684850
20240214,10:09:37,0.55,1250,1684850
20240214,10:09:42,0.5,100,1684850
20240214,10:10:04,0.55,250,1684850
20240214,10:10:05,0.55,550,1687050
20240214,10:10:07,0.55,650,1687050
20240214,10:10:08,0.55,600,1687050
20240214,10:10:09,0.55,850,1687050
20240214,10:10:10,0.55,2550,1687050
20240214,10:10:11,0.55,700,1687050
20240214,10:10:17,0.55,200,1687050
20240214,10:10:18,0.55,100,1687050
20240214,10:10:19,0.55,400,1687050
20240214,10:10:21,0.55,50,1687050
20240214,10:10:30,0.55,250,1687050
20240214,10:10:33,0.55,200,1687050
20240214,10:10:38,0.55,950,1687050
20240214,10:10:46,0.5,50,1687050
20240214,10:10:56,0.55,50,1687050
20240214,10:10:56,0.55,300,1687050
20240214,10:11:06,0.55,50,1687050
20240214,10:11:12,0.55,9500,1687050
20240214,10:11:12,0.55,3600,1687050
20240214,10:11:13,0.55,250,1687050
20240214,10:11:15,0.55,50,1687050
20240214,10:11:17,0.55,250,1687050
20240214,10:11:19,0.55,500,1687050
20240214,10:11:21,0.55,500,1687050
20240214,10:11:24,0.55,100,1687050
20240214,10:11:25,0.55,250,1687050
20240214,10:11:27,0.55,500,1687050
20240214,10:11:30,0.55,250,1687050
20240214,10:11:34,0.55,50,1687050
20240214,10:11:38,0.55,250,1687050
20240214,10:11:45,0.55,250,1687050
20240214,10:11:53,0.55,50,1687050
20240214,10:11:54,0.55,500,1687050
20240214,10:11:56,0.55,150,1687050
20240214,10:12:00,0.55,800,1687050
20240214,10:12:04,0.5,100,1687050
20240214,10:12:05,0.55,250,1687050
20240214,10:12:10,0.55,250,1687050
20240214,10:12:11,0.55,250,1687050
20240214,10:12:13,0.55,50,1687050
20240214,10:12:16,0.5,50,1687050
20240214,10:12:27,0.55,150,1687050
20240214,10:12:31,0.55,250,1687050
20240214,10:12:35,0.55,250,1687050
20240214,10:12:38,0.55,250,1687050
20240214,10:12:42,0.55,250,1687050
20240214,10:12:48,0.55,2000,1687050
20240214,10:13:05,0.5,700,1705400
20240214,10:13:06,0.5,300,1705400
20240214,10:13:07,0.5,100,1705400
20240214,10:13:08,0.5,500,1705400
20240214,10:13:09,0.55,200,1705400
20240214,10:13:13,0.55,550,1705400
20240214,10:13:16,0.55,800,1705400
20240214,10:13:27,0.55,150,1705400
20240214,10:13:29,0.55,650,1705400
20240214,10:13:30,0.55,150,1705400
20240214,10:13:32,0.55,250,1705400
20240214,10:13:33,0.55,26750,1705400
20240214,10:13:34,0.55,13950,1705400
20240214,10:13:35,0.6,10750,1705400
20240214,10:13:36,0.6,4750,1705400
20240214,10:13:37,0.6,750,1705400
20240214,10:13:45,0.6,3550,1705400
20240214,10:13:46,0.6,2500,1705400
20240214,10:13:50,0.6,3000,1705400
20240214,10:13:51,0.6,1050,1705400
20240214,10:13:53,0.6,1350,1705400
20240214,10:13:54,0.6,1150,1705400
20240214,10:13:55,0.6,550,1705400
20240214,10:13:56,0.6,1350,1705400
20240214,10:13:58,0.6,1050,1705400
20240214,10:14:00,0.6,1050,1705400
20240214,10:14:00,0.6,950,1705400
20240214,10:14:16,0.6,500,1705400
20240214,10:14:39,0.55,100,1705400
20240214,10:14:43,0.6,450,1705400
20240214,10:14:44,0.6,50,1705400
20240214,10:14:45,0.6,50,1705400
20240214,10:14:47,0.6,46000,1705400
20240214,10:14:48,0.6,4800,1705400
20240214,10:14:49,0.6,4800,1705400
20240214,10:14:49,0.6,5600,1705400
20240214,10:14:51,0.6,5750,1705400
20240214,10:14:52,0.6,5700,1705400
20240214,10:14:53,0.6,5700,1705400
20240214,10:14:54,0.6,7600,1705400
20240214,10:14:55,0.6,4750,1705400
20240214,10:14:56,0.6,2500,1705400
20240214,10:15:01,0.6,1950,1705400
20240214,10:15:08,0.6,100,1705400
20240214,10:15:09,0.6,4000,1705400
20240214,10:15:10,0.6,7450,1705400
20240214,10:15:12,0.65,33800,1705400
20240214,10:15:13,0.65,3550,1705400
20240214,10:15:14,0.65,3000,1705400
20240214,10:15:15,0.65,1750,1705400
20240214,10:15:16,0.65,3500,1705400
20240214,10:15:17,0.65,3500,1705400
20240214,10:15:18,0.65,4100,1705400
20240214,10:15:19,0.65,2750,1705400
20240214,10:15:20,0.65,4650,1705400
20240214,10:15:21,0.65,2250,1705400
20240214,10:15:22,0.65,1500,1705400
20240214,10:15:26,0.65,50,1705400
20240214,10:15:27,0.65,1450,1705400
20240214,10:15:32,0.65,600,1705400
20240214,10:15:35,0.65,950,1705400
20240214,10:15:38,0.65,3550,1705400
20240214,10:15:39,0.65,500,1705400
20240214,10:15:40,0.65,3550,1705400
20240214,10:15:44,0.65,500,1720350
20240214,10:15:45,0.65,3800,1720350
20240214,10:15:47,0.65,500,1720350
20240214,10:15:49,0.65,500,1720350
20240214,10:15:50,0.65,50,1720350
20240214,10:15:51,0.6,550,1720350
20240214,10:15:55,0.65,50,1720350
20240214,10:15:58,0.65,900,1720350
20240214,10:15:59,0.65,500,1720350
20240214,10:16:03,0.65,500,1720350
20240214,10:16:15,0.65,500,1720350
20240214,10:16:28,0.65,3300,1720350
20240214,10:16:31,0.65,3550,1720350
20240214,10:16:43,0.65,300,1720350
20240214,10:16:47,0.65,23500,1720350
20240214,10:16:48,0.6,22900,1720350
20240214,10:16:49,0.6,5750,1720350
20240214,10:16:50,0.6,12900,1720350
20240214,10:16:51,0.65,11150,1720350
20240214,10:16:52,0.65,4050,1720350
20240214,10:17:02,0.6,50,1720350
20240214,10:17:04,0.65,850,1720350
20240214,10:17:34,0.65,3550,1720350
20240214,10:17:35,0.65,550,1720350
20240214,10:17:36,0.7,27250,1720350
20240214,10:17:37,0.7,5800,1720350
20240214,10:17:38,0.75,2850,1720350
20240214,10:17:39,0.75,850,1720350
20240214,10:17:40,0.75,450,1720350
20240214,10:17:41,0.75,650,1720350
20240214,10:17:42,0.7,100,1720350
20240214,10:17:43,0.75,750,1720350
20240214,10:17:44,0.7,2200,1720350
20240214,10:17:45,0.7,950,1720350
20240214,10:17:47,0.7,300,1720350
20240214,10:17:49,0.7,1050,1720350
20240214,10:17:49,0.7,250,1720350
20240214,10:17:51,0.7,2000,1720350
20240214,10:17:51,0.7,200,1720350
20240214,10:17:52,0.7,1450,1720350
20240214,10:17:53,0.7,20150,1720350
20240214,10:17:56,0.75,1150,1720350
20240214,10:17:57,0.75,850,1720350
20240214,10:18:00,0.7,200,1720350
20240214,10:18:01,0.75,250,1720350
20240214,10:18:02,0.75,300,1720350
20240214,10:18:03,0.75,500,1720350
20240214,10:18:07,0.75,250,1720350
20240214,10:18:09,0.75,800,1720350
20240214,10:18:10,0.75,450,1720350
20240214,10:18:12,0.7,50,1720350
20240214,10:18:15,0.75,750,1720350
20240214,10:18:16,0.75,500,1720350
20240214,10:18:18,0.75,250,1720350
20240214,10:18:19,0.75,250,1720350
20240214,10:18:21,0.75,300,1720350
20240214,10:18:24,0.75,1700,1720350
20240214,10:18:26,0.75,700,1720350
20240214,10:18:26,0.75,100,1720350
20240214,10:18:27,0.75,15150,1720350
20240214,10:18:28,0.8,5450,1720350
20240214,10:18:29,0.8,750,1720350
20240214,10:18:30,0.8,250,1720350
20240214,10:18:31,0.8,750,1720350
20240214,10:18:32,0.8,600,1720350
20240214,10:18:33,0.8,500,1720350
20240214,10:18:34,0.8,500,1720350
20240214,10:18:36,0.75,6900,1720350
20240214,10:18:37,0.8,250,1720350
20240214,10:18:38,0.8,800,1720350
20240214,10:18:39,0.8,250,1720350
20240214,10:18:41,0.8,350,1720350
20240214,10:18:42,0.8,250,1720350
20240214,10:18:43,0.8,150,1720350
20240214,10:18:47,0.75,6550,1747450
20240214,10:18:48,0.8,250,1747450
20240214,10:18:51,0.8,750,1747450
20240214,10:18:52,0.8,1050,1747450
20240214,10:18:53,0.75,2600,1747450
20240214,10:18:54,0.75,8000,1747450
20240214,10:18:58,0.8,250,1747450
20240214,10:18:59,0.8,100,1747450
20240214,10:19:01,0.8,1500,1747450
20240214,10:19:02,0.8,1450,1747450
20240214,10:19:03,0.8,1750,1747450
20240214,10:19:04,0.8,2300,1747450
20240214,10:19:05,0.8,2050,1747450
20240214,10:19:06,0.8,250,1747450
20240214,10:19:07,0.8,750,1747450
20240214,10:19:08,0.8,850,1747450
20240214,10:19:11,0.8,1750,1747450
20240214,10:19:14,0.8,250,1747450
20240214,10:19:14,0.8,50,1747450
20240214,10:19:15,0.8,250,1747450
20240214,10:19:16,0.8,1050,1747450
20240214,10:19:17,0.8,550,1747450
20240214,10:19:18,0.75,100,1747450
20240214,10:19:20,0.75,100,1747450
20240214,10:19:24,0.8,500,1747450
20240214,10:19:25,0.75,100,1747450
20240214,10:19:27,0.8,750,1747450
20240214,10:19:28,0.8,1250,1747450
20240214,10:19:29,0.8,2500,1747450
20240214,10:19:30,0.8,4250,1747450
20240214,10:19:31,0.8,250,1747450
20240214,10:19:32,0.85,19450,1747450
20240214,10:19:33,0.8,5750,1747450
20240214,10:19:34,0.8,26800,1747450
20240214,10:19:35,0.85,6000,1747450
20240214,10:19:36,0.8,2500,1747450
20240214,10:19:37,0.8,12600,1747450
20240214,10:19:38,0.8,2500,1747450
20240214,10:19:39,0.8,7350,1747450
20240214,10:19:40,0.8,500,1747450
20240214,10:19:41,0.8,750,1747450
20240214,10:19:42,0.8,50,1747450
20240214,10:19:45,0.8,50,1747450
20240214,10:19:46,0.8,50,1747450
20240214,10:19:47,0.8,28750,1747450
20240214,10:19:48,0.8,200,1747450
20240214,10:19:50,0.8,50,1747450
20240214,10:19:51,0.8,400,1747450
20240214,10:19:52,0.8,200,1747450
20240214,10:19:53,0.8,1800,1747450
20240214,10:19:54,0.8,7500,1747450
20240214,10:19:55,0.8,50,1747450
20240214,10:19:56,0.8,850,1747450
20240214,10:19:57,0.85,200,1747450
20240214,10:19:59,0.8,400,1747450
20240214,10:20:01,0.8,1000,1747450
20240214,10:20:03,0.8,1850,1747450
20240214,10:20:03,0.8,500,1747450
20240214,10:20:04,0.8,3000,1747450
20240214,10:20:05,0.8,3250,1747450
20240214,10:20:06,0.75,950,1747450
20240214,10:20:07,0.8,1400,1747450
20240214,10:20:08,0.8,850,1747450
20240214,10:20:09,0.8,1750,1747450
20240214,10:20:17,0.8,1100,1747450
20240214,10:20:21,0.8,50,1747450
20240214,10:20:22,0.8,50,1747450
20240214,10:20:24,0.8,50,1747450
20240214,10:20:25,0.75,100,1747450
20240214,10:20:25,0.75,50,1747450
20240214,10:20:26,0.8,50,1747450
20240214,10:20:27,0.8,10800,1747450
20240214,10:20:28,0.85,500,1747450
20240214,10:20:29,0.85,600,1747450
20240214,10:20:30,0.85,550,1747450
20240214,10:20:32,0.85,1100,1747450
20240214,10:20:33,0.8,1800,1747450
20240214,10:20:35,0.8,1150,1747450
20240214,10:20:35,0.85,450,1747450
20240214,10:20:37,0.8,2350,1747450
20240214,10:20:39,0.8,250,1747450
20240214,10:20:41,0.8,2900,1747450
20240214,10:20:44,0.8,1800,1747450
20240214,10:20:51,0.8,1150,1747450
20240214,10:20:54,0.85,900,1747450
20240214,10:20:55,0.85,350,1747450
20240214,10:20:56,0.85,3850,1747450
20240214,10:20:57,0.85,800,1747450
20240214,10:20:58,0.85,200,1747450
20240214,10:20:59,0.8,2950,1747450
20240214,10:21:00,0.85,2900,1747450
20240214,10:21:01,0.8,5750,1747450
20240214,10:21:02,0.8,3150,1747450
20240214,10:21:03,0.85,1750,1747450
20240214,10:21:04,0.8,900,1747450
20240214,10:21:05,0.8,1350,1747450
20240214,10:21:06,0.8,900,1747450
20240214,10:21:08,0.8,3450,1747450
20240214,10:21:11,0.8,550,1747450
20240214,10:21:13,0.8,1400,1747450
20240214,10:21:20,0.8,6550,1747450
20240214,10:21:21,0.8,50,1747450
20240214,10:21:26,0.8,300,1747450
20240214,10:21:32,0.8,50,1747450
20240214,10:21:35,0.75,450,1747450
20240214,10:21:35,0.75,2250,1747450
20240214,10:21:36,0.8,50,1747450
20240214,10:21:41,0.8,200,1747450
20240214,10:21:43,0.8,100,1747450
20240214,10:21:46,0.8,1800,1855000
20240214,10:21:47,0.75,1850,1855000
20240214,10:22:02,0.75,22800,1855000
20240214,10:22:03,0.75,7300,1855000
20240214,10:22:04,0.75,500,1855000
20240214,10:22:05,0.75,400,1855000
20240214,10:22:06,0.75,300,1855000
20240214,10:22:11,0.75,200,1855000
20240214,10:22:14,0.75,5700,1855000
20240214,10:22:15,0.75,600,1855000
20240214,10:22:17,0.7,250,1855000
20240214,10:22:19,0.7,800,1855000
20240214,10:22:21,0.7,100,1855000
20240214,10:22:24,0.7,350,1855000
20240214,10:22:34,0.7,150,1855000
20240214,10:23:02,0.75,900,1855000
20240214,10:23:05,0.75,250,1855000
20240214,10:23:21,0.7,50,1855000
20240214,10:23:22,0.7,50,1855000
20240214,10:23:22,0.75,50,1855000
20240214,10:23:26,0.75,100,1855000
20240214,10:23:27,0.7,750,1855000
20240214,10:23:27,0.75,24700,1855000
20240214,10:23:29,0.8,500,1855000
20240214,10:23:31,0.8,3000,1855000
20240214,10:23:32,0.8,700,1855000
20240214,10:23:33,0.8,2300,1855000
20240214,10:23:35,0.75,50,1855000
20240214,10:23:36,0.8,750,1855000
20240214,10:23:37,0.8,2700,1855000
20240214,10:23:38,0.8,700,1855000
20240214,10:23:39,0.8,500,1855000
20240214,10:23:40,0.8,50,1855000
20240214,10:23:42,0.8,3700,1855000
20240214,10:23:43,0.8,1350,1855000
20240214,10:23:44,0.8,1200,1855000
20240214,10:23:45,0.8,8500,1855000
20240214,10:23:46,0.8,350,1855000
20240214,10:23:47,0.8,2350,1855000
20240214,10:23:48,0.8,1400,1855000
20240214,10:23:49,0.85,6500,1855000
20240214,10:23:50,0.85,500,1855000
20240214,10:23:53,0.75,15500,1855000
20240214,10:23:54,0.75,50,1855000
20240214,10:23:55,0.8,50,1855000
20240214,10:23:56,0.8,500,1855000
20240214,10:23:57,0.8,1100,1855000
20240214,10:23:58,0.8,750,1855000
20240214,10:23:59,0.8,2700,1855000
20240214,10:24:00,0.75,100,1855000
20240214,10:24:02,0.75,1800,1855000
20240214,10:24:03,0.75,3250,1855000
20240214,10:24:03,0.8,250,1855000
20240214,10:24:04,0.8,300,1855000
20240214,10:24:05,0.8,250,1855000
20240214,10:24:06,0.8,1050,1855000
20240214,10:24:07,0.8,1400,1855000
20240214,10:24:09,0.8,2800,1855000
20240214,10:24:11,0.8,450,1855000
20240214,10:24:12,0.8,2400,1855000
20240214,10:24:13,0.8,150,1855000
20240214,10:24:14,0.75,2700,1855000
20240214,10:24:15,0.85,6750,1855000
20240214,10:24:16,0.85,300,1855000
20240214,10:24:21,0.8,5550,1855000
20240214,10:24:23,0.8,2750,1855000
20240214,10:24:24,0.8,2350,1855000
20240214,10:24:26,0.8,1800,1855000
20240214,10:24:29,0.85,2500,1855000
20240214,10:24:29,0.85,1250,1855000
20240214,10:24:31,0.8,50,1855000
20240214,10:24:32,0.85,250,1855000
20240214,10:24:33,0.8,1800,1855000
20240214,10:24:34,0.85,300,1855000
20240214,10:24:35,0.8,2050,1855000
20240214,10:24:36,0.8,900,1855000
20240214,10:24:37,0.85,500,1855000
20240214,10:24:38,0.8,5900,1855000
20240214,10:24:39,0.8,3250,1855000
20240214,10:24:40,0.8,350,1855000
20240214,10:24:42,0.8,250,1855000
20240214,10:24:43,0.8,1500,1855000
20240214,10:24:44,0.8,1650,1855000
20240214,10:24:45,0.8,2300,1855000
20240214,10:24:46,0.85,3550,1841300
20240214,10:24:47,0.8,4150,1841300
20240214,10:24:49,0.85,250,1841300
20240214,10:24:51,0.8,2300,1841300
20240214,10:24:52,0.8,4550,1841300
20240214,10:24:53,0.85,2800,1841300
20240214,10:24:54,0.8,3000,1841300
20240214,10:24:55,0.8,750,1841300
20240214,10:24:57,0.8,250,1841300
20240214,10:24:58,0.8,250,1841300
20240214,10:24:59,0.8,300,1841300
20240214,10:25:01,0.8,500,1841300
20240214,10:25:02,0.8,1000,1841300
20240214,10:25:03,0.8,7000,1841300
20240214,10:25:04,0.8,750,1841300
20240214,10:25:05,0.8,50,1841300
20240214,10:25:08,0.8,17950,1841300
20240214,10:25:10,0.8,1450,1841300
20240214,10:25:12,0.8,250,1841300
20240214,10:25:13,0.8,250,1841300
20240214,10:25:15,0.8,2000,1841300
20240214,10:25:16,0.8,250,1841300
20240214,10:25:16,0.8,100,1841300
20240214,10:25:18,0.75,300,1841300
20240214,10:25:20,0.75,27500,1841300
20240214,10:25:23,0.8,2000,1841300
20240214,10:25:24,0.8,500,1841300
20240214,10:25:25,0.8,500,1841300
20240214,10:25:26,0.8,250,1841300
20240214,10:25:27,0.8,700,1841300
20240214,10:25:29,0.8,100,1841300
20240214,10:25:30,0.8,700,1841300
20240214,10:25:30,0.8,9500,1841300
20240214,10:25:31,0.8,1300,1841300
20240214,10:25:33,0.8,1800,1841300
20240214,10:25:35,0.85,6600,1841300
20240214,10:25:36,0.85,750,1841300
20240214,10:25:37,0.85,1750,1841300
20240214,10:25:38,0.8,450,1841300
20240214,10:25:39,0.8,4300,1841300
20240214,10:25:39,0.8,250,1841300
20240214,10:25:41,0.8,500,1841300
20240214,10:25:43,0.8,6650,1841300
20240214,10:25:44,0.8,3950,1841300
20240214,10:25:45,0.8,1000,1841300
20240214,10:25:46,0.8,1600,1841300
20240214,10:25:47,0.8,250,1841300
20240214,10:25:49,0.8,650,1841300
20240214,10:25:50,0.8,5600,1841300
20240214,10:25:51,0.8,750,1841300
20240214,10:25:52,0.85,1350,1841300
20240214,10:25:53,0.85,4550,1841300
20240214,10:25:54,0.85,2000,1841300
20240214,10:25:55,0.8,8050,1841300
20240214,10:25:56,0.8,2050,1841300
20240214,10:25:57,0.8,2250,1841300
20240214,10:25:58,0.8,6000,1841300
20240214,10:25:59,0.8,2000,1841300
20240214,10:26:00,0.8,2000,1841300
20240214,10:26:01,0.8,1750,1841300
20240214,10:26:02,0.8,1700,1841300
20240214,10:26:03,0.85,2950,1841300
20240214,10:26:04,0.8,8300,1841300
20240214,10:26:05,0.8,3150,1841300
20240214,10:26:06,0.85,3500,1841300
20240214,10:26:07,0.85,750,1841300
20240214,10:26:08,0.85,1250,1841300
20240214,10:26:09,0.8,7200,1841300
20240214,10:26:10,0.8,950,1841300
20240214,10:26:11,0.85,3850,1841300
20240214,10:26:12,0.8,11250,1841300
20240214,10:26:13,0.8,4000,1841300
20240214,10:26:14,0.85,750,1841300
20240214,10:26:15,0.85,1750,1841300
20240214,10:26:16,0.85,1750,1841300
20240214,10:26:17,0.8,13250,1841300
20240214,10:26:18,0.85,7350,1841300
20240214,10:26:19,0.85,2000,1841300
20240214,10:26:20,0.85,1750,1841300
20240214,10:26:21,0.85,750,1841300
20240214,10:26:24,0.85,2000,1841300
20240214,10:26:25,0.85,3000,1841300
20240214,10:26:26,0.85,5950,1841300
20240214,10:26:27,0.85,3000,1841300
20240214,10:26:28,0.85,750,1841300
20240214,10:26:29,0.85,3250,1841300
20240214,10:26:30,0.85,3000,1841300
20240214,10:26:31,0.85,2000,1841300
20240214,10:26:32,0.85,3500,1841300
20240214,10:26:33,0.85,6050,1841300
20240214,10:26:34,0.9,3350,1841300
20240214,10:26:35,0.9,1250,1841300
20240214,10:26:36,0.9,8200,1841300
20240214,10:26:37,0.85,9100,1841300
20240214,10:26:38,0.85,6850,1841300
20240214,10:26:39,0.85,16050,1841300
20240214,10:26:40,0.85,900,1841300
20240214,10:26:41,0.85,250,1841300
20240214,10:26:42,0.85,50,1841300
20240214,10:26:44,0.9,2550,1841300
20240214,10:26:45,0.85,100,1841300
20240214,10:26:47,0.85,2950,1841300
20240214,10:26:50,0.85,3000,1841300
20240214,10:26:51,0.85,450,1841300
20240214,10:26:52,0.85,900,1841300
20240214,10:26:53,0.9,2650,1841300
20240214,10:26:55,0.9,250,1841300
20240214,10:26:56,0.85,100,1841300
20240214,10:26:58,0.9,250,1841300
20240214,10:26:59,0.9,500,1841300
20240214,10:27:00,0.9,250,1841300
20240214,10:27:01,0.9,500,1841300
20240214,10:27:02,0.9,750,1841300
20240214,10:27:03,0.9,750,1841300
20240214,10:27:06,0.9,250,1841300
20240214,10:27:09,0.9,250,1841300
20240214,10:27:10,0.9,900,1841300
20240214,10:27:11,0.9,500,1841300
20240214,10:27:13,0.85,9550,1841300
20240214,10:27:15,0.9,4150,1841300
20240214,10:27:17,0.9,1000,1841300
20240214,10:27:18,0.9,500,1841300
20240214,10:27:19,0.9,1250,1841300
20240214,10:27:21,0.85,50,1841300
20240214,10:27:22,0.9,250,1841300
20240214,10:27:23,0.85,7250,1841300
20240214,10:27:24,0.85,250,1841300
20240214,10:27:25,0.8,2700,1841300
20240214,10:27:36,0.85,250,1841300
20240214,10:27:37,0.85,900,1841300
20240214,10:27:39,0.85,8300,1841300
20240214,10:27:40,0.9,2500,1841300
20240214,10:27:41,0.9,4800,1841300
20240214,10:27:42,0.9,3250,1841300
20240214,10:27:43,0.9,2700,1841300
20240214,10:27:44,0.9,4000,1841300
20240214,10:27:45,0.9,2500,1841300
20240214,10:27:46,0.9,1500,1841300
20240214,10:27:47,0.9,3500,1990400
20240214,10:27:48,0.9,4800,1990400
20240214,10:27:49,0.9,3500,1990400
20240214,10:27:50,0.9,3000,1990400
20240214,10:27:51,0.9,1150,1990400
20240214,10:27:52,0.9,500,1990400
20240214,10:27:53,0.9,750,1990400
20240214,10:27:54,0.9,7900,1990400
20240214,10:27:55,0.9,3800,1990400
20240214,10:27:56,0.9,1250,1990400
20240214,10:27:57,0.9,1750,1990400
20240214,10:27:58,0.9,3000,1990400
20240214,10:27:59,0.85,4550,1990400
20240214,10:28:00,0.9,3000,1990400
20240214,10:28:01,0.9,2700,1990400
20240214,10:28:02,0.9,2350,1990400
20240214,10:28:03,0.85,600,1990400
20240214,10:28:04,0.9,1450,1990400
20240214,10:28:05,0.9,2500,1990400
20240214,10:28:06,0.9,3500,1990400
20240214,10:28:07,0.9,1500,1990400
20240214,10:28:08,0.9,2250,1990400
20240214,10:28:09,0.9,3850,1990400
20240214,10:28:10,0.95,13450,1990400
20240214,10:28:11,0.9,2300,1990400
20240214,10:28:12,0.95,3500,1990400
20240214,10:28:13,0.95,5550,1990400
20240214,10:28:14,0.95,3000,1990400
20240214,10:28:15,0.9,16550,1990400
20240214,10:28:16,0.95,7150,1990400
20240214,10:28:17,0.9,2150,1990400
20240214,10:28:18,0.9,6600,1990400
20240214,10:28:19,0.95,3150,1990400
20240214,10:28:20,0.95,3900,1990400
20240214,10:28:21,0.95,5050,1990400
20240214,10:28:22,0.95,2000,1990400
20240214,10:28:23,0.95,1150,1990400
20240214,10:28:24,0.95,500,1990400
20240214,10:28:25,0.95,5750,1990400
20240214,10:28:26,0.95,3200,1990400
20240214,10:28:27,0.9,900,1990400
20240214,10:28:28,0.95,300,1990400
20240214,10:28:29,0.95,100,1990400
20240214,10:28:30,0.9,350,1990400
20240214,10:28:31,0.9,750,1990400
20240214,10:28:32,0.9,550,1990400
20240214,10:28:33,0.9,250,1990400
20240214,10:28:34,0.95,50,1990400
20240214,10:28:36,0.9,26600,1990400
20240214,10:28:37,0.85,9750,1990400
20240214,10:28:40,0.85,5600,1990400
20240214,10:28:42,0.85,650,1990400
20240214,10:28:43,0.85,5200,1990400
20240214,10:28:44,0.9,2000,1990400
20240214,10:28:48,0.85,3550,1990400
20240214,10:28:49,0.85,3700,1990400
20240214,10:28:54,0.85,3550,1990400
20240214,10:28:55,0.85,1150,1990400
20240214,10:29:04,0.85,350,1990400
20240214,10:29:04,0.85,250,1990400
20240214,10:29:05,0.85,300,1990400
20240214,10:29:07,0.85,100,1990400
20240214,10:29:07,0.85,400,1990400
20240214,10:29:11,0.85,50,1990400
20240214,10:29:15,0.85,14700,1990400
20240214,10:29:17,0.85,750,1990400
20240214,10:29:18,0.85,700,1990400
20240214,10:29:19,0.85,3550,1990400
20240214,10:29:21,0.8,2200,1990400
20240214,10:29:24,0.8,200,1990400
20240214,10:29:25,0.85,1850,1990400
20240214,10:29:26,0.85,1250,1990400
20240214,10:29:27,0.85,1200,1990400
20240214,10:29:29,0.85,5650,1990400
20240214,10:29:29,0.85,5750,1990400
20240214,10:29:30,0.85,4600,1990400
20240214,10:29:32,0.85,500,1990400
20240214,10:29:33,0.85,1350,1990400
20240214,10:29:35,0.85,1800,1990400
20240214,10:29:41,0.85,3100,1990400
20240214,10:29:42,0.85,1200,1990400
20240214,10:29:43,0.85,3700,1990400
20240214,10:29:44,0.85,200,1990400
20240214,10:29:45,0.85,4600,1990400
20240214,10:29:48,0.85,1450,1990400
20240214,10:29:50,0.85,3700,1990400
20240214,10:29:54,0.85,300,1990400
20240214,10:29:54,0.85,4400,1990400
20240214,10:29:55,0.85,2950,1990400
20240214,10:29:56,0.85,2100,1990400
20240214,10:29:57,0.85,1800,1990400
20240214,10:29:58,0.85,13300,1990400
20240214,10:29:59,0.85,3400,1990400
20240214,10:30:00,0.85,6400,1990400
20240214,10:30:01,0.85,1450,1990400
20240214,10:30:02,0.9,1100,1990400
20240214,10:30:10,0.8,6250,1990400
20240214,10:30:12,0.9,2550,1990400
20240214,10:30:15,0.9,100,1990400
20240214,10:30:16,0.85,50,1990400
20240214,10:30:17,0.85,12250,1990400
20240214,10:30:19,0.9,3150,1990400
20240214,10:30:19,0.9,6750,1990400
20240214,10:30:21,0.9,1800,1990400
20240214,10:30:22,0.9,1350,1990400
20240214,10:30:29,0.9,200,1990400
20240214,10:30:33,0.9,500,1990400
20240214,10:30:51,0.85,1800,2092750
20240214,10:30:52,0.9,3600,2092750
20240214,10:30:53,0.9,4500,2092750
20240214,10:30:55,0.9,1800,2092750
20240214,10:30:56,0.9,900,2092750
20240214,10:31:02,0.9,900,2092750
20240214,10:31:03,0.9,3600,2092750
20240214,10:31:04,0.9,13650,2092750
20240214,10:31:09,0.9,250,2092750
20240214,10:31:12,0.85,1700,2092750
20240214,10:31:15,0.9,1800,2092750
20240214,10:31:16,0.9,4500,2092750
20240214,10:31:34,0.85,1800,2092750
20240214,10:32:06,0.9,200,2092750
20240214,10:32:11,0.9,200,2092750
20240214,10:32:23,0.85,200,2092750
20240214,10:32:33,0.85,4550,2092750
20240214,10:32:43,0.85,1500,2092750
20240214,10:32:49,0.85,1900,2092750
20240214,10:32:50,0.85,100,2092750
20240214,10:32:51,0.9,3200,2092750
20240214,10:32:51,0.9,150,2092750
20240214,10:32:52,0.85,100,2092750
20240214,10:32:53,0.85,100,2092750
20240214,10:32:54,0.85,100,2092750
20240214,10:33:23,0.85,900,2092750
20240214,10:33:26,0.85,400,2092750
20240214,10:33:35,0.9,1700,2092750
20240214,10:33:51,0.85,50,2087400
20240214,10:33:53,0.85,500,2087400
20240214,10:33:58,0.85,300,2087400
20240214,10:33:59,0.85,400,2087400
20240214,10:34:11,0.9,200,2087400
20240214,10:34:15,0.85,1800,2087400
20240214,10:34:19,0.85,800,2087400
20240214,10:34:21,0.85,2300,2087400
20240214,10:34:24,0.9,550,2087400
20240214,10:34:28,0.85,1800,2087400
20240214,10:34:34,0.85,1800,2087400
20240214,10:34:40,0.85,150,2087400
20240214,10:34:41,0.85,2750,2087400
20240214,10:34:42,0.85,6200,2087400
20240214,10:34:43,0.85,1000,2087400
20240214,10:34:45,0.85,50,2087400
20240214,10:34:54,0.85,200,2087400
20240214,10:35:04,0.85,300,2087400
20240214,10:35:05,0.85,200,2087400
20240214,10:35:07,0.9,250,2087400
20240214,10:35:22,0.9,250,2087400
20240214,10:35:23,0.85,1800,2087400
20240214,10:35:24,0.85,10800,2087400
20240214,10:35:26,0.85,350,2087400
20240214,10:35:30,0.9,50,2087400
20240214,10:35:31,0.9,450,2087400
20240214,10:35:33,0.85,1800,2087400
20240214,10:35:36,0.85,1000,2087400
20240214,10:35:42,0.85,50,2087400
20240214,10:36:10,0.9,200,2087400
20240214,10:36:14,0.9,250,2087400
20240214,10:36:22,0.85,500,2087400
20240214,10:36:24,0.85,200,2087400
20240214,10:36:26,0.85,300,2087400
20240214,10:36:29,0.85,500,2087400
20240214,10:36:39,0.85,700,2087400
20240214,10:37:27,0.85,100,2087400
20240214,10:37:38,0.85,900,2083350
20240214,10:37:49,0.85,150,2083350
20240214,10:37:57,0.8,8800,2083350
20240214,10:38:06,0.85,1250,2083350
20240214,10:38:08,0.85,450,2083350
20240214,10:38:10,0.9,200,2083350
20240214,10:38:22,0.85,2100,2083350
20240214,10:38:33,0.8,50,2083350
20240214,10:38:36,0.85,1850,2083350
20240214,10:38:37,0.85,1450,2083350
20240214,10:38:39,0.8,1000,2083350
20240214,10:38:43,0.8,100,2083350
20240214,10:38:45,0.85,1800,2083350
20240214,10:38:49,0.8,300,2083350
20240214,10:38:55,0.85,250,2083350
20240214,10:39:05,0.8,200,2083350
20240214,10:39:07,0.85,250,2083350
20240214,10:39:08,0.8,100,2083350
20240214,10:39:11,0.8,100,2083350
20240214,10:39:12,0.85,250,2083350
20240214,10:39:14,0.85,2100,2083350
20240214,10:39:15,0.85,650,2083350
20240214,10:39:16,0.85,100,2083350
20240214,10:39:18,0.85,550,2083350
20240214,10:39:22,0.85,250,2083350
20240214,10:39:30,0.8,300,2083350
20240214,10:39:35,0.8,300,2083350
20240214,10:39:38,0.8,100,2083350
20240214,10:39:40,0.8,200,2083350
20240214,10:39:41,0.85,100,2083350
20240214,10:39:44,0.8,100,2083350
20240214,10:39:52,0.8,200,2087550
20240214,10:39:53,0.85,1000,2087550
20240214,10:39:56,0.8,200,2087550
20240214,10:40:00,0.85,500,2087550
20240214,10:40:10,0.85,1150,2087550
20240214,10:40:11,0.85,400,2087550
20240214,10:40:13,0.85,2350,2087550
20240214,10:40:15,0.85,250,2087550
20240214,10:40:25,0.85,150,2087550
20240214,10:40:28,0.85,200,2087550
20240214,10:40:29,0.85,900,2087550
20240214,10:40:31,0.85,50,2087550
20240214,10:40:32,0.85,450,2087550
20240214,10:40:35,0.85,50,2087550
20240214,10:40:36,0.8,300,2087550
20240214,10:40:40,0.85,550,2087550
20240214,10:40:49,0.85,200,2087550
20240214,10:40:53,0.8,50,2087550
20240214,10:40:59,0.8,250,2087550
20240214,10:41:02,0.85,900,2087550
20240214,10:41:04,0.85,300,2087550
20240214,10:41:12,0.8,900,2087550
20240214,10:41:13,0.8,900,2087550
20240214,10:41:27,0.8,100,2087550
20240214,10:41:35,0.85,50,2087550
20240214,10:41:39,0.8,50,2087550
20240214,10:41:44,0.8,1200,2087550
20240214,10:41:44,0.8,2400,2087550
20240214,10:41:45,0.8,3600,2087550
20240214,10:41:46,0.8,3900,2087550
20240214,10:41:47,0.8,250,2087550
20240214,10:41:50,0.85,1250,2087550
20240214,10:41:59,0.8,100,2087550
20240214,10:42:08,0.8,150,2087550
20240214,10:42:11,0.85,200,2087550
20240214,10:43:01,0.85,10800,2088200
20240214,10:43:02,0.85,1800,2088200
20240214,10:44:13,0.8,12800,2088200
20240214,10:44:56,0.8,200,2088200
20240214,10:45:08,0.8,100,2088200
20240214,10:45:12,0.8,700,2088200
20240214,10:45:17,0.8,11800,2088200
20240214,10:45:18,0.8,25900,2088200
20240214,10:45:33,0.8,1800,2088200
20240214,10:45:34,0.85,500,2088200
20240214,10:45:36,0.8,1800,2088200
20240214,10:45:37,0.8,1800,2088200
20240214,10:45:43,0.8,1800,2088200
20240214,10:46:03,0.85,50,2088200
20240214,10:46:07,0.85,200,2081400
20240214,10:46:18,0.85,200,2081400
20240214,10:46:19,0.85,50,2081400
20240214,10:46:21,0.8,400,2081400
20240214,10:46:27,0.8,100,2081400
20240214,10:46:29,0.8,50,2081400
20240214,10:46:44,0.85,1800,2081400
20240214,10:46:48,0.8,12450,2081400
20240214,10:46:54,0.8,550,2081400
20240214,10:46:55,0.8,1150,2081400
20240214,10:47:12,0.8,1500,2081400
20240214,10:47:20,0.8,900,2081400
20240214,10:47:34,0.8,50,2081400
20240214,10:47:39,0.8,50,2081400
20240214,10:48:02,0.8,50,2081400
20240214,10:48:03,0.8,14150,2081400
20240214,10:48:09,0.85,200,2081400
20240214,10:48:11,0.8,100,2081400
20240214,10:48:15,0.8,750,2081400
20240214,10:48:51,0.8,750,2081400
20240214,10:48:59,0.8,1000,2083300
20240214,10:49:00,0.8,2000,2083300
20240214,10:49:01,0.8,10850,2083300
20240214,10:49:05,0.75,900,2083300
20240214,10:49:06,0.75,200,2083300
20240214,10:49:12,0.75,21000,2083300
20240214,10:49:14,0.8,1300,2083300
20240214,10:49:17,0.75,1000,2083300
20240214,10:49:18,0.75,1000,2083300
20240214,10:49:19,0.75,1000,2083300
20240214,10:49:20,0.75,50,2083300
20240214,10:49:21,0.75,2000,2083300
20240214,10:49:22,0.75,1000,2083300
20240214,10:49:23,0.75,1000,2083300
20240214,10:49:24,0.75,1000,2083300
20240214,10:49:25,0.75,2000,2083300
20240214,10:49:26,0.75,1000,2083300
20240214,10:49:27,0.75,1000,2083300
20240214,10:49:28,0.75,1000,2083300
20240214,10:49:29,0.75,1000,2083300
20240214,10:49:35,0.75,1000,2083300
20240214,10:49:36,0.75,1000,2083300
20240214,10:49:37,0.75,1000,2083300
20240214,10:49:38,0.75,1000,2083300
20240214,10:49:39,0.75,1000,2083300
20240214,10:49:40,0.75,1250,2083300
20240214,10:49:41,0.75,8050,2083300
20240214,10:49:42,0.75,1000,2083300
20240214,10:49:43,0.75,1000,2083300
20240214,10:49:44,0.75,1000,2083300
20240214,10:49:46,0.75,5100,2083300
20240214,10:49:47,0.75,7900,2083300
20240214,10:49:54,0.75,37050,2083300
20240214,10:49:55,0.75,5850,2083300
20240214,10:49:57,0.75,1800,2083300
20240214,10:50:00,0.7,550,2083300
20240214,10:50:01,0.7,50,2083300
20240214,10:50:17,0.7,3600,2083300
20240214,10:50:22,0.7,1800,2083300
20240214,10:50:27,0.7,250,2083300
20240214,10:50:30,0.75,50,2083300
20240214,10:50:30,0.75,450,2083300
20240214,10:51:05,0.75,100,2083300
20240214,10:51:10,0.75,300,2083300
20240214,10:51:25,0.7,50,2083300
20240214,10:51:31,0.75,1000,2083300
20240214,10:51:37,0.75,800,2083300
20240214,10:51:42,0.75,24450,2083300
20240214,10:51:49,0.75,700,2054400
20240214,10:51:52,0.75,350,2054400
20240214,10:51:55,0.75,14650,2054400
20240214,10:51:55,0.75,1800,2054400
20240214,10:52:02,0.75,100,2054400
20240214,10:52:05,0.75,10900,2054400
20240214,10:52:10,0.8,200,2054400
20240214,10:52:19,0.8,50,2054400
20240214,10:52:31,0.75,100,2054400
20240214,10:52:34,0.75,900,2054400
20240214,10:52:47,0.8,1800,2054400
20240214,10:53:06,0.75,450,2054400
20240214,10:53:46,0.8,5200,2054400
20240214,10:53:49,0.8,7700,2054400
20240214,10:53:50,0.8,14400,2054400
20240214,10:53:55,0.85,200,2054400
20240214,10:54:05,0.85,800,2054400
20240214,10:54:09,0.8,1800,2054400
20240214,10:54:11,0.85,200,2054400
20240214,10:54:26,0.85,3600,2054400
20240214,10:54:28,0.85,1800,2054400
20240214,10:54:29,0.85,1800,2054400
20240214,10:54:32,0.85,1800,2054400
20240214,10:54:40,0.8,550,2054400
20240214,10:54:42,0.8,450,2054400
20240214,10:55:15,0.85,1300,2054400
20240214,10:55:16,0.85,1300,2053450
20240214,10:55:19,0.85,5450,2053450
20240214,10:55:20,0.85,13800,2053450
20240214,10:55:29,0.85,7150,2053450
20240214,10:55:30,0.85,400,2053450
20240214,10:55:31,0.85,350,2053450
20240214,10:55:32,0.9,450,2053450
20240214,10:55:34,0.85,1000,2053450
20240214,10:55:36,0.85,3250,2053450
20240214,10:56:12,0.85,2000,2053450
20240214,10:56:14,0.85,1800,2053450
20240214,10:56:23,0.85,800,2053450
20240214,10:56:24,0.85,1700,2053450
20240214,10:56:51,0.85,1800,2053450
20240214,10:56:53,0.8,250,2053450
20240214,10:56:54,0.85,200,2053450
20240214,10:56:55,0.85,200,2053450
20240214,10:57:14,0.8,300,2053450
20240214,10:57:22,0.85,1800,2053450
20240214,10:57:23,0.85,1800,2053450
20240214,10:57:25,0.9,14150,2053450
20240214,10:57:25,0.9,1800,2053450
20240214,10:57:26,0.9,1800,2053450
20240214,10:57:27,0.85,300,2053450
20240214,10:57:30,0.85,10000,2053450
20240214,10:57:33,0.85,1500,2053450
20240214,10:57:34,0.85,9400,2053450
20240214,10:57:44,0.85,200,2053450
20240214,10:58:14,0.85,200,2053450
20240214,10:58:15,0.85,350,2059750
20240214,10:58:16,0.85,400,2059750
20240214,10:58:17,0.8,100,2059750
20240214,10:58:20,0.85,250,2059750
20240214,10:58:21,0.85,1800,2059750
20240214,10:58:22,0.85,14050,2059750
20240214,10:58:30,0.85,3700,2059750
20240214,10:58:32,0.85,5650,2059750
20240214,10:58:33,0.85,2600,2059750
20240214,10:58:34,0.85,5150,2059750
20240214,10:58:40,0.85,7100,2059750
20240214,10:58:41,0.85,100,2059750
20240214,10:58:43,0.85,2500,2059750
20240214,10:58:52,0.8,1000,2059750
20240214,10:58:58,0.85,3700,2059750
20240214,10:59:00,0.85,600,2059750
20240214,10:59:02,0.85,2200,2059750
20240214,10:59:05,0.85,1800,2059750
20240214,10:59:06,0.85,3600,2059750
20240214,10:59:08,0.85,3600,2059750
20240214,10:59:09,0.85,1800,2059750
20240214,10:59:10,0.85,200,2059750
20240214,10:59:25,0.85,50,2059750
20240214,10:59:41,0.85,1000,2059750
20240214,11:00:04,0.8,1500,2059750
20240214,11:00:21,0.85,600,2059750
20240214,11:00:30,0.85,200,2059750
20240214,11:00:33,0.85,300,2059750
20240214,11:00:34,0.85,2250,2059750
20240214,11:00:35,0.85,250,2059750
20240214,11:00:36,0.8,2300,2059750
20240214,11:00:37,0.85,250,2059750
20240214,11:00:39,0.8,1800,2059750
20240214,11:00:40,0.85,500,2059750
20240214,11:00:41,0.85,1150,2059750
20240214,11:00:42,0.85,250,2059750
20240214,11:00:46,0.8,1500,2059750
20240214,11:00:48,0.85,200,2059750
20240214,11:00:50,0.85,850,2082750
20240214,11:00:52,0.85,450,2082750
20240214,11:00:53,0.85,12500,2082750
20240214,11:00:56,0.9,250,2082750
20240214,11:01:00,0.85,2800,2082750
20240214,11:01:02,0.85,1800,2082750
20240214,11:01:03,0.85,150,2082750
20240214,11:01:04,0.85,6000,2082750
20240214,11:01:06,0.85,1300,2082750
20240214,11:01:09,0.85,1000,2082750
20240214,11:01:23,0.85,1500,2082750
20240214,11:01:33,0.85,1800,2082750
20240214,11:01:42,0.85,1900,2082750
20240214,11:01:43,0.85,600,2082750
20240214,11:01:47,0.85,7950,2082750
20240214,11:01:51,0.85,3600,2082750
20240214,11:02:07,0.85,50,2082750
20240214,11:02:10,0.85,200,2082750
20240214,11:02:16,0.85,3450,2082750
20240214,11:02:39,0.85,350,2082750
20240214,11:02:40,0.85,950,2082750
20240214,11:02:41,0.85,5650,2082750
20240214,11:03:07,0.9,150,2082750
20240214,11:03:08,0.9,2500,2082750
20240214,11:03:09,0.9,1800,2082750
20240214,11:03:16,0.85,50,2082750
20240214,11:03:17,0.9,5400,2082750
20240214,11:03:40,0.85,1800,2082750
20240214,11:03:41,0.85,1800,2082750
20240214,11:03:44,0.85,1800,2082750
20240214,11:03:45,0.9,50,2082750
20240214,11:03:45,0.85,1800,2082750
20240214,11:03:48,0.85,1800,2082750
20240214,11:04:10,0.9,200,2082750
20240214,11:04:37,0.85,350,2069200
20240214,11:05:13,0.9,50,2069200
20240214,11:05:29,0.85,50,2069200
20240214,11:05:31,0.9,50,2069200
20240214,11:05:32,0.9,300,2069200
20240214,11:05:33,0.9,150,2069200
20240214,11:06:09,0.9,150,2069200
20240214,11:06:11,0.9,150,2069200
20240214,11:06:11,0.9,50,2069200
20240214,11:06:16,0.9,150,2069200
20240214,11:06:54,0.85,500,2069250
20240214,11:07:02,0.85,500,2069250
20240214,11:07:03,0.85,1800,2069250
20240214,11:07:03,0.9,1700,2069250
20240214,11:07:04,0.85,25000,2069250
20240214,11:07:07,0.85,900,2069250
20240214,11:07:18,0.8,50,2069250
20240214,11:07:21,0.85,1800,2069250
20240214,11:07:23,0.85,1800,2069250
20240214,11:07:25,0.85,1800,2069250
20240214,11:07:27,0.85,1800,2069250
20240214,11:07:29,0.85,1800,2069250
20240214,11:07:31,0.85,1800,2069250
20240214,11:07:34,0.85,1800,2069250
20240214,11:07:37,0.85,35050,2069250
20240214,11:07:37,0.85,100,2069250
20240214,11:07:38,0.85,100,2069250
20240214,11:07:41,0.85,5750,2069250
20240214,11:07:41,0.85,250,2069250
20240214,11:07:43,0.85,250,2069250
20240214,11:07:46,0.85,1800,2069250
20240214,11:07:49,0.85,7450,2069250
20240214,11:07:50,0.9,50,2069250
20240214,11:07:53,0.9,1800,2069250
20240214,11:07:56,0.85,3300,2069250
20240214,11:07:59,0.9,1800,2069250
20240214,11:08:03,0.85,1800,2069250
20240214,11:08:04,0.85,1800,2069250
20240214,11:08:05,0.85,1950,2069250
20240214,11:08:06,0.85,1800,2069250
20240214,11:08:12,0.85,1800,2069250
20240214,11:08:13,0.9,200,2069250
20240214,11:08:18,0.85,100,2069250
20240214,11:08:25,0.9,1800,2069250
20240214,11:08:28,0.9,1800,2069250
20240214,11:08:30,0.85,600,2069250
20240214,11:08:30,0.9,1800,2069250
20240214,11:08:33,0.9,1800,2069250
20240214,11:08:35,0.9,50,2069250
20240214,11:08:40,0.9,1800,2069250
20240214,11:08:43,0.85,1800,2069250
20240214,11:08:48,0.85,500,2069250
20240214,11:08:56,0.85,250,2069250
20240214,11:09:00,0.85,200,2069250
20240214,11:09:06,0.85,100,2069250
20240214,11:09:10,0.9,100,2069250
20240214,11:09:18,0.9,50,2069250
20240214,11:09:19,0.85,1800,2069250
20240214,11:09:22,0.9,1000,2069250
20240214,11:09:23,0.85,100,2069250
20240214,11:09:26,0.9,1000,2069250
20240214,11:09:27,0.85,1800,2069250
20240214,11:10:08,0.85,100,2079650
20240214,11:10:11,0.85,1000,2079650
20240214,11:10:12,0.9,50,2079650
20240214,11:10:14,0.85,1800,2079650
20240214,11:10:16,0.9,2000,2079650
20240214,11:10:17,0.85,1800,2079650
20240214,11:10:18,0.85,1800,2079650
20240214,11:10:20,0.85,1800,2079650
20240214,11:10:22,0.85,1800,2079650
20240214,11:10:23,0.85,4100,2079650
20240214,11:10:25,0.85,1800,2079650
20240214,11:10:27,0.85,50,2079650
20240214,11:10:28,0.85,350,2079650
20240214,11:10:31,0.9,50,2079650
20240214,11:10:32,0.85,600,2079650
20240214,11:10:34,0.85,1800,2079650
20240214,11:10:36,0.85,1950,2079650
20240214,11:10:37,0.85,22150,2079650
20240214,11:10:38,0.85,50,2079650
20240214,11:10:39,0.85,1800,2079650
20240214,11:10:40,0.85,9000,2079650
20240214,11:10:41,0.85,50,2079650
20240214,11:10:43,0.9,150,2079650
20240214,11:10:44,0.85,1800,2079650
20240214,11:10:45,0.85,13250,2079650
20240214,11:10:46,0.85,13700,2079650
20240214,11:10:47,0.85,4900,2079650
20240214,11:10:48,0.85,1800,2079650
20240214,11:10:49,0.85,9050,2079650
20240214,11:10:51,0.85,5700,2079650
20240214,11:10:56,0.8,1800,2079650
20240214,11:10:57,0.85,1800,2079650
20240214,11:10:58,0.85,1800,2079650
20240214,11:10:59,0.85,11450,2079650
20240214,11:11:00,0.85,2350,2079650
20240214,11:11:31,0.85,50,2079650
20240214,11:11:49,0.8,1000,2079650
20240214,11:11:53,0.8,200,2079650
20240214,11:11:55,0.85,600,2079650
20240214,11:12:17,0.85,200,2079650
20240214,11:12:31,0.8,1800,2079650
20240214,11:12:39,0.8,50,2079650
20240214,11:12:49,0.85,350,2079650
20240214,11:12:51,0.8,1500,2079650
20240214,11:13:00,0.8,150,2066750
20240214,11:13:01,0.8,550,2066750
20240214,11:13:03,0.85,750,2066750
20240214,11:13:04,0.8,100,2066750
20240214,11:13:21,0.8,1400,2066750
20240214,11:13:25,0.8,100,2066750
20240214,11:13:26,0.8,1850,2066750
20240214,11:13:27,0.8,5500,2066750
20240214,11:13:28,0.8,3600,2066750
20240214,11:13:29,0.8,3700,2066750
20240214,11:13:54,0.8,16550,2066750
20240214,11:13:57,0.8,100,2066750
20240214,11:13:59,0.8,50,2066750
20240214,11:14:03,0.8,200,2066750
20240214,11:14:07,0.8,4450,2066750
20240214,11:14:09,0.8,5800,2066750
20240214,11:14:10,0.8,200,2066750
20240214,11:14:12,0.75,200,2066750
20240214,11:14:12,0.75,250,2066750
20240214,11:14:14,0.75,100,2066750
20240214,11:14:27,0.75,50,2066750
20240214,11:14:28,0.75,1800,2066750
20240214,11:14:33,0.75,850,2066750
20240214,11:14:34,0.75,200,2066750
20240214,11:15:03,0.75,50,2066750
20240214,11:15:09,0.75,50,2066750
20240214,11:15:14,0.75,50,2066750
20240214,11:15:19,0.75,1700,2066750
20240214,11:15:26,0.75,10000,2066750
20240214,11:15:30,0.8,50,2066750
20240214,11:15:30,0.8,450,2066750
20240214,11:15:59,0.75,200,2066750
20240214,11:16:10,0.8,200,2076200
20240214,11:16:14,0.8,400,2076200
20240214,11:16:15,0.75,250,2076200
20240214,11:16:24,0.75,50,2076200
20240214,11:16:35,0.75,600,2076200
20240214,11:16:38,0.8,250,2076200
20240214,11:16:45,0.8,1600,2076200
20240214,11:16:50,0.8,1000,2076200
20240214,11:17:01,0.8,30200,2076200
20240214,11:17:02,0.8,19600,2076200
20240214,11:17:18,0.8,1200,2076200
20240214,11:17:23,0.8,100,2076200
20240214,11:17:24,0.8,750,2076200
20240214,11:17:27,0.85,550,2076200
20240214,11:17:29,0.8,1800,2076200
20240214,11:17:30,0.8,3400,2076200
20240214,11:17:31,0.8,400,2076200
20240214,11:17:36,0.8,3600,2076200
20240214,11:17:37,0.8,1200,2076200
20240214,11:17:38,0.8,13700,2076200
20240214,11:17:40,0.75,950,2076200
20240214,11:17:41,0.8,2500,2076200
20240214,11:17:42,0.75,100,2076200
20240214,11:17:43,0.75,500,2076200
20240214,11:17:48,0.8,50,2076200
20240214,11:17:52,0.75,50,2076200
20240214,11:17:54,0.8,600,2076200
20240214,11:17:57,0.8,1800,2076200
20240214,11:17:58,0.8,50,2076200
20240214,11:17:59,0.8,50,2076200
20240214,11:18:01,0.8,50,2076200
20240214,11:18:02,0.8,50,2076200
20240214,11:18:03,0.8,50,2076200
20240214,11:18:06,0.8,500,2076200
20240214,11:18:07,0.8,600,2076200
20240214,11:18:09,0.8,550,2076200
20240214,11:18:10,0.8,200,2076200
20240214,11:18:12,0.8,750,2076200
20240214,11:18:13,0.8,550,2076200
20240214,11:18:15,0.8,650,2076200
20240214,11:18:27,0.75,50,2076200
20240214,11:18:38,0.75,1950,2076200
20240214,11:18:39,0.8,150,2076200
20240214,11:18:40,0.8,150,2076200
20240214,11:18:41,0.8,150,2076200
20240214,11:18:42,0.75,1800,2076200
20240214,11:18:46,0.75,1800,2076200
20240214,11:19:09,0.8,150,2052100
20240214,11:19:10,0.8,150,2052100
20240214,11:19:11,0.8,150,2052100
20240214,11:19:12,0.8,150,2052100
20240214,11:19:23,0.75,100,2052100
20240214,11:19:27,0.75,100,2052100
20240214,11:19:30,0.8,850,2052100
20240214,11:19:47,0.75,50,2052100
20240214,11:20:15,0.75,50,2052100
20240214,11:20:19,0.8,1500,2052100
20240214,11:20:29,0.8,200,2052100
20240214,11:20:31,0.8,50,2052100
20240214,11:20:31,0.8,14650,2052100
20240214,11:20:33,0.8,5550,2052100
20240214,11:20:43,0.8,1500,2052100
20240214,11:20:51,0.8,1200,2052100
20240214,11:20:56,0.8,50,2052100
20240214,11:21:04,0.8,2250,2052100
20240214,11:21:35,0.8,50,2052100
20240214,11:21:48,0.8,1800,2052100
20240214,11:21:49,0.8,1800,2052100
20240214,11:21:50,0.8,1800,2052100
20240214,11:22:11,0.85,200,2049550
20240214,11:22:13,0.8,350,2049550
20240214,11:22:16,0.8,2900,2049550
20240214,11:22:24,0.85,100,2049550
20240214,11:22:47,0.8,100,2049550
20240214,11:23:10,0.85,1000,2049550
20240214,11:23:16,0.8,350,2049550
20240214,11:23:31,0.8,250,2049550
20240214,11:23:39,0.85,1800,2049550
20240214,11:23:41,0.85,1800,2049550
20240214,11:23:42,0.85,1800,2049550
20240214,11:23:44,0.85,1800,2049550
20240214,11:23:48,0.85,1800,2049550
20240214,11:23:50,0.85,1800,2049550
20240214,11:23:54,0.8,50,2049550
20240214,11:23:55,0.85,1800,2049550
20240214,11:23:57,0.85,1800,2049550
20240214,11:24:01,0.85,1800,2049550
20240214,11:24:10,0.85,200,2049550
20240214,11:24:21,0.8,350,2049550
20240214,11:25:04,0.8,850,2059050
20240214,11:25:17,0.85,150,2059050
20240214,11:25:21,0.85,50,2059050
20240214,11:25:26,0.8,1800,2059050
20240214,11:25:29,0.85,500,2059050
20240214,11:25:30,0.8,350,2059050
20240214,11:25:50,0.85,1800,2059050
20240214,11:25:53,0.85,1800,2059050
20240214,11:26:04,0.8,600,2059050
20240214,11:26:04,0.85,1800,2059050
20240214,11:26:12,0.85,200,2059050
20240214,11:26:14,0.8,350,2059050
20240214,11:27:08,0.8,300,2059050
20240214,11:27:17,0.8,350,2059050
20240214,11:27:28,0.85,100,2059050
20240214,11:27:31,0.85,900,2059050
20240214,11:27:36,0.85,900,2059050
20240214,11:27:44,0.8,1800,2059050
20240214,11:27:49,0.85,1800,2059050
20240214,11:27:52,0.8,1800,2059050
20240214,11:28:03,0.85,1800,2054500
20240214,11:28:10,0.85,200,2054500
20240214,11:28:12,0.8,350,2054500
20240214,11:28:21,0.85,550,2054500
20240214,11:28:22,0.85,400,2054500
20240214,11:28:23,0.85,200,2054500
20240214,11:28:24,0.85,400,2054500
20240214,11:28:25,0.85,100,2054500
20240214,11:28:31,0.85,100,2054500
20240214,11:28:32,0.8,100,2054500
20240214,11:28:33,0.85,100,2054500
20240214,11:28:35,0.85,1050,2054500
20240214,11:28:48,0.85,500,2054500
20240214,11:28:51,0.85,500,2054500
20240214,11:29:03,0.8,100,2054500
20240214,11:29:14,0.8,100,2054500
20240214,11:29:15,0.8,250,2054500
20240214,11:29:20,0.85,1800,2054500
20240214,11:29:34,0.85,1800,2054500
20240214,11:29:41,0.85,1800,2054500
20240214,11:29:47,0.8,1100,2054500
20240214,11:29:51,0.85,1800,2054500
20240214,11:29:54,0.8,500,2054500
20240214,11:29:56,0.85,350,2054500
20240214,11:30:00,0.85,1800,2054500
20240214,11:30:01,0.85,1800,2054500
20240214,11:30:03,0.85,1800,2054500
20240214,11:30:06,0.85,1800,2054500
20240214,11:30:08,0.85,1800,2054500
20240214,11:30:10,0.85,1800,2054500
20240214,11:30:13,0.85,1800,2054500
20240214,11:30:18,0.85,1800,2054500
20240214,11:30:20,0.85,1800,2054500
20240214,11:30:23,0.85,1800,2054500
20240214,11:30:31,0.85,200,2054500
20240214,11:30:35,0.85,50,2054500
20240214,11:30:35,0.85,100,2054500
20240214,11:30:36,0.85,1800,2054500
20240214,11:30:38,0.85,1800,2054500
20240214,11:30:39,0.85,2750,2054500
20240214,11:30:41,0.85,1800,2054500
20240214,11:30:42,0.85,1800,2054500
20240214,11:30:44,0.85,1800,2054500
20240214,11:30:52,0.85,1800,2054500
20240214,11:30:54,0.85,1800,2054500
20240214,11:30:56,0.85,1800,2026200
20240214,11:30:59,0.85,1800,2026200
20240214,11:31:00,0.85,30200,2026200
20240214,11:31:01,0.8,100,2026200
20240214,11:31:03,0.85,1800,2026200
20240214,11:31:06,0.85,1800,2026200
20240214,11:31:14,0.8,350,2026200
20240214,11:31:33,0.85,100,2026200
20240214,11:31:53,0.85,1800,2026200
20240214,11:32:11,0.85,200,2026200
20240214,11:32:15,0.8,350,2026200
20240214,11:32:42,0.85,1800,2026200
20240214,11:32:44,0.85,1800,2026200
20240214,11:32:45,0.85,1850,2026200
20240214,11:32:46,0.85,1800,2026200
20240214,11:32:48,0.85,1800,2026200
20240214,11:32:50,0.85,1800,2026200
20240214,11:32:51,0.85,1800,2026200
20240214,11:32:53,0.85,1800,2026200
20240214,11:32:54,0.85,12200,2026200
20240214,11:32:55,0.85,3600,2026200
20240214,11:32:57,0.85,50,2026200
20240214,11:33:01,0.85,50,2026200
20240214,11:33:04,0.85,7100,2026200
20240214,11:33:07,0.85,18400,2026200
20240214,11:33:08,0.85,9600,2026200
20240214,11:33:09,0.85,750,2026200
20240214,11:33:12,0.85,5900,2026200
20240214,11:33:13,0.85,500,2026200
20240214,11:33:15,0.85,6650,2026200
20240214,11:33:16,0.8,350,2026200
20240214,11:33:17,0.85,16200,2026200
20240214,11:33:18,0.85,8900,2026200
20240214,11:33:19,0.85,100,2026200
20240214,11:33:20,0.85,1100,2026200
20240214,11:33:22,0.85,1500,2026200
20240214,11:33:27,0.85,50,2026200
20240214,11:33:28,0.9,14650,2026200
20240214,11:33:29,0.85,50,2026200
20240214,11:33:31,0.85,50,2026200
20240214,11:33:32,0.85,1800,2026200
20240214,11:33:33,0.85,3300,2026200
20240214,11:33:34,0.85,21350,2026200
20240214,11:33:37,0.85,8400,2026200
20240214,11:33:38,0.85,250,2026200
20240214,11:33:39,0.85,50,2026200
20240214,11:33:40,0.85,7700,2026200
20240214,11:33:57,0.85,50,1999400
20240214,11:33:58,0.8,400,1999400
20240214,11:34:02,0.8,200,1999400
20240214,11:34:11,0.85,200,1999400
20240214,11:34:14,0.8,350,1999400
20240214,11:34:27,0.8,200,1999400
20240214,11:34:50,0.8,150,1999400
20240214,11:35:07,0.85,10050,1999400
20240214,11:35:18,0.85,1500,1999400
20240214,11:35:20,0.85,3300,1999400
20240214,11:35:24,0.85,7550,1999400
20240214,11:35:32,0.85,500,1999400
20240214,11:35:33,0.8,350,1999400
20240214,11:35:35,0.8,1800,1999400
20240214,11:35:36,0.8,1800,1999400
20240214,11:35:37,0.8,1800,1999400
20240214,11:35:40,0.85,450,1999400
20240214,11:35:52,0.85,250,1999400
20240214,11:36:10,0.85,200,1999400
20240214,11:36:13,0.8,350,1999400
20240214,11:36:20,0.85,2000,1999400
20240214,11:36:35,0.8,900,1999400
20240214,11:36:45,0.8,100,1999400
20240214,11:36:59,0.85,1000,1996700
20240214,11:37:11,0.75,39500,1996700
20240214,11:37:13,0.8,250,1996700
20240214,11:37:23,0.75,550,1996700
20240214,11:37:25,0.75,650,1996700
20240214,11:37:25,0.75,300,1996700
20240214,11:37:27,0.75,800,1996700
20240214,11:37:28,0.75,200,1996700
20240214,11:37:31,0.8,200,1996700
20240214,11:37:34,0.75,300,1996700
20240214,11:37:50,0.75,3000,1996700
20240214,11:38:04,0.75,250,1996700
20240214,11:38:06,0.75,200,1996700
20240214,11:38:07,0.75,6500,1996700
20240214,11:38:08,0.75,7200,1996700
20240214,11:38:09,0.75,10650,1996700
20240214,11:38:10,0.75,5900,1996700
20240214,11:38:12,0.7,54150,1996700
20240214,11:38:13,0.7,6350,1996700
20240214,11:38:15,0.7,1800,1996700
20240214,11:38:16,0.7,23900,1996700
20240214,11:38:50,0.7,34150,1996700
20240214,11:38:51,0.7,300,1996700
20240214,11:38:52,0.7,50,1996700
20240214,11:38:56,0.7,50,1996700
20240214,11:38:57,0.7,650,1996700
20240214,11:38:58,0.7,250,1996700
20240214,11:39:00,0.7,250,1996700
20240214,11:39:01,0.7,2050,1996700
20240214,11:39:06,0.7,350,1996700
20240214,11:39:06,0.7,400,1996700
20240214,11:39:14,0.7,100,1996700
20240214,11:39:19,0.7,250,1996700
20240214,11:39:21,0.7,1500,1996700
20240214,11:39:23,0.7,750,1996700
20240214,11:39:26,0.7,250,1996700
20240214,11:39:37,0.7,1200,1996700
20240214,11:39:41,0.7,1500,1996700
20240214,11:39:49,0.7,2350,1996700
20240214,11:39:57,0.7,1100,1996700
20240214,11:39:58,0.7,1500,1998800
20240214,11:40:05,0.7,400,1998800
20240214,11:40:23,0.7,50,1998800
20240214,11:40:29,0.7,50,1998800
20240214,11:40:30,0.65,200,1998800
20240214,11:40:32,0.7,50,1998800
20240214,11:40:33,0.7,450,1998800
20240214,11:40:52,0.65,150,1998800
20240214,11:41:10,0.65,1800,1998800
20240214,11:41:15,0.65,1800,1998800
20240214,11:42:11,0.7,200,1998800
20240214,11:42:43,0.7,37300,1998800
20240214,11:42:45,0.7,250,1998800
20240214,11:43:11,0.7,400,2003300
20240214,11:43:19,0.75,50,2003300
20240214,11:43:20,0.75,100,2003300
20240214,11:43:21,0.75,1050,2003300
20240214,11:43:22,0.75,50,2003300
20240214,11:43:23,0.75,50,2003300
20240214,11:43:25,0.75,100,2003300
20240214,11:43:27,0.75,50,2003300
20240214,11:43:28,0.75,50,2003300
20240214,11:43:29,0.75,50,2003300
20240214,11:43:30,0.75,50,2003300
20240214,11:43:31,0.75,50,2003300
20240214,11:43:32,0.75,50,2003300
20240214,11:43:33,0.75,50,2003300
20240214,11:43:34,0.75,50,2003300
20240214,11:43:35,0.75,19650,2003300
20240214,11:43:36,0.75,100,2003300
20240214,11:43:38,0.75,28950,2003300
20240214,11:43:41,0.7,1800,2003300
20240214,11:43:46,0.75,1800,2003300
20240214,11:43:56,0.75,1800,2003300
20240214,11:43:58,0.75,1800,2003300
20240214,11:44:03,0.75,1800,2003300
20240214,11:44:08,0.7,4950,2003300
20240214,11:44:09,0.7,1500,2003300
20240214,11:44:10,0.75,200,2003300
20240214,11:44:18,0.75,50,2003300
20240214,11:44:19,0.75,50,2003300
20240214,11:44:20,0.75,50,2003300
20240214,11:44:21,0.75,50,2003300
20240214,11:44:22,0.75,50,2003300
20240214,11:44:23,0.75,50,2003300
20240214,11:44:24,0.75,50,2003300
20240214,11:44:25,0.75,100,2003300
20240214,11:44:26,0.75,100,2003300
20240214,11:44:28,0.75,100,2003300
20240214,11:44:29,0.75,50,2003300
20240214,11:44:32,0.75,50,2003300
20240214,11:44:33,0.75,150,2003300
20240214,11:44:34,0.75,50,2003300
20240214,11:44:35,0.75,50,2003300
20240214,11:44:36,0.75,50,2003300
20240214,11:44:38,0.75,50,2003300
20240214,11:44:39,0.75,50,2003300
20240214,11:44:40,0.75,50,2003300
20240214,11:44:41,0.75,50,2003300
20240214,11:44:42,0.75,50,2003300
20240214,11:44:47,0.75,50,2003300
20240214,11:44:48,0.7,1800,2003300
20240214,11:44:50,0.75,50,2003300
20240214,11:44:55,0.75,50,2003300
20240214,11:44:56,0.75,50,2003300
20240214,11:44:57,0.75,50,2003300
20240214,11:44:58,0.75,50,2003300
20240214,11:44:59,0.75,650,2003300
20240214,11:45:06,0.75,50,2003300
20240214,11:45:08,0.75,50,2003300
20240214,11:45:09,0.75,50,2003300
20240214,11:45:10,0.75,1500,2003300
20240214,11:45:11,0.75,1500,2003300
20240214,11:45:12,0.75,1800,2003300
20240214,11:45:13,0.75,5100,2003300
20240214,11:45:14,0.7,50,2003300
20240214,11:45:22,0.75,1800,2003300
20240214,11:45:25,0.75,1800,2003300
20240214,11:45:31,0.75,2300,2003300
20240214,11:45:38,0.75,1800,2003300
20240214,11:45:47,0.7,1000,2003300
20240214,11:45:48,0.75,1800,2003300
20240214,11:45:54,0.75,1900,2003300
20240214,11:45:59,0.75,100,2003300
20240214,11:46:01,0.75,1800,1997750
20240214,11:46:04,0.75,1800,1997750
20240214,11:46:05,0.75,500,1997750
20240214,11:46:07,0.75,3150,1997750
20240214,11:46:08,0.7,1700,1997750
20240214,11:46:09,0.75,1800,1997750
20240214,11:46:10,0.75,2000,1997750
20240214,11:46:12,0.7,650,1997750
20240214,11:46:13,0.7,5400,1997750
20240214,11:46:15,0.75,1800,1997750
20240214,11:46:17,0.75,1800,1997750
20240214,11:46:19,0.75,1800,1997750
20240214,11:46:21,0.75,1800,1997750
20240214,11:46:29,0.75,1800,1997750
20240214,11:46:32,0.75,1850,1997750
20240214,11:46:33,0.75,50,1997750
20240214,11:46:34,0.75,1850,1997750
20240214,11:46:35,0.75,1850,1997750
20240214,11:46:36,0.75,50,1997750
20240214,11:46:37,0.75,1900,1997750
20240214,11:46:38,0.75,1850,1997750
20240214,11:46:39,0.75,150,1997750
20240214,11:46:40,0.75,1850,1997750
20240214,11:46:41,0.75,50,1997750
20240214,11:46:42,0.75,1900,1997750
20240214,11:46:43,0.75,1800,1997750
20240214,11:46:44,0.75,50,1997750
20240214,11:46:45,0.75,13000,1997750
20240214,11:46:46,0.75,50,1997750
20240214,11:46:47,0.75,1000,1997750
20240214,11:46:48,0.75,50,1997750
20240214,11:46:49,0.75,18750,1997750
20240214,11:46:50,0.75,1500,1997750
20240214,11:46:55,0.75,250,1997750
20240214,11:46:56,0.75,400,1997750
20240214,11:46:57,0.75,700,1997750
20240214,11:46:59,0.75,1350,1997750
20240214,11:47:00,0.75,300,1997750
20240214,11:47:01,0.75,50,1997750
20240214,11:47:02,0.75,1800,1997750
20240214,11:47:03,0.75,1750,1997750
20240214,11:47:05,0.75,1500,1997750
20240214,11:47:06,0.75,1800,1997750
20240214,11:47:08,0.75,1800,1997750
20240214,11:47:11,0.75,1800,1997750
20240214,11:47:12,0.75,300,1997750
20240214,11:47:17,0.7,4500,1997750
20240214,11:47:29,0.7,500,1997750
20240214,11:47:37,0.75,400,1997750
20240214,11:47:42,0.75,2400,1997750
20240214,11:47:42,0.75,800,1997750
20240214,11:47:46,0.75,400,1997750
20240214,11:48:05,0.75,500,1997750
20240214,11:48:13,0.75,200,1997750
20240214,11:48:16,0.7,100,1997750
20240214,11:48:21,0.75,1850,1997750
20240214,11:48:51,0.75,1800,1997750
20240214,11:49:26,0.75,1500,1981800
20240214,11:49:27,0.7,150,1981800
20240214,11:49:50,0.75,1500,1981800
20240214,11:50:26,0.75,850,1981800
20240214,11:50:29,0.7,1800,1981800
20240214,11:50:29,0.75,200,1981800
20240214,11:50:30,0.7,1800,1981800
20240214,11:50:31,0.7,1800,1981800
20240214,11:50:32,0.75,50,1981800
20240214,11:50:33,0.75,450,1981800
20240214,11:50:45,0.7,1800,1981800
20240214,11:51:03,0.7,1800,1981800
20240214,11:51:04,0.7,1800,1981800
20240214,11:51:05,0.7,1800,1981800
20240214,11:51:09,0.7,850,1981800
20240214,11:51:10,0.7,52650,1981800
20240214,11:51:11,0.75,28450,1981800
20240214,11:51:12,0.75,12900,1981800
20240214,11:51:53,0.7,1800,1981800
20240214,11:52:12,0.75,200,1962650
20240214,11:52:22,0.7,1800,1962650
20240214,11:52:27,0.7,1800,1962650
20240214,11:52:30,0.75,50,1962650
20240214,11:52:45,0.75,500,1962650
20240214,11:52:49,0.7,50,1962650
20240214,11:53:01,0.7,1800,1962650
20240214,11:53:21,0.7,100,1962650
20240214,11:53:21,0.75,50,1962650
20240214,11:53:25,0.7,900,1962650
20240214,11:53:33,0.75,200,1962650
20240214,11:53:39,0.7,200,1962650
20240214,11:53:54,0.7,200,1962650
20240214,11:54:02,0.75,1800,1962650
20240214,11:54:03,0.75,1800,1962650
20240214,11:54:13,0.75,200,1962650
20240214,11:54:14,0.75,3000,1962650
20240214,11:54:22,0.7,50,1962650
20240214,11:54:44,0.7,100,1962650
20240214,11:54:45,0.7,100,1962650
20240214,11:54:46,0.7,100,1962650
20240214,11:54:47,0.7,100,1962650
20240214,11:54:49,0.7,100,1962650
20240214,11:55:09,0.7,50,1962650
20240214,11:55:34,0.75,50,1954500
20240214,11:55:35,0.75,450,1954500
20240214,11:56:10,0.75,200,1954500
20240214,11:56:12,0.75,200,1954500
20240214,11:56:23,0.7,300,1954500
20240214,11:56:24,0.7,3300,1954500
20240214,11:56:25,0.7,50,1954500
20240214,11:56:26,0.75,200,1954500
20240214,11:56:28,0.75,50,1954500
20240214,11:56:38,0.75,100,1954500
20240214,11:56:42,0.75,200,1954500
20240214,11:56:47,0.7,1250,1954500
20240214,11:57:10,0.75,5400,1954500
20240214,11:57:11,0.75,3600,1954500
20240214,11:57:16,0.75,1800,1954500
20240214,11:57:17,0.75,21150,1954500
20240214,11:57:18,0.75,8250,1954500
20240214,11:57:28,0.75,1800,1954500
20240214,11:57:29,0.75,1800,1954500
20240214,11:57:30,0.75,3900,1954500
20240214,11:57:32,0.75,900,1954500
20240214,11:57:34,0.75,900,1954500
20240214,11:57:39,0.75,900,1954500
20240214,11:57:41,0.75,900,1954500
20240214,11:57:58,0.75,1800,1942550
20240214,11:58:00,0.75,1800,1942550
20240214,11:58:03,0.75,900,1942550
20240214,11:58:14,0.75,200,1942550
20240214,11:58:20,0.75,900,1942550
20240214,11:58:22,0.75,900,1942550
20240214,11:58:36,0.75,900,1942550
20240214,11:58:41,0.75,900,1942550
20240214,11:58:42,0.75,50,1942550
20240214,11:59:33,0.75,3600,1942550
20240214,11:59:34,0.7,150,1942550
20240214,11:59:36,0.75,1800,1942550
20240214,11:59:37,0.75,9400,1942550
20240214,11:59:38,0.75,50,1942550
20240214,11:59:54,0.8,2750,1942550
20240214,11:59:55,0.8,40900,1942550
20240214,11:59:56,0.8,19400,1942550
20240214,11:59:57,0.8,7900,1942550
20240214,12:00:30,0.8,200,1942550
20240214,12:00:35,0.8,50,1942550
20240214,12:00:36,0.8,250,1942550
20240214,12:00:37,0.8,200,1942550
20240214,12:00:51,0.8,20200,1942550
20240214,12:00:51,0.8,200,1942550
20240214,12:00:59,0.75,1800,1941150
20240214,12:01:01,0.75,1800,1941150
20240214,12:01:04,0.75,1800,1941150
20240214,12:01:07,0.75,1800,1941150
20240214,12:01:13,0.8,50,1941150
20240214,12:01:23,0.75,1800,1941150
20240214,12:01:26,0.75,1800,1941150
20240214,12:01:30,0.75,750,1941150
20240214,12:02:10,0.8,200,1941150
20240214,12:02:41,0.75,100,1941150
20240214,12:03:03,0.75,50,1941150
20240214,12:03:18,0.75,1000,1941150
20240214,12:03:49,0.8,1800,1941150
20240214,12:03:49,0.8,450,1941150
20240214,12:04:16,0.8,200,1933600
20240214,12:05:32,0.8,50,1933600
20240214,12:05:33,0.8,450,1933600
20240214,12:05:53,0.75,100,1933600
20240214,12:06:35,0.8,100,1933600
20240214,12:06:36,0.8,100,1933600
20240214,12:06:47,0.75,50,1933600
20240214,12:07:12,0.8,50,1933600
20240214,12:07:16,0.8,150,1933600
20240214,12:07:24,0.75,50,1933600
20240214,12:07:39,0.8,50,1933600
20240214,12:07:48,0.8,50,1933600
20240214,12:07:50,0.8,50,1933600
20240214,12:08:10,0.8,200,1933600
20240214,12:08:12,0.75,250,1933600
20240214,12:08:19,0.8,50,1933600
20240214,12:08:41,0.8,400,1933600
20240214,12:08:56,0.8,400,1933600
20240214,12:08:59,0.8,400,1933600
20240214,12:09:01,0.8,2400,1933600
20240214,12:09:02,0.8,3600,1933600
20240214,12:09:06,0.8,800,1933600
20240214,12:09:33,0.8,50,1933600
20240214,12:09:51,0.8,1150,1933600
20240214,12:09:58,0.75,1500,1933600
20240214,12:10:24,0.8,4900,1924300
20240214,12:10:26,0.8,200,1924300
20240214,12:10:30,0.8,1550,1924300
20240214,12:10:31,0.8,1950,1924300
20240214,12:10:32,0.8,10350,1924300
20240214,12:11:32,0.8,50,1924300
20240214,12:12:00,0.8,100,1924300
20240214,12:12:11,0.85,100,1924300
20240214,12:12:12,0.85,100,1924300
20240214,12:13:37,0.8,600,1924300
20240214,12:13:54,0.8,9550,1925550
20240214,12:13:55,0.75,1800,1925550
20240214,12:13:57,0.75,5400,1925550
20240214,12:13:58,0.75,5400,1925550
20240214,12:13:59,0.75,1800,1925550
20240214,12:14:10,0.8,3300,1925550
20240214,12:14:13,0.8,2000,1925550
20240214,12:14:15,0.8,850,1925550
20240214,12:14:16,0.8,350,1925550
20240214,12:14:49,0.8,50,1925550
20240214,12:15:02,0.8,50,1925550
20240214,12:15:08,0.8,50,1925550
20240214,12:15:14,0.8,100,1925550
20240214,12:15:14,0.8,150,1925550
20240214,12:15:16,0.8,21750,1925550
20240214,12:15:31,0.85,450,1925550
20240214,12:16:11,0.85,400,1930800
20240214,12:16:13,0.85,1700,1930800
20240214,12:16:14,0.9,10850,1930800
20240214,12:16:16,0.9,1800,1930800
20240214,12:16:37,0.9,3600,1930800
20240214,12:16:45,0.9,1700,1930800
20240214,12:16:46,0.9,100,1930800
20240214,12:16:47,0.85,1000,1930800
20240214,12:16:55,0.85,50,1930800
20240214,12:17:53,0.85,50,1930800
20240214,12:18:11,0.9,100,1930800
20240214,12:18:12,0.9,100,1930800
20240214,12:18:39,0.85,10000,1930800
20240214,12:18:40,0.8,150,1930800
20240214,12:20:07,0.8,100,1940000
20240214,12:20:09,0.8,600,1940000
20240214,12:20:10,0.8,200,1940000
20240214,12:20:11,0.8,350,1940000
20240214,12:20:33,0.85,650,1940000
20240214,12:20:34,0.85,2250,1940000
20240214,12:20:35,0.8,1400,1940000
20240214,12:20:36,0.8,5400,1940000
20240214,12:20:37,0.85,7200,1940000
20240214,12:20:42,0.85,4500,1940000
20240214,12:20:43,0.8,5100,1940000
20240214,12:20:44,0.8,4900,1940000
20240214,12:20:50,0.85,1000,1940000
20240214,12:20:59,0.8,1950,1940000
20240214,12:21:08,0.8,1350,1940000
20240214,12:21:12,0.8,2800,1940000
20240214,12:22:02,0.8,200,1962400
20240214,12:22:09,0.8,4500,1962400
20240214,12:22:10,0.8,400,1962400
20240214,12:22:11,0.85,200,1962400
20240214,12:22:49,0.85,600,1962400
20240214,12:23:12,0.8,1800,1962400
20240214,12:23:15,0.8,1800,1962400
20240214,12:23:21,0.8,1800,1962400
20240214,12:23:23,0.8,250,1962400
20240214,12:23:37,0.8,500,1962400
20240214,12:23:40,0.8,200,1962400
20240214,12:24:03,0.8,1800,1962400
20240214,12:24:29,0.8,1850,1962400
20240214,12:25:02,0.8,800,1962400
20240214,12:25:30,0.85,50,1959900
20240214,12:25:31,0.85,450,1959900
20240214,12:26:08,0.85,1800,1959900
20240214,12:26:12,0.85,200,1959900
20240214,12:26:34,0.85,50,1959900
20240214,12:26:38,0.85,50,1959900
20240214,12:26:54,0.85,1800,1959900
20240214,12:27:07,0.8,200,1959900
20240214,12:27:08,0.85,3600,1959900
20240214,12:27:09,0.85,7200,1959900
20240214,12:27:10,0.85,5400,1959900
20240214,12:27:11,0.8,50,1959900
20240214,12:27:19,0.8,400,1959900
20240214,12:27:23,0.8,750,1959900
20240214,12:27:34,0.85,4050,1959900
20240214,12:27:37,0.85,1800,1959900
20240214,12:27:38,0.85,450,1959900
20240214,12:27:39,0.85,3200,1959900
20240214,12:27:40,0.85,4000,1959900
20240214,12:27:41,0.85,4050,1959900
20240214,12:27:42,0.85,16050,1959900
20240214,12:27:43,0.85,50,1959900
20240214,12:27:44,0.85,19200,1959900
20240214,12:27:46,0.85,750,1959900
20240214,12:27:47,0.85,350,1959900
20240214,12:27:48,0.85,700,1959900
20240214,12:27:49,0.85,1050,1959900
20240214,12:27:58,0.9,14850,1959900
20240214,12:27:59,0.9,24200,1959900
20240214,12:28:09,0.9,1400,1935550
20240214,12:28:10,0.9,1800,1935550
20240214,12:28:11,0.9,450,1935550
20240214,12:28:23,0.85,50,1935550
20240214,12:28:29,0.9,800,1935550
20240214,12:28:32,0.9,1200,1935550
20240214,12:28:33,0.9,5500,1935550
20240214,12:28:36,0.9,7000,1935550
20240214,12:29:12,0.95,1000,1935550
20240214,12:29:14,0.95,250,1935550
20240214,12:29:16,0.9,4000,1935550
20240214,12:29:18,0.95,100,1935550
20240214,12:29:35,0.95,50,1935550
20240214,12:29:59,0.95,3800,1935550
20240214,12:30:00,0.95,1800,1935550
20240214,12:30:01,0.9,1300,1935550
20240214,12:30:02,1.0,51200,1935550
20240214,12:30:14,0.95,8800,1935550
20240214,12:30:15,0.95,300,1935550
20240214,12:30:16,0.95,450,1935550
20240214,12:30:19,1.0,2000,1935550
20240214,12:30:20,0.95,100,1935550
20240214,12:30:25,0.95,1700,1935550
20240214,12:30:29,1.0,50,1935550
20240214,12:30:38,1.0,450,1935550
20240214,12:30:41,0.95,100,1935550
20240214,12:30:43,0.95,150,1935550
20240214,12:30:44,0.95,100,1935550
20240214,12:30:45,0.95,1200,1935550
20240214,12:30:48,1.0,1800,1935550
20240214,12:30:49,1.0,7900,1935550
20240214,12:30:50,1.0,9600,1935550
20240214,12:30:51,1.0,3200,1935550
20240214,12:30:52,1.0,4000,1935550
20240214,12:30:54,0.95,100,1935550
20240214,12:30:55,0.95,200,1935550
20240214,12:30:56,0.95,100,1935550
20240214,12:30:57,0.95,100,1935550
20240214,12:30:58,0.95,500,1935550
20240214,12:30:59,0.95,1750,1935550
20240214,12:31:02,1.0,1950,1935550
20240214,12:31:09,0.95,5100,1951950
20240214,12:31:10,0.95,350,1951950
20240214,12:31:14,0.95,250,1951950
20240214,12:31:16,0.95,800,1951950
20240214,12:31:17,0.95,50,1951950
20240214,12:31:17,1.0,1800,1951950
20240214,12:31:19,0.95,3750,1951950
20240214,12:31:20,1.0,1800,1951950
20240214,12:31:21,0.95,50,1951950
20240214,12:31:22,0.95,350,1951950
20240214,12:31:23,0.95,250,1951950
20240214,12:31:24,0.95,300,1951950
20240214,12:31:25,0.95,1500,1951950
20240214,12:31:26,1.0,1800,1951950
20240214,12:31:27,0.95,150,1951950
20240214,12:31:29,0.95,450,1951950
20240214,12:31:31,0.95,150,1951950
20240214,12:31:34,0.95,800,1951950
20240214,12:31:36,1.0,300,1951950
20240214,12:31:41,0.95,150,1951950
20240214,12:31:50,0.95,150,1951950
20240214,12:31:51,1.0,11400,1951950
20240214,12:31:53,1.0,1250,1951950
20240214,12:31:54,1.0,800,1951950
20240214,12:31:55,1.0,2000,1951950
20240214,12:31:58,1.0,250,1951950
20240214,12:31:59,1.0,3000,1951950
20240214,12:32:00,1.0,500,1951950
20240214,12:32:00,1.0,1500,1951950
20240214,12:32:01,1.0,3050,1951950
20240214,12:32:02,1.0,8250,1951950
20240214,12:32:03,1.0,2650,1951950
20240214,12:32:04,1.0,12000,1951950
20240214,12:32:05,1.0,17850,1951950
20240214,12:32:06,1.0,5600,1951950
20240214,12:32:07,1.0,12900,1951950
20240214,12:32:09,1.0,3500,1951950
20240214,12:32:10,1.0,750,1951950
20240214,12:32:11,1.0,2000,1951950
20240214,12:32:12,1.0,7800,1951950
20240214,12:32:15,1.05,1000,1951950
20240214,12:32:28,1.0,1800,1951950
20240214,12:32:30,1.0,250,1951950
20240214,12:32:33,1.0,3000,1951950
20240214,12:32:39,1.0,1800,1951950
20240214,12:32:43,1.05,1000,1951950
20240214,12:32:45,1.0,1800,1951950
20240214,12:32:47,1.05,500,1951950
20240214,12:32:48,1.05,250,1951950
20240214,12:32:50,1.0,1800,1951950
20240214,12:32:53,1.0,1800,1951950
20240214,12:32:56,1.05,1800,1951950
20240214,12:32:56,1.05,4550,1951950
20240214,12:32:57,1.05,1800,1951950
20240214,12:32:58,1.05,100,1951950
20240214,12:32:59,1.0,100,1951950
20240214,12:33:03,1.05,100,1951950
20240214,12:33:15,1.0,1800,1951950
20240214,12:33:17,1.05,1800,1951950
20240214,12:33:18,1.05,100,1951950
20240214,12:33:22,1.0,38150,1951950
20240214,12:33:23,1.05,100,1951950
20240214,12:33:30,1.05,34950,1951950
20240214,12:33:31,1.05,7700,1951950
20240214,12:33:32,1.0,100,1951950
20240214,12:33:33,1.05,1500,1951950
20240214,12:33:39,1.0,1800,1951950
20240214,12:33:41,1.0,1800,1951950
20240214,12:33:44,1.0,1800,1951950
20240214,12:33:46,1.0,1800,1951950
20240214,12:33:47,1.05,27600,1951950
20240214,12:33:49,1.05,4100,1951950
20240214,12:33:51,1.1,17400,1951950
20240214,12:33:53,1.1,6000,1951950
20240214,12:33:54,1.05,2000,1951950
20240214,12:33:54,1.05,1800,1951950
20240214,12:33:57,1.05,250,1951950
20240214,12:34:00,1.05,1800,1951950
20240214,12:34:06,1.05,28300,2003300
20240214,12:34:06,1.05,250,2003300
20240214,12:34:11,1.1,19900,2003300
20240214,12:34:12,1.1,3600,2003300
20240214,12:34:12,1.05,9250,2003300
20240214,12:34:14,1.0,250,2003300
20240214,12:34:15,1.0,6800,2003300
20240214,12:34:17,1.0,3400,2003300
20240214,12:34:21,1.0,1800,2003300
20240214,12:34:33,1.05,1550,2003300
20240214,12:34:38,1.05,1500,2003300
20240214,12:34:39,1.05,1800,2003300
20240214,12:34:41,1.0,600,2003300
20240214,12:34:42,1.0,1800,2003300
20240214,12:34:50,1.0,1800,2003300
20240214,12:34:54,1.0,700,2003300
20240214,12:34:55,1.0,1550,2003300
20240214,12:34:56,1.0,100,2003300
20240214,12:35:00,1.0,100,2003300
20240214,12:35:10,1.05,1450,2003300
20240214,12:35:26,1.0,1000,2003300
20240214,12:35:27,1.0,1500,2003300
20240214,12:35:28,1.05,450,2003300
20240214,12:35:29,1.05,50,2003300
20240214,12:35:29,1.05,450,2003300
20240214,12:35:30,1.05,50,2003300
20240214,12:35:32,1.0,1500,2003300
20240214,12:35:38,1.0,1500,2003300
20240214,12:35:39,1.05,150,2003300
20240214,12:35:45,1.05,1800,2003300
20240214,12:35:54,1.05,1400,2003300
20240214,12:36:13,1.0,250,2003300
20240214,12:36:44,1.05,50,2003300
20240214,12:36:45,1.0,3600,2003300
20240214,12:36:50,1.0,1800,2003300
20240214,12:37:08,1.0,1500,2030000
20240214,12:37:27,1.05,3600,2030000
20240214,12:37:30,1.0,150,2030000
20240214,12:37:32,1.0,500,2030000
20240214,12:37:34,1.05,1800,2030000
20240214,12:37:35,1.05,2200,2030000
20240214,12:37:49,1.0,1000,2030000
20240214,12:37:50,1.0,1000,2030000
20240214,12:38:19,1.0,50,2030000
20240214,12:39:01,1.05,50,2030000
20240214,12:39:15,1.05,200,2030000
20240214,12:39:18,1.05,1800,2030000
20240214,12:39:27,1.05,50,2030000
20240214,12:39:29,1.05,50,2030000
20240214,12:39:36,1.0,1800,2030000
20240214,12:39:44,1.0,600,2030000
20240214,12:39:46,1.0,50,2030000
20240214,12:39:56,1.0,800,2030000
20240214,12:40:21,1.0,1000,2030000
20240214,12:40:30,1.05,50,2022300
20240214,12:40:32,1.05,450,2022300
20240214,12:40:58,1.0,50,2022300
20240214,12:41:02,1.05,1800,2022300
20240214,12:41:03,1.05,800,2022300
20240214,12:41:04,1.05,1800,2022300
20240214,12:41:05,1.05,1800,2022300
20240214,12:41:10,1.05,1800,2022300
20240214,12:41:13,1.0,1500,2022300
20240214,12:41:14,1.05,1800,2022300
20240214,12:41:21,1.05,3000,2022300
20240214,12:41:30,1.05,800,2022300
20240214,12:41:32,1.0,100,2022300
20240214,12:41:35,1.0,1550,2022300
20240214,12:41:43,1.05,800,2022300
20240214,12:41:46,1.05,900,2022300
20240214,12:41:53,1.0,1800,2022300
20240214,12:41:54,1.05,250,2022300
20240214,12:41:55,1.05,1800,2022300
20240214,12:41:56,1.05,2400,2022300
20240214,12:42:05,1.0,1800,2022300
20240214,12:42:11,1.0,1800,2022300
20240214,12:42:20,1.0,1800,2022300
20240214,12:42:27,1.0,1450,2022300
20240214,12:42:38,1.0,1000,2022300
20240214,12:42:39,1.0,600,2022300
20240214,12:42:55,1.0,500,2022300
20240214,12:43:02,1.0,1800,2022300
20240214,12:43:03,1.0,900,2022300
20240214,12:43:09,1.0,1800,2022300
20240214,12:43:11,1.0,1800,2027300
20240214,12:43:15,1.05,19250,2027300
20240214,12:43:17,1.0,1800,2027300
20240214,12:43:22,1.0,500,2027300
20240214,12:43:23,1.0,1800,2027300
20240214,12:43:25,1.05,50,2027300
20240214,12:43:29,1.0,1800,2027300
20240214,12:43:33,1.0,1800,2027300
20240214,12:43:35,1.0,6750,2027300
20240214,12:43:36,1.0,3400,2027300
20240214,12:43:37,1.0,50,2027300
20240214,12:43:38,1.0,1800,2027300
20240214,12:43:41,1.0,100,2027300
20240214,12:43:42,1.0,250,2027300
20240214,12:43:43,1.0,1800,2027300
20240214,12:43:44,1.0,16000,2027300
20240214,12:43:45,0.95,100,2027300
20240214,12:43:53,1.0,100,2027300
20240214,12:44:06,0.95,50,2027300
20240214,12:44:10,1.0,550,2027300
20240214,12:44:11,1.0,350,2027300
20240214,12:44:13,1.0,250,2027300
20240214,12:44:15,0.95,1800,2027300
20240214,12:44:16,1.0,250,2027300
20240214,12:44:20,0.95,1800,2027300
20240214,12:44:21,1.0,50,2027300
20240214,12:44:27,1.0,50,2027300
20240214,12:44:31,0.95,1850,2027300
20240214,12:44:34,0.95,1000,2027300
20240214,12:44:44,0.95,1000,2027300
20240214,12:44:44,1.0,100,2027300
20240214,12:44:51,0.95,1800,2027300
20240214,12:44:53,1.0,500,2027300
20240214,12:44:54,0.95,700,2027300
20240214,12:45:08,1.0,1450,2027300
20240214,12:45:13,1.0,50,2027300
20240214,12:45:33,1.0,50,2027300
20240214,12:45:35,1.0,400,2027300
20240214,12:45:36,1.0,250,2027300
20240214,12:45:54,0.95,10150,2027300
20240214,12:45:55,0.95,24000,2027300
20240214,12:45:57,0.95,100,2027300
20240214,12:45:58,0.95,50,2027300
20240214,12:46:02,0.95,50,2027300
20240214,12:46:09,0.95,50,2031550
20240214,12:46:16,0.9,900,2031550
20240214,12:46:34,0.95,400,2031550
20240214,12:46:56,0.9,1800,2031550
20240214,12:47:03,0.95,1650,2031550
20240214,12:47:25,0.9,1800,2031550
20240214,12:47:41,0.95,250,2031550
20240214,12:48:23,0.95,50,2031550
20240214,12:48:30,0.9,1800,2031550
20240214,12:48:30,0.9,12300,2031550
20240214,12:48:31,0.9,1550,2031550
20240214,12:48:33,0.9,1800,2031550
20240214,12:48:34,0.9,4900,2031550
20240214,12:48:36,0.9,100,2031550
20240214,12:48:41,0.9,1400,2031550
20240214,12:48:43,0.9,700,2031550
20240214,12:48:49,0.9,150,2031550
20240214,12:48:51,0.9,150,2031550
20240214,12:48:53,0.9,50,2031550
20240214,12:48:54,0.9,400,2031550
20240214,12:49:21,0.85,1000,2031550
20240214,12:49:42,0.85,1800,2044500
20240214,12:49:43,0.9,1000,2044500
20240214,12:49:46,0.9,50,2044500
20240214,12:49:48,0.9,50,2044500
20240214,12:49:52,0.85,50,2044500
20240214,12:49:57,0.85,19050,2044500
20240214,12:50:01,0.85,1650,2044500
20240214,12:50:06,0.9,350,2044500
20240214,12:50:11,0.9,350,2044500
20240214,12:50:12,0.9,100,2044500
20240214,12:50:34,0.9,500,2044500
20240214,12:50:54,0.85,100,2044500
20240214,12:51:22,0.9,250,2044500
20240214,12:51:25,0.9,250,2044500
20240214,12:51:36,0.9,250,2044500
20240214,12:51:37,0.9,250,2044500
20240214,12:52:11,0.85,13300,2055050
20240214,12:52:12,0.85,11050,2055050
20240214,12:52:13,0.85,1800,2055050
20240214,12:52:14,0.85,8600,2055050
20240214,12:52:15,0.85,50,2055050
20240214,12:52:20,0.85,50,2055050
20240214,12:52:22,0.85,1800,2055050
20240214,12:52:29,0.85,50,2055050
20240214,12:52:31,0.85,50,2055050
20240214,12:52:32,0.8,250,2055050
20240214,12:52:36,0.85,1800,2055050
20240214,12:52:37,0.85,1800,2055050
20240214,12:52:38,0.85,1800,2055050
20240214,12:52:40,0.85,1850,2055050
20240214,12:52:45,0.85,50,2055050
20240214,12:52:46,0.85,1800,2055050
20240214,12:52:47,0.85,150,2055050
20240214,12:52:49,0.85,50,2055050
20240214,12:53:05,0.85,50,2055050
20240214,12:53:05,0.85,1800,2055050
20240214,12:53:08,0.85,1700,2055050
20240214,12:53:09,0.85,3450,2055050
20240214,12:53:10,0.85,600,2055050
20240214,12:53:22,0.85,1850,2055050
20240214,12:53:24,0.85,900,2055050
20240214,12:53:36,0.85,1800,2055050
20240214,12:53:39,0.85,600,2055050
20240214,12:53:40,0.85,50,2055050
20240214,12:53:53,0.85,1800,2055050
20240214,12:53:55,0.85,900,2055050
20240214,12:54:01,0.85,1800,2055050
20240214,12:54:03,0.85,900,2055050
20240214,12:54:08,0.85,850,2055050
20240214,12:54:14,0.85,1800,2055050
20240214,12:54:16,0.85,1800,2055050
20240214,12:54:20,0.85,600,2055050
20240214,12:54:21,0.85,1800,2055050
20240214,12:54:36,0.85,100,2055050
20240214,12:54:40,0.85,1800,2055050
20240214,12:54:42,0.85,200,2055050
20240214,12:54:43,0.85,900,2055050
20240214,12:54:53,0.85,1800,2055050
20240214,12:54:56,0.85,1800,2055050
20240214,12:54:58,0.85,1800,2055050
20240214,12:55:47,0.9,50,2048500
20240214,12:55:48,0.9,450,2048500
20240214,12:56:28,0.85,10800,2048500
20240214,12:56:41,0.85,2000,2048500
20240214,12:56:56,0.8,50,2048500
20240214,12:57:22,0.85,1800,2048500
20240214,12:57:28,0.85,50,2048500
20240214,12:57:31,0.85,750,2048500
20240214,12:57:34,0.85,50,2048500
20240214,12:57:36,0.85,500,2048500
20240214,12:57:37,0.85,3000,2048500
20240214,12:57:38,0.85,3600,2048500
20240214,12:57:39,0.85,5850,2048500
20240214,12:57:43,0.9,50,2048500
20240214,12:57:44,0.85,100,2048500
20240214,12:57:47,0.9,200,2048500
20240214,12:57:54,0.9,1200,2048500
20240214,12:58:33,0.85,50,2048500
20240214,12:58:59,0.9,200,2045600
20240214,12:59:06,0.9,50,2045600
20240214,12:59:27,0.85,3500,2045600
20240214,12:59:28,0.85,1800,2045600
20240214,12:59:29,0.85,50,2045600
20240214,12:59:31,0.85,50,2045600
20240214,12:59:54,0.85,150,2045600
20240214,13:00:03,0.85,3600,2045600
20240214,13:00:04,0.85,7800,2045600
20240214,13:00:05,0.85,1500,2045600
20240214,13:00:42,0.85,50,2045600
20240214,13:00:43,0.85,50,2045600
20240214,13:00:44,0.85,1950,2045600
20240214,13:00:45,0.85,250,2045600
20240214,13:00:47,0.85,1850,2045600
20240214,13:00:53,0.8,50,2045600
20240214,13:00:55,0.85,3600,2045600
20240214,13:00:56,0.85,3700,2045600
20240214,13:00:57,0.85,14800,2045600
20240214,13:00:58,0.9,1100,2045600
20240214,13:01:03,0.9,350,2045600
20240214,13:01:08,0.85,500,2045600
20240214,13:01:11,0.85,50,2051000
20240214,13:01:12,0.85,100,2051000
20240214,13:01:13,0.85,100,2051000
20240214,13:01:24,0.85,100,2051000
20240214,13:01:43,0.9,1500,2051000
20240214,13:01:44,0.9,1500,2051000
20240214,13:01:52,0.9,1800,2051000
20240214,13:01:55,0.9,50,2051000
20240214,13:01:56,0.9,4800,2051000
20240214,13:01:58,0.9,3300,2051000
20240214,13:01:59,0.9,1800,2051000
20240214,13:02:00,0.9,1800,2051000
20240214,13:02:01,0.9,50,2051000
20240214,13:02:02,0.9,7200,2051000
20240214,13:02:06,0.9,50,2051000
20240214,13:02:10,0.9,500,2051000
20240214,13:02:11,0.9,2500,2051000
20240214,13:02:12,0.9,16100,2051000
20240214,13:02:13,0.9,5500,2051000
20240214,13:02:15,0.9,50,2051000
20240214,13:02:17,0.9,200,2051000
20240214,13:02:22,0.95,50,2051000
20240214,13:02:26,0.95,50,2051000
20240214,13:02:33,0.9,50,2051000
20240214,13:02:45,0.95,350,2051000
20240214,13:02:47,0.95,1850,2051000
20240214,13:02:48,0.9,750,2051000
20240214,13:02:58,0.95,9000,2051000
20240214,13:03:00,0.95,950,2051000
20240214,13:03:07,0.95,4800,2051000
20240214,13:03:09,0.95,7900,2051000
20240214,13:03:10,0.95,50,2051000
20240214,13:03:14,1.0,5400,2051000
20240214,13:03:15,0.95,250,2051000
20240214,13:03:17,0.95,50,2051000
20240214,13:03:37,0.95,450,2051000
20240214,13:04:08,1.0,800,2069550
20240214,13:04:11,0.95,650,2069550
20240214,13:04:13,0.95,1400,2069550
20240214,13:04:21,0.95,900,2069550
20240214,13:04:25,0.95,50,2069550
20240214,13:04:58,1.0,17200,2069550
20240214,13:04:59,1.05,5900,2069550
20240214,13:05:02,1.0,50,2069550
20240214,13:05:04,1.05,1800,2069550
20240214,13:05:06,1.05,1800,2069550
20240214,13:05:09,1.05,600,2069550
20240214,13:05:11,1.05,250,2069550
20240214,13:05:17,1.05,1250,2069550
20240214,13:05:18,1.0,1800,2069550
20240214,13:05:22,1.05,50,2069550
20240214,13:05:30,1.0,450,2069550
20240214,13:05:31,1.05,250,2069550
20240214,13:05:33,1.0,300,2069550
20240214,13:05:34,1.05,1800,2069550
20240214,13:05:35,1.0,250,2069550
20240214,13:05:39,1.0,1850,2069550
20240214,13:05:39,1.0,450,2069550
20240214,13:05:40,1.05,450,2069550
20240214,13:05:53,1.0,400,2069550
20240214,13:06:04,1.0,2500,2069550
20240214,13:06:40,1.05,1800,2069550
20240214,13:06:57,1.0,850,2069550
20240214,13:07:04,1.0,100,2069550
20240214,13:07:10,1.05,44850,2068250
20240214,13:07:11,1.1,10000,2068250
20240214,13:07:12,1.1,8200,2068250
20240214,13:07:13,1.1,52600,2068250
20240214,13:07:15,1.1,8000,2068250
20240214,13:07:16,1.1,1000,2068250
20240214,13:07:18,1.1,800,2068250
20240214,13:07:34,1.05,1250,2068250
20240214,13:07:35,1.05,1800,2068250
20240214,13:07:41,1.05,200,2068250
20240214,13:07:51,1.05,100,2068250
20240214,13:07:58,1.05,100,2068250
20240214,13:08:05,1.05,50,2068250
20240214,13:08:09,1.05,50,2068250
20240214,13:08:10,1.1,250,2068250
20240214,13:08:11,1.05,50,2068250
20240214,13:08:13,1.1,1250,2068250
20240214,13:08:14,1.1,250,2068250
20240214,13:08:20,1.1,50,2068250
20240214,13:08:25,1.05,18000,2068250
20240214,13:08:29,1.05,500,2068250
20240214,13:08:35,1.1,1000,2068250
20240214,13:08:49,1.05,100,2068250
20240214,13:08:50,1.05,100,2068250
20240214,13:09:06,1.05,1800,2068250
20240214,13:09:07,1.05,20800,2068250
20240214,13:09:13,1.05,250,2068250
20240214,13:09:14,1.05,500,2068250
20240214,13:09:18,1.0,100,2068250
20240214,13:09:21,1.05,500,2068250
20240214,13:09:24,1.0,500,2068250
20240214,13:09:27,1.0,100,2068250
20240214,13:09:37,1.05,250,2068250
20240214,13:09:39,1.05,350,2068250
20240214,13:09:41,1.05,300,2068250
20240214,13:09:43,1.05,550,2068250
20240214,13:09:44,1.05,350,2068250
20240214,13:09:49,1.05,250,2068250
20240214,13:09:50,1.05,150,2068250
20240214,13:10:16,1.05,150,2107550
20240214,13:10:19,1.0,1800,2107550
20240214,13:10:24,1.05,50,2107550
20240214,13:10:26,1.0,600,2107550
20240214,13:10:35,1.05,450,2107550
20240214,13:10:39,1.0,50,2107550
20240214,13:10:57,1.0,1800,2107550
20240214,13:11:05,1.0,1800,2107550
20240214,13:11:07,1.0,6200,2107550
20240214,13:11:09,1.0,1000,2107550
20240214,13:11:22,1.0,1950,2107550
20240214,13:11:26,1.05,250,2107550
20240214,13:11:28,1.0,600,2107550
20240214,13:11:41,0.95,30950,2107550
20240214,13:11:42,0.95,37750,2107550
20240214,13:11:43,0.95,18000,2107550
20240214,13:11:44,0.95,12000,2107550
20240214,13:11:52,1.0,500,2107550
20240214,13:11:53,0.95,16600,2107550
20240214,13:12:02,0.95,600,2107550
20240214,13:12:21,1.0,10000,2107550
20240214,13:12:30,1.0,250,2107550
20240214,13:12:31,1.0,1400,2107550
20240214,13:12:34,1.0,50,2107550
20240214,13:12:58,1.0,550,2107550
20240214,13:13:28,0.95,50,2098150
20240214,13:13:49,0.95,300,2098150
20240214,13:14:24,1.0,100,2098150
20240214,13:14:48,0.95,1300,2098150
20240214,13:14:49,0.95,5250,2098150
20240214,13:14:57,0.95,600,2098150
20240214,13:14:58,0.95,400,2098150
20240214,13:15:34,0.95,450,2098150
20240214,13:15:41,0.9,1000,2098150
20240214,13:15:46,0.9,1800,2098150
20240214,13:15:50,0.9,100,2098150
20240214,13:16:06,0.9,1700,2098150
20240214,13:16:07,0.9,50,2098150
20240214,13:16:08,0.9,50,2098150
20240214,13:16:09,0.9,50,2098150
20240214,13:16:10,0.9,50,2101150
20240214,13:16:11,0.9,100,2101150
20240214,13:16:12,0.9,50,2101150
20240214,13:16:13,0.9,100,2101150
20240214,13:16:14,0.9,50,2101150
20240214,13:16:15,0.9,100,2101150
20240214,13:16:23,0.95,50,2101150
20240214,13:16:52,0.9,1800,2101150
20240214,13:16:59,0.9,800,2101150
20240214,13:17:01,0.9,7200,2101150
20240214,13:17:02,0.9,7000,2101150
20240214,13:17:05,0.9,50,2101150
20240214,13:17:18,0.9,250,2101150
20240214,13:17:32,0.85,150,2101150
20240214,13:17:56,0.9,50,2101150
20240214,13:17:56,0.9,800,2101150
20240214,13:17:57,0.9,450,2101150
20240214,13:17:58,0.9,1150,2101150
20240214,13:17:59,0.9,250,2101150
20240214,13:18:20,0.85,1000,2101150
20240214,13:18:21,0.85,18800,2101150
20240214,13:18:22,0.85,11700,2101150
20240214,13:18:24,0.85,7600,2101150
20240214,13:18:26,0.85,50,2101150
20240214,13:18:43,0.85,250,2101150
20240214,13:19:00,0.85,350,2101150
20240214,13:19:18,0.85,900,2111650
20240214,13:19:26,0.85,250,2111650
20240214,13:19:35,0.85,200,2111650
20240214,13:19:49,0.85,50,2111650
20240214,13:19:58,0.8,1250,2111650
20240214,13:20:16,0.85,1800,2111650
20240214,13:20:24,0.85,50,2111650
20240214,13:20:33,0.85,50,2111650
20240214,13:20:33,0.85,100,2111650
20240214,13:20:34,0.85,350,2111650
20240214,13:22:42,0.8,16900,2111650
20240214,13:22:43,0.8,50,2115000
20240214,13:22:48,0.8,1850,2115000
20240214,13:22:53,0.8,300,2115000
20240214,13:22:54,0.8,300,2115000
20240214,13:22:56,0.8,900,2115000
20240214,13:22:57,0.8,250,2115000
20240214,13:23:00,0.8,250,2115000
20240214,13:23:17,0.8,50,2115000
20240214,13:23:29,0.75,1500,2115000
20240214,13:23:35,0.75,50,2115000
20240214,13:23:36,0.75,1500,2115000
20240214,13:23:37,0.75,12000,2115000
20240214,13:23:38,0.75,32200,2115000
20240214,13:23:39,0.75,50,2115000
20240214,13:23:40,0.75,250,2115000
20240214,13:23:41,0.75,50,2115000
20240214,13:23:42,0.7,500,2115000
20240214,13:23:43,0.75,1000,2115000
20240214,13:23:44,0.75,50,2115000
20240214,13:23:45,0.75,2050,2115000
20240214,13:23:49,0.75,100,2115000
20240214,13:23:59,0.75,100,2115000
20240214,13:24:03,0.75,50,2115000
20240214,13:24:05,0.75,50,2115000
20240214,13:24:08,0.75,100,2115000
20240214,13:24:10,0.75,1000,2115000
20240214,13:24:12,0.75,50,2115000
20240214,13:24:15,0.75,100,2115000
20240214,13:24:17,0.75,1450,2115000
20240214,13:24:18,0.75,1300,2115000
20240214,13:24:22,0.75,2850,2115000
20240214,13:24:23,0.75,1900,2115000
20240214,13:24:24,0.75,500,2115000
20240214,13:24:25,0.75,15550,2115000
20240214,13:24:26,0.75,750,2115000
20240214,13:24:27,0.75,500,2115000
20240214,13:24:29,0.8,100,2115000
20240214,13:24:30,0.8,400,2115000
20240214,13:24:32,0.75,250,2115000
20240214,13:24:35,0.75,100,2115000
20240214,13:24:39,0.75,200,2115000
20240214,13:24:44,0.8,50,2115000
20240214,13:24:50,0.8,50,2115000
20240214,13:24:54,0.8,50,2115000
20240214,13:24:58,0.75,50,2115000
20240214,13:25:08,0.8,100,2115000
20240214,13:25:17,0.8,500,2112700
20240214,13:25:27,0.8,100,2112700
20240214,13:25:33,0.8,50,2112700
20240214,13:25:34,0.8,650,2112700
20240214,13:25:40,0.8,200,2112700
20240214,13:25:55,0.8,50,2112700
20240214,13:26:05,0.8,100,2112700
20240214,13:26:12,0.8,100,2112700
20240214,13:26:20,0.75,100,2112700
20240214,13:26:21,0.75,50,2112700
20240214,13:26:31,0.75,100,2112700
20240214,13:26:36,0.75,1800,2112700
20240214,13:26:38,0.75,1000,2112700
20240214,13:26:54,0.8,1400,2112700
20240214,13:26:56,0.8,500,2112700
20240214,13:26:58,0.8,50,2112700
20240214,13:27:05,0.8,500,2112700
20240214,13:27:08,0.75,2600,2112700
20240214,13:27:10,0.75,300,2112700
20240214,13:27:11,0.75,1800,2112700
20240214,13:27:12,0.75,500,2112700
20240214,13:27:17,0.75,1800,2112700
20240214,13:27:20,0.75,50,2112700
20240214,13:27:23,0.75,1800,2112700
20240214,13:27:40,0.75,1800,2112700
20240214,13:27:43,0.75,600,2112700
20240214,13:27:54,0.75,50,2112700
20240214,13:27:54,0.8,100,2112700
20240214,13:27:57,0.75,500,2112700
20240214,13:27:58,0.75,100,2112700
20240214,13:27:59,0.75,300,2112700
20240214,13:28:22,0.75,1000,2126500
20240214,13:28:30,0.75,1400,2126500
20240214,13:28:31,0.75,1200,2126500
20240214,13:28:32,0.75,1200,2126500
20240214,13:28:33,0.75,600,2126500
20240214,13:28:34,0.75,100,2126500
20240214,13:28:39,0.75,1800,2126500
20240214,13:28:40,0.8,100,2126500
20240214,13:28:41,0.75,50,2126500
20240214,13:28:45,0.75,1800,2126500
20240214,13:28:48,0.75,18250,2126500
20240214,13:29:07,0.75,1800,2126500
20240214,13:29:20,0.75,1800,2126500
20240214,13:29:55,0.7,5400,2126500
20240214,13:29:55,0.7,2000,2126500
20240214,13:30:03,0.75,2000,2126500
20240214,13:30:27,0.75,1800,2126500
20240214,13:30:32,0.75,500,2126500
20240214,13:30:40,0.75,450,2126500
20240214,13:31:12,0.7,900,2132950
20240214,13:31:14,0.7,50,2132950
20240214,13:31:15,0.7,900,2132950
20240214,13:31:17,0.7,900,2132950
20240214,13:31:22,0.7,150,2132950
20240214,13:31:27,0.7,500,2132950
20240214,13:31:38,0.7,500,2132950
20240214,13:31:50,0.7,600,2132950
20240214,13:32:00,0.75,4150,2132950
20240214,13:32:01,0.75,3800,2132950
20240214,13:32:03,0.75,1800,2132950
20240214,13:32:04,0.75,1800,2132950
20240214,13:32:08,0.7,550,2132950
20240214,13:32:18,0.7,1800,2132950
20240214,13:32:20,0.7,1800,2132950
20240214,13:32:41,0.7,50,2132950
20240214,13:33:02,0.7,1800,2132950
20240214,13:33:06,0.7,1800,2132950
20240214,13:33:08,0.75,50,2132950
20240214,13:33:17,0.7,12750,2132950
20240214,13:33:37,0.65,250,2132950
20240214,13:33:47,0.65,100,2132950
20240214,13:33:59,0.7,250,2132950
20240214,13:34:00,0.7,1800,2132950
20240214,13:34:08,0.7,1800,2132950
20240214,13:34:10,0.7,450,2132950
20240214,13:34:26,0.7,50,2133100
20240214,13:34:41,0.7,950,2133100
20240214,13:34:59,0.65,100,2133100
20240214,13:35:06,0.65,1800,2133100
20240214,13:35:12,0.65,1800,2133100
20240214,13:35:15,0.65,1800,2133100
20240214,13:35:16,0.65,15000,2133100
20240214,13:35:17,0.65,16000,2133100
20240214,13:35:18,0.6,5700,2133100
20240214,13:35:19,0.65,5500,2133100
20240214,13:35:20,0.6,2550,2133100
20240214,13:35:21,0.6,600,2133100
20240214,13:35:27,0.65,350,2133100
20240214,13:35:29,0.65,50,2133100
20240214,13:35:31,0.65,50,2133100
20240214,13:35:32,0.65,500,2133100
20240214,13:35:36,0.65,1800,2133100
20240214,13:35:43,0.65,1750,2133100
20240214,13:35:45,0.65,1800,2133100
20240214,13:35:50,0.65,450,2133100
20240214,13:35:52,0.65,100,2133100
20240214,13:35:55,0.65,250,2133100
20240214,13:36:00,0.65,200,2133100
20240214,13:36:04,0.65,150,2133100
20240214,13:36:05,0.6,1800,2133100
20240214,13:36:09,0.65,150,2133100
20240214,13:36:11,0.65,450,2133100
20240214,13:36:14,0.65,150,2133100
20240214,13:36:15,0.65,250,2133100
20240214,13:36:17,0.65,150,2133100
20240214,13:36:17,0.65,50,2133100
20240214,13:36:40,0.6,1000,2133100
20240214,13:36:42,0.6,50,2133100
20240214,13:36:45,0.65,50,2133100
20240214,13:36:49,0.65,200,2133100
20240214,13:36:53,0.65,250,2133100
20240214,13:36:57,0.65,100,2133100
20240214,13:37:03,0.65,400,2133100
20240214,13:37:12,0.6,300,2133100
20240214,13:37:32,0.65,150,2136800
20240214,13:37:35,0.65,100,2136800
20240214,13:37:42,0.65,50,2136800
20240214,13:37:43,0.6,1800,2136800
20240214,13:37:45,0.6,1800,2136800
20240214,13:37:48,0.6,1800,2136800
20240214,13:37:51,0.6,1800,2136800
20240214,13:37:52,0.6,30950,2136800
20240214,13:37:53,0.6,100,2136800
20240214,13:37:54,0.6,250,2136800
20240214,13:37:56,0.6,250,2136800
20240214,13:37:57,0.6,250,2136800
20240214,13:38:00,0.6,450,2136800
20240214,13:38:02,0.6,2250,2136800
20240214,13:38:07,0.6,250,2136800
20240214,13:38:09,0.55,300,2136800
20240214,13:38:31,0.55,300,2136800
20240214,13:38:35,0.6,2000,2136800
20240214,13:38:36,0.6,3000,2136800
20240214,13:38:37,0.6,7550,2136800
20240214,13:38:56,0.6,11050,2136800
20240214,13:38:58,0.6,56600,2136800
20240214,13:39:05,0.65,750,2136800
20240214,13:39:06,0.6,1800,2136800
20240214,13:39:13,0.65,250,2136800
20240214,13:39:16,0.6,1800,2136800
20240214,13:39:22,0.6,550,2136800
20240214,13:39:28,0.6,1800,2136800
20240214,13:39:34,0.6,1800,2136800
20240214,13:39:38,0.6,1800,2136800
20240214,13:39:39,0.65,50,2136800
20240214,13:39:40,0.6,1800,2136800
20240214,13:39:43,0.6,1800,2136800
20240214,13:39:46,0.6,1800,2136800
20240214,13:39:57,0.65,100,2136800
20240214,13:40:05,0.6,1800,2136800
20240214,13:40:07,0.6,1800,2136800
20240214,13:40:09,0.6,1800,2136800
20240214,13:40:10,0.6,1800,2136800
20240214,13:40:13,0.6,1800,2136800
20240214,13:40:17,0.65,1000,2139800
20240214,13:40:27,0.6,1800,2139800
20240214,13:40:30,0.65,50,2139800
20240214,13:40:30,0.65,450,2139800
20240214,13:40:31,0.6,1800,2139800
20240214,13:40:51,0.6,1800,2139800
20240214,13:40:55,0.6,1800,2139800
20240214,13:41:04,0.6,950,2139800
20240214,13:41:06,0.6,550,2139800
20240214,13:41:08,0.6,750,2139800
20240214,13:41:10,0.6,1150,2139800
20240214,13:41:12,0.6,800,2139800
20240214,13:41:26,0.6,50,2139800
20240214,13:41:29,0.65,200,2139800
20240214,13:41:30,0.6,50,2139800
20240214,13:41:31,0.6,350,2139800
20240214,13:41:35,0.6,50,2139800
20240214,13:41:36,0.6,50,2139800
20240214,13:41:40,0.6,50,2139800
20240214,13:41:44,0.6,50,2139800
20240214,13:41:45,0.6,1800,2139800
20240214,13:41:48,0.6,1800,2139800
20240214,13:41:49,0.6,50,2139800
20240214,13:41:52,0.6,1050,2139800
20240214,13:41:53,0.6,1800,2139800
20240214,13:41:55,0.6,1800,2139800
20240214,13:42:00,0.6,1800,2139800
20240214,13:42:01,0.6,600,2139800
20240214,13:42:03,0.65,50,2139800
20240214,13:42:04,0.6,1000,2139800
20240214,13:42:05,0.65,50,2139800
20240214,13:42:07,0.65,50,2139800
20240214,13:42:09,0.65,50,2139800
20240214,13:42:10,0.65,50,2139800
20240214,13:42:12,0.65,100,2139800
20240214,13:42:12,0.6,750,2139800
20240214,13:42:15,0.65,300,2139800
20240214,13:42:18,0.65,600,2139800
20240214,13:42:20,0.65,600,2139800
20240214,13:42:22,0.65,750,2139800
20240214,13:42:23,0.6,600,2139800
20240214,13:42:24,0.65,850,2139800
20240214,13:42:25,0.65,550,2139800
20240214,13:42:39,0.6,50,2139800
20240214,13:42:48,0.65,600,2139800
20240214,13:43:12,0.65,50,2139800
20240214,13:43:13,0.65,50,2139800
20240214,13:43:14,0.65,50,2157850
20240214,13:43:15,0.65,50,2157850
20240214,13:43:16,0.65,50,2157850
20240214,13:43:17,0.65,50,2157850
20240214,13:43:19,0.65,50,2157850
20240214,13:43:20,0.65,50,2157850
20240214,13:43:21,0.65,50,2157850
20240214,13:43:22,0.65,50,2157850
20240214,13:43:23,0.65,50,2157850
20240214,13:43:24,0.65,20100,2157850
20240214,13:43:26,0.65,1800,2157850
20240214,13:43:28,0.65,1850,2157850
20240214,13:43:30,0.65,35300,2157850
20240214,13:44:56,0.6,1800,2157850
20240214,13:45:09,0.6,300,2157850
20240214,13:45:38,0.65,50,2157850
20240214,13:45:39,0.65,450,2157850
20240214,13:45:49,0.6,800,2157850
20240214,13:45:51,0.6,900,2157850
20240214,13:45:53,0.6,750,2157850
20240214,13:45:55,0.6,750,2157850
20240214,13:45:57,0.6,700,2157850
20240214,13:45:59,0.6,200,2157850
20240214,13:46:00,0.65,50,2157850
20240214,13:46:05,0.6,1500,2157850
20240214,13:46:56,0.6,4800,2157850
20240214,13:47:13,0.6,100,2158100
20240214,13:47:15,0.6,1300,2158100
20240214,13:47:28,0.65,50,2158100
20240214,13:47:35,0.65,1500,2158100
20240214,13:47:40,0.65,100,2158100
20240214,13:47:43,0.65,2800,2158100
20240214,13:47:44,0.65,700,2158100
20240214,13:47:45,0.65,400,2158100
20240214,13:47:53,0.65,1700,2158100
20240214,13:47:55,0.65,50,2158100
20240214,13:48:12,0.6,100,2158100
20240214,13:48:22,0.65,50,2158100
20240214,13:48:24,0.6,250,2158100
20240214,13:48:26,0.6,50,2158100
20240214,13:48:44,0.65,1000,2158100
20240214,13:48:47,0.6,100,2158100
20240214,13:48:49,0.6,50,2158100
20240214,13:48:52,0.6,50,2158100
20240214,13:49:15,0.6,150,2158100
20240214,13:49:18,0.6,50,2161050
20240214,13:49:23,0.65,50,2161050
20240214,13:49:24,0.65,50,2161050
20240214,13:49:27,0.65,50,2161050
20240214,13:49:28,0.65,50,2161050
20240214,13:49:29,0.65,50,2161050
20240214,13:49:30,0.65,50,2161050
20240214,13:49:31,0.65,100,2161050
20240214,13:49:32,0.65,50,2161050
20240214,13:49:33,0.65,50,2161050
20240214,13:49:34,0.65,100,2161050
20240214,13:49:35,0.65,50,2161050
20240214,13:49:36,0.65,50,2161050
20240214,13:49:37,0.65,100,2161050
20240214,13:49:38,0.65,50,2161050
20240214,13:49:39,0.65,50,2161050
20240214,13:49:40,0.65,50,2161050
20240214,13:49:41,0.65,50,2161050
20240214,13:49:42,0.65,50,2161050
20240214,13:49:43,0.65,50,2161050
20240214,13:49:44,0.65,50,2161050
20240214,13:49:45,0.65,100,2161050
20240214,13:49:46,0.65,50,2161050
20240214,13:49:47,0.65,50,2161050
20240214,13:49:50,0.65,50,2161050
20240214,13:49:55,0.65,300,2161050
20240214,13:50:05,0.65,200,2161050
20240214,13:50:11,0.65,250,2161050
20240214,13:50:15,0.65,1200,2161050
20240214,13:50:16,0.65,26450,2161050
20240214,13:50:17,0.65,28750,2161050
20240214,13:50:18,0.7,3600,2161050
20240214,13:50:20,0.65,500,2161050
20240214,13:50:22,0.65,100,2161050
20240214,13:50:23,0.65,1800,2161050
20240214,13:50:30,0.65,1200,2161050
20240214,13:50:31,0.65,450,2161050
20240214,13:50:32,0.7,450,2161050
20240214,13:50:34,0.65,100,2161050
20240214,13:50:39,0.65,100,2161050
20240214,13:51:19,0.65,350,2161050
20240214,13:52:02,0.7,50,2161050
20240214,13:52:04,0.7,50,2161050
20240214,13:52:06,0.7,50,2161050
20240214,13:52:07,0.7,50,2161050
20240214,13:52:08,0.7,50,2161050
20240214,13:52:10,0.7,50,2161050
20240214,13:52:12,0.7,700,2161050
20240214,13:52:14,0.7,650,2161050
20240214,13:52:16,0.7,850,2161050
20240214,13:52:18,0.7,850,2168750
20240214,13:52:20,0.7,650,2168750
20240214,13:52:24,0.65,5400,2168750
20240214,13:53:03,0.65,100,2168750
20240214,13:53:04,0.65,600,2168750
20240214,13:53:06,0.65,650,2168750
20240214,13:53:07,0.65,250,2168750
20240214,13:53:08,0.65,650,2168750
20240214,13:53:10,0.65,10300,2168750
20240214,13:53:13,0.6,650,2168750
20240214,13:53:15,0.6,550,2168750
20240214,13:53:18,0.6,200,2168750
20240214,13:53:39,0.6,500,2168750
20240214,13:53:56,0.6,100,2168750
20240214,13:53:59,0.6,300,2168750
20240214,13:54:11,0.6,100,2168750
20240214,13:54:36,0.65,50,2168750
20240214,13:55:01,0.6,50,2168750
20240214,13:55:02,0.6,400,2168750
20240214,13:55:18,0.6,50,2169650
20240214,13:55:37,0.65,50,2169650
20240214,13:55:38,0.65,400,2169650
20240214,13:55:53,0.6,250,2169650
20240214,13:55:54,0.6,150,2169650
20240214,13:56:01,0.65,50,2169650
20240214,13:56:02,0.65,50,2169650
20240214,13:56:03,0.65,50,2169650
20240214,13:56:05,0.65,50,2169650
20240214,13:56:06,0.65,100,2169650
20240214,13:56:07,0.65,400,2169650
20240214,13:56:08,0.65,450,2169650
20240214,13:56:10,0.65,850,2169650
20240214,13:56:11,0.65,2250,2169650
20240214,13:56:12,0.65,550,2169650
20240214,13:56:13,0.65,300,2169650
20240214,13:56:15,0.65,650,2169650
20240214,13:56:16,0.65,50,2169650
20240214,13:56:17,0.65,100,2169650
20240214,13:56:24,0.6,13300,2169650
20240214,13:56:25,0.6,550,2169650
20240214,13:56:26,0.6,50,2169650
20240214,13:56:28,0.6,250,2169650
20240214,13:56:32,0.6,250,2169650
20240214,13:56:40,0.6,100,2169650
20240214,13:58:02,0.6,900,2169650
20240214,13:58:07,0.55,900,2169650
20240214,13:58:10,0.55,950,2169650
20240214,13:58:12,0.55,900,2169650
20240214,13:58:15,0.6,1450,2169650
20240214,13:58:17,0.55,900,2174350
20240214,13:58:18,0.55,900,2174350
20240214,13:58:23,0.6,900,2174350
20240214,13:58:24,0.6,50,2174350
20240214,13:58:26,0.55,900,2174350
20240214,13:58:32,0.55,300,2174350
20240214,13:58:34,0.55,300,2174350
20240214,13:58:38,0.6,500,2174350
20240214,13:58:39,0.55,250,2174350
20240214,13:58:41,0.55,100,2174350
20240214,13:58:43,0.55,150,2174350
20240214,13:58:44,0.55,44600,2174350
20240214,13:58:46,0.55,150,2174350
20240214,13:58:47,0.5,150,2174350
20240214,13:58:51,0.5,150,2174350
20240214,13:58:54,0.55,250,2174350
20240214,13:58:56,0.5,50,2174350
20240214,13:58:57,0.5,50,2174350
20240214,13:59:07,0.5,300,2174350
20240214,13:59:09,0.5,300,2174350
20240214,13:59:09,0.55,900,2174350
20240214,13:59:16,0.5,900,2174350
20240214,13:59:17,0.5,300,2174350
20240214,13:59:18,0.5,150,2174350
20240214,13:59:20,0.5,50,2174350
20240214,13:59:28,0.5,900,2174350
20240214,13:59:30,0.55,2200,2174350
20240214,13:59:33,0.55,1500,2174350
20240214,13:59:42,0.55,600,2174350
20240214,13:59:51,0.5,150,2174350
20240214,13:59:52,0.5,50,2174350
20240214,13:59:55,0.5,100,2174350
20240214,13:59:56,0.5,100,2174350
20240214,13:59:58,0.5,100,2174350
20240214,13:59:59,0.55,300,2174350
20240214,14:00:00,0.55,750,2174350
20240214,14:00:02,0.5,50,2174350
20240214,14:00:04,0.5,23400,2174350
20240214,14:00:05,0.5,11350,2174350
20240214,14:00:06,0.5,12600,2174350
20240214,14:00:07,0.5,18550,2174350
20240214,14:00:09,0.5,300,2174350
20240214,14:00:10,0.5,1500,2174350
20240214,14:00:11,0.5,500,2174350
20240214,14:00:15,0.5,800,2174350
20240214,14:00:21,0.5,1800,2174350
20240214,14:00:24,0.5,1500,2174350
20240214,14:00:28,0.5,50,2174350
20240214,14:00:30,0.5,1800,2174350
20240214,14:00:43,0.5,450,2174350
20240214,14:00:48,0.5,250,2174350
20240214,14:00:48,0.5,1500,2174350
20240214,14:01:01,0.45,800,2174350
20240214,14:01:04,0.5,1400,2174350
20240214,14:01:05,0.5,1650,2174350
20240214,14:01:08,0.5,51950,2174350
20240214,14:01:10,0.5,1800,2174350
20240214,14:01:13,0.55,28250,2174350
20240214,14:01:14,0.55,50,2174350
20240214,14:01:15,0.55,1850,2174350
20240214,14:01:16,0.55,50,2174350
20240214,14:01:17,0.55,50,2204400
20240214,14:01:18,0.55,7250,2204400
20240214,14:01:21,0.55,50,2204400
20240214,14:01:29,0.55,1800,2204400
20240214,14:01:30,0.55,35950,2204400
20240214,14:01:31,0.6,1900,2204400
20240214,14:01:45,0.6,100,2204400
20240214,14:01:46,0.55,1500,2204400
20240214,14:01:48,0.55,50,2204400
20240214,14:01:49,0.55,1500,2204400
20240214,14:01:51,0.55,1900,2204400
20240214,14:01:52,0.55,250,2204400
20240214,14:02:05,0.55,100,2204400
20240214,14:02:14,0.55,1800,2204400
20240214,14:02:15,0.55,1000,2204400
20240214,14:02:44,0.55,1800,2204400
20240214,14:02:50,0.6,900,2204400
20240214,14:02:57,0.6,100,2204400
20240214,14:03:15,0.6,50,2204400
20240214,14:03:32,0.55,800,2204400
20240214,14:03:42,0.55,50,2204400
20240214,14:03:50,0.6,100,2204400
20240214,14:03:52,0.55,1500,2204400
20240214,14:03:58,0.55,50,2204400
20240214,14:04:10,0.55,600,2204400
20240214,14:04:13,0.6,500,2204400
20240214,14:04:37,0.55,100,2195100
20240214,14:04:41,0.55,100,2195100
20240214,14:04:45,0.55,100,2195100
20240214,14:04:48,0.55,100,2195100
20240214,14:04:51,0.55,800,2195100
20240214,14:04:53,0.55,100,2195100
20240214,14:04:56,0.55,300,2195100
20240214,14:05:08,0.55,100,2195100
20240214,14:05:12,0.55,100,2195100
20240214,14:05:16,0.55,100,2195100
20240214,14:05:19,0.55,100,2195100
20240214,14:05:23,0.55,100,2195100
20240214,14:05:26,0.55,100,2195100
20240214,14:05:31,0.55,300,2195100
20240214,14:05:36,0.55,550,2195100
20240214,14:05:36,0.55,1950,2195100
20240214,14:05:39,0.55,1500,2195100
20240214,14:05:41,0.55,100,2195100
20240214,14:05:42,0.55,50,2195100
20240214,14:05:45,0.55,100,2195100
20240214,14:05:49,0.55,100,2195100
20240214,14:05:50,0.55,350,2195100
20240214,14:05:53,0.55,650,2195100
20240214,14:05:55,0.55,500,2195100
20240214,14:05:56,0.55,900,2195100
20240214,14:05:58,0.55,400,2195100
20240214,14:05:59,0.55,750,2195100
20240214,14:06:00,0.55,650,2195100
20240214,14:06:01,0.55,100,2195100
20240214,14:06:02,0.6,350,2195100
20240214,14:06:03,0.6,600,2195100
20240214,14:06:05,0.6,550,2195100
20240214,14:06:07,0.6,550,2195100
20240214,14:06:09,0.6,600,2195100
20240214,14:06:10,0.6,150,2195100
20240214,14:06:12,0.6,550,2195100
20240214,14:06:15,0.6,500,2195100
20240214,14:06:16,0.55,800,2195100
20240214,14:06:17,0.6,550,2195100
20240214,14:06:30,0.55,3900,2195100
20240214,14:06:31,0.55,250,2195100
20240214,14:07:01,0.55,250,2195100
20240214,14:07:11,0.55,350,2195100
20240214,14:07:14,0.55,550,2195100
20240214,14:07:15,0.55,250,2195100
20240214,14:07:20,0.55,50,2195100
20240214,14:07:22,0.6,250,2198400
20240214,14:07:25,0.55,50,2198400
20240214,14:07:40,0.55,100,2198400
20240214,14:07:41,0.55,1800,2198400
20240214,14:07:43,0.55,1800,2198400
20240214,14:07:44,0.55,300,2198400
20240214,14:07:46,0.55,1800,2198400
20240214,14:07:48,0.55,1800,2198400
20240214,14:07:50,0.55,1750,2198400
20240214,14:07:56,0.5,100,2198400
20240214,14:08:00,0.5,100,2198400
20240214,14:08:04,0.5,100,2198400
20240214,14:08:09,0.55,650,2198400
20240214,14:08:09,0.55,900,2198400
20240214,14:08:11,0.5,100,2198400
20240214,14:08:15,0.5,100,2198400
20240214,14:08:19,0.5,100,2198400
20240214,14:08:23,0.5,100,2198400
20240214,14:08:27,0.5,100,2198400
20240214,14:08:30,0.5,150,2198400
20240214,14:08:31,0.5,100,2198400
20240214,14:08:35,0.5,300,2198400
20240214,14:08:47,0.5,100,2198400
20240214,14:08:49,0.55,100,2198400
20240214,14:08:51,0.5,100,2198400
20240214,14:08:55,0.5,100,2198400
20240214,14:08:59,0.5,100,2198400
20240214,14:08:59,0.5,50,2198400
20240214,14:09:01,0.5,50,2198400
20240214,14:09:02,0.5,100,2198400
20240214,14:09:07,0.5,100,2198400
20240214,14:09:11,0.5,100,2198400
20240214,14:09:15,0.5,100,2198400
20240214,14:09:17,0.55,550,2198400
20240214,14:09:18,0.55,400,2198400
20240214,14:09:19,0.5,850,2198400
20240214,14:09:23,0.5,100,2198400
20240214,14:09:25,0.55,250,2198400
20240214,14:09:27,0.5,100,2198400
20240214,14:09:28,0.55,1500,2198400
20240214,14:09:29,0.55,3300,2198400
20240214,14:09:30,0.55,1800,2198400
20240214,14:09:31,0.55,3300,2198400
20240214,14:09:32,0.5,500,2198400
20240214,14:09:33,0.55,2300,2198400
20240214,14:09:35,0.5,2350,2198400
20240214,14:09:36,0.5,250,2198400
20240214,14:09:38,0.55,300,2198400
20240214,14:09:39,0.55,1000,2198400
20240214,14:09:40,0.5,50,2198400
20240214,14:09:51,0.5,500,2198400
20240214,14:09:53,0.55,200,2198400
20240214,14:10:03,0.55,750,2198400
20240214,14:10:05,0.55,900,2198400
20240214,14:10:06,0.55,1800,2198400
20240214,14:10:07,0.55,1800,2198400
20240214,14:10:08,0.55,8150,2198400
20240214,14:10:09,0.6,7900,2198400
20240214,14:10:10,0.6,12200,2198400
20240214,14:10:11,0.6,5600,2198400
20240214,14:10:12,0.6,800,2198400
20240214,14:10:13,0.55,950,2198400
20240214,14:10:32,0.6,400,2199400
20240214,14:10:37,0.55,400,2199400
20240214,14:10:38,0.6,400,2199400
20240214,14:10:43,0.55,50,2199400
20240214,14:10:44,0.55,400,2199400
20240214,14:10:47,0.55,200,2199400
20240214,14:10:53,0.55,50,2199400
20240214,14:11:03,0.55,500,2199400
20240214,14:11:04,0.55,1800,2199400
20240214,14:11:05,0.55,1800,2199400
20240214,14:11:08,0.55,50,2199400
20240214,14:11:08,0.55,1800,2199400
20240214,14:11:10,0.55,1800,2199400
20240214,14:11:11,0.55,1800,2199400
20240214,14:11:12,0.55,3600,2199400
20240214,14:11:13,0.55,1850,2199400
20240214,14:11:23,0.6,650,2199400
20240214,14:11:47,0.6,200,2199400
20240214,14:11:55,0.55,50,2199400
20240214,14:12:02,0.55,900,2199400
20240214,14:12:03,0.55,900,2199400
20240214,14:12:17,0.55,700,2199400
20240214,14:12:28,0.55,1800,2199400
20240214,14:12:35,0.55,1800,2199400
20240214,14:12:43,0.6,100,2199400
20240214,14:12:45,0.6,900,2199400
20240214,14:12:55,0.6,1800,2199400
20240214,14:12:56,0.6,1800,2199400
20240214,14:12:57,0.6,900,2199400
20240214,14:12:58,0.6,3600,2199400
20240214,14:12:59,0.55,50,2199400
20240214,14:13:00,0.6,3500,2199400
20240214,14:13:01,0.6,3600,2199400
20240214,14:13:02,0.6,1800,2199400
20240214,14:13:04,0.6,900,2199400
20240214,14:13:58,0.55,100,2185000
20240214,14:14:08,0.6,2700,2185000
20240214,14:14:16,0.6,5400,2185000
20240214,14:14:35,0.6,150,2185000
20240214,14:14:38,0.6,3600,2185000
20240214,14:14:41,0.6,900,2185000
20240214,14:14:46,0.6,900,2185000
20240214,14:14:51,0.6,900,2185000
20240214,14:14:56,0.6,900,2185000
20240214,14:15:05,0.55,1800,2185000
20240214,14:15:08,0.6,1800,2185000
20240214,14:15:08,0.6,7500,2185000
20240214,14:15:09,0.6,3100,2185000
20240214,14:15:10,0.6,14250,2185000
20240214,14:15:11,0.65,250,2185000
20240214,14:15:12,0.65,1800,2185000
20240214,14:15:14,0.6,5850,2185000
20240214,14:15:15,0.65,7300,2185000
20240214,14:15:18,0.65,50,2185000
20240214,14:15:34,0.6,200,2185000
20240214,14:15:40,0.6,600,2185000
20240214,14:15:40,0.6,750,2185000
20240214,14:16:04,0.6,1800,2185000
20240214,14:16:10,0.6,1800,2185000
20240214,14:16:22,0.6,450,2180450
20240214,14:16:29,0.6,900,2180450
20240214,14:16:40,0.6,200,2180450
20240214,14:16:43,0.65,1950,2180450
20240214,14:16:45,0.6,600,2180450
20240214,14:16:46,0.65,3600,2180450
20240214,14:16:47,0.65,5400,2180450
20240214,14:16:48,0.65,12600,2180450
20240214,14:16:49,0.65,3500,2180450
20240214,14:16:53,0.6,100,2180450
20240214,14:17:10,0.65,300,2180450
20240214,14:17:29,0.6,1800,2180450
20240214,14:17:30,0.65,750,2180450
20240214,14:17:32,0.65,1800,2180450
20240214,14:17:43,0.65,1800,2180450
20240214,14:17:46,0.65,250,2180450
20240214,14:17:47,0.65,450,2180450
20240214,14:17:48,0.65,500,2180450
20240214,14:17:49,0.65,100,2180450
20240214,14:17:50,0.65,31200,2180450
20240214,14:17:54,0.65,400,2180450
20240214,14:18:03,0.65,26700,2180450
20240214,14:18:08,0.65,200,2180450
20240214,14:18:10,0.6,150,2180450
20240214,14:18:12,0.6,500,2180450
20240214,14:18:23,0.6,200,2180450
20240214,14:18:27,0.65,500,2180450
20240214,14:18:44,0.65,250,2180450
20240214,14:18:45,0.6,50,2180450
20240214,14:18:47,0.65,200,2180450
20240214,14:18:58,0.6,200,2180450
20240214,14:19:15,0.65,200,2180450
20240214,14:19:16,0.6,300,2180450
20240214,14:19:21,0.65,100,2180450
20240214,14:19:22,0.65,100,2174700
20240214,14:19:23,0.65,50,2174700
20240214,14:19:24,0.65,800,2174700
20240214,14:19:25,0.65,100,2174700
20240214,14:19:26,0.65,200,2174700
20240214,14:19:27,0.6,200,2174700
20240214,14:19:28,0.65,750,2174700
20240214,14:19:30,0.65,550,2174700
20240214,14:19:31,0.65,300,2174700
20240214,14:19:32,0.65,550,2174700
20240214,14:19:33,0.65,600,2174700
20240214,14:19:34,0.65,850,2174700
20240214,14:19:35,0.65,300,2174700
20240214,14:19:41,0.6,100,2174700
20240214,14:19:42,0.6,750,2174700
20240214,14:19:44,0.6,650,2174700
20240214,14:19:46,0.6,650,2174700
20240214,14:19:50,0.65,4400,2174700
20240214,14:19:51,0.65,750,2174700
20240214,14:19:52,0.6,1000,2174700
20240214,14:19:55,0.65,2300,2174700
20240214,14:19:56,0.65,1800,2174700
20240214,14:19:57,0.65,2450,2174700
20240214,14:19:58,0.65,1800,2174700
20240214,14:19:59,0.65,2550,2174700
20240214,14:20:01,0.6,2350,2174700
20240214,14:20:03,0.65,850,2174700
20240214,14:20:05,0.65,650,2174700
20240214,14:20:06,0.65,500,2174700
20240214,14:20:07,0.65,1800,2174700
20240214,14:20:08,0.65,7500,2174700
20240214,14:20:09,0.65,2200,2174700
20240214,14:20:10,0.65,43650,2174700
20240214,14:20:13,0.7,1800,2174700
20240214,14:20:14,0.7,1650,2174700
20240214,14:20:15,0.7,150,2174700
20240214,14:20:21,0.65,1500,2174700
20240214,14:20:37,0.7,450,2174700
20240214,14:20:41,0.7,350,2174700
20240214,14:20:42,0.7,1300,2174700
20240214,14:20:51,0.7,100,2174700
20240214,14:20:54,0.7,350,2174700
20240214,14:21:02,0.65,950,2174700
20240214,14:21:03,0.65,650,2174700
20240214,14:21:04,0.65,650,2174700
20240214,14:21:05,0.7,2200,2174700
20240214,14:21:07,0.65,850,2174700
20240214,14:21:09,0.65,550,2174700
20240214,14:21:11,0.65,400,2174700
20240214,14:21:12,0.65,1800,2174700
20240214,14:21:13,0.65,1800,2174700
20240214,14:21:13,0.7,100,2174700
20240214,14:21:14,0.65,31900,2174700
20240214,14:21:15,0.65,3000,2174700
20240214,14:21:16,0.65,1000,2174700
20240214,14:21:18,0.65,4000,2174700
20240214,14:21:18,0.65,1000,2174700
20240214,14:21:19,0.65,2000,2174700
20240214,14:21:20,0.65,1000,2174700
20240214,14:21:33,0.65,3600,2174700
20240214,14:21:34,0.65,11400,2174700
20240214,14:21:39,0.6,100,2174700
20240214,14:21:54,0.6,50,2174700
20240214,14:22:03,0.65,50,2174700
20240214,14:22:04,0.65,50,2174700
20240214,14:22:05,0.65,50,2174700
20240214,14:22:08,0.65,50,2174700
20240214,14:22:10,0.65,50,2174700
20240214,14:22:12,0.6,150,2174700
20240214,14:22:12,0.65,1800,2174700
20240214,14:22:13,0.65,350,2174700
20240214,14:22:15,0.65,650,2174700
20240214,14:22:17,0.65,850,2174700
20240214,14:22:18,0.65,500,2174700
20240214,14:22:20,0.65,950,2201350
20240214,14:22:21,0.65,550,2201350
20240214,14:22:28,0.6,600,2201350
20240214,14:22:30,0.6,850,2201350
20240214,14:22:32,0.6,550,2201350
20240214,14:22:34,0.6,900,2201350
20240214,14:22:34,0.65,50,2201350
20240214,14:22:36,0.6,350,2201350
20240214,14:22:37,0.6,900,2201350
20240214,14:22:39,0.6,50,2201350
20240214,14:22:40,0.65,2000,2201350
20240214,14:22:41,0.65,2000,2201350
20240214,14:22:42,0.65,4800,2201350
20240214,14:22:42,0.65,1000,2201350
20240214,14:22:43,0.65,2000,2201350
20240214,14:22:44,0.65,2000,2201350
20240214,14:22:45,0.65,2800,2201350
20240214,14:22:51,0.65,3600,2201350
20240214,14:22:57,0.65,1000,2201350
20240214,14:22:58,0.65,2000,2201350
20240214,14:22:59,0.65,2000,2201350
20240214,14:23:05,0.6,3600,2201350
20240214,14:23:17,0.65,1000,2201350
20240214,14:23:18,0.65,2000,2201350
20240214,14:23:49,0.65,50,2201350
20240214,14:23:50,0.65,3350,2201350
20240214,14:23:53,0.65,900,2201350
20240214,14:23:59,0.6,1700,2201350
20240214,14:24:00,0.65,18000,2201350
20240214,14:24:01,0.65,11150,2201350
20240214,14:24:03,0.65,600,2201350
20240214,14:24:06,0.7,2600,2201350
20240214,14:24:09,0.7,5400,2201350
20240214,14:24:10,0.7,1600,2201350
20240214,14:24:11,0.7,1000,2201350
20240214,14:24:12,0.7,2000,2201350
20240214,14:24:13,0.7,11900,2201350
20240214,14:24:14,0.7,800,2201350
20240214,14:24:15,0.75,800,2201350
20240214,14:24:16,0.75,2000,2201350
20240214,14:24:17,0.75,2000,2201350
20240214,14:24:18,0.75,18250,2201350
20240214,14:24:19,0.8,22450,2201350
20240214,14:24:20,0.8,3150,2201350
20240214,14:24:21,0.8,1900,2201350
20240214,14:24:22,0.8,1550,2201350
20240214,14:24:24,0.8,15650,2201350
20240214,14:24:26,0.75,1600,2201350
20240214,14:24:29,0.75,1800,2201350
20240214,14:24:30,0.75,1800,2201350
20240214,14:24:34,0.8,50,2201350
20240214,14:24:34,0.75,1550,2201350
20240214,14:24:35,0.8,100,2201350
20240214,14:24:36,0.8,100,2201350
20240214,14:24:37,0.75,200,2201350
20240214,14:24:38,0.8,650,2201350
20240214,14:24:39,0.75,7500,2201350
20240214,14:24:40,0.8,950,2201350
20240214,14:24:41,0.8,950,2201350
20240214,14:24:42,0.75,1150,2201350
20240214,14:24:43,0.75,450,2201350
20240214,14:24:45,0.75,600,2201350
20240214,14:24:48,0.75,1000,2201350
20240214,14:24:59,0.75,1800,2201350
20240214,14:25:00,0.75,1800,2201350
20240214,14:25:01,0.75,5400,2201350
20240214,14:25:02,0.75,900,2201350
20240214,14:25:03,0.75,950,2201350
20240214,14:25:04,0.75,550,2201350
20240214,14:25:05,0.8,14200,2201350
20240214,14:25:06,0.8,5650,2201350
20240214,14:25:07,0.8,1150,2201350
20240214,14:25:08,0.75,1700,2201350
20240214,14:25:09,0.75,600,2201350
20240214,14:25:15,0.75,1800,2201350
20240214,14:25:20,0.75,5400,2147750
20240214,14:25:25,0.75,1800,2147750
20240214,14:25:26,0.75,1300,2147750
20240214,14:25:27,0.8,100,2147750
20240214,14:25:28,0.8,100,2147750
20240214,14:25:29,0.8,100,2147750
20240214,14:25:30,0.8,350,2147750
20240214,14:25:31,0.8,550,2147750
20240214,14:25:32,0.8,750,2147750
20240214,14:25:33,0.8,650,2147750
20240214,14:25:34,0.8,550,2147750
20240214,14:25:35,0.8,550,2147750
20240214,14:25:36,0.75,1750,2147750
20240214,14:25:37,0.8,450,2147750
20240214,14:25:53,0.8,1550,2147750
20240214,14:25:54,0.8,100,2147750
20240214,14:25:58,0.75,1700,2147750
20240214,14:25:58,0.8,1000,2147750
20240214,14:25:59,0.8,3000,2147750
20240214,14:26:00,0.8,1100,2147750
20240214,14:26:04,0.75,100,2147750
20240214,14:26:06,0.75,5400,2147750
20240214,14:26:08,0.8,1850,2147750
20240214,14:26:16,0.8,1000,2147750
20240214,14:26:23,0.8,1800,2147750
20240214,14:26:37,0.8,1800,2147750
20240214,14:26:41,0.75,1500,2147750
20240214,14:26:44,0.75,1500,2147750
20240214,14:27:02,0.75,50,2147750
20240214,14:27:09,0.75,300,2147750
20240214,14:27:13,0.8,10000,2147750
20240214,14:27:20,0.75,50,2147750
20240214,14:27:24,0.8,10000,2147750
20240214,14:27:30,0.75,200,2147750
20240214,14:27:32,0.8,1800,2147750
20240214,14:27:34,0.8,600,2147750
20240214,14:27:35,0.75,50,2147750
20240214,14:27:40,0.75,900,2147750
20240214,14:27:52,0.8,1000,2147750
20240214,14:27:55,0.75,600,2147750
20240214,14:28:07,0.8,2000,2147750
20240214,14:28:15,0.75,800,2147750
20240214,14:28:18,0.8,50,2147750
20240214,14:28:33,0.8,50,2147750
20240214,14:28:37,0.75,50,2144450
20240214,14:28:59,0.8,5400,2144450
20240214,14:29:15,0.75,1500,2144450
20240214,14:29:21,0.75,1800,2144450
20240214,14:29:22,0.75,1800,2144450
20240214,14:29:24,0.75,1800,2144450
20240214,14:29:30,0.8,10000,2144450
20240214,14:29:54,0.75,1800,2144450
20240214,14:29:55,0.75,1800,2144450
20240214,14:29:56,0.75,1800,2144450
20240214,14:29:57,0.75,1800,2144450
20240214,14:29:58,0.75,1800,2144450
20240214,14:29:59,0.75,1800,2144450
20240214,14:30:00,0.75,1800,2144450
20240214,14:30:04,0.8,50,2144450
20240214,14:30:14,0.75,100,2144450
20240214,14:30:15,0.75,100,2144450
20240214,14:30:16,0.75,1900,2144450
20240214,14:30:17,0.65,55300,2144450
20240214,14:30:18,0.7,18400,2144450
20240214,14:30:19,0.7,500,2144450
20240214,14:30:21,0.7,1850,2144450
20240214,14:30:23,0.7,1800,2144450
20240214,14:30:24,0.7,350,2144450
20240214,14:30:25,0.7,2150,2144450
20240214,14:30:26,0.7,250,2144450
20240214,14:30:28,0.7,10300,2144450
20240214,14:30:31,0.65,7250,2144450
20240214,14:30:32,0.7,6950,2144450
20240214,14:30:33,0.7,3600,2144450
20240214,14:30:34,0.7,3600,2144450
20240214,14:30:35,0.7,3600,2144450
20240214,14:30:36,0.7,100,2144450
20240214,14:30:37,0.7,1000,2144450
20240214,14:30:42,0.7,2250,2144450
20240214,14:30:45,0.7,1500,2144450
20240214,14:31:01,0.7,9850,2144450
20240214,14:31:07,0.7,1800,2144450
20240214,14:31:08,0.75,1800,2144450
20240214,14:31:12,0.7,1800,2144450
20240214,14:31:13,0.7,1800,2144450
20240214,14:31:14,0.7,50,2144450
20240214,14:31:19,0.7,1600,2144450
20240214,14:31:20,0.7,900,2144450
20240214,14:31:25,0.7,1800,2144450
20240214,14:31:28,0.7,900,2139650
20240214,14:31:30,0.7,1600,2139650
20240214,14:31:33,0.7,300,2139650
20240214,14:31:34,0.7,100,2139650
20240214,14:31:35,0.7,1200,2139650
20240214,14:31:42,0.7,200,2139650
20240214,14:32:01,0.7,1800,2139650
20240214,14:32:03,0.7,1800,2139650
20240214,14:32:04,0.7,1800,2139650
20240214,14:32:05,0.7,1800,2139650
20240214,14:32:06,0.7,1900,2139650
20240214,14:32:07,0.7,3800,2139650
20240214,14:32:14,0.7,1800,2139650
20240214,14:32:20,0.7,1800,2139650
20240214,14:32:21,0.75,100,2139650
20240214,14:32:26,0.7,50,2139650
20240214,14:32:28,0.75,150,2139650
20240214,14:32:29,0.7,950,2139650
20240214,14:32:30,0.7,750,2139650
20240214,14:32:31,0.7,600,2139650
20240214,14:32:32,0.7,550,2139650
20240214,14:32:34,0.7,750,2139650
20240214,14:32:35,0.7,600,2139650
20240214,14:32:36,0.7,400,2139650
20240214,14:32:45,0.7,1800,2139650
20240214,14:32:52,0.7,1800,2139650
20240214,14:32:54,0.7,50,2139650
20240214,14:32:55,0.65,5150,2139650
20240214,14:32:57,0.7,100,2139650
20240214,14:32:58,0.7,300,2139650
20240214,14:33:00,0.65,450,2139650
20240214,14:33:04,0.7,1800,2139650
20240214,14:33:05,0.7,1800,2139650
20240214,14:33:07,0.7,1800,2139650
20240214,14:33:08,0.7,1800,2139650
20240214,14:33:09,0.65,1900,2139650
20240214,14:33:27,0.65,1700,2139650
20240214,14:33:36,0.65,50,2139650
20240214,14:33:51,0.65,50,2139650
20240214,14:34:01,0.7,1800,2139650
20240214,14:34:06,0.65,350,2139650
20240214,14:34:07,0.7,1800,2139650
20240214,14:34:13,0.7,1000,2139650
20240214,14:34:14,0.7,1000,2139650
20240214,14:34:15,0.7,1000,2139650
20240214,14:34:16,0.7,2000,2139650
20240214,14:34:17,0.65,9500,2139650
20240214,14:34:18,0.7,3000,2139650
20240214,14:34:19,0.7,4800,2139650
20240214,14:34:20,0.7,2000,2139650
20240214,14:34:21,0.7,1000,2139650
20240214,14:34:22,0.7,3000,2146400
20240214,14:34:23,0.7,1000,2146400
20240214,14:34:24,0.7,2000,2146400
20240214,14:34:25,0.7,2000,2146400
20240214,14:34:26,0.7,2000,2146400
20240214,14:34:27,0.7,17800,2146400
20240214,14:34:34,0.7,3000,2146400
20240214,14:34:45,0.7,200,2146400
20240214,14:34:56,0.7,450,2146400
20240214,14:35:03,0.75,150,2146400
20240214,14:35:04,0.75,150,2146400
20240214,14:35:05,0.75,150,2146400
20240214,14:35:06,0.75,500,2146400
20240214,14:35:07,0.75,3950,2146400
20240214,14:35:08,0.7,1400,2146400
20240214,14:35:09,0.75,950,2146400
20240214,14:35:10,0.75,850,2146400
20240214,14:35:11,0.75,900,2146400
20240214,14:35:13,0.75,100,2146400
20240214,14:35:17,0.75,2000,2146400
20240214,14:35:18,0.75,2000,2146400
20240214,14:35:20,0.75,2000,2146400
20240214,14:35:21,0.75,1000,2146400
20240214,14:35:31,0.7,300,2146400
20240214,14:35:35,0.7,1350,2146400
20240214,14:35:36,0.7,1350,2146400
20240214,14:35:37,0.7,1350,2146400
20240214,14:35:38,0.7,1350,2146400
20240214,14:35:39,0.75,2250,2146400
20240214,14:35:47,0.75,3150,2146400
20240214,14:35:49,0.75,2000,2146400
20240214,14:35:49,0.75,1000,2146400
20240214,14:35:50,0.75,2000,2146400
20240214,14:35:51,0.75,2000,2146400
20240214,14:35:52,0.75,2000,2146400
20240214,14:35:53,0.7,2000,2146400
20240214,14:35:59,0.7,900,2146400
20240214,14:36:01,0.7,1500,2146400
20240214,14:36:03,0.7,100,2146400
20240214,14:36:04,0.7,100,2146400
20240214,14:36:05,0.7,150,2146400
20240214,14:36:17,0.75,50,2146400
20240214,14:36:18,0.7,100,2146400
20240214,14:36:24,0.75,1000,2146400
20240214,14:36:25,0.75,1000,2146400
20240214,14:36:26,0.75,7400,2146400
20240214,14:36:27,0.75,2000,2146400
20240214,14:36:28,0.75,4800,2146400
20240214,14:36:29,0.75,1000,2146400
20240214,14:36:30,0.75,2000,2146400
20240214,14:36:31,0.75,2000,2146400
20240214,14:36:32,0.75,2000,2146400
20240214,14:36:33,0.75,3000,2146400
20240214,14:36:34,0.75,2000,2146400
20240214,14:36:36,0.75,4600,2146400
20240214,14:36:37,0.8,50,2146400
20240214,14:36:42,0.75,10000,2146400
20240214,14:36:46,0.8,1800,2146400
20240214,14:36:53,0.75,300,2146400
20240214,14:36:58,0.75,50,2146400
20240214,14:36:59,0.75,300,2146400
20240214,14:37:06,0.75,550,2146400
20240214,14:37:08,0.75,800,2146400
20240214,14:37:11,0.75,300,2146400
20240214,14:37:13,0.75,200,2146400
20240214,14:37:20,0.75,50,2146400
20240214,14:37:23,0.75,1000,2116200
20240214,14:37:40,0.75,50,2116200
20240214,14:37:47,0.75,300,2116200
20240214,14:37:52,0.75,1800,2116200
20240214,14:37:58,0.75,150,2116200
20240214,14:38:02,0.75,600,2116200
20240214,14:38:09,0.75,1800,2116200
20240214,14:38:12,0.75,650,2116200
20240214,14:38:13,0.8,1450,2116200
20240214,14:38:14,0.75,900,2116200
20240214,14:38:15,0.75,1550,2116200
20240214,14:38:16,0.75,1500,2116200
20240214,14:38:23,0.75,200,2116200
20240214,14:38:24,0.75,350,2116200
20240214,14:38:25,0.75,50,2116200
20240214,14:38:28,0.75,1600,2116200
20240214,14:38:30,0.75,11100,2116200
20240214,14:38:31,0.75,1000,2116200
20240214,14:38:33,0.75,1000,2116200
20240214,14:38:34,0.75,2000,2116200
20240214,14:38:35,0.75,2000,2116200
20240214,14:38:36,0.75,3000,2116200
20240214,14:38:37,0.75,2000,2116200
20240214,14:38:38,0.75,3000,2116200
20240214,14:38:42,0.7,100,2116200
20240214,14:38:50,0.75,3600,2116200
20240214,14:38:51,0.75,300,2116200
20240214,14:38:54,0.75,50,2116200
20240214,14:39:08,0.7,200,2116200
20240214,14:39:10,0.75,1800,2116200
20240214,14:39:11,0.75,1800,2116200
20240214,14:39:12,0.75,1800,2116200
20240214,14:39:14,0.75,1800,2116200
20240214,14:39:15,0.75,5400,2116200
20240214,14:39:16,0.75,8650,2116200
20240214,14:39:28,0.7,1400,2116200
20240214,14:39:31,0.75,1000,2116200
20240214,14:39:32,0.75,2000,2116200
20240214,14:39:39,0.75,4800,2116200
20240214,14:39:40,0.75,2000,2116200
20240214,14:39:41,0.75,2000,2116200
20240214,14:39:44,0.75,800,2116200
20240214,14:39:45,0.8,26950,2116200
20240214,14:39:46,0.85,29800,2116200
20240214,14:39:47,0.85,8650,2116200
20240214,14:39:48,0.85,68400,2116200
20240214,14:39:49,0.85,14250,2116200
20240214,14:39:50,0.9,9400,2116200
20240214,14:39:51,0.9,6700,2116200
20240214,14:39:52,0.9,5300,2116200
20240214,14:39:53,0.85,3100,2116200
20240214,14:39:54,0.9,14950,2116200
20240214,14:39:55,0.9,61200,2116200
20240214,14:39:56,0.85,450,2116200
20240214,14:39:57,0.85,1050,2116200
20240214,14:40:00,0.85,200,2116200
20240214,14:40:01,0.85,3850,2116200
20240214,14:40:12,0.8,100,2116200
20240214,14:40:13,0.8,50,2116200
20240214,14:40:16,0.8,1800,2116200
20240214,14:40:24,0.8,50,2163100
20240214,14:40:25,0.85,1800,2163100
20240214,14:40:28,0.8,500,2163100
20240214,14:40:33,0.85,450,2163100
20240214,14:40:35,0.8,600,2163100
20240214,14:40:39,0.8,1800,2163100
20240214,14:40:40,0.8,17700,2163100
20240214,14:40:41,0.8,2900,2163100
20240214,14:40:43,0.8,250,2163100
20240214,14:40:47,0.8,3250,2163100
20240214,14:40:48,0.8,1000,2163100
20240214,14:40:49,0.8,6650,2163100
20240214,14:40:52,0.85,1800,2163100
20240214,14:40:54,0.85,1800,2163100
20240214,14:40:55,0.8,650,2163100
20240214,14:40:57,0.8,7950,2163100
20240214,14:40:58,0.8,1850,2163100
20240214,14:41:00,0.8,500,2163100
20240214,14:41:06,0.8,1500,2163100
20240214,14:41:07,0.8,250,2163100
20240214,14:41:08,0.8,3350,2163100
20240214,14:41:10,0.85,50,2163100
20240214,14:41:11,0.8,150,2163100
20240214,14:41:18,0.8,350,2163100
20240214,14:41:21,0.8,2800,2163100
20240214,14:41:26,0.75,200,2163100
20240214,14:41:27,0.75,450,2163100
20240214,14:41:29,0.75,100,2163100
20240214,14:41:30,0.75,8200,2163100
20240214,14:41:35,0.8,50,2163100
20240214,14:41:37,0.8,7600,2163100
20240214,14:41:45,0.8,50,2163100
20240214,14:41:46,0.8,1800,2163100
20240214,14:41:48,0.8,2600,2163100
20240214,14:41:49,0.8,200,2163100
20240214,14:41:51,0.8,1200,2163100
20240214,14:41:57,0.75,250,2163100
20240214,14:42:07,0.8,100,2163100
20240214,14:42:19,0.75,1800,2163100
20240214,14:42:20,0.75,9000,2163100
20240214,14:42:22,0.75,3050,2163100
20240214,14:42:32,0.75,50,2163100
20240214,14:42:38,0.75,10500,2163100
20240214,14:42:43,0.75,1800,2163100
20240214,14:42:44,0.75,100,2163100
20240214,14:42:49,0.75,700,2163100
20240214,14:42:49,0.75,1800,2163100
20240214,14:42:50,0.75,2200,2163100
20240214,14:42:54,0.75,1800,2163100
20240214,14:42:55,0.75,1800,2163100
20240214,14:42:57,0.75,1800,2163100
20240214,14:43:04,0.75,750,2163100
20240214,14:43:08,0.7,100,2163100
20240214,14:43:09,0.7,50,2163100
20240214,14:43:11,0.7,900,2163100
20240214,14:43:15,0.7,250,2163100
20240214,14:43:19,0.7,550,2163100
20240214,14:43:20,0.7,500,2163100
20240214,14:43:21,0.7,500,2163100
20240214,14:43:22,0.7,500,2163100
20240214,14:43:30,0.7,200,2158200
20240214,14:43:31,0.7,100,2158200
20240214,14:43:32,0.7,100,2158200
20240214,14:43:33,0.7,50,2158200
20240214,14:43:34,0.75,1800,2158200
20240214,14:43:38,0.7,500,2158200
20240214,14:43:45,0.7,450,2158200
20240214,14:43:46,0.7,450,2158200
20240214,14:43:53,0.7,250,2158200
20240214,14:43:55,0.7,100,2158200
20240214,14:43:56,0.7,50,2158200
20240214,14:43:57,0.7,1500,2158200
20240214,14:43:59,0.7,2000,2158200
20240214,14:44:02,0.75,1800,2158200
20240214,14:44:03,0.75,1900,2158200
20240214,14:44:22,0.75,1500,2158200
20240214,14:44:24,0.7,50,2158200
20240214,14:44:29,0.7,500,2158200
20240214,14:44:33,0.7,250,2158200
20240214,14:44:33,0.7,1500,2158200
20240214,14:44:37,0.7,100,2158200
20240214,14:44:43,0.7,200,2158200
20240214,14:44:44,0.7,200,2158200
20240214,14:44:47,0.7,1000,2158200
20240214,14:44:48,0.7,1500,2158200
20240214,14:44:50,0.7,200,2158200
20240214,14:44:53,0.7,100,2158200
20240214,14:44:54,0.7,50,2158200
20240214,14:44:57,0.7,200,2158200
20240214,14:44:58,0.7,4250,2158200
20240214,14:45:06,0.7,250,2158200
20240214,14:45:07,0.7,950,2158200
20240214,14:45:08,0.7,550,2158200
20240214,14:45:09,0.7,250,2158200
20240214,14:45:11,0.7,2900,2158200
20240214,14:45:11,0.7,1450,2158200
20240214,14:45:12,0.75,4000,2158200
20240214,14:45:19,0.75,600,2158200
20240214,14:45:29,0.8,4700,2158200
20240214,14:45:31,0.75,350,2158200
20240214,14:45:33,0.7,2450,2158200
20240214,14:45:35,0.75,1600,2158200
20240214,14:45:36,0.75,900,2158200
20240214,14:45:38,0.8,50,2158200
20240214,14:45:45,0.75,400,2158200
20240214,14:45:47,0.75,900,2158200
20240214,14:45:55,0.75,50,2158200
20240214,14:46:01,0.75,100,2158200
20240214,14:46:04,0.75,2700,2158200
20240214,14:46:07,0.75,5400,2158200
20240214,14:46:09,0.75,600,2158200
20240214,14:46:11,0.75,200,2158200
20240214,14:46:13,0.75,200,2158200
20240214,14:46:18,0.75,150,2158200
20240214,14:46:28,0.75,550,2158200
20240214,14:46:58,0.75,600,2160800
20240214,14:47:00,0.75,200,2160800
20240214,14:47:01,0.75,200,2160800
20240214,14:47:02,0.75,800,2160800
20240214,14:47:04,0.75,750,2160800
20240214,14:47:05,0.7,50,2160800
20240214,14:47:06,0.7,100,2160800
20240214,14:47:10,0.75,500,2160800
20240214,14:47:11,0.75,200,2160800
20240214,14:47:14,0.75,150,2160800
20240214,14:47:15,0.75,50,2160800
20240214,14:47:16,0.75,4500,2160800
20240214,14:47:36,0.7,350,2160800
20240214,14:47:43,0.7,400,2160800
20240214,14:47:51,0.7,300,2160800
20240214,14:47:51,0.7,1800,2160800
20240214,14:47:53,0.7,500,2160800
20240214,14:47:54,0.7,200,2160800
20240214,14:47:56,0.7,300,2160800
20240214,14:47:57,0.7,50,2160800
20240214,14:48:02,0.75,8200,2160800
20240214,14:48:03,0.7,200,2160800
20240214,14:48:20,0.75,750,2160800
20240214,14:48:31,0.75,400,2160800
20240214,14:48:31,0.75,450,2160800
20240214,14:48:34,0.75,2650,2160800
20240214,14:48:55,0.75,2050,2160800
20240214,14:48:58,0.75,700,2160800
20240214,14:49:24,0.8,3600,2160800
20240214,14:49:24,0.8,150,2162750
20240214,14:49:25,0.75,200,2162750
20240214,14:49:28,0.75,200,2162750
20240214,14:49:36,0.75,50,2162750
20240214,14:49:37,0.75,100,2162750
20240214,14:49:38,0.75,100,2162750
20240214,14:49:40,0.75,100,2162750
20240214,14:49:41,0.75,100,2162750
20240214,14:49:42,0.75,100,2162750
20240214,14:49:44,0.75,100,2162750
20240214,14:49:46,0.75,500,2162750
20240214,14:50:03,0.75,500,2162750
20240214,14:50:14,0.75,150,2162750
20240214,14:50:27,0.75,50,2162750
20240214,14:50:37,0.75,50,2162750
20240214,14:50:38,0.75,5700,2162750
20240214,14:50:39,0.75,1800,2162750
20240214,14:50:42,0.75,1500,2162750
20240214,14:50:43,0.75,900,2162750
20240214,14:50:51,0.75,250,2162750
20240214,14:50:57,0.8,1800,2162750
20240214,14:50:59,0.8,1800,2162750
20240214,14:51:00,0.8,3300,2162750
20240214,14:51:05,0.75,1800,2162750
20240214,14:51:43,0.75,900,2162750
20240214,14:51:44,0.75,900,2162750
20240214,14:51:45,0.75,900,2162750
20240214,14:51:47,0.8,1800,2162750
20240214,14:51:49,0.75,1850,2162750
20240214,14:51:50,0.8,6200,2162750
20240214,14:51:51,0.8,2700,2162750
20240214,14:52:30,0.8,1800,2172700
20240214,14:52:32,0.8,1800,2172700
20240214,14:52:36,0.8,1500,2172700
20240214,14:52:52,0.8,500,2172700
20240214,14:52:58,0.8,1500,2172700
20240214,14:52:59,0.8,1800,2172700
20240214,14:53:00,0.8,500,2172700
20240214,14:53:05,0.8,50,2172700
20240214,14:53:09,0.8,1800,2172700
20240214,14:53:10,0.8,1000,2172700
20240214,14:53:11,0.8,300,2172700
20240214,14:53:16,0.8,2700,2172700
20240214,14:53:17,0.8,1800,2172700
20240214,14:53:18,0.8,100,2172700
20240214,14:53:21,0.8,50,2172700
20240214,14:53:24,0.8,1800,2172700
20240214,14:53:25,0.8,1800,2172700
20240214,14:53:37,0.85,1800,2172700
20240214,14:53:39,0.85,1800,2172700
20240214,14:53:41,0.85,50,2172700
20240214,14:54:05,0.75,250,2172700
20240214,14:54:16,0.75,750,2172700
20240214,14:54:19,0.75,50,2172700
20240214,14:54:20,0.75,50,2172700
20240214,14:54:21,0.75,50,2172700
20240214,14:54:22,0.8,1150,2172700
20240214,14:54:23,0.8,150,2172700
20240214,14:54:24,0.8,1300,2172700
20240214,14:54:28,0.85,150,2172700
20240214,14:54:43,0.85,1800,2172700
20240214,14:54:44,0.85,1800,2172700
20240214,14:54:45,0.85,7350,2172700
20240214,14:54:46,0.85,2100,2172700
20240214,14:55:23,0.85,900,2172700
20240214,14:55:26,0.85,50,2173600
20240214,14:55:27,0.85,800,2173600
20240214,14:55:28,0.85,550,2173600
20240214,14:55:29,0.85,50,2173600
20240214,14:55:32,0.85,1500,2173600
20240214,14:55:45,0.85,100,2173600
20240214,14:55:46,0.85,100,2173600
20240214,14:55:47,0.85,100,2173600
20240214,14:55:48,0.8,2750,2173600
20240214,14:55:50,0.8,200,2173600
20240214,14:55:51,0.8,1500,2173600
20240214,14:55:58,0.85,200,2173600
20240214,14:55:59,0.85,1800,2173600
20240214,14:56:01,0.85,1800,2173600
20240214,14:56:12,0.8,450,2173600
20240214,14:56:27,0.8,200,2173600
20240214,14:56:33,0.85,2300,2173600
20240214,14:56:35,0.85,1800,2173600
20240214,14:56:40,0.85,1200,2173600
20240214,14:56:45,0.8,50,2173600
20240214,14:56:45,0.85,1800,2173600
20240214,14:56:48,0.85,1800,2173600
20240214,14:56:48,0.85,1350,2173600
20240214,14:56:53,0.9,50,2173600
20240214,14:57:01,0.9,50,2173600
20240214,14:57:03,0.85,200,2173600
20240214,14:57:10,0.85,250,2173600
20240214,14:57:11,0.85,5050,2173600
20240214,14:57:15,0.85,50,2173600
20240214,14:57:28,0.85,2100,2173600
20240214,14:57:31,0.85,400,2173600
20240214,14:57:33,0.8,900,2173600
20240214,14:57:38,0.8,200,2173600
20240214,14:57:40,0.8,100,2173600
20240214,14:57:43,0.8,50,2173600
20240214,14:57:45,0.85,150,2173600
20240214,14:57:57,0.8,100,2173600
20240214,14:58:08,0.8,500,2173600
20240214,14:58:10,0.85,900,2173600
20240214,14:58:11,0.85,900,2173600
20240214,14:58:16,0.85,250,2173600
20240214,14:58:18,0.85,450,2173600
20240214,14:58:20,0.85,150,2173600
20240214,14:58:21,0.8,200,2173600
20240214,14:58:23,0.85,50,2173600
20240214,14:58:32,0.8,2650,2178450
20240214,14:58:37,0.85,50,2178450
20240214,14:58:46,0.85,50,2178450
20240214,14:58:57,0.85,50,2178450
20240214,14:59:05,0.85,3800,2178450
20240214,14:59:05,0.8,750,2178450
20240214,14:59:10,0.8,150,2178450
20240214,14:59:14,0.85,50,2178450
20240214,14:59:17,0.8,1800,2178450
20240214,14:59:19,0.8,1800,2178450
20240214,14:59:21,0.8,1800,2178450
20240214,14:59:23,0.8,1800,2178450
20240214,14:59:24,0.8,100,2178450
20240214,14:59:25,0.8,1950,2178450
20240214,14:59:27,0.8,1800,2178450
20240214,14:59:29,0.8,1800,2178450
20240214,14:59:30,0.8,1800,2178450
20240214,14:59:31,0.85,150,2178450
20240214,14:59:32,0.85,50,2178450
20240214,14:59:33,0.8,400,2178450
20240214,14:59:34,0.8,500,2178450
20240214,14:59:35,0.75,300,2178450
20240214,14:59:37,0.75,300,2178450
20240214,14:59:49,0.8,1000,2178450
20240214,14:59:50,0.8,3200,2178450
20240214,14:59:54,0.8,500,2178450
20240214,14:59:55,0.8,2300,2178450
20240214,14:59:57,0.75,1800,2178450
20240214,15:00:03,0.85,50,2178450
20240214,15:00:04,0.8,1800,2178450
20240214,15:00:25,0.8,100,2178450
20240214,15:00:29,0.8,3550,2178450
20240214,15:00:31,0.75,1800,2178450
20240214,15:01:00,0.75,500,2178450
20240214,15:01:02,0.75,350,2178450
20240214,15:01:04,0.75,5150,2178450
20240214,15:01:05,0.75,1500,2178450
20240214,15:01:08,0.75,50,2178450
20240214,15:01:16,0.75,950,2178450
20240214,15:01:18,0.75,3050,2178450
20240214,15:01:20,0.75,1000,2178450
20240214,15:01:21,0.75,400,2178450
20240214,15:01:22,0.75,1550,2178450
20240214,15:01:24,0.75,800,2178450
20240214,15:01:30,0.8,50,2178450
20240214,15:01:31,0.8,150,2195000
20240214,15:01:32,0.8,150,2195000
20240214,15:01:33,0.8,150,2195000
20240214,15:01:34,0.8,450,2195000
20240214,15:01:35,0.8,550,2195000
20240214,15:01:36,0.8,900,2195000
20240214,15:01:37,0.8,950,2195000
20240214,15:01:38,0.8,950,2195000
20240214,15:01:39,0.8,650,2195000
20240214,15:01:40,0.75,100,2195000
20240214,15:01:45,0.75,650,2195000
20240214,15:01:46,0.75,1750,2195000
20240214,15:01:47,0.75,2450,2195000
20240214,15:01:48,0.8,900,2195000
20240214,15:01:50,0.75,200,2195000
20240214,15:01:51,0.7,150,2195000
20240214,15:02:03,0.75,400,2195000
20240214,15:02:05,0.7,350,2195000
20240214,15:02:08,0.7,850,2195000
20240214,15:02:10,0.75,600,2195000
20240214,15:02:12,0.75,900,2195000
20240214,15:02:13,0.8,250,2195000
20240214,15:02:14,0.8,900,2195000
20240214,15:02:15,0.8,650,2195000
20240214,15:02:16,0.8,800,2195000
20240214,15:02:17,0.8,650,2195000
20240214,15:02:39,0.8,200,2195000
20240214,15:02:43,0.8,1600,2195000
20240214,15:02:49,0.75,100,2195000
20240214,15:02:51,0.8,300,2195000
20240214,15:02:52,0.8,1500,2195000
20240214,15:02:54,0.8,1500,2195000
20240214,15:03:01,0.8,50,2195000
20240214,15:03:04,0.8,1000,2195000
20240214,15:03:14,0.75,4700,2195000
20240214,15:03:17,0.75,6100,2195000
20240214,15:03:27,0.8,50,2195000
20240214,15:03:43,0.75,1800,2195000
20240214,15:03:44,0.75,1800,2195000
20240214,15:03:48,0.8,5000,2195000
20240214,15:03:49,0.8,1500,2195000
20240214,15:03:50,0.8,1500,2195000
20240214,15:03:51,0.8,50,2195000
20240214,15:03:53,0.75,1500,2195000
20240214,15:04:00,0.8,1500,2195000
20240214,15:04:01,0.8,50,2195000
20240214,15:04:03,0.75,50,2195000
20240214,15:04:10,0.75,1500,2195000
20240214,15:04:11,0.75,1500,2195000
20240214,15:04:12,0.75,1500,2195000
20240214,15:04:27,0.8,1800,2195750
20240214,15:04:28,0.8,1800,2195750
20240214,15:04:29,0.8,1800,2195750
20240214,15:04:30,0.8,1800,2195750
20240214,15:04:31,0.8,1800,2195750
20240214,15:04:33,0.8,1800,2195750
20240214,15:04:36,0.75,450,2195750
20240214,15:04:37,0.8,6450,2195750
20240214,15:04:39,0.8,250,2195750
20240214,15:04:40,0.8,1550,2195750
20240214,15:04:44,0.8,1850,2195750
20240214,15:04:45,0.8,8650,2195750
20240214,15:04:53,0.75,10000,2195750
20240214,15:04:56,0.75,100,2195750
20240214,15:04:57,0.75,100,2195750
20240214,15:04:58,0.75,300,2195750
20240214,15:04:59,0.75,100,2195750
20240214,15:05:00,0.75,1900,2195750
20240214,15:05:01,0.8,550,2195750
20240214,15:05:02,0.75,200,2195750
20240214,15:05:03,0.75,450,2195750
20240214,15:05:09,0.75,2000,2195750
20240214,15:05:15,0.75,850,2195750
20240214,15:05:19,0.75,3400,2195750
20240214,15:05:30,0.75,1800,2195750
20240214,15:05:37,0.75,150,2195750
20240214,15:05:51,0.7,2300,2195750
20240214,15:05:52,0.7,1800,2195750
20240214,15:05:53,0.75,300,2195750
20240214,15:06:00,0.7,1500,2195750
20240214,15:06:02,0.7,550,2195750
20240214,15:06:02,0.7,900,2195750
20240214,15:06:03,0.7,3450,2195750
20240214,15:06:07,0.7,1050,2195750
20240214,15:06:14,0.7,2600,2195750
20240214,15:06:16,0.65,1250,2195750
20240214,15:06:17,0.7,2500,2195750
20240214,15:06:20,0.75,300,2195750
20240214,15:06:22,0.7,1000,2195750
20240214,15:06:31,0.7,1500,2195750
20240214,15:06:42,0.7,50,2195750
20240214,15:06:51,0.7,150,2195750
20240214,15:06:56,0.65,50,2195750
20240214,15:07:28,0.65,50,2211400
20240214,15:07:33,0.7,3650,2211400
20240214,15:07:34,0.7,150,2211400
20240214,15:07:37,0.7,50,2211400
20240214,15:07:39,0.7,1900,2211400
20240214,15:07:41,0.7,2450,2211400
20240214,15:07:44,0.75,1500,2211400
20240214,15:07:44,0.75,4500,2211400
20240214,15:07:45,0.75,2700,2211400
20240214,15:07:46,0.75,50,2211400
20240214,15:07:47,0.75,350,2211400
20240214,15:07:48,0.75,1100,2211400
20240214,15:07:49,0.75,1800,2211400
20240214,15:07:50,0.75,850,2211400
20240214,15:07:52,0.75,800,2211400
20240214,15:08:01,0.75,50,2211400
20240214,15:08:04,0.75,800,2211400
20240214,15:08:08,0.7,600,2211400
20240214,15:08:10,0.7,850,2211400
20240214,15:08:11,0.7,650,2211400
20240214,15:08:12,0.7,100,2211400
20240214,15:08:13,0.7,850,2211400
20240214,15:08:14,0.7,550,2211400
20240214,15:08:16,0.7,2050,2211400
20240214,15:08:18,0.65,1650,2211400
20240214,15:08:19,0.65,2050,2211400
20240214,15:08:21,0.7,900,2211400
20240214,15:08:23,0.65,1000,2211400
20240214,15:08:42,0.7,100,2211400
20240214,15:08:44,0.7,50,2211400
20240214,15:08:46,0.65,150,2211400
20240214,15:09:17,0.65,1000,2211400
20240214,15:09:18,0.7,50,2211400
20240214,15:09:19,0.7,100,2211400
20240214,15:09:20,0.6,21200,2211400
20240214,15:09:21,0.65,100,2211400
20240214,15:09:22,0.65,450,2211400
20240214,15:09:24,0.65,1200,2211400
20240214,15:09:25,0.65,1200,2211400
20240214,15:09:26,0.7,750,2211400
20240214,15:09:27,0.65,6050,2211400
20240214,15:09:28,0.65,150,2211400
20240214,15:09:29,0.65,150,2211400
20240214,15:09:30,0.65,3800,2211400
20240214,15:09:32,0.7,650,2211400
20240214,15:09:34,0.7,600,2211400
20240214,15:09:35,0.6,2400,2211400
20240214,15:09:36,0.65,900,2211400
20240214,15:09:37,0.65,500,2211400
20240214,15:09:39,0.65,50,2211400
20240214,15:09:43,0.65,850,2211400
20240214,15:09:44,0.65,1100,2211400
20240214,15:09:47,0.65,2400,2211400
20240214,15:09:50,0.65,2300,2211400
20240214,15:09:50,0.6,15200,2211400
20240214,15:09:51,0.6,19000,2211400
20240214,15:09:52,0.6,3500,2211400
20240214,15:09:53,0.6,11750,2211400
20240214,15:09:54,0.6,100,2211400
20240214,15:09:55,0.6,50,2211400
20240214,15:09:56,0.6,100,2211400
20240214,15:09:57,0.6,800,2211400
20240214,15:09:58,0.5,30350,2211400
20240214,15:10:01,0.55,3700,2211400
20240214,15:10:02,0.55,25050,2211400
20240214,15:10:02,0.55,3600,2211400
20240214,15:10:04,0.5,19750,2211400
20240214,15:10:05,0.5,27350,2211400
20240214,15:10:06,0.55,16300,2211400
20240214,15:10:08,0.5,5400,2211400
20240214,15:10:09,0.5,23600,2211400
20240214,15:10:14,0.55,900,2211400
20240214,15:10:15,0.55,1800,2211400
20240214,15:10:17,0.55,1800,2211400
20240214,15:10:18,0.5,350,2211400
20240214,15:10:19,0.55,1800,2211400
20240214,15:10:21,0.55,300,2211400
20240214,15:10:24,0.55,100,2211400
20240214,15:10:31,0.5,400,2189600
20240214,15:10:31,0.5,1000,2189600
20240214,15:10:33,0.55,4200,2189600
20240214,15:10:34,0.5,1400,2189600
20240214,15:10:35,0.5,3000,2189600
20240214,15:10:36,0.5,1200,2189600
20240214,15:10:37,0.5,1650,2189600
20240214,15:10:38,0.5,1800,2189600
20240214,15:10:39,0.5,500,2189600
20240214,15:10:41,0.55,1150,2189600
20240214,15:10:42,0.55,550,2189600
20240214,15:10:45,0.55,1800,2189600
20240214,15:10:52,0.5,50,2189600
20240214,15:10:53,0.55,50,2189600
20240214,15:11:01,0.55,50,2189600
20240214,15:11:13,0.55,500,2189600
20240214,15:11:23,0.55,550,2189600
20240214,15:11:27,0.55,500,2189600
20240214,15:11:42,0.5,1800,2189600
20240214,15:11:43,0.5,2500,2189600
20240214,15:11:50,0.55,50,2189600
20240214,15:11:57,0.55,1800,2189600
20240214,15:11:58,0.55,2700,2189600
20240214,15:11:59,0.55,50,2189600
20240214,15:12:06,0.55,1800,2189600
20240214,15:12:07,0.55,3400,2189600
20240214,15:12:10,0.55,1500,2189600
20240214,15:12:11,0.55,100,2189600
20240214,15:12:15,0.55,650,2189600
20240214,15:12:16,0.55,50,2189600
20240214,15:12:17,0.55,6400,2189600
20240214,15:12:21,0.55,2650,2189600
20240214,15:12:28,0.5,500,2189600
20240214,15:12:29,0.55,900,2189600
20240214,15:12:35,0.6,50,2189600
20240214,15:12:36,0.55,4000,2189600
20240214,15:12:37,0.55,2200,2189600
20240214,15:12:51,0.55,500,2189600
20240214,15:12:52,0.5,650,2189600
20240214,15:12:55,0.5,50,2189600
20240214,15:12:56,0.55,500,2189600
20240214,15:13:04,0.55,400,2189600
20240214,15:13:05,0.55,1000,2189600
20240214,15:13:06,0.55,3850,2189600
20240214,15:13:07,0.55,3000,2189600
20240214,15:13:08,0.55,2000,2189600
20240214,15:13:09,0.55,5350,2189600
20240214,15:13:17,0.5,100,2189600
20240214,15:13:20,0.5,1800,2189600
20240214,15:13:24,0.5,150,2189600
20240214,15:13:25,0.5,300,2189600
20240214,15:13:31,0.5,50,2155400
20240214,15:13:38,0.55,50,2155400
20240214,15:13:55,0.55,1800,2155400
20240214,15:13:56,0.55,1800,2155400
20240214,15:13:59,0.55,1800,2155400
20240214,15:14:19,0.5,50,2155400
20240214,15:14:20,0.55,1800,2155400
20240214,15:14:21,0.55,150,2155400
20240214,15:14:32,0.5,1800,2155400
20240214,15:14:34,0.5,250,2155400
20240214,15:14:35,0.5,1300,2155400
20240214,15:14:45,0.5,150,2155400
20240214,15:14:46,0.5,250,2155400
20240214,15:14:51,0.55,1200,2155400
20240214,15:14:52,0.55,26800,2155400
20240214,15:14:56,0.55,50,2155400
20240214,15:15:00,0.5,600,2155400
20240214,15:15:05,0.55,1150,2155400
20240214,15:15:07,0.55,1250,2155400
20240214,15:15:10,0.5,1800,2155400
20240214,15:15:11,0.5,1800,2155400
20240214,15:15:12,0.5,100,2155400
20240214,15:15:13,0.5,50,2155400
20240214,15:15:19,0.5,350,2155400
20240214,15:15:26,0.5,16200,2155400
20240214,15:15:27,0.5,3800,2155400
20240214,15:15:29,0.5,400,2155400
20240214,15:15:30,0.5,1000,2155400
20240214,15:15:31,0.5,1000,2155400
20240214,15:15:32,0.5,1000,2155400
20240214,15:15:33,0.5,6550,2155400
20240214,15:15:34,0.5,2200,2155400
20240214,15:15:35,0.45,1000,2155400
20240214,15:15:36,0.45,1000,2155400
20240214,15:15:37,0.45,1000,2155400
20240214,15:15:38,0.45,1000,2155400
20240214,15:15:39,0.45,1000,2155400
20240214,15:15:40,0.45,1000,2155400
20240214,15:15:41,0.45,1500,2155400
20240214,15:15:42,0.45,1000,2155400
20240214,15:15:43,0.45,1000,2155400
20240214,15:15:44,0.45,2500,2155400
20240214,15:15:45,0.45,1200,2155400
20240214,15:15:46,0.45,1700,2155400
20240214,15:15:47,0.45,1000,2155400
20240214,15:15:48,0.45,1000,2155400
20240214,15:15:49,0.45,2050,2155400
20240214,15:15:50,0.45,1000,2155400
20240214,15:15:51,0.45,1000,2155400
20240214,15:15:52,0.45,1000,2155400
20240214,15:15:53,0.45,1000,2155400
20240214,15:15:54,0.45,1000,2155400
20240214,15:15:55,0.45,1450,2155400
20240214,15:16:00,0.5,1400,2155400
20240214,15:16:01,0.5,100,2155400
20240214,15:16:03,0.45,1800,2155400
20240214,15:16:06,0.45,21600,2155400
20240214,15:16:08,0.45,200,2155400
20240214,15:16:09,0.45,1000,2155400
20240214,15:16:20,0.5,550,2155400
20240214,15:16:21,0.5,400,2155400
20240214,15:16:22,0.5,400,2155400
20240214,15:16:24,0.5,1500,2155400
20240214,15:16:25,0.5,1800,2155400
20240214,15:16:26,0.5,1000,2155400
20240214,15:16:26,0.5,6300,2155400
20240214,15:16:27,0.5,7500,2155400
20240214,15:16:28,0.5,6300,2138850
20240214,15:16:29,0.5,3300,2138850
20240214,15:16:32,0.5,400,2138850
20240214,15:16:33,0.5,6400,2138850
20240214,15:16:35,0.5,9000,2138850
20240214,15:16:35,0.5,1800,2138850
20240214,15:16:36,0.5,3600,2138850
20240214,15:16:41,0.5,7800,2138850
20240214,15:16:42,0.55,7500,2138850
20240214,15:16:43,0.55,1950,2138850
20240214,15:16:45,0.55,100,2138850
20240214,15:16:48,0.55,1800,2138850
20240214,15:16:49,0.55,300,2138850
20240214,15:16:50,0.55,400,2138850
20240214,15:16:51,0.5,50,2138850
20240214,15:16:52,0.55,7300,2138850
20240214,15:16:54,0.55,1800,2138850
20240214,15:16:56,0.5,1200,2138850
20240214,15:17:01,0.5,150,2138850
20240214,15:17:08,0.5,1800,2138850
20240214,15:17:09,0.5,1800,2138850
20240214,15:17:10,0.5,20650,2138850
20240214,15:17:13,0.5,450,2138850
20240214,15:17:15,0.5,700,2138850
20240214,15:17:20,0.5,350,2138850
20240214,15:17:22,0.45,800,2138850
20240214,15:17:23,0.5,350,2138850
20240214,15:17:25,0.5,1800,2138850
20240214,15:17:29,0.5,1800,2138850
20240214,15:17:32,0.5,750,2138850
20240214,15:17:33,0.5,1450,2138850
20240214,15:17:35,0.5,250,2138850
20240214,15:17:36,0.5,800,2138850
20240214,15:17:40,0.5,1000,2138850
20240214,15:17:43,0.55,50,2138850
20240214,15:17:45,0.55,1900,2138850
20240214,15:17:48,0.5,50,2138850
20240214,15:17:53,0.55,300,2138850
20240214,15:17:54,0.55,750,2138850
20240214,15:18:10,0.55,50,2138850
20240214,15:18:33,0.5,1500,2138850
20240214,15:18:34,0.5,100,2138850
20240214,15:18:35,0.5,150,2138850
20240214,15:18:39,0.55,900,2138850
20240214,15:18:44,0.55,1250,2138850
20240214,15:18:46,0.55,50,2138850
20240214,15:18:54,0.55,500,2138850
20240214,15:19:01,0.5,250,2138850
20240214,15:19:02,0.5,1100,2138850
20240214,15:19:11,0.55,3250,2138850
20240214,15:19:12,0.55,7500,2138850
20240214,15:19:13,0.55,8100,2138850
20240214,15:19:16,0.5,50,2138850
20240214,15:19:25,0.55,1500,2138850
20240214,15:19:26,0.55,12750,2138850
20240214,15:19:27,0.55,4050,2138850
20240214,15:19:28,0.55,1750,2138850
20240214,15:19:29,0.55,2150,2172550
20240214,15:19:30,0.55,1900,2172550
20240214,15:19:34,0.55,1500,2172550
20240214,15:19:35,0.55,4600,2172550
20240214,15:19:36,0.55,350,2172550
20240214,15:19:44,0.6,9000,2172550
20240214,15:19:45,0.55,350,2172550
20240214,15:19:46,0.55,1200,2172550
20240214,15:19:47,0.55,1200,2172550
20240214,15:19:48,0.55,6000,2172550
20240214,15:19:53,0.5,600,2172550
20240214,15:19:53,0.55,1800,2172550
20240214,15:19:54,0.6,2400,2172550
20240214,15:19:55,0.6,1800,2172550
20240214,15:19:56,0.6,1800,2172550
20240214,15:20:13,0.55,1800,2172550
20240214,15:20:17,0.55,1800,2172550
20240214,15:20:26,0.5,200,2172550
20240214,15:20:29,0.5,500,2172550
20240214,15:20:30,0.5,350,2172550
20240214,15:20:32,0.5,250,2172550
20240214,15:20:37,0.55,2800,2172550
20240214,15:20:43,0.55,1800,2172550
20240214,15:20:49,0.55,2900,2172550
20240214,15:20:50,0.55,1400,2172550
20240214,15:20:51,0.55,550,2172550
20240214,15:20:55,0.55,250,2172550
20240214,15:20:56,0.55,1800,2172550
20240214,15:21:09,0.55,1800,2172550
20240214,15:21:13,0.6,50,2172550
20240214,15:21:18,0.55,100,2172550
20240214,15:21:20,0.55,50,2172550
20240214,15:21:41,0.55,1500,2172550
20240214,15:21:47,0.55,500,2172550
20240214,15:21:48,0.55,1800,2172550
20240214,15:21:52,0.55,650,2172550
20240214,15:21:53,0.55,400,2172550
20240214,15:21:57,0.55,1950,2172550
20240214,15:21:58,0.55,150,2172550
20240214,15:22:08,0.55,1400,2172550
20240214,15:22:08,0.6,12000,2172550
20240214,15:22:16,0.6,5400,2172550
20240214,15:22:18,0.6,1450,2172550
20240214,15:22:24,0.55,500,2172550
20240214,15:22:26,0.6,900,2172550
20240214,15:22:33,0.6,50,2186000
20240214,15:22:34,0.6,1800,2186000
20240214,15:22:36,0.6,300,2186000
20240214,15:22:38,0.55,200,2186000
20240214,15:22:45,0.6,1500,2186000
20240214,15:22:46,0.6,150,2186000
20240214,15:22:49,0.55,50,2186000
20240214,15:22:53,0.55,350,2186000
20240214,15:23:09,0.6,1000,2186000
20240214,15:23:10,0.6,3000,2186000
20240214,15:23:11,0.6,2000,2186000
20240214,15:23:12,0.6,3000,2186000
20240214,15:23:26,0.55,100,2186000
20240214,15:23:28,0.6,1000,2186000
20240214,15:23:33,0.6,4000,2186000
20240214,15:23:34,0.6,3600,2186000
20240214,15:23:35,0.6,2150,2186000
20240214,15:23:44,0.6,8500,2186000
20240214,15:23:45,0.6,1400,2186000
20240214,15:23:46,0.6,2300,2186000
20240214,15:23:59,0.55,50,2186000
20240214,15:24:00,0.55,50,2186000
20240214,15:24:01,0.55,50,2186000
20240214,15:24:03,0.55,300,2186000
20240214,15:24:04,0.55,300,2186000
20240214,15:24:05,0.55,300,2186000
20240214,15:24:08,0.55,300,2186000
20240214,15:24:09,0.55,50,2186000
20240214,15:24:10,0.55,50,2186000
20240214,15:24:11,0.55,100,2186000
20240214,15:24:12,0.55,150,2186000
20240214,15:24:13,0.55,50,2186000
20240214,15:24:14,0.55,150,2186000
20240214,15:24:15,0.55,100,2186000
20240214,15:24:16,0.55,50,2186000
20240214,15:24:17,0.55,250,2186000
20240214,15:24:18,0.55,1800,2186000
20240214,15:24:50,0.55,50,2186000
20240214,15:25:00,0.55,50,2186000
20240214,15:25:01,0.55,50,2186000
20240214,15:25:02,0.55,350,2186000
20240214,15:25:03,0.55,300,2186000
20240214,15:25:12,0.6,11950,2186000
20240214,15:25:15,0.6,1300,2186000
20240214,15:25:16,0.6,4200,2186000
20240214,15:25:17,0.6,800,2186000
20240214,15:25:18,0.6,3400,2186000
20240214,15:25:19,0.6,2100,2186000
20240214,15:25:20,0.65,50,2186000
20240214,15:25:21,0.65,50,2186000
20240214,15:25:22,0.6,250,2186000
20240214,15:25:23,0.6,500,2186000
20240214,15:25:24,0.6,1400,2186000
20240214,15:25:25,0.6,1350,2186000
20240214,15:25:26,0.6,150,2186000
20240214,15:25:27,0.6,8050,2186000
20240214,15:25:28,0.6,250,2186000
20240214,15:25:29,0.6,3000,2186000
20240214,15:25:30,0.6,2750,2214650
20240214,15:25:31,0.6,3050,2214650
20240214,15:25:32,0.65,750,2214650
20240214,15:25:33,0.6,700,2214650
20240214,15:25:35,0.65,2250,2214650
20240214,15:25:36,0.6,3200,2214650
20240214,15:25:37,0.55,250,2214650
20240214,15:25:38,0.55,100,2214650
20240214,15:25:40,0.6,100,2214650
20240214,15:25:41,0.55,50,2214650
20240214,15:25:43,0.55,400,2214650
20240214,15:25:44,0.6,50,2214650
20240214,15:25:46,0.6,50,2214650
20240214,15:25:48,0.55,350,2214650
20240214,15:25:54,0.6,50,2214650
20240214,15:25:59,0.6,500,2214650
20240214,15:26:01,0.6,1850,2214650
20240214,15:26:02,0.6,50,2214650
20240214,15:26:04,0.6,50,2214650
20240214,15:26:05,0.6,50,2214650
20240214,15:26:13,0.55,100,2214650
20240214,15:26:16,0.55,50,2214650
20240214,15:26:17,0.6,1800,2214650
20240214,15:26:24,0.6,550,2214650
20240214,15:26:30,0.55,50,2214650
20240214,15:26:33,0.6,1800,2214650
20240214,15:26:45,0.55,500,2214650
20240214,15:26:48,0.6,1800,2214650
20240214,15:26:49,0.6,500,2214650
20240214,15:26:51,0.55,250,2214650
20240214,15:26:55,0.55,250,2214650
20240214,15:27:02,0.55,250,2214650
20240214,15:27:08,0.55,100,2214650
20240214,15:27:11,0.55,200,2214650
20240214,15:27:14,0.55,1200,2214650
20240214,15:27:15,0.55,1200,2214650
20240214,15:27:17,0.6,500,2214650
20240214,15:27:19,0.6,1800,2214650
20240214,15:27:20,0.55,2050,2214650
20240214,15:27:22,0.6,1800,2214650
20240214,15:27:23,0.55,500,2214650
20240214,15:27:27,0.6,500,2214650
20240214,15:27:31,0.55,200,2214650
20240214,15:27:34,0.55,600,2214650
20240214,15:27:36,0.55,100,2214650
20240214,15:27:37,0.55,150,2214650
20240214,15:27:41,0.55,100,2214650
20240214,15:27:42,0.6,500,2214650
20240214,15:27:43,0.55,1800,2214650
20240214,15:27:44,0.6,1000,2214650
20240214,15:27:46,0.55,350,2214650
20240214,15:27:53,0.55,500,2214650
20240214,15:27:58,0.55,1200,2214650
20240214,15:27:59,0.55,500,2214650
20240214,15:28:00,0.55,500,2214650
20240214,15:28:03,0.55,500,2214650
20240214,15:28:05,0.6,300,2214650
20240214,15:28:06,0.55,1800,2214650
20240214,15:28:09,0.55,1800,2214650
20240214,15:28:12,0.55,500,2214650
20240214,15:28:12,0.6,500,2214650
20240214,15:28:17,0.6,1900,2214650
20240214,15:28:18,0.55,1200,2214650
20240214,15:28:21,0.6,1100,2214650
20240214,15:28:22,0.55,1800,2214650
20240214,15:28:22,0.55,5950,2214650
20240214,15:28:23,0.55,50,2214650
20240214,15:28:28,0.5,50,2214650
20240214,15:28:31,0.5,200,2234550
20240214,15:28:43,0.55,2500,2234550
20240214,15:28:45,0.5,500,2234550
20240214,15:28:46,0.55,50,2234550
20240214,15:28:48,0.5,900,2234550
20240214,15:28:55,0.5,250,2234550
20240214,15:28:59,0.5,1800,2234550
20240214,15:29:01,0.55,50,2234550
20240214,15:29:02,0.5,3600,2234550
20240214,15:29:02,0.5,7200,2234550
20240214,15:29:03,0.5,2100,2234550
20240214,15:29:04,0.55,1500,2234550
20240214,15:29:06,0.5,2000,2234550
20240214,15:29:08,0.5,1800,2234550
20240214,15:29:11,0.5,3800,2234550
20240214,15:29:12,0.5,300,2234550
20240214,15:29:15,0.55,1900,2234550
20240214,15:29:17,0.55,100,2234550
20240214,15:29:17,0.55,300,2234550
20240214,15:29:26,0.55,100,2234550
20240214,15:29:28,0.55,250,2234550
20240214,15:29:28,0.55,1000,2234550
20240214,15:29:29,0.5,9000,2234550
20240214,15:29:35,0.7,25200,2234550
20240214,15:29:36,0.65,600,2234550
20240214,15:29:38,0.55,350,2234550
20240214,15:29:40,0.55,1800,2234550
20240214,15:29:44,0.55,1500,2234550
20240214,15:29:45,0.55,600,2234550
20240214,15:29:48,0.55,50,2234550
20240214,15:29:49,0.55,1200,2234550
20240214,15:29:52,0.55,50,2234550
20240214,15:29:53,0.5,900,2234550
20240214,15:29:54,0.5,100,2234550
20240214,15:29:54,0.5,3600,2234550
20240214,15:29:55,0.55,250,2234550
20240214,15:29:56,0.7,4500,2234550
20240214,15:29:57,0.5,50,2234550
20240214,15:30:00,0.6,500,2234550
20240215,09:15:01,0.4,1,2280500
20240215,09:15:01,0.4,1000,2280500
20240215,09:15:02,0.35,1050,2280500
20240215,09:15:03,0.4,150,2280500
20240215,09:15:04,0.35,2000,2280500
20240215,09:15:06,0.35,2000,2280500
20240215,09:15:07,0.35,1800,2280500
20240215,09:15:08,0.4,100,2280500
20240215,09:15:09,0.4,50,2280500
20240215,09:15:10,0.35,900,2280500
20240215,09:15:11,0.35,1500,2280500
20240215,09:15:12,0.35,7000,2280500
20240215,09:15:13,0.35,8600,2280500
20240215,09:15:15,0.35,30650,2280500
20240215,09:15:16,0.3,400,2280500
20240215,09:15:22,0.35,50,2280500
20240215,09:15:25,0.3,900,2280500
20240215,09:15:26,0.35,3200,2280500
20240215,09:15:27,0.35,9000,2280500
20240215,09:15:28,0.35,13000,2280500
20240215,09:15:29,0.3,1450,2280500
20240215,09:15:30,0.3,4000,2280500
20240215,09:15:31,0.35,8100,2286750
20240215,09:15:32,0.35,2600,2286750
20240215,09:15:37,0.3,1000,2286750
20240215,09:15:38,0.3,4000,2286750
20240215,09:15:39,0.3,2000,2286750
20240215,09:15:43,0.35,1000,2286750
20240215,09:15:45,0.35,400,2286750
20240215,09:15:46,0.35,100,2286750
20240215,09:15:50,0.3,500,2286750
20240215,09:15:51,0.3,50150,2286750
20240215,09:15:53,0.3,400,2286750
20240215,09:15:57,0.3,550,2286750
20240215,09:15:59,0.3,2100,2286750
20240215,09:16:02,0.3,1400,2286750
20240215,09:16:04,0.3,2200,2286750
20240215,09:16:07,0.35,1200,2286750
20240215,09:16:12,0.35,50,2286750
20240215,09:16:14,0.3,300,2286750
20240215,09:16:15,0.3,1000,2286750
20240215,09:16:16,0.3,350,2286750
20240215,09:16:18,0.3,200,2286750
20240215,09:16:19,0.35,7500,2286750
20240215,09:16:19,0.3,50,2286750
20240215,09:16:21,0.35,2000,2286750
20240215,09:16:25,0.3,2750,2286750
20240215,09:16:26,0.35,200,2286750
20240215,09:16:29,0.35,1800,2286750
20240215,09:16:33,0.3,1650,2286750
20240215,09:16:34,0.3,3600,2286750
20240215,09:16:34,0.35,1800,2286750
20240215,09:16:35,0.3,2400,2286750
20240215,09:16:37,0.3,3600,2286750
20240215,09:16:38,0.3,1200,2286750
20240215,09:16:39,0.3,4650,2286750
20240215,09:16:40,0.35,500,2286750
20240215,09:16:41,0.35,3900,2286750
20240215,09:16:44,0.35,50,2286750
20240215,09:16:49,0.3,1000,2286750
20240215,09:16:50,0.35,500,2286750
20240215,09:16:51,0.3,1200,2286750
20240215,09:16:59,0.3,700,2286750
20240215,09:17:01,0.35,1700,2286750
20240215,09:17:01,0.35,400,2286750
20240215,09:17:02,0.3,850,2286750
20240215,09:17:04,0.3,250,2286750
20240215,09:17:05,0.3,250,2286750
20240215,09:17:08,0.3,5300,2286750
20240215,09:17:09,0.35,500,2286750
20240215,09:17:22,0.35,500,2286750
20240215,09:17:23,0.35,1000,2286750
20240215,09:17:24,0.35,1800,2286750
20240215,09:17:27,0.35,1800,2286750
20240215,09:17:30,0.3,4850,2286750
20240215,09:17:32,0.3,500,2286750
20240215,09:17:33,0.3,1000,2286750
20240215,09:17:34,0.35,50,2286750
20240215,09:17:36,0.3,3600,2286750
20240215,09:17:38,0.3,3850,2286750
20240215,09:17:39,0.3,9000,2286750
20240215,09:17:40,0.3,1800,2286750
20240215,09:17:42,0.3,3000,2286750
20240215,09:17:42,0.3,5200,2286750
20240215,09:17:43,0.3,1200,2286750
20240215,09:17:44,0.25,42550,2286750
20240215,09:17:48,0.25,1750,2286750
20240215,09:17:50,0.25,300,2286750
20240215,09:17:52,0.25,1800,2286750
20240215,09:17:52,0.25,50,2286750
20240215,09:18:00,0.25,1800,2286750
20240215,09:18:03,0.25,1800,2286750
20240215,09:18:06,0.3,1250,2286750
20240215,09:18:08,0.3,100,2286750
20240215,09:18:09,0.3,1500,2286750
20240215,09:18:13,0.3,1000,2286750
20240215,09:18:15,0.3,1000,2286750
20240215,09:18:17,0.3,350,2286750
20240215,09:18:18,0.3,500,2286750
20240215,09:18:22,0.3,1500,2286750
20240215,09:18:24,0.3,500,2286750
20240215,09:18:29,0.3,150,2286750
20240215,09:18:30,0.3,1000,2286750
20240215,09:18:36,0.3,50,2286750
20240215,09:18:37,0.3,700,2236400
20240215,09:18:45,0.25,200,2236400
20240215,09:18:48,0.25,1500,2236400
20240215,09:18:51,0.3,400,2236400
20240215,09:19:02,0.3,2900,2236400
20240215,09:19:12,0.25,1500,2236400
20240215,09:19:13,0.3,150,2236400
20240215,09:19:14,0.3,200,2236400
20240215,09:19:22,0.3,500,2236400
20240215,09:19:23,0.25,1500,2236400
20240215,09:19:25,0.25,450,2236400
20240215,09:19:26,0.25,5650,2236400
20240215,09:19:32,0.25,50,2236400
20240215,09:19:34,0.3,1800,2236400
20240215,09:19:35,0.25,1500,2236400
20240215,09:19:37,0.25,100,2236400
20240215,09:19:41,0.25,150,2236400
20240215,09:19:46,0.25,1500,2236400
20240215,09:19:48,0.3,500,2236400
20240215,09:19:51,0.25,1800,2236400
20240215,09:19:56,0.3,1400,2236400
20240215,09:20:10,0.3,2700,2236400
20240215,09:20:11,0.3,1900,2236400
20240215,09:20:13,0.3,5950,2236400
20240215,09:20:14,0.3,950,2236400
20240215,09:20:15,0.3,1000,2236400
20240215,09:20:17,0.3,950,2236400
20240215,09:20:19,0.3,100,2236400
20240215,09:20:20,0.3,950,2236400
20240215,09:20:21,0.25,400,2236400
20240215,09:20:22,0.3,950,2236400
20240215,09:20:25,0.3,950,2236400
20240215,09:20:27,0.3,950,2236400
20240215,09:20:30,0.3,950,2236400
20240215,09:20:30,0.3,200,2236400
20240215,09:20:31,0.3,950,2236400
20240215,09:20:33,0.3,950,2236400
20240215,09:20:35,0.3,950,2236400
20240215,09:20:36,0.3,950,2236400
20240215,09:20:37,0.3,950,2236400
20240215,09:20:39,0.3,950,2236400
20240215,09:20:40,0.3,950,2236400
20240215,09:20:41,0.3,950,2236400
20240215,09:20:42,0.3,950,2236400
20240215,09:20:43,0.3,100,2236400
20240215,09:20:44,0.3,950,2236400
20240215,09:20:45,0.3,950,2236400
20240215,09:20:46,0.3,900,2236400
20240215,09:20:47,0.3,650,2236400
20240215,09:20:48,0.3,500,2236400
20240215,09:20:50,0.25,4700,2236400
20240215,09:20:52,0.3,850,2236400
20240215,09:20:53,0.25,6850,2236400
20240215,09:20:54,0.3,2400,2236400
20240215,09:20:54,0.3,650,2236400
20240215,09:20:56,0.3,550,2236400
20240215,09:20:56,0.25,9000,2236400
20240215,09:20:57,0.25,2700,2236400
20240215,09:20:58,0.3,500,2236400
20240215,09:21:00,0.25,2050,2236400
20240215,09:21:00,0.3,3000,2236400
20240215,09:21:01,0.3,350,2236400
20240215,09:21:04,0.25,250,2236400
20240215,09:21:04,0.3,1000,2236400
20240215,09:21:05,0.25,250,2236400
20240215,09:21:07,0.25,200,2236400
20240215,09:21:23,0.3,800,2236400
20240215,09:21:26,0.3,1800,2236400
20240215,09:21:37,0.3,50,2260600
20240215,09:21:41,0.3,1800,2260600
20240215,09:21:44,0.3,1000,2260600
20240215,09:21:45,0.3,50,2260600
20240215,09:21:46,0.3,1300,2260600
20240215,09:21:47,0.3,750,2260600
20240215,09:21:54,0.3,50,2260600
20240215,09:22:00,0.3,100,2260600
20240215,09:22:06,0.25,100,2260600
20240215,09:22:07,0.3,1000,2260600
20240215,09:22:09,0.25,1750,2260600
20240215,09:22:12,0.3,300,2260600
20240215,09:22:21,0.3,1000,2260600
20240215,09:22:28,0.3,1500,2260600
20240215,09:22:30,0.25,2350,2260600
20240215,09:22:31,0.25,250,2260600
20240215,09:22:32,0.25,250,2260600
20240215,09:22:34,0.25,100,2260600
20240215,09:22:37,0.3,500,2260600
20240215,09:22:38,0.3,500,2260600
20240215,09:22:39,0.3,1800,2260600
20240215,09:22:39,0.3,500,2260600
20240215,09:22:47,0.3,1500,2260600
20240215,09:22:59,0.25,1950,2260600
20240215,09:23:01,0.3,50,2260600
20240215,09:23:02,0.3,500,2260600
20240215,09:23:04,0.25,10000,2260600
20240215,09:23:06,0.3,3000,2260600
20240215,09:23:07,0.3,500,2260600
20240215,09:23:08,0.25,500,2260600
20240215,09:23:09,0.25,450,2260600
20240215,09:23:10,0.3,2000,2260600
20240215,09:23:11,0.3,1000,2260600
20240215,09:23:12,0.25,550,2260600
20240215,09:23:14,0.3,500,2260600
20240215,09:23:16,0.3,1800,2260600
20240215,09:23:35,0.3,500,2260600
20240215,09:23:37,0.3,500,2260600
20240215,09:23:38,0.3,750,2260600
20240215,09:23:43,0.3,500,2260600
20240215,09:23:45,0.25,500,2260600
20240215,09:23:46,0.3,50,2260600
20240215,09:23:48,0.25,300,2260600
20240215,09:23:49,0.25,500,2260600
20240215,09:24:00,0.25,2700,2260600
20240215,09:24:01,0.3,1000,2260600
20240215,09:24:02,0.3,250,2260600
20240215,09:24:03,0.3,250,2260600
20240215,09:24:05,0.3,23400,2260600
20240215,09:24:31,0.3,50,2260600
20240215,09:24:36,0.3,1800,2260600
20240215,09:24:45,0.3,500,2266050
20240215,09:24:50,0.3,10000,2266050
20240215,09:24:53,0.3,500,2266050
20240215,09:24:55,0.3,500,2266050
20240215,09:24:56,0.25,500,2266050
20240215,09:24:57,0.25,500,2266050
20240215,09:25:00,0.3,1000,2266050
20240215,09:25:01,0.3,500,2266050
20240215,09:25:11,0.3,500,2266050
20240215,09:25:16,0.3,500,2266050
20240215,09:25:21,0.3,500,2266050
20240215,09:25:33,0.25,1800,2266050
20240215,09:25:34,0.25,3600,2266050
20240215,09:25:35,0.25,4600,2266050
20240215,09:25:41,0.3,50,2266050
20240215,09:25:44,0.3,250,2266050
20240215,09:25:46,0.25,8000,2266050
20240215,09:25:48,0.25,1000,2266050
20240215,09:25:51,0.3,1800,2266050
20240215,09:26:11,0.3,300,2266050
20240215,09:26:19,0.3,1800,2266050
20240215,09:26:24,0.25,10000,2266050
20240215,09:26:32,0.25,3000,2266050
20240215,09:26:32,0.25,50,2266050
20240215,09:26:33,0.3,1800,2266050
20240215,09:26:35,0.3,500,2266050
20240215,09:26:44,0.3,1800,2266050
20240215,09:26:47,0.25,1250,2266050
20240215,09:26:48,0.25,300,2266050
20240215,09:26:55,0.25,100,2266050
20240215,09:26:57,0.25,250,2266050
20240215,09:26:58,0.25,500,2266050
20240215,09:26:59,0.25,500,2266050
20240215,09:27:01,0.25,500,2266050
20240215,09:27:03,0.25,250,2266050
20240215,09:27:06,0.3,250,2266050
20240215,09:27:09,0.25,400,2266050
20240215,09:27:14,0.25,900,2266050
20240215,09:27:18,0.3,450,2266050
20240215,09:27:20,0.3,550,2266050
20240215,09:27:21,0.3,400,2266050
20240215,09:27:26,0.25,500,2266050
20240215,09:27:35,0.25,400,2314400
20240215,09:27:39,0.25,250,2314400
20240215,09:27:40,0.25,250,2314400
20240215,09:28:01,0.3,550,2314400
20240215,09:28:06,0.25,500,2314400
20240215,09:28:08,0.25,150,2314400
20240215,09:28:12,0.25,50,2314400
20240215,09:28:14,0.25,18500,2314400
20240215,09:28:19,0.25,5400,2314400
20240215,09:28:25,0.3,1800,2314400
20240215,09:28:26,0.3,100,2314400
20240215,09:28:26,0.25,2250,2314400
20240215,09:28:28,0.3,500,2314400
20240215,09:28:35,0.3,2800,2314400
20240215,09:28:41,0.25,92100,2314400
20240215,09:28:42,0.25,22350,2314400
20240215,09:28:45,0.25,1800,2314400
20240215,09:28:58,0.2,2450,2314400
20240215,09:29:00,0.25,3000,2314400
20240215,09:29:11,0.2,1800,2314400
20240215,09:29:13,0.2,50,2314400
20240215,09:29:16,0.2,1800,2314400
20240215,09:29:22,0.2,1800,2314400
20240215,09:29:25,0.2,1800,2314400
20240215,09:29:25,0.2,100,2314400
20240215,09:29:27,0.25,500,2314400
20240215,09:29:38,0.25,1800,2314400
20240215,09:29:40,0.2,300,2314400
20240215,09:29:46,0.2,900,2314400
20240215,09:29:47,0.2,200,2314400
20240215,09:29:59,0.2,50,2314400
20240215,09:30:09,0.2,500,2314400
20240215,09:30:10,0.25,1500,2314400
20240215,09:30:13,0.25,200,2314400
20240215,09:30:19,0.25,1800,2314400
20240215,09:30:20,0.25,6400,2314400
20240215,09:30:34,0.25,100,2266950
20240215,09:30:43,0.25,200,2266950
20240215,09:30:43,0.2,100,2266950
20240215,09:30:52,0.25,4400,2266950
20240215,09:31:00,0.25,1800,2266950
20240215,09:31:02,0.25,1000,2266950
20240215,09:31:06,0.2,1000,2266950
20240215,09:31:08,0.2,1000,2266950
20240215,09:31:18,0.25,500,2266950
20240215,09:31:23,0.2,1100,2266950
20240215,09:31:39,0.25,750,2266950
20240215,09:31:42,0.2,50,2266950
20240215,09:31:59,0.25,150,2266950
20240215,09:32:05,0.25,300,2266950
20240215,09:32:09,0.25,50,2266950
20240215,09:32:18,0.25,1800,2266950
20240215,09:32:28,0.2,50,2266950
20240215,09:32:28,0.25,400,2266950
20240215,09:32:29,0.25,1500,2266950
20240215,09:32:44,0.25,500,2266950
20240215,09:33:37,0.2,850,2266950
20240215,09:33:47,0.25,1800,2254700
20240215,09:33:49,0.25,300,2254700
20240215,09:33:52,0.25,50,2254700
20240215,09:34:00,0.2,1800,2254700
20240215,09:34:01,0.25,250,2254700
20240215,09:34:04,0.2,150,2254700
20240215,09:34:11,0.25,250,2254700
20240215,09:34:12,0.25,250,2254700
20240215,09:34:15,0.2,5400,2254700
20240215,09:34:16,0.2,25900,2254700
20240215,09:34:31,0.2,1800,2254700
20240215,09:34:32,0.25,300,2254700
20240215,09:34:38,0.25,100,2254700
20240215,09:34:43,0.25,50,2254700
20240215,09:34:44,0.25,100,2254700
20240215,09:34:45,0.25,1800,2254700
20240215,09:34:48,0.2,1350,2254700
20240215,09:34:53,0.25,450,2254700
20240215,09:34:56,0.25,600,2254700
20240215,09:35:00,0.2,50,2254700
20240215,09:35:02,0.2,50,2254700
20240215,09:35:05,0.25,100,2254700
20240215,09:35:08,0.2,500,2254700
20240215,09:35:49,0.2,27050,2254700
20240215,09:35:51,0.2,50,2254700
20240215,09:35:52,0.25,50,2254700
20240215,09:35:54,0.2,200,2254700
20240215,09:35:58,0.25,200,2254700
20240215,09:35:59,0.2,450,2254700
20240215,09:36:00,0.25,800,2254700
20240215,09:36:14,0.2,150,2254700
20240215,09:36:14,0.2,300,2254700
20240215,09:36:26,0.2,100,2254700
20240215,09:36:49,0.2,2900,2232850
20240215,09:36:51,0.2,1250,2232850
20240215,09:36:58,0.25,50,2232850
20240215,09:36:59,0.2,200,2232850
20240215,09:37:41,0.25,1050,2232850
20240215,09:37:45,0.25,900,2232850
20240215,09:37:48,0.25,1000,2232850
20240215,09:37:56,0.25,50,2232850
20240215,09:38:09,0.25,800,2232850
20240215,09:38:19,0.2,50,2232850
20240215,09:38:45,0.25,1800,2232850
20240215,09:38:47,0.25,1800,2232850
20240215,09:38:50,0.25,1800,2232850
20240215,09:38:52,0.25,1850,2232850
20240215,09:38:53,0.25,1800,2232850
20240215,09:38:54,0.25,1800,2232850
20240215,09:38:56,0.25,1800,2232850
20240215,09:38:58,0.25,1800,2232850
20240215,09:39:00,0.25,1800,2232850
20240215,09:39:03,0.25,1800,2232850
20240215,09:39:05,0.25,1800,2232850
20240215,09:39:08,0.25,1800,2232850
20240215,09:39:10,0.25,1800,2232850
20240215,09:39:12,0.25,1400,2232850
20240215,09:39:17,0.25,500,2232850
20240215,09:39:17,0.25,200,2232850
20240215,09:39:36,0.2,1500,2232850
20240215,09:39:58,0.2,1000,2214900
20240215,09:40:07,0.2,250,2214900
20240215,09:40:11,0.25,1800,2214900
20240215,09:40:31,0.25,50,2214900
20240215,09:40:32,0.25,250,2214900
20240215,09:40:33,0.25,200,2214900
20240215,09:40:49,0.25,50,2214900
20240215,09:40:56,0.2,1000,2214900
20240215,09:41:24,0.25,1800,2214900
20240215,09:41:31,0.2,100,2214900
20240215,09:41:39,0.25,1200,2214900
20240215,09:41:42,0.25,50,2214900
20240215,09:42:06,0.2,200,2214900
20240215,09:42:08,0.2,1800,2214900
20240215,09:42:10,0.2,500,2214900
20240215,09:42:20,0.25,50,2214900
20240215,09:42:24,0.2,50,2214900
20240215,09:42:34,0.2,550,2214900
20240215,09:42:37,0.2,50,2211100
20240215,09:42:52,0.25,800,2211100
20240215,09:42:53,0.25,400,2211100
20240215,09:43:15,0.25,250,2211100
20240215,09:43:29,0.2,2000,2211100
20240215,09:43:51,0.25,50,2211100
20240215,09:44:42,0.25,100,2211100
20240215,09:44:42,0.25,1800,2211100
20240215,09:44:50,0.25,300,2211100
20240215,09:45:04,0.25,50,2211100
20240215,09:45:05,0.25,50,2211100
20240215,09:45:29,0.25,100,2211100
20240215,09:45:31,0.25,1600,2211100
20240215,09:45:32,0.2,300,2211100
20240215,09:46:04,0.2,1800,2208250
20240215,09:46:05,0.25,500,2208250
20240215,09:46:08,0.25,400,2208250
20240215,09:46:17,0.25,250,2208250
20240215,09:46:25,0.2,100,2208250
20240215,09:46:29,0.25,900,2208250
20240215,09:46:30,0.2,150,2208250
20240215,09:46:35,0.2,150,2208250
20240215,09:46:44,0.25,550,2208250
20240215,09:47:02,0.2,450,2208250
20240215,09:47:03,0.25,1800,2208250
20240215,09:47:14,0.2,50,2208250
20240215,09:47:33,0.25,50,2208250
20240215,09:47:50,0.25,100,2208250
20240215,09:47:55,0.2,1500,2208250
20240215,09:48:16,0.25,50,2208250
20240215,09:48:23,0.25,1950,2208250
20240215,09:48:32,0.2,1800,2208250
20240215,09:48:33,0.25,300,2208250
20240215,09:48:44,0.2,400,2203400
20240215,09:48:48,0.25,1250,2203400
20240215,09:48:49,0.2,750,2203400
20240215,09:49:18,0.25,3500,2203400
20240215,09:49:18,0.2,350,2203400
20240215,09:49:19,0.25,50,2203400
20240215,09:49:21,0.2,50,2203400
20240215,09:49:27,0.25,1800,2203400
20240215,09:49:30,0.25,250,2203400
20240215,09:49:37,0.25,150,2203400
20240215,09:49:43,0.25,50,2203400
20240215,09:49:43,0.25,150,2203400
20240215,09:49:52,0.25,500,2203400
20240215,09:49:53,0.2,1000,2203400
20240215,09:49:57,0.2,1000,2203400
20240215,09:49:58,0.2,1000,2203400
20240215,09:50:04,0.25,750,2203400
20240215,09:50:04,0.25,1800,2203400
20240215,09:50:21,0.25,50,2203400
20240215,09:50:24,0.2,150,2203400
20240215,09:50:36,0.25,50,2203400
20240215,09:50:41,0.2,150,2203400
20240215,09:50:45,0.25,50,2203400
20240215,09:50:50,0.25,3300,2203400
20240215,09:50:50,0.2,5400,2203400
20240215,09:50:51,0.2,300,2203400
20240215,09:50:53,0.25,1800,2203400
20240215,09:50:55,0.25,1800,2203400
20240215,09:50:56,0.25,100,2203400
20240215,09:51:01,0.2,100,2203400
20240215,09:51:05,0.2,100,2203400
20240215,09:51:09,0.2,300,2203400
20240215,09:51:18,0.25,500,2203400
20240215,09:51:19,0.25,500,2203400
20240215,09:51:20,0.25,350,2203400
20240215,09:51:29,0.2,100,2203400
20240215,09:51:31,0.25,200,2203400
20240215,09:51:32,0.2,100,2203400
20240215,09:51:37,0.2,300,2203400
20240215,09:51:47,0.25,500,2183900
20240215,09:51:48,0.2,100,2183900
20240215,09:51:50,0.2,100,2183900
20240215,09:51:51,0.2,100,2183900
20240215,09:51:56,0.2,300,2183900
20240215,09:52:02,0.25,100,2183900
20240215,09:52:06,0.2,250,2183900
20240215,09:52:10,0.25,300,2183900
20240215,09:52:12,0.25,550,2183900
20240215,09:52:17,0.25,950,2183900
20240215,09:52:28,0.25,1350,2183900
20240215,09:52:37,0.2,100,2183900
20240215,09:52:45,0.25,1800,2183900
20240215,09:53:15,0.2,100,2183900
20240215,09:53:18,0.2,100,2183900
20240215,09:53:22,0.2,100,2183900
20240215,09:53:25,0.25,1600,2183900
20240215,09:53:28,0.2,100,2183900
20240215,09:53:32,0.2,100,2183900
20240215,09:53:35,0.2,100,2183900
20240215,09:53:39,0.2,100,2183900
20240215,09:53:43,0.2,300,2183900
20240215,09:53:44,0.25,1900,2183900
20240215,09:53:45,0.25,500,2183900
20240215,09:53:46,0.25,500,2183900
20240215,09:53:49,0.2,50,2183900
20240215,09:53:53,0.25,50,2183900
20240215,09:53:54,0.2,100,2183900
20240215,09:53:57,0.2,300,2183900
20240215,09:54:02,0.2,1000,2183900
20240215,09:54:05,0.2,1500,2183900
20240215,09:54:08,0.2,100,2183900
20240215,09:54:10,0.2,2900,2183900
20240215,09:54:12,0.2,300,2183900
20240215,09:54:22,0.2,50,2183900
20240215,09:54:23,0.2,500,2183900
20240215,09:54:41,0.2,100,2181550
20240215,09:54:42,0.2,4500,2181550
20240215,09:54:43,0.2,7500,2181550
20240215,09:54:43,0.2,3000,2181550
20240215,09:54:46,0.2,150,2181550
20240215,09:54:47,0.2,100,2181550
20240215,09:54:49,0.2,3000,2181550
20240215,09:54:50,0.2,9000,2181550
20240215,09:54:50,0.2,3050,2181550
20240215,09:54:51,0.2,100,2181550
20240215,09:54:55,0.2,100,2181550
20240215,09:54:58,0.2,300,2181550
20240215,09:54:59,0.2,4500,2181550
20240215,09:55:00,0.2,9000,2181550
20240215,09:55:01,0.2,1500,2181550
20240215,09:55:03,0.2,950,2181550
20240215,09:55:04,0.2,950,2181550
20240215,09:55:06,0.2,1000,2181550
20240215,09:55:07,0.2,950,2181550
20240215,09:55:14,0.2,950,2181550
20240215,09:55:16,0.2,950,2181550
20240215,09:55:22,0.2,950,2181550
20240215,09:55:24,0.2,1500,2181550
20240215,09:55:24,0.2,3000,2181550
20240215,09:55:25,0.2,3950,2181550
20240215,09:55:26,0.2,3000,2181550
20240215,09:55:27,0.2,3000,2181550
20240215,09:55:29,0.2,2450,2181550
20240215,09:55:29,0.2,1900,2181550
20240215,09:55:30,0.2,1150,2181550
20240215,09:55:31,0.2,950,2181550
20240215,09:55:33,0.2,6950,2181550
20240215,09:55:34,0.2,8450,2181550
20240215,09:55:34,0.2,1500,2181550
20240215,09:55:43,0.25,100,2181550
20240215,09:55:45,0.2,1500,2181550
20240215,09:55:45,0.2,3000,2181550
20240215,09:55:46,0.2,3000,2181550
20240215,09:55:47,0.2,3000,2181550
20240215,09:55:49,0.2,3850,2181550
20240215,09:55:50,0.2,3000,2181550
20240215,09:55:51,0.2,500,2181550
20240215,09:55:53,0.25,950,2181550
20240215,09:55:58,0.2,1450,2181550
20240215,09:56:01,0.2,1300,2181550
20240215,09:56:02,0.2,2300,2181550
20240215,09:56:03,0.25,950,2181550
20240215,09:56:04,0.25,750,2181550
20240215,09:56:05,0.2,1000,2181550
20240215,09:56:06,0.25,950,2181550
20240215,09:56:07,0.25,2450,2181550
20240215,09:56:08,0.25,950,2181550
20240215,09:56:09,0.25,950,2181550
20240215,09:56:10,0.2,2300,2181550
20240215,09:56:11,0.2,1450,2181550
20240215,09:56:12,0.25,100,2181550
20240215,09:56:13,0.25,1900,2181550
20240215,09:56:14,0.2,250,2181550
20240215,09:56:15,0.25,850,2181550
20240215,09:56:16,0.25,750,2181550
20240215,09:56:17,0.25,950,2181550
20240215,09:56:19,0.25,900,2181550
20240215,09:56:34,0.2,950,2181550
20240215,09:56:37,0.2,950,2181550
20240215,09:56:38,0.2,650,2181550
20240215,09:56:41,0.2,950,2181550
20240215,09:56:42,0.2,950,2181550
20240215,09:56:43,0.2,1900,2181550
20240215,09:56:44,0.2,1050,2181550
20240215,09:56:45,0.2,2250,2181550
20240215,09:56:50,0.25,100,2181550
20240215,09:56:51,0.25,1500,2181550
20240215,09:56:53,0.25,950,2181550
20240215,09:56:54,0.25,1450,2181550
20240215,09:56:55,0.25,950,2181550
20240215,09:56:56,0.2,4550,2181550
20240215,09:56:57,0.2,1250,2181550
20240215,09:56:58,0.2,1800,2181550
20240215,09:57:00,0.2,1800,2181550
20240215,09:57:01,0.25,950,2181550
20240215,09:57:02,0.25,1200,2181550
20240215,09:57:05,0.25,950,2181550
20240215,09:57:06,0.2,300,2181550
20240215,09:57:08,0.25,250,2181550
20240215,09:57:09,0.2,7200,2181550
20240215,09:57:10,0.2,6250,2181550
20240215,09:57:12,0.25,950,2181550
20240215,09:57:13,0.2,1800,2181550
20240215,09:57:15,0.25,750,2181550
20240215,09:57:16,0.25,1050,2181550
20240215,09:57:20,0.25,950,2181550
20240215,09:57:22,0.25,650,2181550
20240215,09:57:23,0.25,1800,2181550
20240215,09:57:26,0.2,3600,2181550
20240215,09:57:27,0.2,1800,2181550
20240215,09:57:28,0.25,1800,2181550
20240215,09:57:29,0.25,100,2181550
20240215,09:57:30,0.2,9050,2181550
20240215,09:57:31,0.25,1800,2181550
20240215,09:57:32,0.25,600,2181550
20240215,09:57:34,0.2,30250,2181550
20240215,09:57:35,0.2,18000,2181550
20240215,09:57:36,0.2,100,2181550
20240215,09:57:37,0.2,2400,2181550
20240215,09:57:39,0.2,100,2181550
20240215,09:57:41,0.2,5100,2130300
20240215,09:57:42,0.2,3600,2130300
20240215,09:57:43,0.2,300,2130300
20240215,09:57:45,0.2,600,2130300
20240215,09:57:46,0.2,2300,2130300
20240215,09:57:47,0.2,1800,2130300
20240215,09:57:48,0.2,950,2130300
20240215,09:57:50,0.2,7200,2130300
20240215,09:57:51,0.2,100,2130300
20240215,09:57:53,0.2,3600,2130300
20240215,09:57:54,0.2,12600,2130300
20240215,09:57:55,0.2,9000,2130300
20240215,09:57:57,0.2,2100,2130300
20240215,09:57:58,0.2,13200,2130300
20240215,09:57:59,0.2,32350,2130300
20240215,09:58:00,0.2,20200,2130300
20240215,09:58:01,0.2,500,2130300
20240215,09:58:02,0.2,3800,2130300
20240215,09:58:03,0.2,5400,2130300
20240215,09:58:05,0.2,300,2130300
20240215,09:58:05,0.2,1250,2130300
20240215,09:58:06,0.2,1600,2130300
20240215,09:58:07,0.15,2950,2130300
20240215,09:58:08,0.15,1850,2130300
20240215,09:58:09,0.15,3600,2130300
20240215,09:58:10,0.15,1800,2130300
20240215,09:58:11,0.15,1800,2130300
20240215,09:58:13,0.15,1800,2130300
20240215,09:58:16,0.15,14000,2130300
20240215,09:58:17,0.2,12600,2130300
20240215,09:58:18,0.2,22500,2130300
20240215,09:58:19,0.15,100,2130300
20240215,09:58:20,0.15,1800,2130300
20240215,09:58:21,0.2,200,2130300
20240215,09:58:23,0.15,3300,2130300
20240215,09:58:24,0.15,300,2130300
20240215,09:58:25,0.15,1800,2130300
20240215,09:58:27,0.15,1800,2130300
20240215,09:58:28,0.2,1500,2130300
20240215,09:58:30,0.15,1800,2130300
20240215,09:58:31,0.15,1800,2130300
20240215,09:58:32,0.2,1800,2130300
20240215,09:58:33,0.2,1800,2130300
20240215,09:58:34,0.2,150,2130300
20240215,09:58:35,0.15,100,2130300
20240215,09:58:39,0.15,100,2130300
20240215,09:58:39,0.2,50,2130300
20240215,09:58:41,0.2,50,2130300
20240215,09:58:42,0.15,1800,2130300
20240215,09:58:43,0.15,300,2130300
20240215,09:58:56,0.15,300,2130300
20240215,09:59:05,0.15,3600,2130300
20240215,09:59:08,0.15,100,2130300
20240215,09:59:13,0.15,100,2130300
20240215,09:59:17,0.15,100,2130300
20240215,09:59:22,0.15,300,2130300
20240215,09:59:24,0.2,500,2130300
20240215,09:59:25,0.15,1800,2130300
20240215,09:59:34,0.15,500,2130300
20240215,09:59:45,0.15,50,2130300
20240215,09:59:52,0.15,100,2130300
20240215,09:59:54,0.2,50,2130300
20240215,09:59:56,0.15,100,2130300
20240215,10:00:01,0.15,300,2130300
20240215,10:00:05,0.2,650,2130300
20240215,10:00:06,0.2,950,2130300
20240215,10:00:09,0.2,950,2130300
20240215,10:00:11,0.2,1000,2130300
20240215,10:00:12,0.2,1900,2130300
20240215,10:00:15,0.2,250,2130300
20240215,10:00:18,0.15,500,2130300
20240215,10:00:33,0.15,50,2130300
20240215,10:00:36,0.15,450,2130300
20240215,10:00:49,0.2,1850,2130300
20240215,10:00:50,0.2,450,2030250
20240215,10:01:03,0.15,1800,2030250
20240215,10:01:22,0.15,100,2030250
20240215,10:01:26,0.15,100,2030250
20240215,10:01:30,0.15,100,2030250
20240215,10:01:34,0.2,600,2030250
20240215,10:01:37,0.15,100,2030250
20240215,10:01:42,0.15,300,2030250
20240215,10:01:55,0.15,300,2030250
20240215,10:01:55,0.2,50,2030250
20240215,10:02:02,0.2,300,2030250
20240215,10:02:06,0.15,300,2030250
20240215,10:02:15,0.2,1100,2030250
20240215,10:02:17,0.15,100,2030250
20240215,10:02:22,0.15,100,2030250
20240215,10:02:26,0.15,100,2030250
20240215,10:02:31,0.15,100,2030250
20240215,10:02:35,0.15,100,2030250
20240215,10:02:35,0.2,50,2030250
20240215,10:02:39,0.15,100,2030250
20240215,10:02:43,0.15,100,2030250
20240215,10:02:46,0.15,500,2030250
20240215,10:02:46,0.2,400,2030250
20240215,10:02:50,0.15,50,2030250
20240215,10:03:01,0.15,1800,2030250
20240215,10:03:02,0.15,1800,2030250
20240215,10:03:08,0.15,300,2030250
20240215,10:03:10,0.2,50,2030250
20240215,10:03:16,0.2,200,2030250
20240215,10:03:20,0.15,300,2030250
20240215,10:03:22,0.15,1800,2030250
20240215,10:03:34,0.15,300,2030250
20240215,10:03:34,0.15,3600,2030250
20240215,10:03:35,0.15,1800,2030250
20240215,10:03:46,0.15,100,2031250
20240215,10:03:47,0.15,50,2031250
20240215,10:03:49,0.15,300,2031250
20240215,10:04:00,0.15,100,2031250
20240215,10:04:03,0.15,500,2031250
20240215,10:04:22,0.15,100,2031250
20240215,10:04:26,0.15,350,2031250
20240215,10:04:29,0.15,100,2031250
20240215,10:04:33,0.15,100,2031250
20240215,10:04:37,0.15,300,2031250
20240215,10:04:42,0.15,1850,2031250
20240215,10:04:43,0.2,1800,2031250
20240215,10:04:47,0.15,1900,2031250
20240215,10:04:51,0.15,100,2031250
20240215,10:04:56,0.15,300,2031250
20240215,10:04:59,0.15,50,2031250
20240215,10:05:03,0.15,50,2031250
20240215,10:05:05,0.15,100,2031250
20240215,10:05:06,0.15,300,2031250
20240215,10:05:06,0.15,200,2031250
20240215,10:05:08,0.15,100,2031250
20240215,10:05:15,0.15,600,2031250
20240215,10:05:17,0.2,1000,2031250
20240215,10:05:22,0.15,650,2031250
20240215,10:05:22,0.15,500,2031250
20240215,10:05:23,0.15,150,2031250
20240215,10:05:24,0.15,900,2031250
20240215,10:05:25,0.15,1800,2031250
20240215,10:05:27,0.15,1800,2031250
20240215,10:05:29,0.15,1800,2031250
20240215,10:05:31,0.15,1800,2031250
20240215,10:05:32,0.15,1800,2031250
20240215,10:05:32,0.2,2250,2031250
20240215,10:05:34,0.15,1800,2031250
20240215,10:05:36,0.15,1800,2031250
20240215,10:05:38,0.15,500,2031250
20240215,10:05:41,0.15,1900,2031250
20240215,10:05:42,0.15,100,2031250
20240215,10:05:53,0.15,1800,2031250
20240215,10:05:57,0.15,100,2031250
20240215,10:06:00,0.15,100,2031250
20240215,10:06:02,0.15,400,2031250
20240215,10:06:03,0.15,100,2031250
20240215,10:06:07,0.15,50,2031250
20240215,10:06:12,0.2,1800,2031250
20240215,10:06:15,0.15,100,2031250
20240215,10:06:19,0.15,100,2031250
20240215,10:06:22,0.15,300,2031250
20240215,10:06:22,0.15,250,2031250
20240215,10:06:25,0.2,950,2031250
20240215,10:06:26,0.2,950,2031250
20240215,10:06:27,0.2,950,2031250
20240215,10:06:28,0.2,2750,2031250
20240215,10:06:29,0.2,950,2031250
20240215,10:06:31,0.2,1900,2031250
20240215,10:06:32,0.2,750,2031250
20240215,10:06:33,0.2,550,2031250
20240215,10:06:37,0.15,250,2031250
20240215,10:06:42,0.15,1800,2031250
20240215,10:06:46,0.15,1900,2025700
20240215,10:06:51,0.15,1800,2025700
20240215,10:06:52,0.15,1800,2025700
20240215,10:06:53,0.15,250,2025700
20240215,10:06:55,0.15,3600,2025700
20240215,10:07:02,0.15,50,2025700
20240215,10:07:08,0.15,3600,2025700
20240215,10:07:19,0.2,50,2025700
20240215,10:07:20,0.2,1800,2025700
20240215,10:07:24,0.15,1800,2025700
20240215,10:07:49,0.15,12600,2025700
20240215,10:08:00,0.15,1800,2025700
20240215,10:08:02,0.15,1800,2025700
20240215,10:08:04,0.15,100,2025700
20240215,10:08:07,0.15,50,2025700
20240215,10:08:09,0.2,50,2025700
20240215,10:08:46,0.2,1500,2025700
20240215,10:08:52,0.15,1800,2025700
20240215,10:08:54,0.15,1800,2025700
20240215,10:08:55,0.15,1800,2025700
20240215,10:08:56,0.15,1800,2025700
20240215,10:08:57,0.15,1800,2025700
20240215,10:08:58,0.15,3600,2025700
20240215,10:09:01,0.2,250,2025700
20240215,10:09:11,0.2,850,2025700
20240215,10:09:19,0.15,50,2025700
20240215,10:09:20,0.15,500,2025700
20240215,10:09:24,0.2,50,2025700
20240215,10:09:25,0.15,5400,2025700
20240215,10:09:26,0.15,9000,2025700
20240215,10:09:27,0.15,14400,2025700
20240215,10:09:28,0.15,7200,2025700
20240215,10:09:34,0.15,1800,2025700
20240215,10:09:48,0.15,100,2020400
20240215,10:09:55,0.15,5400,2020400
20240215,10:09:56,0.15,14400,2020400
20240215,10:09:57,0.15,10800,2020400
20240215,10:09:58,0.15,7200,2020400
20240215,10:10:07,0.15,50,2020400
20240215,10:10:35,0.15,50,2020400
20240215,10:10:36,0.15,1950,2020400
20240215,10:10:37,0.2,50,2020400
20240215,10:10:45,0.15,1800,2020400
20240215,10:10:46,0.15,1800,2020400
20240215,10:10:47,0.15,4600,2020400
20240215,10:10:52,0.15,300,2020400
20240215,10:10:54,0.15,50,2020400
20240215,10:10:58,0.15,1850,2020400
20240215,10:10:59,0.15,1800,2020400
20240215,10:11:22,0.15,7200,2020400
20240215,10:11:25,0.2,1000,2020400
20240215,10:11:29,0.15,350,2020400
20240215,10:11:34,0.15,600,2020400
20240215,10:11:37,0.15,1800,2020400
20240215,10:11:44,0.2,1800,2020400
20240215,10:11:45,0.15,1800,2020400
20240215,10:11:47,0.15,1800,2020400
20240215,10:12:13,0.15,150,2020400
20240215,10:12:23,0.15,1800,2020400
20240215,10:12:34,0.15,1850,2020400
20240215,10:12:37,0.15,1950,2020400
20240215,10:12:46,0.15,1950,2020150
20240215,10:12:53,0.15,3000,2020150
20240215,10:12:54,0.15,2400,2020150
20240215,10:12:56,0.15,50,2020150
20240215,10:12:56,0.15,1800,2020150
20240215,10:12:57,0.15,1900,2020150
20240215,10:12:58,0.15,3750,2020150
20240215,10:12:59,0.15,1900,2020150
20240215,10:13:00,0.15,50,2020150
20240215,10:13:01,0.15,2100,2020150
20240215,10:13:03,0.2,300,2020150
20240215,10:13:04,0.15,400,2020150
20240215,10:13:06,0.15,500,2020150
20240215,10:13:07,0.15,2300,2020150
20240215,10:13:09,0.15,21900,2020150
20240215,10:13:10,0.15,100,2020150
20240215,10:13:11,0.15,4800,2020150
20240215,10:13:12,0.15,22000,2020150
20240215,10:13:13,0.15,12800,2020150
20240215,10:13:14,0.15,12200,2020150
20240215,10:13:16,0.15,1800,2020150
20240215,10:13:17,0.15,10800,2020150
20240215,10:13:18,0.15,7200,2020150
20240215,10:13:22,0.15,37800,2020150
20240215,10:13:27,0.15,3600,2020150
20240215,10:13:28,0.2,2200,2020150
20240215,10:13:31,0.15,1800,2020150
20240215,10:13:33,0.15,21600,2020150
20240215,10:13:35,0.2,5200,2020150
20240215,10:13:37,0.15,1900,2020150
20240215,10:13:39,0.15,11400,2020150
20240215,10:13:40,0.15,31800,2020150
20240215,10:13:41,0.15,19150,2020150
20240215,10:13:46,0.1,1800,2020150
20240215,10:13:48,0.1,5300,2020150
20240215,10:13:50,0.1,1800,2020150
20240215,10:13:50,0.15,1500,2020150
20240215,10:13:51,0.15,1900,2020150
20240215,10:13:53,0.1,3300,2020150
20240215,10:13:54,0.1,3300,2020150
20240215,10:13:55,0.1,3600,2020150
20240215,10:13:55,0.1,1800,2020150
20240215,10:13:56,0.1,1800,2020150
20240215,10:14:01,0.1,1800,2020150
20240215,10:14:02,0.1,1800,2020150
20240215,10:14:12,0.1,1800,2020150
20240215,10:14:17,0.15,7000,2020150
20240215,10:14:27,0.1,1850,2020150
20240215,10:14:29,0.1,1800,2020150
20240215,10:14:36,0.1,1800,2020150
20240215,10:14:38,0.1,2350,2020150
20240215,10:14:40,0.15,50,2020150
20240215,10:14:42,0.1,2200,2020150
20240215,10:14:43,0.1,2150,2020150
20240215,10:14:44,0.1,1050,2020150
20240215,10:14:45,0.1,50,2020150
20240215,10:14:46,0.1,1800,2020150
20240215,10:14:49,0.1,2100,2020150
20240215,10:14:55,0.1,1800,2020150
20240215,10:14:57,0.1,2800,2020150
20240215,10:15:00,0.1,1800,2020150
20240215,10:15:01,0.15,600,2020150
20240215,10:15:04,0.1,3650,2020150
20240215,10:15:06,0.1,1800,2020150
20240215,10:15:07,0.1,350,2020150
20240215,10:15:08,0.15,50,2020150
20240215,10:15:09,0.1,1800,2020150
20240215,10:15:14,0.15,650,2020150
20240215,10:15:15,0.1,1800,2020150
20240215,10:15:17,0.1,3800,2020150
20240215,10:15:18,0.1,3600,2020150
20240215,10:15:19,0.1,1800,2020150
20240215,10:15:22,0.1,3600,2020150
20240215,10:15:24,0.1,1800,2020150
20240215,10:15:24,0.15,500,2020150
20240215,10:15:27,0.1,450,2020150
20240215,10:15:28,0.1,2100,2020150
20240215,10:15:33,0.1,1800,2020150
20240215,10:15:38,0.1,500,2020150
20240215,10:15:41,0.1,2550,1995300
20240215,10:15:52,0.1,2750,1995300
20240215,10:15:53,0.15,500,1995300
20240215,10:15:58,0.15,250,1995300
20240215,10:16:01,0.15,2400,1995300
20240215,10:16:01,0.15,3600,1995300
20240215,10:16:02,0.1,3600,1995300
20240215,10:16:09,0.1,2500,1995300
20240215,10:16:16,0.1,2550,1995300
20240215,10:16:18,0.1,100,1995300
20240215,10:16:21,0.1,1800,1995300
20240215,10:16:42,0.15,50,1995300
20240215,10:16:46,0.1,1800,1995300
20240215,10:16:47,0.15,250,1995300
20240215,10:16:52,0.1,1800,1995300
20240215,10:16:54,0.1,1800,1995300
20240215,10:17:05,0.1,1800,1995300
20240215,10:17:10,0.1,1800,1995300
20240215,10:17:13,0.15,250,1995300
20240215,10:17:14,0.1,250,1995300
20240215,10:17:16,0.1,150,1995300
20240215,10:17:28,0.1,1850,1995300
20240215,10:17:30,0.1,1800,1995300
20240215,10:17:49,0.1,50,1995300
20240215,10:17:52,0.1,1800,1995300
20240215,10:18:10,0.1,150,1995300
20240215,10:18:35,0.1,1850,1995300
20240215,10:18:45,0.1,1800,1987650
20240215,10:18:46,0.1,1800,1987650
20240215,10:18:53,0.1,300,1987650
20240215,10:19:02,0.15,1650,1987650
20240215,10:19:04,0.1,1000,1987650
20240215,10:19:06,0.15,50,1987650
20240215,10:19:17,0.15,250,1987650
20240215,10:19:57,0.15,1300,1987650
20240215,10:19:58,0.15,500,1987650
20240215,10:20:00,0.1,2050,1987650
20240215,10:20:01,0.15,250,1987650
20240215,10:20:02,0.15,250,1987650
20240215,10:20:12,0.1,1950,1987650
20240215,10:20:14,0.15,250,1987650
20240215,10:20:28,0.15,50,1987650
20240215,10:20:46,0.1,1950,1987650
20240215,10:20:53,0.1,1800,1987650
20240215,10:20:58,0.1,1850,1987650
20240215,10:21:00,0.1,1800,1987650
20240215,10:21:13,0.1,1800,1987650
20240215,10:21:22,0.1,1800,1987650
20240215,10:21:34,0.1,1800,1987650
20240215,10:22:00,0.1,3600,1985500
20240215,10:22:08,0.1,1800,1985500
20240215,10:22:09,0.15,300,1985500
20240215,10:22:17,0.1,1800,1985500
20240215,10:22:17,0.1,2550,1985500
20240215,10:22:20,0.15,50,1985500
20240215,10:22:39,0.15,750,1985500
20240215,10:22:55,0.1,1850,1985500
20240215,10:23:03,0.15,400,1985500
20240215,10:23:41,0.1,1800,1985500
20240215,10:23:51,0.1,50,1985500
20240215,10:23:52,0.1,1800,1985500
20240215,10:24:03,0.1,1800,1985500
20240215,10:24:19,0.1,1800,1985500
20240215,10:24:28,0.1,1800,1985500
20240215,10:24:41,0.15,1800,1985500
20240215,10:24:41,0.15,200,1985500
20240215,10:24:44,0.1,1800,1983700
20240215,10:25:10,0.15,750,1983700
20240215,10:25:15,0.1,1800,1983700
20240215,10:25:15,0.1,500,1983700
20240215,10:25:18,0.1,2900,1983700
20240215,10:25:30,0.1,1800,1983700
20240215,10:25:39,0.15,100,1983700
20240215,10:25:41,0.1,1800,1983700
20240215,10:25:44,0.15,200,1983700
20240215,10:25:47,0.1,1800,1983700
20240215,10:26:15,0.15,450,1983700
20240215,10:26:27,0.1,1800,1983700
20240215,10:26:29,0.1,1800,1983700
20240215,10:26:32,0.1,1800,1983700
20240215,10:26:46,0.1,1800,1983700
20240215,10:27:03,0.1,1800,1983700
20240215,10:27:29,0.1,50,1983700
20240215,10:27:56,0.1,1800,1983700
20240215,10:27:58,0.1,1800,1983700
20240215,10:28:06,0.1,1800,1983700
20240215,10:28:10,0.1,3350,1983700
20240215,10:28:13,0.1,1800,1983700
20240215,10:28:37,0.1,200,1983700
20240215,10:28:41,0.1,1800,1983700
20240215,10:28:44,0.1,1800,1983700
20240215,10:28:45,0.1,900,1983700
20240215,10:28:46,0.1,1800,1983700
20240215,10:28:47,0.1,3600,1983700
20240215,10:28:49,0.1,3700,1983700
20240215,10:28:51,0.1,1800,1983700
20240215,10:28:52,0.1,3600,1983700
20240215,10:28:54,0.1,1800,1983700
20240215,10:28:55,0.1,1800,1983700
20240215,10:28:56,0.1,1800,1983700
20240215,10:28:57,0.1,3600,1983700
20240215,10:28:58,0.1,3600,1983700
20240215,10:28:59,0.1,1800,1983700
20240215,10:29:02,0.1,1800,1983700
20240215,10:29:03,0.1,1800,1983700
20240215,10:29:04,0.1,3600,1983700
20240215,10:29:05,0.1,1800,1983700
20240215,10:29:06,0.1,1800,1983700
20240215,10:29:07,0.1,5400,1983700
20240215,10:29:08,0.1,1800,1983700
20240215,10:29:09,0.1,3600,1983700
20240215,10:29:10,0.1,3600,1983700
20240215,10:29:11,0.1,9000,1983700
20240215,10:29:12,0.1,7200,1983700
20240215,10:29:13,0.1,1800,1983700
20240215,10:29:14,0.1,1800,1983700
20240215,10:29:15,0.1,1800,1983700
20240215,10:29:16,0.1,3600,1983700
20240215,10:29:17,0.1,1800,1983700
20240215,10:29:18,0.1,39600,1983700
20240215,10:29:19,0.1,1800,1983700
20240215,10:29:20,0.1,1800,1983700
20240215,10:29:22,0.1,1800,1983700
20240215,10:29:23,0.1,3600,1983700
20240215,10:29:24,0.1,2000,1983700
20240215,10:29:25,0.1,19800,1983700
20240215,10:29:26,0.1,5400,1983700
20240215,10:29:27,0.1,1800,1983700
20240215,10:29:28,0.1,5400,1983700
20240215,10:29:29,0.1,1800,1983700
20240215,10:29:30,0.1,1800,1983700
20240215,10:29:31,0.1,7200,1983700
20240215,10:29:32,0.15,4000,1983700
20240215,10:29:33,0.1,5400,1983700
20240215,10:29:34,0.1,5400,1983700
20240215,10:29:35,0.1,10800,1983700
20240215,10:29:36,0.1,7200,1983700
20240215,10:29:37,0.1,1850,1983700
20240215,10:29:38,0.1,9000,1983700
20240215,10:29:39,0.1,50,1983700
20240215,10:29:40,0.1,3600,1983700
20240215,10:29:41,0.1,3650,1983700
20240215,10:29:42,0.1,1800,1983700
20240215,10:29:43,0.1,1800,1983700
20240215,10:29:44,0.1,3600,1983700
20240215,10:29:45,0.1,7200,1983700
20240215,10:29:46,0.1,14650,1983700
20240215,10:29:47,0.1,10800,1983700
20240215,10:29:48,0.1,1800,1983700
20240215,10:29:49,0.1,10650,1983700
20240215,10:29:50,0.1,3600,1983700
20240215,10:29:51,0.1,1800,1983700
20240215,10:29:52,0.1,1800,1983700
20240215,10:29:55,0.1,25200,1983700
20240215,10:29:56,0.1,21600,1983700
20240215,10:29:57,0.1,9000,1983700
20240215,10:29:58,0.1,10800,1983700
20240215,10:29:59,0.1,78900,1983700
20240215,10:30:00,0.1,12650,1983700
20240215,10:30:01,0.05,32450,1983700
20240215,10:30:02,0.05,1800,1983700
20240215,10:30:03,0.1,8900,1983700
20240215,10:30:04,0.05,4350,1983700
20240215,10:30:05,0.1,1850,1983700
20240215,10:30:06,0.05,1800,1983700
20240215,10:30:07,0.05,3600,1983700
20240215,10:30:08,0.05,4000,1983700
20240215,10:30:09,0.05,3650,1983700
20240215,10:30:10,0.05,1800,1983700
20240215,10:30:11,0.1,1850,1983700
20240215,10:30:12,0.05,1800,1983700
20240215,10:30:13,0.1,3600,1983700
20240215,10:30:14,0.1,3650,1983700
20240215,10:30:15,0.1,1800,1983700
20240215,10:30:16,0.1,3650,1983700
20240215,10:30:17,0.1,1800,1983700
20240215,10:30:18,0.1,3650,1983700
20240215,10:30:19,0.1,3600,1983700
20240215,10:30:20,0.1,7250,1983700
20240215,10:30:21,0.05,3600,1983700
20240215,10:30:22,0.05,5500,1983700
20240215,10:30:23,0.1,1800,1983700
20240215,10:30:24,0.1,5400,1983700
20240215,10:30:25,0.1,1850,1983700
20240215,10:30:27,0.05,100,1983700
20240215,10:30:29,0.1,1800,1983700
20240215,10:30:30,0.1,50,1983700
20240215,10:30:31,0.1,50,1983700
20240215,10:30:32,0.1,1800,1983700
20240215,10:30:33,0.1,50,1983700
20240215,10:30:34,0.1,1800,1983700
20240215,10:30:36,0.1,50,1983700
20240215,10:30:38,0.1,50,1983700
20240215,10:30:40,0.1,50,1983700
20240215,10:30:42,0.1,50,1983700
20240215,10:30:45,0.1,50,1888900
20240215,10:30:46,0.1,50,1888900
20240215,10:30:47,0.05,1800,1888900
20240215,10:30:48,0.1,450,1888900
20240215,10:30:50,0.05,1500,1888900
20240215,10:30:51,0.1,50,1888900
20240215,10:30:53,0.1,50,1888900
20240215,10:30:58,0.1,1450,1888900
20240215,10:30:59,0.1,1250,1888900
20240215,10:31:00,0.1,900,1888900
20240215,10:31:04,0.1,1100,1888900
20240215,10:31:06,0.1,700,1888900
20240215,10:31:08,0.05,100,1888900
20240215,10:31:21,0.1,2500,1888900
20240215,10:31:42,0.1,500,1888900
20240215,10:31:44,0.1,500,1888900
20240215,10:31:57,0.1,1800,1888900
20240215,10:31:59,0.1,1800,1888900
20240215,10:32:04,0.1,1800,1888900
20240215,10:32:08,0.1,600,1888900
20240215,10:32:14,0.1,1800,1888900
20240215,10:32:21,0.05,50,1888900
20240215,10:32:23,0.05,50,1888900
20240215,10:32:26,0.05,50,1888900
20240215,10:33:33,0.1,100,1888900
20240215,10:33:39,0.1,50,1888900
20240215,10:34:04,0.1,500,1888900
20240215,10:34:08,0.05,400,1878100
20240215,10:34:16,0.05,100,1878100
20240215,10:34:21,0.1,1000,1878100
20240215,10:34:35,0.1,50,1878100
20240215,10:35:01,0.1,250,1878100
20240215,10:35:07,0.1,450,1878100
20240215,10:35:08,0.05,300,1878100
20240215,10:35:08,0.1,50,1878100
20240215,10:35:09,0.1,350,1878100
20240215,10:35:16,0.1,450,1878100
20240215,10:35:16,0.1,1450,1878100
20240215,10:35:18,0.05,100,1878100
20240215,10:35:19,0.1,1800,1878100
20240215,10:35:20,0.1,150,1878100
20240215,10:35:24,0.05,100,1878100
20240215,10:35:28,0.05,100,1878100
20240215,10:35:31,0.1,1850,1878100
20240215,10:35:31,0.1,3450,1878100
20240215,10:35:33,0.05,100,1878100
20240215,10:35:35,0.1,2100,1878100
20240215,10:35:35,0.05,50,1878100
20240215,10:35:37,0.05,100,1878100
20240215,10:35:40,0.1,100,1878100
20240215,10:35:41,0.05,100,1878100
20240215,10:35:45,0.05,100,1878100
20240215,10:35:50,0.05,300,1878100
20240215,10:36:01,0.05,300,1878100
20240215,10:36:09,0.05,850,1878100
20240215,10:36:10,0.05,600,1878100
20240215,10:36:11,0.05,600,1878100
20240215,10:36:13,0.05,750,1878100
20240215,10:36:15,0.05,750,1878100
20240215,10:36:17,0.05,850,1878100
20240215,10:36:19,0.05,650,1878100
20240215,10:36:21,0.05,550,1878100
20240215,10:36:22,0.05,500,1878100
20240215,10:36:23,0.05,550,1878100
20240215,10:36:24,0.1,800,1878100
20240215,10:36:25,0.05,1000,1878100
20240215,10:36:26,0.05,550,1878100
20240215,10:36:27,0.05,650,1878100
20240215,10:36:31,0.05,150,1878100
20240215,10:36:36,0.05,200,1878100
20240215,10:36:54,0.05,300,1869250
20240215,10:37:06,0.05,300,1869250
20240215,10:37:18,0.1,50,1869250
20240215,10:37:19,0.05,100,1869250
20240215,10:37:24,0.05,300,1869250
20240215,10:37:26,0.05,1500,1869250
20240215,10:37:36,0.05,300,1869250
20240215,10:37:48,0.05,100,1869250
20240215,10:37:53,0.05,300,1869250
20240215,10:38:03,0.05,50,1869250
20240215,10:38:04,0.05,100,1869250
20240215,10:38:09,0.05,300,1869250
20240215,10:38:10,0.05,50,1869250
20240215,10:38:21,0.05,100,1869250
20240215,10:38:25,0.05,100,1869250
20240215,10:38:29,0.05,100,1869250
20240215,10:38:33,0.05,100,1869250
20240215,10:38:37,0.05,300,1869250
20240215,10:38:49,0.05,300,1869250
20240215,10:38:49,0.1,1500,1869250
20240215,10:39:01,0.05,100,1869250
20240215,10:39:06,0.05,300,1869250
20240215,10:39:18,0.05,100,1869250
20240215,10:39:22,0.1,50,1869250
20240215,10:39:23,0.05,500,1869250
20240215,10:39:33,0.05,200,1869250
20240215,10:39:44,0.05,100,1869250
20240215,10:39:46,0.05,300,1869250
20240215,10:39:47,0.1,50,1869250
20240215,10:39:48,0.05,100,1869250
20240215,10:39:53,0.05,100,1869250
20240215,10:39:56,0.05,100,1869250
20240215,10:40:01,0.05,100,1869250
20240215,10:40:03,0.1,500,1869250
20240215,10:40:05,0.05,100,1869250
20240215,10:40:10,0.05,100,1869250
20240215,10:40:14,0.05,100,1869250
20240215,10:40:17,0.1,4600,1869250
20240215,10:40:18,0.05,300,1869250
20240215,10:40:30,0.05,100,1869250
20240215,10:40:31,0.05,50,1869250
20240215,10:40:34,0.05,100,1869250
20240215,10:40:36,0.1,1500,1869250
20240215,10:40:39,0.05,100,1869250
20240215,10:40:41,0.1,1000,1869250
20240215,10:40:42,0.1,100,1869250
20240215,10:40:43,0.05,100,1869250
20240215,10:40:47,0.1,200,1869250
20240215,10:40:52,0.05,300,1869250
20240215,10:40:53,0.1,900,1869250
20240215,10:40:59,0.05,1800,1869250
20240215,10:41:04,0.05,300,1869250
20240215,10:41:07,0.05,50,1869250
20240215,10:41:11,0.05,3600,1869250
20240215,10:41:16,0.05,100,1869250
20240215,10:41:21,0.05,300,1869250
20240215,10:41:33,0.05,500,1869250
20240215,10:41:40,0.1,28500,1869250
20240215,10:41:41,0.1,28500,1869250
20240215,10:41:42,0.1,28500,1869250
20240215,10:41:43,0.1,19500,1869250
20240215,10:41:53,0.1,900,1869250
20240215,10:41:54,0.1,750,1869250
20240215,10:41:55,0.1,550,1869250
20240215,10:41:56,0.1,550,1869250
20240215,10:41:57,0.1,550,1869250
20240215,10:41:58,0.1,550,1869250
20240215,10:41:59,0.1,550,1869250
20240215,10:42:00,0.1,850,1869250
20240215,10:42:01,0.05,650,1869250
20240215,10:42:15,0.05,50,1869250
20240215,10:42:21,0.05,100,1869250
20240215,10:42:25,0.05,100,1869250
20240215,10:42:30,0.05,100,1869250
20240215,10:42:31,0.1,1800,1869250
20240215,10:42:33,0.05,300,1869250
20240215,10:42:33,0.05,150,1869250
20240215,10:42:37,0.1,450,1869250
20240215,10:42:45,0.05,100,1869250
20240215,10:42:48,0.05,1500,1778650
20240215,10:42:50,0.05,300,1778650
20240215,10:43:01,0.05,100,1778650
20240215,10:43:06,0.05,100,1778650
20240215,10:43:10,0.05,100,1778650
20240215,10:43:14,0.05,300,1778650
20240215,10:43:26,0.05,100,1778650
20240215,10:43:29,0.05,50,1778650
20240215,10:43:31,0.05,300,1778650
20240215,10:43:38,0.05,550,1778650
20240215,10:43:40,0.05,550,1778650
20240215,10:43:42,0.05,300,1778650
20240215,10:43:43,0.05,550,1778650
20240215,10:43:46,0.05,550,1778650
20240215,10:43:48,0.05,550,1778650
20240215,10:43:50,0.05,550,1778650
20240215,10:43:51,0.05,100,1778650
20240215,10:43:52,0.05,650,1778650
20240215,10:43:52,0.05,200,1778650
20240215,10:43:53,0.05,500,1778650
20240215,10:43:54,0.05,500,1778650
20240215,10:43:55,0.05,550,1778650
20240215,10:43:56,0.1,1800,1778650
20240215,10:43:57,0.05,700,1778650
20240215,10:43:58,0.05,550,1778650
20240215,10:43:59,0.1,800,1778650
20240215,10:44:00,0.05,100,1778650
20240215,10:44:01,0.05,950,1778650
20240215,10:44:02,0.05,1000,1778650
20240215,10:44:11,0.1,3900,1778650
20240215,10:44:12,0.1,50,1778650
20240215,10:44:13,0.1,250,1778650
20240215,10:44:15,0.1,12150,1778650
20240215,10:44:16,0.1,50,1778650
20240215,10:44:19,0.1,50,1778650
20240215,10:44:23,0.05,300,1778650
20240215,10:44:24,0.1,50,1778650
20240215,10:44:28,0.1,50,1778650
20240215,10:44:32,0.1,200,1778650
20240215,10:44:37,0.1,1800,1778650
20240215,10:44:44,0.1,100,1778650
20240215,10:44:48,0.1,900,1778650
20240215,10:44:49,0.1,100,1778650
20240215,10:44:53,0.1,100,1778650
20240215,10:44:57,0.1,100,1778650
20240215,10:45:00,0.05,50,1778650
20240215,10:45:01,0.05,150,1778650
20240215,10:45:02,0.05,1000,1778650
20240215,10:45:03,0.1,550,1778650
20240215,10:45:04,0.05,1000,1778650
20240215,10:45:05,0.1,50,1778650
20240215,10:45:06,0.05,650,1778650
20240215,10:45:07,0.05,950,1778650
20240215,10:45:08,0.05,950,1778650
20240215,10:45:09,0.05,650,1778650
20240215,10:45:11,0.05,700,1778650
20240215,10:45:12,0.05,600,1778650
20240215,10:45:13,0.05,550,1778650
20240215,10:45:14,0.05,700,1778650
20240215,10:45:28,0.05,250,1778650
20240215,10:45:30,0.1,2000,1778650
20240215,10:45:31,0.1,250,1778650
20240215,10:45:34,0.1,50,1778650
20240215,10:45:38,0.1,50,1778650
20240215,10:45:43,0.1,50,1778650
20240215,10:45:53,0.05,3850,1778650
20240215,10:45:56,0.1,50,1775450
20240215,10:45:59,0.1,50,1775450
20240215,10:46:04,0.1,50,1775450
20240215,10:46:08,0.1,50,1775450
20240215,10:46:15,0.05,200,1775450
20240215,10:46:20,0.1,50,1775450
20240215,10:46:20,0.05,100,1775450
20240215,10:46:25,0.1,50,1775450
20240215,10:46:26,0.05,450,1775450
20240215,10:46:38,0.1,50,1775450
20240215,10:46:52,0.1,50,1775450
20240215,10:46:53,0.1,800,1775450
20240215,10:46:56,0.1,1800,1775450
20240215,10:46:57,0.05,450,1775450
20240215,10:47:05,0.1,1800,1775450
20240215,10:47:28,0.05,100,1775450
20240215,10:47:34,0.05,500,1775450
20240215,10:48:40,0.1,50,1775450
20240215,10:48:57,0.05,250,1771050
20240215,10:49:16,0.1,500,1771050
20240215,10:49:20,0.05,50,1771050
20240215,10:50:48,0.1,1500,1771050
20240215,10:50:52,0.05,1500,1771050
20240215,10:50:56,0.1,1500,1771050
20240215,10:51:00,0.1,1350,1771050
20240215,10:51:03,0.1,1500,1771050
20240215,10:51:06,0.1,1200,1771050
20240215,10:51:13,0.1,1500,1771050
20240215,10:51:40,0.05,50,1771050
20240215,10:52:01,0.1,800,1763700
20240215,10:52:03,0.1,200,1763700
20240215,10:52:11,0.1,500,1763700
20240215,10:52:54,0.1,50,1763700
20240215,10:53:03,0.1,50,1763700
20240215,10:53:05,0.1,50,1763700
20240215,10:53:07,0.1,50,1763700
20240215,10:53:09,0.1,50,1763700
20240215,10:53:16,0.1,1800,1763700
20240215,10:53:17,0.1,1800,1763700
20240215,10:53:19,0.1,1800,1763700
20240215,10:53:20,0.1,1800,1763700
20240215,10:53:22,0.1,1800,1763700
20240215,10:53:38,0.1,800,1763700
20240215,10:53:45,0.1,2050,1763700
20240215,10:54:02,0.05,1000,1763700
20240215,10:54:15,0.05,500,1763700
20240215,10:54:35,0.1,1000,1763700
20240215,10:54:36,0.1,900,1763700
20240215,10:55:03,0.05,10050,1763700
20240215,10:55:04,0.05,1850,1751850
20240215,10:55:05,0.05,1350,1751850
20240215,10:55:10,0.1,50,1751850
20240215,10:55:18,0.1,50,1751850
20240215,10:55:20,0.1,50,1751850
20240215,10:55:41,0.1,500,1751850
20240215,10:55:53,0.1,3850,1751850
20240215,10:56:03,0.05,50,1751850
20240215,10:56:16,0.1,1050,1751850
20240215,10:56:17,0.1,50,1751850
20240215,10:56:19,0.1,50,1751850
20240215,10:56:21,0.1,100,1751850
20240215,10:56:23,0.1,50,1751850
20240215,10:56:37,0.1,300,1751850
20240215,10:56:39,0.1,500,1751850
20240215,10:56:49,0.1,100,1751850
20240215,10:57:01,0.05,50,1751850
20240215,10:57:03,0.05,100,1751850
20240215,10:57:26,0.05,2050,1751850
20240215,10:57:31,0.1,1800,1751850
20240215,10:57:31,0.1,10800,1751850
20240215,10:57:33,0.05,150,1751850
20240215,10:57:34,0.1,50,1751850
20240215,10:57:35,0.1,50,1751850
20240215,10:58:41,0.1,150,1751850
20240215,10:59:20,0.1,3200,1738450
20240215,10:59:26,0.1,4750,1738450
20240215,10:59:57,0.1,650,1738450
20240215,11:00:01,0.1,3450,1738450
20240215,11:00:03,0.1,300,1738450
20240215,11:00:11,0.1,50,1738450
20240215,11:00:15,0.1,50,1738450
20240215,11:00:18,0.1,100,1738450
20240215,11:00:19,0.1,200,1738450
20240215,11:00:20,0.1,200,1738450
20240215,11:00:22,0.1,50,1738450
20240215,11:00:22,0.1,200,1738450
20240215,11:00:23,0.1,650,1738450
20240215,11:00:24,0.1,450,1738450
20240215,11:00:25,0.1,350,1738450
20240215,11:00:26,0.1,250,1738450
20240215,11:00:31,0.05,150,1738450
20240215,11:00:37,0.1,50,1738450
20240215,11:00:43,0.1,250,1738450
20240215,11:00:44,0.1,1000,1738450
20240215,11:00:45,0.1,200,1738450
20240215,11:00:48,0.1,50,1738450
20240215,11:00:50,0.1,150,1734400
20240215,11:00:54,0.1,50,1734400
20240215,11:00:56,0.1,400,1734400
20240215,11:00:56,0.1,200,1734400
20240215,11:00:57,0.1,100,1734400
20240215,11:00:58,0.1,650,1734400
20240215,11:00:59,0.1,100,1734400
20240215,11:01:00,0.1,250,1734400
20240215,11:01:01,0.1,400,1734400
20240215,11:01:02,0.1,250,1734400
20240215,11:01:03,0.1,900,1734400
20240215,11:01:05,0.1,50,1734400
20240215,11:01:07,0.1,50,1734400
20240215,11:01:08,0.1,1800,1734400
20240215,11:01:12,0.1,1800,1734400
20240215,11:01:17,0.1,50,1734400
20240215,11:01:19,0.1,200,1734400
20240215,11:01:33,0.1,50,1734400
20240215,11:01:34,0.1,200,1734400
20240215,11:01:40,0.1,1500,1734400
20240215,11:01:40,0.1,200,1734400
20240215,11:01:46,0.1,50,1734400
20240215,11:01:47,0.1,100,1734400
20240215,11:01:54,0.1,50,1734400
20240215,11:01:58,0.1,100,1734400
20240215,11:01:59,0.1,50,1734400
20240215,11:02:07,0.1,3600,1734400
20240215,11:02:08,0.1,900,1734400
20240215,11:02:10,0.1,15000,1734400
20240215,11:02:23,0.1,1800,1734400
20240215,11:02:24,0.1,1800,1734400
20240215,11:02:25,0.1,1800,1734400
20240215,11:02:27,0.1,1800,1734400
20240215,11:02:28,0.1,1800,1734400
20240215,11:02:30,0.1,1800,1734400
20240215,11:02:31,0.1,1800,1734400
20240215,11:02:32,0.1,1800,1734400
20240215,11:02:33,0.1,1800,1734400
20240215,11:02:34,0.1,1800,1734400
20240215,11:02:35,0.05,350,1734400
20240215,11:02:36,0.1,1800,1734400
20240215,11:02:38,0.1,1800,1734400
20240215,11:02:39,0.1,1800,1734400
20240215,11:02:40,0.1,1900,1734400
20240215,11:02:41,0.1,1800,1734400
20240215,11:02:42,0.1,550,1734400
20240215,11:02:43,0.1,3600,1734400
20240215,11:02:44,0.1,1800,1734400
20240215,11:02:45,0.1,1800,1734400
20240215,11:02:47,0.1,1800,1734400
20240215,11:02:48,0.1,1800,1734400
20240215,11:02:49,0.1,13900,1734400
20240215,11:02:50,0.1,1800,1734400
20240215,11:02:52,0.1,1800,1734400
20240215,11:02:53,0.1,1800,1734400
20240215,11:02:54,0.1,800,1734400
20240215,11:02:56,0.1,1800,1734400
20240215,11:02:57,0.1,1800,1734400
20240215,11:02:59,0.1,1800,1734400
20240215,11:03:00,0.1,56600,1734400
20240215,11:03:01,0.15,1800,1734400
20240215,11:03:16,0.15,1500,1734400
20240215,11:03:20,0.1,56600,1734400
20240215,11:03:22,0.15,100,1734400
20240215,11:03:31,0.1,2600,1734400
20240215,11:03:37,0.1,1800,1734400
20240215,11:03:44,0.15,1800,1734400
20240215,11:03:48,0.15,50,1734400
20240215,11:03:50,0.1,1800,1697950
20240215,11:04:08,0.15,1800,1697950
20240215,11:04:15,0.15,50,1697950
20240215,11:04:29,0.1,1800,1697950
20240215,11:04:56,0.15,50,1697950
20240215,11:05:00,0.15,150,1697950
20240215,11:05:01,0.15,100,1697950
20240215,11:05:02,0.15,200,1697950
20240215,11:05:03,0.15,50,1697950
20240215,11:05:05,0.15,100,1697950
20240215,11:05:12,0.15,200,1697950
20240215,11:05:13,0.15,200,1697950
20240215,11:05:14,0.15,50,1697950
20240215,11:05:15,0.15,200,1697950
20240215,11:05:17,0.15,100,1697950
20240215,11:05:19,0.15,600,1697950
20240215,11:05:20,0.15,100,1697950
20240215,11:05:21,0.15,900,1697950
20240215,11:05:22,0.15,650,1697950
20240215,11:05:23,0.15,400,1697950
20240215,11:05:24,0.15,100,1697950
20240215,11:05:25,0.15,800,1697950
20240215,11:05:26,0.15,200,1697950
20240215,11:05:28,0.15,300,1697950
20240215,11:05:30,0.15,300,1697950
20240215,11:05:31,0.15,100,1697950
20240215,11:05:34,0.15,100,1697950
20240215,11:05:42,0.15,100,1697950
20240215,11:05:47,0.15,100,1697950
20240215,11:05:51,0.15,100,1697950
20240215,11:05:54,0.15,100,1697950
20240215,11:05:55,0.15,200,1697950
20240215,11:05:59,0.15,500,1697950
20240215,11:06:01,0.15,200,1697950
20240215,11:06:03,0.15,100,1697950
20240215,11:06:04,0.15,100,1697950
20240215,11:06:22,0.1,500,1697950
20240215,11:06:28,0.15,1800,1697950
20240215,11:06:44,0.15,50,1697950
20240215,11:06:45,0.15,50,1697950
20240215,11:06:46,0.15,50,1697950
20240215,11:06:48,0.15,50,1697950
20240215,11:06:49,0.15,50,1697950
20240215,11:06:51,0.15,50,1699250
20240215,11:06:52,0.15,50,1699250
20240215,11:06:55,0.1,350,1699250
20240215,11:06:59,0.15,1000,1699250
20240215,11:07:02,0.15,50,1699250
20240215,11:07:22,0.1,50,1699250
20240215,11:07:40,0.15,50,1699250
20240215,11:07:53,0.1,50,1699250
20240215,11:08:31,0.15,50,1699250
20240215,11:08:38,0.15,200,1699250
20240215,11:09:01,0.1,4000,1699250
20240215,11:09:07,0.15,50,1699250
20240215,11:09:09,0.15,50,1699250
20240215,11:09:10,0.15,50,1699250
20240215,11:09:11,0.15,50,1699250
20240215,11:09:13,0.15,50,1699250
20240215,11:09:15,0.15,50,1699250
20240215,11:09:16,0.15,50,1699250
20240215,11:09:18,0.15,100,1699250
20240215,11:09:20,0.15,50,1699250
20240215,11:09:22,0.15,50,1699250
20240215,11:09:23,0.1,350,1699250
20240215,11:09:24,0.1,200,1699250
20240215,11:09:25,0.15,500,1699250
20240215,11:09:27,0.15,50,1699250
20240215,11:09:33,0.15,50,1699250
20240215,11:09:36,0.15,100,1699250
20240215,11:09:38,0.15,50,1699250
20240215,11:09:40,0.15,50,1699250
20240215,11:09:42,0.15,50,1699250
20240215,11:09:46,0.1,350,1699250
20240215,11:09:49,0.1,50,1699250
20240215,11:09:50,0.15,50,1699250
20240215,11:09:52,0.15,50,1699250
20240215,11:09:53,0.15,100,1699250
20240215,11:09:54,0.15,50,1699250
20240215,11:09:55,0.15,150,1699250
20240215,11:09:56,0.15,50,1699250
20240215,11:09:58,0.15,50,1699250
20240215,11:10:00,0.15,50,1699250
20240215,11:10:01,0.15,100,1699250
20240215,11:10:02,0.15,100,1699250
20240215,11:10:03,0.15,150,1699250
20240215,11:10:04,0.15,100,1699250
20240215,11:10:05,0.15,100,1699250
20240215,11:10:06,0.15,50,1699250
20240215,11:10:07,0.15,100,1699250
20240215,11:10:08,0.15,100,1699250
20240215,11:10:10,0.15,100,1699250
20240215,11:10:11,0.15,100,1699250
20240215,11:10:13,0.15,100,1699250
20240215,11:10:15,0.15,100,1699250
20240215,11:10:18,0.15,100,1699250
20240215,11:10:19,0.15,100,1699250
20240215,11:10:21,0.15,150,1699250
20240215,11:10:22,0.15,100,1699250
20240215,11:10:23,0.15,100,1699250
20240215,11:10:24,0.15,100,1699250
20240215,11:10:25,0.15,100,1699250
20240215,11:10:26,0.15,500,1699250
20240215,11:10:27,0.15,550,1699250
20240215,11:10:28,0.15,750,1699250
20240215,11:10:29,0.15,750,1699250
20240215,11:10:31,0.15,550,1699250
20240215,11:10:32,0.15,1100,1699250
20240215,11:10:34,0.15,950,1699250
20240215,11:10:35,0.15,650,1699250
20240215,11:10:36,0.15,850,1699250
20240215,11:10:37,0.15,800,1699250
20240215,11:10:38,0.15,550,1699250
20240215,11:10:39,0.15,550,1699250
20240215,11:10:39,0.15,200,1699250
20240215,11:10:40,0.15,950,1699250
20240215,11:10:41,0.15,550,1699250
20240215,11:10:42,0.15,750,1699250
20240215,11:10:43,0.15,300,1699250
20240215,11:10:44,0.15,600,1699250
20240215,11:10:46,0.15,550,1699250
20240215,11:10:48,0.15,550,1699250
20240215,11:10:50,0.15,550,1699250
20240215,11:10:52,0.15,650,1699250
20240215,11:10:54,0.15,750,1699250
20240215,11:10:57,0.15,500,1699250
20240215,11:10:58,0.15,550,1699250
20240215,11:11:01,0.15,550,1699250
20240215,11:11:02,0.15,3750,1699250
20240215,11:11:03,0.15,500,1699250
20240215,11:11:05,0.15,550,1699250
20240215,11:11:09,0.15,600,1699250
20240215,11:11:12,0.15,550,1699250
20240215,11:11:13,0.15,50,1699250
20240215,11:11:14,0.15,850,1699250
20240215,11:11:17,0.15,350,1699250
20240215,11:11:20,0.15,600,1699250
20240215,11:11:22,0.15,500,1699250
20240215,11:11:25,0.15,950,1699250
20240215,11:11:26,0.15,950,1699250
20240215,11:11:27,0.15,500,1699250
20240215,11:11:29,0.15,500,1699250
20240215,11:11:30,0.15,50,1699250
20240215,11:11:31,0.15,850,1699250
20240215,11:11:33,0.15,550,1699250
20240215,11:11:36,0.1,50,1699250
20240215,11:11:44,0.1,50,1699250
20240215,11:11:50,0.1,50,1699250
20240215,11:12:04,0.1,50,1699250
20240215,11:12:06,0.1,100,1699250
20240215,11:12:14,0.15,50,1699250
20240215,11:12:20,0.1,50,1699250
20240215,11:12:22,0.1,50,1699250
20240215,11:12:41,0.1,300,1699250
20240215,11:13:26,0.15,200,1699250
20240215,11:13:32,0.1,1500,1699300
20240215,11:13:33,0.1,3000,1699300
20240215,11:13:34,0.1,7500,1699300
20240215,11:13:35,0.1,3000,1699300
20240215,11:13:36,0.1,3850,1699300
20240215,11:13:43,0.1,5000,1699300
20240215,11:13:48,0.15,50,1699300
20240215,11:14:17,0.15,1800,1699300
20240215,11:14:23,0.15,700,1699300
20240215,11:14:25,0.1,200,1699300
20240215,11:15:12,0.15,50,1699300
20240215,11:15:47,0.15,100,1699300
20240215,11:15:50,0.1,50,1696600
20240215,11:17:41,0.1,1300,1696600
20240215,11:17:56,0.1,900,1696600
20240215,11:17:56,0.1,250,1696600
20240215,11:18:10,0.1,50,1696600
20240215,11:18:11,0.1,300,1696600
20240215,11:18:14,0.1,350,1696600
20240215,11:18:17,0.1,550,1696600
20240215,11:18:23,0.1,250,1696600
20240215,11:18:24,0.1,600,1696600
20240215,11:19:01,0.1,50,1696600
20240215,11:19:23,0.1,150,1691900
20240215,11:20:05,0.1,50,1691900
20240215,11:20:15,0.1,550,1691900
20240215,11:20:18,0.1,1000,1691900
20240215,11:20:20,0.1,300,1691900
20240215,11:20:23,0.1,250,1691900
20240215,11:20:24,0.15,250,1691900
20240215,11:20:26,0.1,400,1691900
20240215,11:21:12,0.15,150,1691900
20240215,11:21:13,0.1,4300,1691900
20240215,11:21:14,0.1,1450,1691900
20240215,11:21:15,0.1,250,1691900
20240215,11:21:16,0.1,900,1691900
20240215,11:21:26,0.1,1800,1691900
20240215,11:21:29,0.1,1550,1691900
20240215,11:21:30,0.1,2600,1691900
20240215,11:22:15,0.1,600,1676300
20240215,11:22:16,0.1,650,1676300
20240215,11:22:22,0.1,850,1676300
20240215,11:22:24,0.1,1300,1676300
20240215,11:22:24,0.1,450,1676300
20240215,11:22:26,0.1,550,1676300
20240215,11:22:28,0.1,550,1676300
20240215,11:22:31,0.1,700,1676300
20240215,11:22:31,0.1,150,1676300
20240215,11:22:33,0.1,300,1676300
20240215,11:22:34,0.1,7000,1676300
20240215,11:22:35,0.1,27500,1676300
20240215,11:22:36,0.1,4400,1676300
20240215,11:22:38,0.05,550,1676300
20240215,11:22:40,0.05,500,1676300
20240215,11:22:43,0.05,550,1676300
20240215,11:22:46,0.05,750,1676300
20240215,11:22:46,0.05,500,1676300
20240215,11:22:48,0.1,500,1676300
20240215,11:22:49,0.05,100,1676300
20240215,11:22:51,0.05,500,1676300
20240215,11:22:55,0.05,500,1676300
20240215,11:22:59,0.05,300,1676300
20240215,11:23:00,0.05,300,1676300
20240215,11:23:01,0.05,550,1676300
20240215,11:23:04,0.05,650,1676300
20240215,11:23:07,0.05,550,1676300
20240215,11:23:10,0.05,600,1676300
20240215,11:23:11,0.05,550,1676300
20240215,11:23:13,0.1,450,1676300
20240215,11:23:14,0.05,550,1676300
20240215,11:23:19,0.05,550,1676300
20240215,11:23:21,0.05,300,1676300
20240215,11:23:25,0.05,450,1676300
20240215,11:23:26,0.1,550,1676300
20240215,11:23:29,0.1,100,1676300
20240215,11:23:30,0.1,650,1676300
20240215,11:23:32,0.1,300,1676300
20240215,11:23:34,0.1,300,1676300
20240215,11:23:36,0.1,300,1676300
20240215,11:23:38,0.1,2350,1676300
20240215,11:23:40,0.1,550,1676300
20240215,11:23:42,0.1,650,1676300
20240215,11:23:43,0.05,150,1676300
20240215,11:23:46,0.05,550,1676300
20240215,11:23:49,0.1,550,1676300
20240215,11:23:50,0.1,200,1676300
20240215,11:23:51,0.1,650,1676300
20240215,11:23:52,0.1,550,1676300
20240215,11:23:54,0.1,950,1676300
20240215,11:23:55,0.1,950,1676300
20240215,11:23:56,0.1,950,1676300
20240215,11:23:57,0.1,950,1676300
20240215,11:23:58,0.1,950,1676300
20240215,11:23:59,0.1,800,1676300
20240215,11:24:00,0.1,550,1676300
20240215,11:24:01,0.1,750,1676300
20240215,11:24:09,0.1,400,1676300
20240215,11:24:10,0.05,650,1676300
20240215,11:24:11,0.05,650,1676300
20240215,11:24:12,0.1,300,1676300
20240215,11:24:13,0.05,750,1676300
20240215,11:24:15,0.05,300,1676300
20240215,11:24:16,0.05,550,1676300
20240215,11:24:17,0.05,100,1676300
20240215,11:24:18,0.05,750,1676300
20240215,11:24:20,0.05,550,1676300
20240215,11:24:22,0.05,550,1676300
20240215,11:24:24,0.05,650,1676300
20240215,11:24:26,0.05,650,1676300
20240215,11:24:27,0.05,1150,1676300
20240215,11:24:28,0.05,550,1676300
20240215,11:24:30,0.05,650,1676300
20240215,11:24:31,0.05,550,1676300
20240215,11:24:33,0.05,650,1676300
20240215,11:24:34,0.05,550,1676300
20240215,11:24:36,0.05,950,1676300
20240215,11:24:37,0.05,550,1676300
20240215,11:24:39,0.05,550,1676300
20240215,11:24:41,0.05,550,1676300
20240215,11:24:43,0.05,850,1676300
20240215,11:24:44,0.05,100,1676300
20240215,11:24:45,0.05,3550,1676300
20240215,11:24:46,0.05,750,1676300
20240215,11:24:48,0.05,700,1676300
20240215,11:24:50,0.05,650,1676300
20240215,11:24:52,0.05,650,1676300
20240215,11:24:54,0.05,100,1631800
20240215,11:24:55,0.05,550,1631800
20240215,11:24:57,0.05,300,1631800
20240215,11:24:58,0.05,550,1631800
20240215,11:24:59,0.05,550,1631800
20240215,11:25:01,0.05,950,1631800
20240215,11:25:02,0.05,750,1631800
20240215,11:25:03,0.05,950,1631800
20240215,11:25:04,0.05,650,1631800
20240215,11:25:05,0.05,650,1631800
20240215,11:25:06,0.05,2550,1631800
20240215,11:25:07,0.05,550,1631800
20240215,11:25:09,0.05,1100,1631800
20240215,11:25:10,0.05,850,1631800
20240215,11:25:11,0.05,850,1631800
20240215,11:25:13,0.1,1800,1631800
20240215,11:25:22,0.1,50,1631800
20240215,11:25:32,0.05,900,1631800
20240215,11:25:34,0.1,3600,1631800
20240215,11:25:35,0.1,1400,1631800
20240215,11:26:33,0.1,50,1631800
20240215,11:27:21,0.05,900,1631800
20240215,11:28:02,0.1,50,1631800
20240215,11:28:03,0.05,1200,1626500
20240215,11:28:06,0.1,750,1626500
20240215,11:28:14,0.1,50,1626500
20240215,11:28:50,0.1,100,1626500
20240215,11:29:33,0.1,31500,1626500
20240215,11:29:34,0.1,5650,1626500
20240215,11:29:35,0.1,2050,1626500
20240215,11:29:51,0.1,100,1626500
20240215,11:30:28,0.1,50,1626500
20240215,11:30:32,0.1,10800,1626500
20240215,11:30:32,0.1,7250,1626500
20240215,11:30:46,0.05,50,1626500
20240215,11:30:50,0.05,100,1626500
20240215,11:32:04,0.1,50,1626500
20240215,11:33:02,0.1,2400,1626450
20240215,11:33:28,0.1,800,1626450
20240215,11:33:33,0.1,4500,1626450
20240215,11:34:11,0.1,50,1627050
20240215,11:34:15,0.05,5000,1627050
20240215,11:35:01,0.1,150,1627050
20240215,11:35:02,0.1,150,1627050
20240215,11:35:07,0.1,50,1627050
20240215,11:35:16,0.1,1450,1627050
20240215,11:35:52,0.05,350,1627050
20240215,11:35:54,0.05,1450,1627050
20240215,11:36:38,0.1,250,1627050
20240215,11:37:10,0.1,1000,1627600
20240215,11:38:13,0.05,300,1627600
20240215,11:38:25,0.1,500,1627600
20240215,11:38:28,0.1,600,1627600
20240215,11:38:35,0.1,500,1627600
20240215,11:39:00,0.1,500,1627600
20240215,11:39:08,0.1,50,1627600
20240215,11:39:39,0.1,1800,1627600
20240215,11:39:40,0.1,1800,1627600
20240215,11:39:45,0.1,600,1627600
20240215,11:39:59,0.05,350,1622300
20240215,11:39:59,0.05,800,1622300
20240215,11:40:00,0.1,50,1622300
20240215,11:40:01,0.1,100,1622300
20240215,11:40:24,0.05,300,1622300
20240215,11:40:53,0.1,1800,1622300
20240215,11:40:58,0.1,100,1622300
20240215,11:41:01,0.1,1800,1622300
20240215,11:41:02,0.1,250,1622300
20240215,11:41:07,0.1,400,1622300
20240215,11:42:13,0.1,50,1622300
20240215,11:42:15,0.05,50,1622300
20240215,11:42:24,0.1,50,1622300
20240215,11:42:33,0.05,50,1622300
20240215,11:44:59,0.05,1000,1622300
20240215,11:45:17,0.1,100,1620100
20240215,11:45:44,0.1,12600,1620100
20240215,11:46:01,0.1,50,1621900
20240215,11:46:20,0.1,50,1621900
20240215,11:47:00,0.1,1800,1621900
20240215,11:47:03,0.1,250,1621900
20240215,11:47:12,0.1,1800,1621900
20240215,11:47:48,0.1,50,1621900
20240215,11:47:51,0.05,50,1621900
20240215,11:47:52,0.05,400,1621900
20240215,11:48:03,0.05,50,1621900
20240215,11:48:06,0.05,100,1621900
20240215,11:48:14,0.1,50,1621900
20240215,11:48:24,0.05,200,1621900
20240215,11:48:27,0.05,50,1621900
20240215,11:48:54,0.1,100,1621900
20240215,11:49:32,0.05,50,1621900
20240215,11:49:43,0.05,50,1621650
20240215,11:49:58,0.05,150,1621650
20240215,11:50:10,0.1,150,1621650
20240215,11:50:30,0.1,1400,1621650
20240215,11:50:31,0.05,450,1621650
20240215,11:51:01,0.1,1100,1621650
20240215,11:51:18,0.05,1800,1621650
20240215,11:51:25,0.1,250,1621650
20240215,11:51:58,0.1,1500,1618900
20240215,11:52:00,0.05,1700,1618900
20240215,11:52:16,0.05,100,1618900
20240215,11:53:09,0.1,500,1618900
20240215,11:54:07,0.1,750,1618900
20240215,11:54:33,0.1,750,1618900
20240215,11:54:38,0.1,300,1618900
20240215,11:56:08,0.05,450,1618900
20240215,11:57:46,0.1,500,1618900
20240215,11:57:48,0.1,500,1618900
20240215,11:57:53,0.1,50,1618900
20240215,11:57:56,0.1,350,1618900
20240215,11:57:59,0.1,1800,1618900
20240215,11:58:01,0.1,200,1618900
20240215,11:58:08,0.1,600,1618900
20240215,11:58:13,0.1,1800,1618900
20240215,11:58:18,0.05,100,1618900
20240215,11:58:19,0.1,50,1618900
20240215,11:58:20,0.1,100,1618900
20240215,11:58:27,0.1,50,1618900
20240215,11:58:28,0.1,50,1618900
20240215,11:58:40,0.1,400,1618900
20240215,11:58:54,0.1,450,1618900
20240215,11:59:26,0.1,800,1618900
20240215,11:59:30,0.1,200,1618900
20240215,11:59:34,0.1,1000,1618900
20240215,11:59:35,0.1,2700,1618900
20240215,11:59:36,0.1,5800,1618900
20240215,11:59:39,0.1,1000,1618900
20240215,11:59:40,0.1,1500,1618900
20240215,12:00:20,0.1,400,1618900
20240215,12:00:21,0.1,1500,1618900
20240215,12:00:22,0.1,750,1618900
20240215,12:00:23,0.1,1500,1618900
20240215,12:00:31,0.1,1500,1618900
20240215,12:00:33,0.1,7200,1618900
20240215,12:00:33,0.1,2200,1618900
20240215,12:00:34,0.1,1500,1618900
20240215,12:00:51,0.1,50,1618900
20240215,12:01:16,0.05,250,1618900
20240215,12:01:18,0.05,250,1609900
20240215,12:01:26,0.1,6000,1609900
20240215,12:01:27,0.05,250,1609900
20240215,12:01:35,0.1,100,1609900
20240215,12:01:36,0.1,300,1609900
20240215,12:01:38,0.1,50,1609900
20240215,12:01:39,0.1,50,1609900
20240215,12:01:42,0.1,50,1609900
20240215,12:01:44,0.1,50,1609900
20240215,12:01:48,0.1,50,1609900
20240215,12:01:48,0.05,50,1609900
20240215,12:01:54,0.05,300,1609900
20240215,12:02:05,0.05,50,1609900
20240215,12:02:47,0.1,1850,1609900
20240215,12:03:01,0.1,50,1609900
20240215,12:03:03,0.1,50,1609900
20240215,12:03:05,0.1,50,1609900
20240215,12:03:05,0.1,500,1609900
20240215,12:03:09,0.1,50,1609900
20240215,12:03:12,0.1,50,1609900
20240215,12:03:12,0.1,200,1609900
20240215,12:03:16,0.1,50,1609900
20240215,12:03:19,0.1,50,1609900
20240215,12:03:24,0.05,350,1609900
20240215,12:03:25,0.1,100,1609900
20240215,12:03:27,0.1,100,1609900
20240215,12:03:35,0.1,50,1609900
20240215,12:03:39,0.05,50,1609900
20240215,12:03:48,0.1,750,1609900
20240215,12:03:53,0.1,50,1609900
20240215,12:03:56,0.05,50,1609900
20240215,12:04:35,0.1,750,1609900
20240215,12:05:00,0.1,50,1613900
20240215,12:05:03,0.05,500,1613900
20240215,12:05:32,0.05,50,1613900
20240215,12:05:50,0.05,50,1613900
20240215,12:05:52,0.1,50,1613900
20240215,12:05:56,0.1,50,1613900
20240215,12:05:57,0.1,3200,1613900
20240215,12:05:57,0.1,1800,1613900
20240215,12:05:58,0.1,50,1613900
20240215,12:05:59,0.1,50,1613900
20240215,12:06:02,0.1,100,1613900
20240215,12:06:04,0.1,50,1613900
20240215,12:06:05,0.1,50,1613900
20240215,12:06:07,0.1,50,1613900
20240215,12:06:09,0.1,50,1613900
20240215,12:06:12,0.1,50,1613900
20240215,12:06:14,0.1,50,1613900
20240215,12:06:15,0.1,50,1613900
20240215,12:06:16,0.1,50,1613900
20240215,12:06:17,0.1,50,1613900
20240215,12:06:18,0.1,50,1613900
20240215,12:06:20,0.1,50,1613900
20240215,12:06:22,0.1,50,1613900
20240215,12:06:24,0.1,50,1613900
20240215,12:06:26,0.1,50,1613900
20240215,12:06:28,0.1,350,1613900
20240215,12:06:30,0.1,50,1613900
20240215,12:06:31,0.1,50,1613900
20240215,12:06:33,0.1,50,1613900
20240215,12:06:35,0.1,50,1613900
20240215,12:06:36,0.1,50,1613900
20240215,12:06:40,0.1,50,1613900
20240215,12:06:41,0.1,450,1613900
20240215,12:06:43,0.1,50,1613900
20240215,12:06:47,0.1,100,1613900
20240215,12:06:49,0.1,50,1613900
20240215,12:06:50,0.1,50,1613900
20240215,12:06:52,0.1,50,1613900
20240215,12:06:53,0.1,700,1613900
20240215,12:06:54,0.1,1850,1613900
20240215,12:06:55,0.1,50,1613900
20240215,12:06:58,0.1,100,1622100
20240215,12:07:02,0.1,50,1622100
20240215,12:07:06,0.1,50,1622100
20240215,12:07:09,0.1,50,1622100
20240215,12:07:11,0.1,50,1622100
20240215,12:07:12,0.1,50,1622100
20240215,12:07:16,0.1,50,1622100
20240215,12:07:17,0.05,50,1622100
20240215,12:07:18,0.1,50,1622100
20240215,12:07:22,0.1,50,1622100
20240215,12:07:23,0.1,50,1622100
20240215,12:07:24,0.1,50,1622100
20240215,12:07:25,0.1,50,1622100
20240215,12:07:28,0.1,50,1622100
20240215,12:07:30,0.1,50,1622100
20240215,12:07:33,0.1,50,1622100
20240215,12:07:34,0.1,750,1622100
20240215,12:07:36,0.1,50,1622100
20240215,12:07:37,0.1,50,1622100
20240215,12:07:40,0.1,50,1622100
20240215,12:07:43,0.1,50,1622100
20240215,12:07:47,0.1,50,1622100
20240215,12:07:52,0.1,200,1622100
20240215,12:07:55,0.1,300,1622100
20240215,12:07:58,0.1,500,1622100
20240215,12:08:01,0.1,550,1622100
20240215,12:08:03,0.1,300,1622100
20240215,12:08:04,0.1,1800,1622100
20240215,12:08:06,0.1,600,1622100
20240215,12:08:12,0.1,550,1622100
20240215,12:08:15,0.05,500,1622100
20240215,12:08:22,0.1,550,1622100
20240215,12:08:28,0.1,550,1622100
20240215,12:08:33,0.05,550,1622100
20240215,12:08:35,0.05,650,1622100
20240215,12:08:37,0.05,550,1622100
20240215,12:08:39,0.05,550,1622100
20240215,12:08:41,0.05,600,1622100
20240215,12:08:43,0.05,550,1622100
20240215,12:08:45,0.1,1800,1622100
20240215,12:08:47,0.05,700,1622100
20240215,12:08:49,0.05,10650,1622100
20240215,12:08:52,0.05,650,1622100
20240215,12:08:55,0.05,900,1622100
20240215,12:09:13,0.1,1500,1622100
20240215,12:09:20,0.1,100,1622100
20240215,12:09:30,0.1,1500,1622100
20240215,12:09:34,0.1,1800,1622100
20240215,12:09:37,0.05,1000,1622100
20240215,12:09:38,0.1,100,1622100
20240215,12:09:46,0.1,50,1622100
20240215,12:09:49,0.1,50,1622100
20240215,12:09:50,0.1,150,1622100
20240215,12:09:55,0.1,50,1622100
20240215,12:10:06,0.1,1500,1631350
20240215,12:10:07,0.05,500,1631350
20240215,12:10:08,0.1,500,1631350
20240215,12:10:27,0.1,1500,1631350
20240215,12:10:40,0.1,1800,1631350
20240215,12:10:43,0.1,1800,1631350
20240215,12:10:47,0.05,100,1631350
20240215,12:11:00,0.1,100,1631350
20240215,12:11:03,0.1,1500,1631350
20240215,12:11:04,0.1,1200,1631350
20240215,12:12:38,0.05,300,1631350
20240215,12:13:08,0.1,600,1632250
20240215,12:13:42,0.1,300,1632250
20240215,12:13:59,0.05,50,1632250
20240215,12:14:00,0.05,600,1632250
20240215,12:14:25,0.05,300,1632250
20240215,12:14:55,0.1,1800,1632250
20240215,12:15:02,0.1,1800,1632250
20240215,12:15:09,0.1,1800,1632250
20240215,12:15:27,0.1,1800,1632250
20240215,12:16:04,0.1,50,1632250
20240215,12:16:32,0.05,500,1632250
20240215,12:16:58,0.05,1000,1632250
20240215,12:17:35,0.1,500,1632250
20240215,12:17:46,0.1,50,1632250
20240215,12:17:49,0.1,1800,1632250
20240215,12:17:59,0.1,1500,1632250
20240215,12:18:16,0.1,500,1632250
20240215,12:19:12,0.05,1800,1632250
20240215,12:21:05,0.1,1800,1630750
20240215,12:21:17,0.1,200,1630750
20240215,12:21:18,0.05,400,1630750
20240215,12:21:27,0.05,100,1630750
20240215,12:22:07,0.1,1000,1630750
20240215,12:22:24,0.1,50,1628750
20240215,12:22:29,0.05,50,1628750
20240215,12:22:58,0.1,50,1628750
20240215,12:23:00,0.1,50,1628750
20240215,12:23:02,0.1,50,1628750
20240215,12:23:03,0.1,50,1628750
20240215,12:23:05,0.1,100,1628750
20240215,12:23:06,0.1,50,1628750
20240215,12:23:07,0.1,50,1628750
20240215,12:23:09,0.1,50,1628750
20240215,12:23:10,0.1,50,1628750
20240215,12:23:11,0.1,50,1628750
20240215,12:23:13,0.1,100,1628750
20240215,12:23:14,0.1,50,1628750
20240215,12:23:15,0.1,50,1628750
20240215,12:23:16,0.1,100,1628750
20240215,12:23:17,0.1,50,1628750
20240215,12:23:18,0.1,50,1628750
20240215,12:23:19,0.1,50,1628750
20240215,12:23:20,0.1,50,1628750
20240215,12:23:21,0.1,50,1628750
20240215,12:23:23,0.1,100,1628750
20240215,12:23:25,0.1,50,1628750
20240215,12:23:25,0.1,1000,1628750
20240215,12:23:27,0.1,100,1628750
20240215,12:23:28,0.1,50,1628750
20240215,12:23:29,0.1,100,1628750
20240215,12:23:30,0.1,100,1628750
20240215,12:23:31,0.1,50,1628750
20240215,12:23:32,0.1,50,1628750
20240215,12:23:33,0.1,50,1628750
20240215,12:23:34,0.1,100,1628750
20240215,12:23:35,0.1,50,1628750
20240215,12:23:36,0.1,50,1628750
20240215,12:23:38,0.1,50,1628750
20240215,12:23:40,0.1,100,1628750
20240215,12:23:41,0.1,100,1628750
20240215,12:23:43,0.1,50,1628750
20240215,12:23:45,0.1,100,1628750
20240215,12:23:47,0.1,100,1628750
20240215,12:23:49,0.1,50,1628750
20240215,12:23:50,0.05,1800,1628750
20240215,12:23:51,0.1,50,1628750
20240215,12:23:52,0.1,50,1628750
20240215,12:23:53,0.1,50,1628750
20240215,12:23:54,0.1,300,1628750
20240215,12:23:56,0.1,950,1628750
20240215,12:23:57,0.1,550,1628750
20240215,12:23:58,0.1,550,1628750
20240215,12:23:59,0.1,100,1628750
20240215,12:24:00,0.1,850,1628750
20240215,12:24:01,0.1,950,1628750
20240215,12:24:02,0.1,650,1628750
20240215,12:24:04,0.1,550,1628750
20240215,12:24:07,0.1,550,1628750
20240215,12:24:11,0.1,300,1628750
20240215,12:24:13,0.1,100,1628750
20240215,12:24:14,0.1,550,1628750
20240215,12:24:17,0.1,300,1628750
20240215,12:24:18,0.1,300,1628750
20240215,12:24:19,0.1,550,1628750
20240215,12:24:21,0.1,600,1628750
20240215,12:24:24,0.1,550,1628750
20240215,12:24:28,0.1,550,1628750
20240215,12:24:32,0.1,500,1628750
20240215,12:24:37,0.1,550,1628750
20240215,12:24:38,0.1,1350,1628750
20240215,12:24:41,0.1,300,1628750
20240215,12:24:43,0.1,550,1628750
20240215,12:24:48,0.1,600,1628750
20240215,12:24:54,0.1,500,1628750
20240215,12:25:00,0.1,500,1628750
20240215,12:25:02,0.1,750,1628750
20240215,12:25:03,0.1,650,1627750
20240215,12:25:08,0.1,550,1627750
20240215,12:25:14,0.1,600,1627750
20240215,12:25:16,0.1,500,1627750
20240215,12:25:22,0.1,300,1627750
20240215,12:25:27,0.1,550,1627750
20240215,12:25:35,0.1,550,1627750
20240215,12:25:45,0.1,100,1627750
20240215,12:25:48,0.1,300,1627750
20240215,12:25:55,0.1,500,1627750
20240215,12:26:06,0.1,500,1627750
20240215,12:26:08,0.05,100,1627750
20240215,12:26:18,0.1,500,1627750
20240215,12:26:28,0.1,550,1627750
20240215,12:26:30,0.05,1000,1627750
20240215,12:26:39,0.1,500,1627750
20240215,12:26:49,0.1,300,1627750
20240215,12:26:57,0.1,300,1627750
20240215,12:27:00,0.1,5000,1627750
20240215,12:27:02,0.1,3600,1627750
20240215,12:27:04,0.1,500,1627750
20240215,12:27:15,0.1,500,1627750
20240215,12:27:15,0.1,2500,1627750
20240215,12:27:33,0.1,100,1627750
20240215,12:27:38,0.05,1800,1627750
20240215,12:27:40,0.1,100,1627750
20240215,12:27:46,0.05,300,1627750
20240215,12:27:48,0.05,100,1627750
20240215,12:27:51,0.1,100,1627750
20240215,12:27:59,0.1,300,1627750
20240215,12:28:12,0.1,50,1627750
20240215,12:28:13,0.1,100,1620050
20240215,12:28:16,0.1,100,1620050
20240215,12:28:22,0.1,100,1620050
20240215,12:28:25,0.1,300,1620050
20240215,12:28:28,0.1,300,1620050
20240215,12:29:25,0.1,50,1620050
20240215,12:29:32,0.05,1800,1620050
20240215,12:29:33,0.05,1200,1620050
20240215,12:29:59,0.1,1750,1620050
20240215,12:30:08,0.1,200,1620050
20240215,12:30:55,0.05,600,1620050
20240215,12:30:58,0.05,2350,1620050
20240215,12:31:00,0.05,500,1620050
20240215,12:31:02,0.05,1150,1616850
20240215,12:31:03,0.05,550,1616850
20240215,12:31:04,0.05,550,1616850
20240215,12:31:05,0.05,650,1616850
20240215,12:31:07,0.05,500,1616850
20240215,12:31:08,0.05,550,1616850
20240215,12:31:09,0.05,650,1616850
20240215,12:31:11,0.05,950,1616850
20240215,12:31:12,0.05,750,1616850
20240215,12:31:13,0.05,650,1616850
20240215,12:31:15,0.05,750,1616850
20240215,12:31:16,0.05,600,1616850
20240215,12:31:18,0.05,950,1616850
20240215,12:31:19,0.05,300,1616850
20240215,12:31:20,0.05,300,1616850
20240215,12:31:21,0.05,300,1616850
20240215,12:31:22,0.05,950,1616850
20240215,12:31:24,0.05,550,1616850
20240215,12:31:26,0.05,550,1616850
20240215,12:31:28,0.05,750,1616850
20240215,12:31:30,0.05,650,1616850
20240215,12:31:32,0.05,550,1616850
20240215,12:31:33,0.1,1800,1616850
20240215,12:31:34,0.05,550,1616850
20240215,12:31:36,0.05,550,1616850
20240215,12:31:38,0.05,550,1616850
20240215,12:31:40,0.05,550,1616850
20240215,12:31:41,0.05,750,1616850
20240215,12:31:43,0.05,550,1616850
20240215,12:31:44,0.05,50,1616850
20240215,12:31:45,0.05,550,1616850
20240215,12:31:46,0.05,300,1616850
20240215,12:31:47,0.05,550,1616850
20240215,12:31:49,0.05,550,1616850
20240215,12:31:51,0.05,550,1616850
20240215,12:31:55,0.05,550,1616850
20240215,12:31:57,0.05,550,1616850
20240215,12:31:59,0.05,550,1616850
20240215,12:31:59,0.1,1000,1616850
20240215,12:32:01,0.05,650,1616850
20240215,12:32:02,0.05,750,1616850
20240215,12:32:03,0.05,900,1616850
20240215,12:32:04,0.05,300,1616850
20240215,12:32:15,0.05,50,1616850
20240215,12:32:19,0.05,50,1616850
20240215,12:32:32,0.1,50,1616850
20240215,12:32:38,0.1,3200,1616850
20240215,12:32:46,0.1,750,1616850
20240215,12:33:28,0.1,1250,1616850
20240215,12:33:35,0.05,500,1616850
20240215,12:33:36,0.05,500,1616850
20240215,12:33:51,0.1,50,1616850
20240215,12:33:56,0.1,500,1616850
20240215,12:34:04,0.05,50,1608200
20240215,12:34:07,0.1,600,1608200
20240215,12:34:09,0.1,50,1608200
20240215,12:34:25,0.05,50,1608200
20240215,12:35:25,0.1,1800,1608200
20240215,12:35:26,0.1,9000,1608200
20240215,12:35:45,0.1,3600,1608200
20240215,12:35:46,0.1,9000,1608200
20240215,12:37:12,0.1,1800,1608200
20240215,12:37:12,0.1,3600,1584850
20240215,12:37:13,0.1,10800,1584850
20240215,12:37:14,0.1,5400,1584850
20240215,12:37:15,0.1,5400,1584850
20240215,12:37:16,0.1,1800,1584850
20240215,12:37:26,0.1,1800,1584850
20240215,12:37:27,0.1,25200,1584850
20240215,12:37:35,0.1,1000,1584850
20240215,12:37:36,0.1,50,1584850
20240215,12:38:25,0.1,5400,1584850
20240215,12:38:25,0.1,9000,1584850
20240215,12:38:26,0.1,1800,1584850
20240215,12:38:27,0.1,1800,1584850
20240215,12:38:51,0.1,1800,1584850
20240215,12:38:53,0.05,1500,1584850
20240215,12:39:27,0.05,50,1584850
20240215,12:39:53,0.1,50,1584850
20240215,12:40:02,0.05,500,1584850
20240215,12:40:03,0.05,1800,1584850
20240215,12:40:03,0.05,8650,1584850
20240215,12:40:04,0.05,2700,1524600
20240215,12:40:06,0.05,100,1524600
20240215,12:40:17,0.05,200,1524600
20240215,12:40:30,0.1,1800,1524600
20240215,12:40:35,0.1,1800,1524600
20240215,12:40:38,0.1,1800,1524600
20240215,12:40:40,0.1,1800,1524600
20240215,12:40:42,0.1,1800,1524600
20240215,12:40:44,0.1,1800,1524600
20240215,12:40:47,0.1,1800,1524600
20240215,12:40:50,0.1,1800,1524600
20240215,12:40:53,0.1,1800,1524600
20240215,12:40:57,0.1,1800,1524600
20240215,12:41:00,0.1,1800,1524600
20240215,12:41:04,0.05,100,1524600
20240215,12:41:24,0.05,100,1524600
20240215,12:41:43,0.1,1800,1524600
20240215,12:42:28,0.1,50,1524600
20240215,12:42:55,0.1,1000,1524600
20240215,12:42:57,0.1,1000,1524600
20240215,12:43:13,0.05,50,1506600
20240215,12:43:19,0.1,1000,1506600
20240215,12:43:36,0.1,500,1506600
20240215,12:43:58,0.1,900,1506600
20240215,12:44:01,0.1,900,1506600
20240215,12:44:10,0.1,900,1506600
20240215,12:44:53,0.05,50,1506600
20240215,12:45:00,0.1,50,1506600
20240215,12:46:27,0.1,50,1506600
20240215,12:46:29,0.1,50,1506600
20240215,12:46:31,0.1,50,1506600
20240215,12:46:34,0.1,50,1506600
20240215,12:46:37,0.1,50,1506600
20240215,12:46:39,0.1,50,1506600
20240215,12:46:41,0.1,50,1506600
20240215,12:46:43,0.1,50,1506600
20240215,12:46:45,0.1,50,1506600
20240215,12:46:48,0.1,50,1506600
20240215,12:46:49,0.1,50,1506600
20240215,12:46:52,0.1,50,1506600
20240215,12:46:55,0.1,50,1506600
20240215,12:46:58,0.1,50,1506600
20240215,12:47:00,0.1,50,1506600
20240215,12:47:02,0.1,50,1506600
20240215,12:47:04,0.1,50,1506600
20240215,12:47:05,0.1,50,1506600
20240215,12:47:07,0.1,50,1506600
20240215,12:47:08,0.1,100,1506600
20240215,12:47:11,0.1,50,1506600
20240215,12:47:14,0.1,50,1506600
20240215,12:47:16,0.1,50,1506600
20240215,12:47:17,0.1,50,1506600
20240215,12:47:21,0.1,50,1506600
20240215,12:47:24,0.1,50,1506600
20240215,12:47:25,0.1,50,1506600
20240215,12:47:30,0.1,50,1506600
20240215,12:47:33,0.1,50,1506600
20240215,12:47:37,0.1,50,1506600
20240215,12:47:41,0.1,50,1506600
20240215,12:47:45,0.1,50,1506600
20240215,12:47:46,0.1,50,1506600
20240215,12:47:48,0.1,50,1506600
20240215,12:47:51,0.1,50,1506600
20240215,12:47:53,0.1,50,1506600
20240215,12:47:57,0.1,50,1506600
20240215,12:48:01,0.1,50,1506600
20240215,12:48:03,0.1,7500,1506600
20240215,12:48:04,0.1,50,1506600
20240215,12:48:06,0.1,50,1506600
20240215,12:48:08,0.1,50,1506600
20240215,12:48:10,0.1,100,1506600
20240215,12:48:11,0.1,50,1506600
20240215,12:48:12,0.1,50,1506600
20240215,12:48:14,0.1,150,1506600
20240215,12:48:16,0.1,450,1506600
20240215,12:48:19,0.1,450,1506600
20240215,12:48:21,0.1,100,1506600
20240215,12:48:22,0.1,500,1506600
20240215,12:48:24,0.1,550,1506600
20240215,12:48:27,0.1,550,1506600
20240215,12:48:29,0.1,1800,1506600
20240215,12:48:29,0.1,3600,1506600
20240215,12:48:30,0.1,7750,1506600
20240215,12:48:31,0.1,5400,1506600
20240215,12:48:32,0.1,550,1506600
20240215,12:48:34,0.1,550,1506600
20240215,12:48:37,0.1,550,1506600
20240215,12:48:39,0.1,550,1506600
20240215,12:48:40,0.1,50,1506600
20240215,12:48:41,0.1,100,1506600
20240215,12:48:42,0.1,550,1506600
20240215,12:48:45,0.1,650,1506600
20240215,12:48:47,0.1,300,1506600
20240215,12:48:48,0.1,300,1506600
20240215,12:48:50,0.1,550,1506600
20240215,12:48:55,0.1,300,1506600
20240215,12:48:58,0.1,550,1506600
20240215,12:49:00,0.1,550,1506600
20240215,12:49:01,0.1,14400,1506600
20240215,12:49:02,0.1,22250,1506600
20240215,12:49:05,0.1,550,1506600
20240215,12:49:07,0.1,750,1506500
20240215,12:49:10,0.1,550,1506500
20240215,12:49:14,0.1,1000,1506500
20240215,12:49:15,0.1,550,1506500
20240215,12:49:15,0.1,9000,1506500
20240215,12:49:19,0.1,550,1506500
20240215,12:49:22,0.1,2350,1506500
20240215,12:49:22,0.1,11350,1506500
20240215,12:49:26,0.1,3800,1506500
20240215,12:49:28,0.1,2350,1506500
20240215,12:49:29,0.1,7800,1506500
20240215,12:49:30,0.1,1900,1506500
20240215,12:49:31,0.1,1250,1506500
20240215,12:49:33,0.1,650,1506500
20240215,12:49:34,0.1,250,1506500
20240215,12:49:36,0.15,750,1506500
20240215,12:49:49,0.1,1000,1506500
20240215,12:49:50,0.1,350,1506500
20240215,12:49:51,0.15,400,1506500
20240215,12:49:52,0.1,300,1506500
20240215,12:49:54,0.1,1500,1506500
20240215,12:49:55,0.1,100,1506500
20240215,12:49:56,0.1,500,1506500
20240215,12:49:58,0.1,50,1506500
20240215,12:49:59,0.1,50,1506500
20240215,12:50:00,0.1,500,1506500
20240215,12:50:01,0.15,550,1506500
20240215,12:50:05,0.15,300,1506500
20240215,12:50:07,0.1,50,1506500
20240215,12:50:10,0.1,50,1506500
20240215,12:50:12,0.15,100,1506500
20240215,12:50:15,0.1,50,1506500
20240215,12:50:16,0.15,500,1506500
20240215,12:50:17,0.1,500,1506500
20240215,12:50:18,0.1,500,1506500
20240215,12:50:22,0.1,50,1506500
20240215,12:50:23,0.1,500,1506500
20240215,12:50:24,0.1,950,1506500
20240215,12:50:27,0.1,1600,1506500
20240215,12:50:28,0.1,550,1506500
20240215,12:50:29,0.1,300,1506500
20240215,12:50:30,0.1,300,1506500
20240215,12:50:31,0.1,350,1506500
20240215,12:50:33,0.15,1600,1506500
20240215,12:50:34,0.1,300,1506500
20240215,12:50:39,0.15,100,1506500
20240215,12:50:41,0.1,300,1506500
20240215,12:50:42,0.15,100,1506500
20240215,12:50:44,0.15,100,1506500
20240215,12:50:47,0.15,100,1506500
20240215,12:50:51,0.15,300,1506500
20240215,12:50:56,0.15,300,1506500
20240215,12:51:03,0.15,300,1506500
20240215,12:51:09,0.15,300,1506500
20240215,12:51:14,0.15,100,1506500
20240215,12:51:16,0.15,300,1506500
20240215,12:51:23,0.1,6300,1506500
20240215,12:51:29,0.15,100,1506500
20240215,12:51:31,0.15,300,1506500
20240215,12:51:39,0.1,150,1506500
20240215,12:51:40,0.15,1250,1506500
20240215,12:51:42,0.15,100,1506500
20240215,12:51:45,0.15,500,1506500
20240215,12:51:53,0.1,50,1506500
20240215,12:51:57,0.15,500,1506500
20240215,12:52:27,0.15,200,1485900
20240215,12:53:03,0.1,150,1485900
20240215,12:53:29,0.1,50,1485900
20240215,12:53:32,0.1,800,1485900
20240215,12:53:46,0.1,250,1485900
20240215,12:53:53,0.1,250,1485900
20240215,12:53:53,0.1,450,1485900
20240215,12:53:54,0.1,2550,1485900
20240215,12:53:55,0.1,250,1485900
20240215,12:53:57,0.15,650,1485900
20240215,12:53:58,0.1,1800,1485900
20240215,12:54:05,0.1,50,1485900
20240215,12:54:29,0.15,50,1485900
20240215,12:55:12,0.1,50,1485900
20240215,12:55:21,0.05,500,1482900
20240215,12:55:27,0.05,200,1482900
20240215,12:55:32,0.1,3750,1482900
20240215,12:56:37,0.1,250,1482900
20240215,12:56:58,0.1,50,1482900
20240215,12:57:27,0.1,50,1482900
20240215,12:58:07,0.05,50,1482900
20240215,12:58:15,0.1,50,1482900
20240215,12:58:15,0.05,250,1482900
20240215,12:58:24,0.1,5400,1482900
20240215,12:58:38,0.1,1800,1482900
20240215,12:58:46,0.1,1800,1482900
20240215,12:58:56,0.1,50,1482900
20240215,12:59:05,0.1,500,1482900
20240215,12:59:10,0.1,650,1482900
20240215,12:59:13,0.1,2800,1482900
20240215,12:59:34,0.1,800,1482900
20240215,12:59:36,0.1,50,1482900
20240215,12:59:46,0.1,50,1482900
20240215,12:59:49,0.05,250,1482900
20240215,13:00:32,0.1,1800,1482900
20240215,13:00:38,0.1,500,1482900
20240215,13:00:41,0.1,900,1482900
20240215,13:00:45,0.1,700,1482900
20240215,13:00:46,0.1,500,1482900
20240215,13:01:03,0.1,1800,1482900
20240215,13:01:20,0.1,500,1467500
20240215,13:01:24,0.1,400,1467500
20240215,13:01:26,0.1,600,1467500
20240215,13:01:37,0.1,1800,1467500
20240215,13:01:38,0.1,750,1467500
20240215,13:01:58,0.1,600,1467500
20240215,13:02:04,0.05,50,1467500
20240215,13:02:25,0.05,1800,1467500
20240215,13:02:48,0.05,600,1467500
20240215,13:03:10,0.1,1800,1467500
20240215,13:03:15,0.05,50,1467500
20240215,13:03:16,0.1,50,1467500
20240215,13:03:19,0.1,600,1467500
20240215,13:03:28,0.1,1000,1467500
20240215,13:03:58,0.1,900,1467500
20240215,13:04:11,0.1,50,1467500
20240215,13:04:20,0.1,1300,1461100
20240215,13:04:36,0.1,50,1461100
20240215,13:04:46,0.1,1800,1461100
20240215,13:05:01,0.1,500,1461100
20240215,13:06:18,0.1,1800,1461100
20240215,13:06:26,0.1,50,1461100
20240215,13:06:31,0.1,1000,1461100
20240215,13:06:35,0.1,250,1461100
20240215,13:06:55,0.05,50,1461100
20240215,13:07:21,0.1,1800,1455200
20240215,13:07:27,0.1,400,1455200
20240215,13:07:53,0.1,5050,1455200
20240215,13:08:30,0.1,350,1455200
20240215,13:08:55,0.05,50,1455200
20240215,13:08:57,0.05,1100,1455200
20240215,13:08:57,0.05,250,1455200
20240215,13:09:07,0.1,500,1455200
20240215,13:09:17,0.1,1800,1455200
20240215,13:10:03,0.1,50,1455200
20240215,13:10:05,0.05,1800,1455200
20240215,13:10:30,0.1,500,1455200
20240215,13:10:32,0.05,50,1454800
20240215,13:10:36,0.1,300,1454800
20240215,13:11:16,0.1,600,1454800
20240215,13:12:03,0.1,50,1454800
20240215,13:12:46,0.05,50,1454800
20240215,13:13:45,0.1,500,1454800
20240215,13:13:48,0.1,1800,1454750
20240215,13:14:58,0.1,600,1454750
20240215,13:16:19,0.1,50,1454750
20240215,13:16:53,0.05,100,1454150
20240215,13:16:55,0.1,1800,1454150
20240215,13:17:20,0.05,600,1454150
20240215,13:17:40,0.1,1250,1454150
20240215,13:18:11,0.1,1050,1454150
20240215,13:18:58,0.1,50,1454150
20240215,13:19:00,0.05,100,1454150
20240215,13:19:30,0.05,3600,1454500
20240215,13:19:30,0.05,2400,1454500
20240215,13:19:35,0.1,50,1454500
20240215,13:19:35,0.1,100,1454500
20240215,13:19:36,0.1,150,1454500
20240215,13:19:37,0.1,100,1454500
20240215,13:19:38,0.1,150,1454500
20240215,13:19:45,0.05,1250,1454500
20240215,13:19:52,0.05,300,1454500
20240215,13:20:09,0.05,1500,1454500
20240215,13:20:10,0.05,1500,1454500
20240215,13:20:19,0.1,100,1454500
20240215,13:20:24,0.05,1500,1454500
20240215,13:20:31,0.05,1500,1454500
20240215,13:20:37,0.05,1500,1454500
20240215,13:21:02,0.1,50,1454500
20240215,13:21:03,0.1,50,1454500
20240215,13:21:05,0.05,50,1454500
20240215,13:21:32,0.1,500,1454500
20240215,13:21:42,0.05,50,1454500
20240215,13:21:43,0.05,50,1454500
20240215,13:21:44,0.05,50,1454500
20240215,13:21:45,0.05,100,1454500
20240215,13:21:46,0.05,100,1454500
20240215,13:21:47,0.05,50,1454500
20240215,13:22:19,0.1,50,1454550
20240215,13:22:54,0.05,500,1454550
20240215,13:23:16,0.05,100,1454550
20240215,13:23:16,0.05,50,1454550
20240215,13:23:17,0.05,100,1454550
20240215,13:23:18,0.05,150,1454550
20240215,13:23:19,0.05,150,1454550
20240215,13:23:23,0.05,2000,1454550
20240215,13:23:28,0.05,1500,1454550
20240215,13:23:59,0.1,500,1454550
20240215,13:24:21,0.1,750,1454550
20240215,13:24:37,0.1,2200,1454550
20240215,13:24:50,0.1,50,1454550
20240215,13:25:03,0.05,7800,1454550
20240215,13:25:04,0.05,4800,1454550
20240215,13:25:05,0.05,650,1454550
20240215,13:26:15,0.1,1800,1452650
20240215,13:26:23,0.1,1800,1452650
20240215,13:26:26,0.1,1500,1452650
20240215,13:26:37,0.1,4500,1452650
20240215,13:26:51,0.05,100,1452650
20240215,13:27:03,0.1,100,1452650
20240215,13:27:17,0.05,5000,1452650
20240215,13:27:19,0.1,150,1452650
20240215,13:27:30,0.1,900,1452650
20240215,13:27:36,0.1,66600,1452650
20240215,13:27:37,0.1,33400,1452650
20240215,13:27:48,0.05,500,1452650
20240215,13:28:12,0.1,1000,1461300
20240215,13:28:20,0.1,500,1461300
20240215,13:28:29,0.1,200,1461300
20240215,13:28:39,0.1,50,1461300
20240215,13:29:24,0.1,1000,1461300
20240215,13:30:00,0.1,50,1461300
20240215,13:30:06,0.05,50,1461300
20240215,13:30:38,0.1,4000,1461300
20240215,13:30:38,0.1,7400,1461300
20240215,13:30:39,0.1,50,1461300
20240215,13:30:46,0.15,6800,1461300
20240215,13:30:47,0.15,750,1461300
20240215,13:31:10,0.1,50,1461300
20240215,13:31:11,0.1,50,1455900
20240215,13:31:12,0.1,150,1455900
20240215,13:31:14,0.1,50,1455900
20240215,13:31:15,0.1,50,1455900
20240215,13:31:19,0.1,50,1455900
20240215,13:31:21,0.1,50,1455900
20240215,13:31:44,0.1,850,1455900
20240215,13:31:46,0.1,750,1455900
20240215,13:31:48,0.1,750,1455900
20240215,13:31:49,0.1,550,1455900
20240215,13:31:52,0.15,300,1455900
20240215,13:31:53,0.15,500,1455900
20240215,13:31:56,0.15,550,1455900
20240215,13:31:59,0.15,550,1455900
20240215,13:32:01,0.15,550,1455900
20240215,13:32:13,0.1,1800,1455900
20240215,13:32:15,0.1,10800,1455900
20240215,13:32:16,0.1,7200,1455900
20240215,13:32:17,0.1,7200,1455900
20240215,13:32:18,0.1,5400,1455900
20240215,13:32:19,0.1,9000,1455900
20240215,13:32:20,0.1,7200,1455900
20240215,13:32:21,0.1,5400,1455900
20240215,13:32:22,0.1,5400,1455900
20240215,13:32:23,0.1,7200,1455900
20240215,13:32:23,0.1,3600,1455900
20240215,13:32:24,0.1,7200,1455900
20240215,13:32:25,0.1,5400,1455900
20240215,13:32:26,0.1,7200,1455900
20240215,13:32:28,0.1,7200,1455900
20240215,13:32:29,0.1,7200,1455900
20240215,13:32:30,0.1,13200,1455900
20240215,13:32:39,0.1,1800,1455900
20240215,13:32:47,0.1,500,1455900
20240215,13:32:52,0.05,550,1455900
20240215,13:32:58,0.05,100,1455900
20240215,13:33:07,0.1,100,1455900
20240215,13:33:08,0.1,550,1455900
20240215,13:33:11,0.1,50,1455900
20240215,13:33:14,0.05,1000,1455900
20240215,13:33:20,0.1,1800,1455900
20240215,13:33:22,0.1,50,1455900
20240215,13:33:25,0.05,300,1455900
20240215,13:33:27,0.05,600,1455900
20240215,13:33:30,0.05,100,1455900
20240215,13:33:31,0.05,750,1455900
20240215,13:33:33,0.1,850,1455900
20240215,13:33:34,0.1,550,1455900
20240215,13:33:41,0.1,100,1455900
20240215,13:33:44,0.1,50,1455900
20240215,13:33:47,0.1,50,1455900
20240215,13:33:52,0.1,100,1455900
20240215,13:34:19,0.1,66600,1419550
20240215,13:34:20,0.1,26900,1419550
20240215,13:34:45,0.1,1800,1419550
20240215,13:34:49,0.1,550,1419550
20240215,13:34:51,0.1,750,1419550
20240215,13:34:55,0.1,550,1419550
20240215,13:34:57,0.1,650,1419550
20240215,13:35:00,0.1,650,1419550
20240215,13:35:03,0.1,550,1419550
20240215,13:35:06,0.1,550,1419550
20240215,13:35:08,0.1,750,1419550
20240215,13:35:10,0.1,650,1419550
20240215,13:35:12,0.1,550,1419550
20240215,13:35:14,0.1,550,1419550
20240215,13:35:16,0.1,550,1419550
20240215,13:35:18,0.1,500,1419550
20240215,13:35:20,0.1,650,1419550
20240215,13:35:22,0.1,550,1419550
20240215,13:35:24,0.1,550,1419550
20240215,13:35:25,0.15,50,1419550
20240215,13:35:27,0.1,750,1419550
20240215,13:35:28,0.1,650,1419550
20240215,13:35:29,0.1,350,1419550
20240215,13:35:30,0.1,300,1419550
20240215,13:35:31,0.1,550,1419550
20240215,13:35:34,0.1,550,1419550
20240215,13:35:37,0.1,100,1419550
20240215,13:35:39,0.1,750,1419550
20240215,13:35:41,0.1,550,1419550
20240215,13:35:43,0.1,550,1419550
20240215,13:35:44,0.1,700,1419550
20240215,13:35:46,0.1,650,1419550
20240215,13:35:48,0.1,300,1419550
20240215,13:35:49,0.1,650,1419550
20240215,13:35:51,0.1,550,1419550
20240215,13:35:53,0.1,750,1419550
20240215,13:35:54,0.1,750,1419550
20240215,13:35:55,0.1,550,1419550
20240215,13:35:57,0.1,650,1419550
20240215,13:36:00,0.1,650,1419550
20240215,13:36:02,0.1,1000,1419550
20240215,13:36:03,0.1,900,1419550
20240215,13:36:04,0.1,800,1419550
20240215,13:36:05,0.1,150,1419550
20240215,13:36:07,0.1,50,1419550
20240215,13:36:13,0.1,50,1419550
20240215,13:36:15,0.1,50,1419550
20240215,13:36:16,0.1,50,1419550
20240215,13:36:17,0.1,100,1419550
20240215,13:36:18,0.1,50,1419550
20240215,13:36:19,0.1,300,1419550
20240215,13:36:20,0.1,50,1419550
20240215,13:36:21,0.1,50,1419550
20240215,13:36:22,0.1,50,1419550
20240215,13:36:23,0.1,100,1419550
20240215,13:36:24,0.1,100,1419550
20240215,13:36:25,0.1,50,1419550
20240215,13:36:26,0.1,50,1419550
20240215,13:36:27,0.1,50,1419550
20240215,13:36:28,0.1,100,1419550
20240215,13:36:29,0.1,100,1419550
20240215,13:36:30,0.1,150,1419550
20240215,13:36:31,0.1,50,1419550
20240215,13:36:32,0.1,100,1419550
20240215,13:36:33,0.1,100,1419550
20240215,13:36:34,0.1,100,1419550
20240215,13:36:35,0.1,100,1419550
20240215,13:36:36,0.1,150,1419550
20240215,13:36:37,0.1,50,1419550
20240215,13:36:38,0.1,50,1419550
20240215,13:36:39,0.1,100,1419550
20240215,13:36:41,0.1,100,1419550
20240215,13:36:42,0.1,50,1419550
20240215,13:36:43,0.1,100,1419550
20240215,13:36:44,0.15,250,1419550
20240215,13:36:45,0.1,50,1419550
20240215,13:36:46,0.1,100,1419550
20240215,13:36:47,0.1,50,1419550
20240215,13:36:48,0.1,250,1419550
20240215,13:36:49,0.1,50,1419550
20240215,13:36:50,0.1,100,1419550
20240215,13:36:51,0.1,50,1419550
20240215,13:36:52,0.1,100,1419550
20240215,13:36:53,0.1,50,1419550
20240215,13:36:54,0.1,100,1419550
20240215,13:36:55,0.1,100,1419550
20240215,13:36:56,0.1,50,1419550
20240215,13:36:57,0.15,200,1419550
20240215,13:37:03,0.15,900,1419550
20240215,13:37:04,0.15,100,1419550
20240215,13:37:08,0.1,750,1419550
20240215,13:37:10,0.15,100,1419550
20240215,13:37:16,0.15,600,1419300
20240215,13:37:17,0.15,100,1419300
20240215,13:37:21,0.1,50,1419300
20240215,13:37:22,0.1,100,1419300
20240215,13:37:23,0.1,50,1419300
20240215,13:37:24,0.1,100,1419300
20240215,13:37:25,0.1,100,1419300
20240215,13:37:26,0.1,100,1419300
20240215,13:37:27,0.1,50,1419300
20240215,13:37:28,0.1,50,1419300
20240215,13:37:29,0.1,100,1419300
20240215,13:37:38,0.1,450,1419300
20240215,13:37:38,0.1,250,1419300
20240215,13:37:48,0.1,800,1419300
20240215,13:37:52,0.1,500,1419300
20240215,13:37:56,0.1,1800,1419300
20240215,13:38:20,0.15,50,1419300
20240215,13:38:21,0.15,100,1419300
20240215,13:38:24,0.15,100,1419300
20240215,13:38:26,0.15,100,1419300
20240215,13:38:28,0.15,150,1419300
20240215,13:38:29,0.1,2000,1419300
20240215,13:38:30,0.15,150,1419300
20240215,13:38:31,0.15,150,1419300
20240215,13:38:32,0.1,50,1419300
20240215,13:38:34,0.1,5150,1419300
20240215,13:38:35,0.1,400,1419300
20240215,13:38:36,0.1,1800,1419300
20240215,13:38:38,0.1,50,1419300
20240215,13:38:40,0.1,1800,1419300
20240215,13:38:43,0.1,400,1419300
20240215,13:38:47,0.1,200,1419300
20240215,13:39:28,0.1,850,1419300
20240215,13:39:28,0.1,500,1419300
20240215,13:39:29,0.1,3100,1419300
20240215,13:39:32,0.1,600,1419300
20240215,13:39:33,0.15,850,1419300
20240215,13:39:34,0.1,250,1419300
20240215,13:39:36,0.1,200,1419300
20240215,13:39:39,0.1,450,1419300
20240215,13:40:07,0.1,1250,1419300
20240215,13:40:22,0.15,150,1411250
20240215,13:40:23,0.1,150,1411250
20240215,13:40:26,0.15,100,1411250
20240215,13:40:27,0.1,100,1411250
20240215,13:40:28,0.15,150,1411250
20240215,13:40:29,0.1,150,1411250
20240215,13:40:30,0.15,150,1411250
20240215,13:40:31,0.1,150,1411250
20240215,13:40:32,0.15,150,1411250
20240215,13:40:33,0.15,150,1411250
20240215,13:40:34,0.15,150,1411250
20240215,13:40:35,0.15,150,1411250
20240215,13:40:36,0.1,200,1411250
20240215,13:40:37,0.15,150,1411250
20240215,13:40:38,0.15,150,1411250
20240215,13:40:39,0.15,150,1411250
20240215,13:40:40,0.1,700,1411250
20240215,13:40:41,0.1,1050,1411250
20240215,13:40:42,0.15,150,1411250
20240215,13:40:43,0.15,150,1411250
20240215,13:40:44,0.15,150,1411250
20240215,13:40:45,0.15,150,1411250
20240215,13:40:46,0.15,150,1411250
20240215,13:40:47,0.15,100,1411250
20240215,13:40:48,0.15,150,1411250
20240215,13:40:49,0.15,150,1411250
20240215,13:40:50,0.1,950,1411250
20240215,13:40:51,0.15,150,1411250
20240215,13:40:52,0.1,950,1411250
20240215,13:40:53,0.15,150,1411250
20240215,13:40:54,0.1,950,1411250
20240215,13:40:55,0.15,150,1411250
20240215,13:40:56,0.1,250,1411250
20240215,13:40:57,0.15,150,1411250
20240215,13:40:58,0.1,850,1411250
20240215,13:40:59,0.15,650,1411250
20240215,13:41:00,0.1,150,1411250
20240215,13:41:01,0.15,150,1411250
20240215,13:41:02,0.1,150,1411250
20240215,13:41:09,0.15,3750,1411250
20240215,13:41:17,0.1,300,1411250
20240215,13:41:18,0.15,150,1411250
20240215,13:41:19,0.15,150,1411250
20240215,13:41:20,0.15,150,1411250
20240215,13:41:21,0.15,150,1411250
20240215,13:41:22,0.15,150,1411250
20240215,13:41:23,0.15,150,1411250
20240215,13:41:24,0.15,200,1411250
20240215,13:41:25,0.15,150,1411250
20240215,13:41:27,0.15,300,1411250
20240215,13:41:28,0.15,150,1411250
20240215,13:41:29,0.1,1450,1411250
20240215,13:41:30,0.15,150,1411250
20240215,13:41:31,0.15,150,1411250
20240215,13:41:32,0.15,150,1411250
20240215,13:41:33,0.15,300,1411250
20240215,13:41:34,0.15,550,1411250
20240215,13:41:35,0.15,850,1411250
20240215,13:41:37,0.15,550,1411250
20240215,13:41:38,0.15,850,1411250
20240215,13:41:39,0.15,750,1411250
20240215,13:41:40,0.15,500,1411250
20240215,13:41:41,0.15,550,1411250
20240215,13:41:42,0.1,200,1411250
20240215,13:41:44,0.15,1200,1411250
20240215,13:41:46,0.15,950,1411250
20240215,13:41:47,0.15,550,1411250
20240215,13:41:48,0.15,550,1411250
20240215,13:41:49,0.15,850,1411250
20240215,13:41:50,0.15,850,1411250
20240215,13:41:51,0.1,2550,1411250
20240215,13:41:51,0.1,1150,1411250
20240215,13:41:53,0.1,4100,1411250
20240215,13:41:54,0.15,950,1411250
20240215,13:41:55,0.1,1400,1411250
20240215,13:41:56,0.1,2650,1411250
20240215,13:41:57,0.15,1900,1411250
20240215,13:41:58,0.15,1550,1411250
20240215,13:41:59,0.15,800,1411250
20240215,13:42:00,0.15,500,1411250
20240215,13:42:03,0.15,650,1411250
20240215,13:42:05,0.15,550,1411250
20240215,13:42:06,0.15,550,1411250
20240215,13:42:08,0.15,550,1411250
20240215,13:42:10,0.15,100,1411250
20240215,13:42:11,0.15,550,1411250
20240215,13:42:14,0.15,550,1411250
20240215,13:42:16,0.15,750,1411250
20240215,13:42:17,0.1,50,1411250
20240215,13:42:23,0.1,950,1411250
20240215,13:42:24,0.15,650,1411250
20240215,13:42:29,0.1,950,1411250
20240215,13:42:30,0.15,1950,1411250
20240215,13:42:31,0.1,950,1411250
20240215,13:42:32,0.1,950,1411250
20240215,13:42:35,0.15,800,1411250
20240215,13:42:36,0.15,950,1411250
20240215,13:42:37,0.15,950,1411250
20240215,13:42:40,0.15,100,1411250
20240215,13:42:46,0.15,750,1411250
20240215,13:42:52,0.15,550,1411250
20240215,13:42:56,0.15,1250,1411250
20240215,13:43:29,0.1,750,1411250
20240215,13:43:34,0.1,10000,1422000
20240215,13:43:34,0.1,100,1422000
20240215,13:44:20,0.1,9000,1422000
20240215,13:44:20,0.1,1000,1422000
20240215,13:44:40,0.15,3750,1422000
20240215,13:45:03,0.1,6300,1422000
20240215,13:45:03,0.1,5700,1422000
20240215,13:45:04,0.1,1250,1422000
20240215,13:45:14,0.1,150,1422000
20240215,13:45:35,0.1,1200,1422000
20240215,13:45:37,0.15,6000,1422000
20240215,13:45:39,0.15,300,1422000
20240215,13:45:43,0.15,1200,1422000
20240215,13:45:49,0.1,2400,1422000
20240215,13:46:01,0.1,50,1422000
20240215,13:46:13,0.1,100,1422000
20240215,13:46:23,0.15,7500,1422000
20240215,13:47:19,0.15,7500,1418400
20240215,13:47:50,0.15,50,1418400
20240215,13:47:57,0.1,250,1418400
20240215,13:47:59,0.1,300,1418400
20240215,13:48:01,0.1,300,1418400
20240215,13:48:10,0.1,1800,1418400
20240215,13:48:11,0.1,2600,1418400
20240215,13:48:12,0.1,1800,1418400
20240215,13:48:13,0.1,1800,1418400
20240215,13:48:14,0.1,1800,1418400
20240215,13:48:15,0.1,200,1418400
20240215,13:48:40,0.1,50,1418400
20240215,13:48:57,0.15,50,1418400
20240215,13:49:10,0.15,5000,1418400
20240215,13:49:43,0.1,1800,1413450
20240215,13:49:45,0.1,1800,1413450
20240215,13:49:46,0.1,1800,1413450
20240215,13:49:47,0.1,1800,1413450
20240215,13:49:51,0.1,600,1413450
20240215,13:49:55,0.1,150,1413450
20240215,13:49:56,0.1,50,1413450
20240215,13:50:01,0.15,50,1413450
20240215,13:50:10,0.15,50,1413450
20240215,13:50:19,0.15,50,1413450
20240215,13:50:27,0.1,50,1413450
20240215,13:50:31,0.1,50,1413450
20240215,13:50:36,0.1,50,1413450
20240215,13:50:50,0.1,1000,1413450
20240215,13:50:53,0.1,700,1413450
20240215,13:51:01,0.1,1000,1413450
20240215,13:51:08,0.15,50,1413450
20240215,13:51:11,0.1,250,1413450
20240215,13:51:12,0.1,50,1413450
20240215,13:51:19,0.15,300,1413450
20240215,13:51:20,0.1,1800,1413450
20240215,13:51:29,0.15,50,1413450
20240215,13:51:42,0.15,50,1413450
20240215,13:51:51,0.1,50,1413450
20240215,13:51:53,0.15,900,1413450
20240215,13:51:56,0.1,50,1413450
20240215,13:52:01,0.1,50,1413450
20240215,13:52:17,0.15,900,1413450
20240215,13:52:31,0.1,50,1419100
20240215,13:53:19,0.1,50,1419100
20240215,13:53:20,0.1,50,1419100
20240215,13:53:21,0.1,2550,1419100
20240215,13:53:33,0.15,150,1419100
20240215,13:54:01,0.1,550,1419100
20240215,13:54:02,0.1,950,1419100
20240215,13:54:03,0.1,950,1419100
20240215,13:54:04,0.1,950,1419100
20240215,13:54:05,0.1,950,1419100
20240215,13:54:06,0.1,950,1419100
20240215,13:54:07,0.1,950,1419100
20240215,13:54:08,0.1,950,1419100
20240215,13:54:09,0.1,950,1419100
20240215,13:54:10,0.1,950,1419100
20240215,13:54:11,0.1,950,1419100
20240215,13:54:12,0.1,950,1419100
20240215,13:54:13,0.1,950,1419100
20240215,13:54:14,0.1,950,1419100
20240215,13:54:15,0.1,950,1419100
20240215,13:54:16,0.1,850,1419100
20240215,13:54:17,0.1,550,1419100
20240215,13:54:18,0.1,750,1419100
20240215,13:54:19,0.1,300,1419100
20240215,13:54:20,0.1,950,1419100
20240215,13:54:22,0.1,650,1419100
20240215,13:54:23,0.1,650,1419100
20240215,13:54:25,0.1,550,1419100
20240215,13:54:26,0.1,750,1419100
20240215,13:54:27,0.1,50,1419100
20240215,13:54:28,0.1,850,1419100
20240215,13:54:30,0.1,850,1419100
20240215,13:54:32,0.1,550,1419100
20240215,13:54:33,0.1,850,1419100
20240215,13:54:35,0.1,550,1419100
20240215,13:54:37,0.1,550,1419100
20240215,13:54:39,0.1,650,1419100
20240215,13:54:40,0.1,450,1419100
20240215,13:55:04,0.1,300,1419100
20240215,13:55:07,0.15,50,1419100
20240215,13:55:08,0.15,100,1419100
20240215,13:55:10,0.15,100,1419100
20240215,13:55:12,0.15,100,1419100
20240215,13:55:15,0.1,350,1419100
20240215,13:55:48,0.15,1800,1419100
20240215,13:55:51,0.1,1500,1415500
20240215,13:55:58,0.1,1800,1415500
20240215,13:55:59,0.1,1000,1415500
20240215,13:56:18,0.1,1800,1415500
20240215,13:56:35,0.15,100,1415500
20240215,13:56:36,0.1,100,1415500
20240215,13:56:37,0.15,100,1415500
20240215,13:56:38,0.1,100,1415500
20240215,13:56:39,0.15,100,1415500
20240215,13:56:41,0.15,100,1415500
20240215,13:56:43,0.1,200,1415500
20240215,13:56:44,0.1,200,1415500
20240215,13:56:45,0.15,50,1415500
20240215,13:56:52,0.1,50,1415500
20240215,13:57:01,0.15,50,1415500
20240215,13:57:02,0.15,100,1415500
20240215,13:57:03,0.15,100,1415500
20240215,13:57:04,0.15,100,1415500
20240215,13:57:05,0.15,100,1415500
20240215,13:57:07,0.15,150,1415500
20240215,13:57:09,0.15,150,1415500
20240215,13:57:10,0.15,27700,1415500
20240215,13:57:11,0.15,100,1415500
20240215,13:57:12,0.15,150,1415500
20240215,13:57:13,0.15,6150,1415500
20240215,13:57:14,0.15,100,1415500
20240215,13:57:15,0.15,100,1415500
20240215,13:57:16,0.15,150,1415500
20240215,13:57:17,0.15,150,1415500
20240215,13:57:18,0.15,150,1415500
20240215,13:57:19,0.15,150,1415500
20240215,13:57:20,0.15,150,1415500
20240215,13:57:21,0.15,150,1415500
20240215,13:57:22,0.15,3600,1415500
20240215,13:57:23,0.15,150,1415500
20240215,13:57:24,0.15,150,1415500
20240215,13:57:25,0.15,150,1415500
20240215,13:57:26,0.15,150,1415500
20240215,13:57:27,0.15,300,1415500
20240215,13:57:28,0.15,450,1415500
20240215,13:57:29,0.15,700,1415500
20240215,13:57:30,0.15,900,1415500
20240215,13:57:31,0.15,950,1415500
20240215,13:57:32,0.15,950,1415500
20240215,13:57:33,0.15,950,1415500
20240215,13:57:34,0.15,950,1415500
20240215,13:57:35,0.15,950,1415500
20240215,13:57:36,0.15,550,1415500
20240215,13:57:37,0.15,550,1415500
20240215,13:57:38,0.15,550,1415500
20240215,13:57:39,0.15,650,1415500
20240215,13:57:40,0.15,750,1415500
20240215,13:57:41,0.15,550,1415500
20240215,13:57:42,0.15,650,1415500
20240215,13:57:43,0.15,300,1415500
20240215,13:57:44,0.15,650,1415500
20240215,13:57:45,0.15,650,1415500
20240215,13:57:46,0.15,850,1415500
20240215,13:57:48,0.15,550,1415500
20240215,13:57:50,0.15,550,1415500
20240215,13:57:52,0.15,550,1415500
20240215,13:57:54,0.15,550,1415500
20240215,13:57:56,0.1,200,1415500
20240215,13:57:57,0.15,100,1415500
20240215,13:57:58,0.15,550,1415500
20240215,13:58:00,0.1,1800,1415500
20240215,13:58:01,0.1,5400,1415500
20240215,13:58:02,0.1,5950,1415500
20240215,13:58:03,0.1,9000,1415500
20240215,13:58:04,0.1,9000,1415500
20240215,13:58:05,0.1,2350,1415500
20240215,13:58:06,0.1,7200,1415500
20240215,13:58:07,0.1,7200,1415500
20240215,13:58:08,0.1,9000,1415500
20240215,13:58:09,0.1,9300,1415500
20240215,13:58:10,0.1,3600,1415500
20240215,13:58:11,0.1,3600,1415500
20240215,13:58:12,0.1,7750,1415500
20240215,13:58:13,0.1,9000,1415500
20240215,13:58:14,0.1,7750,1415500
20240215,13:58:15,0.1,3600,1415500
20240215,13:58:16,0.1,3600,1415500
20240215,13:58:17,0.1,1800,1415500
20240215,13:58:18,0.1,2300,1415500
20240215,13:58:22,0.1,600,1415500
20240215,13:58:24,0.1,100,1415500
20240215,13:58:26,0.1,500,1415500
20240215,13:58:31,0.1,550,1415500
20240215,13:58:40,0.1,550,1415500
20240215,13:59:00,0.1,100,1415500
20240215,13:59:02,0.1,100,1415500
20240215,13:59:08,0.1,100,1415500
20240215,13:59:09,0.1,50,1415500
20240215,13:59:11,0.1,100,1415500
20240215,13:59:14,0.1,300,1415500
20240215,13:59:35,0.1,100,1415500
20240215,13:59:37,0.1,250,1415500
20240215,13:59:56,0.05,950,1415500
20240215,13:59:57,0.05,750,1415500
20240215,13:59:59,0.05,750,1415500
20240215,14:00:00,0.05,650,1415500
20240215,14:00:01,0.05,950,1415500
20240215,14:00:02,0.05,950,1415500
20240215,14:00:03,0.05,850,1415500
20240215,14:00:04,0.1,1300,1415500
20240215,14:00:05,0.05,950,1415500
20240215,14:00:06,0.05,950,1415500
20240215,14:00:07,0.05,650,1415500
20240215,14:00:09,0.05,750,1415500
20240215,14:00:10,0.05,550,1415500
20240215,14:00:11,0.05,550,1415500
20240215,14:00:12,0.05,550,1415500
20240215,14:00:13,0.05,500,1415500
20240215,14:00:15,0.05,550,1415500
20240215,14:00:17,0.05,750,1415500
20240215,14:00:19,0.05,550,1415500
20240215,14:00:21,0.05,850,1415500
20240215,14:00:23,0.05,850,1415500
20240215,14:00:24,0.05,650,1415500
20240215,14:00:26,0.05,550,1415500
20240215,14:00:28,0.05,500,1415500
20240215,14:00:30,0.05,550,1415500
20240215,14:00:32,0.05,950,1415500
20240215,14:00:33,0.05,550,1415500
20240215,14:00:34,0.05,550,1415500
20240215,14:00:35,0.05,650,1415500
20240215,14:00:37,0.05,950,1415500
20240215,14:00:39,0.05,750,1415500
20240215,14:00:41,0.05,750,1415500
20240215,14:00:43,0.05,550,1415500
20240215,14:00:45,0.05,550,1415500
20240215,14:00:45,0.05,1000,1415500
20240215,14:00:47,0.05,550,1415500
20240215,14:00:48,0.05,1000,1415500
20240215,14:00:49,0.05,50,1415500
20240215,14:00:50,0.05,400,1415500
20240215,14:01:00,0.1,50,1415500
20240215,14:01:12,0.1,400,1415500
20240215,14:01:39,0.1,2000,1413400
20240215,14:01:59,0.05,1500,1413400
20240215,14:02:01,0.05,1500,1413400
20240215,14:02:03,0.05,1500,1413400
20240215,14:02:04,0.05,1500,1413400
20240215,14:02:12,0.05,50,1413400
20240215,14:02:30,0.1,800,1413400
20240215,14:02:38,0.1,800,1413400
20240215,14:02:47,0.05,1800,1413400
20240215,14:03:06,0.1,250,1413400
20240215,14:03:46,0.1,50,1413400
20240215,14:03:51,0.1,500,1413400
20240215,14:03:52,0.1,500,1413400
20240215,14:03:53,0.1,400,1413400
20240215,14:03:57,0.05,100,1413400
20240215,14:04:29,0.05,100,1413000
20240215,14:04:44,0.1,500,1413000
20240215,14:04:56,0.1,1500,1413000
20240215,14:05:07,0.1,450,1413000
20240215,14:05:35,0.1,250,1413000
20240215,14:05:57,0.1,1650,1413000
20240215,14:06:22,0.1,1500,1413000
20240215,14:06:30,0.05,1050,1413000
20240215,14:06:45,0.1,1800,1413000
20240215,14:06:50,0.1,1800,1413000
20240215,14:07:10,0.1,1800,1413000
20240215,14:07:33,0.1,1500,1413000
20240215,14:07:33,0.1,1500,1404150
20240215,14:08:04,0.1,900,1404150
20240215,14:09:10,0.05,950,1404150
20240215,14:09:40,0.05,300,1404150
20240215,14:09:42,0.1,50,1404150
20240215,14:10:03,0.1,100,1404150
20240215,14:10:03,0.05,1800,1404150
20240215,14:10:04,0.05,13700,1404150
20240215,14:10:05,0.05,8300,1404150
20240215,14:10:06,0.05,2700,1404150
20240215,14:10:10,0.1,1800,1404150
20240215,14:10:12,0.1,1800,1404150
20240215,14:10:30,0.1,1500,1399600
20240215,14:10:33,0.1,3000,1399600
20240215,14:10:50,0.1,1800,1399600
20240215,14:10:50,0.1,1200,1399600
20240215,14:10:55,0.1,50,1399600
20240215,14:10:58,0.1,500,1399600
20240215,14:11:14,0.1,50,1399600
20240215,14:11:17,0.1,3000,1399600
20240215,14:11:35,0.1,1800,1399600
20240215,14:11:37,0.1,1800,1399600
20240215,14:11:50,0.1,1500,1399600
20240215,14:11:51,0.1,1500,1399600
20240215,14:12:21,0.1,400,1399600
20240215,14:12:42,0.1,1800,1399600
20240215,14:12:43,0.1,1800,1399600
20240215,14:13:31,0.05,50,1399600
20240215,14:13:57,0.1,4300,1387850
20240215,14:13:59,0.1,1800,1387850
20240215,14:14:20,0.05,500,1387850
20240215,14:14:50,0.1,900,1387850
20240215,14:14:58,0.05,500,1387850
20240215,14:15:20,0.05,100,1387850
20240215,14:15:40,0.05,50,1387850
20240215,14:15:41,0.05,250,1387850
20240215,14:15:47,0.1,1800,1387850
20240215,14:15:54,0.1,1800,1387850
20240215,14:16:00,0.1,1800,1387850
20240215,14:16:04,0.05,250,1387850
20240215,14:16:05,0.1,1800,1387850
20240215,14:16:07,0.05,250,1387850
20240215,14:16:09,0.05,250,1387850
20240215,14:16:14,0.05,2050,1387850
20240215,14:16:22,0.05,50,1383400
20240215,14:16:25,0.1,1800,1383400
20240215,14:16:34,0.1,1800,1383400
20240215,14:16:41,0.05,1200,1383400
20240215,14:16:42,0.1,1800,1383400
20240215,14:16:42,0.05,1250,1383400
20240215,14:16:52,0.1,1800,1383400
20240215,14:17:18,0.1,40000,1383400
20240215,14:17:26,0.1,40000,1383400
20240215,14:17:31,0.1,500,1383400
20240215,14:17:35,0.1,39400,1383400
20240215,14:17:38,0.1,50,1383400
20240215,14:17:44,0.2,1800,1383400
20240215,14:17:46,0.15,1800,1383400
20240215,14:17:50,0.15,2550,1383400
20240215,14:17:53,0.15,950,1383400
20240215,14:17:59,0.15,1800,1383400
20240215,14:18:06,0.15,1800,1383400
20240215,14:18:15,0.15,1800,1383400
20240215,14:18:24,0.1,200,1383400
20240215,14:18:29,0.1,100,1383400
20240215,14:18:30,0.1,200,1383400
20240215,14:18:33,0.1,100,1383400
20240215,14:18:39,0.1,50,1383400
20240215,14:18:47,0.1,100,1383400
20240215,14:18:48,0.1,100,1383400
20240215,14:18:52,0.1,1000,1383400
20240215,14:18:54,0.1,100,1383400
20240215,14:18:58,0.1,100,1383400
20240215,14:19:11,0.1,250,1383400
20240215,14:19:12,0.15,50,1383400
20240215,14:19:42,0.15,50,1398950
20240215,14:19:54,0.15,250,1398950
20240215,14:20:04,0.15,1800,1398950
20240215,14:20:08,0.15,1800,1398950
20240215,14:20:17,0.15,1250,1398950
20240215,14:20:23,0.1,50,1398950
20240215,14:20:24,0.1,1800,1398950
20240215,14:20:26,0.1,1800,1398950
20240215,14:20:27,0.1,1800,1398950
20240215,14:20:28,0.1,1800,1398950
20240215,14:20:29,0.1,1800,1398950
20240215,14:20:30,0.1,1800,1398950
20240215,14:20:31,0.1,1800,1398950
20240215,14:20:32,0.1,1800,1398950
20240215,14:20:33,0.1,1800,1398950
20240215,14:20:35,0.15,3300,1398950
20240215,14:20:58,0.1,50,1398950
20240215,14:21:06,0.15,50,1398950
20240215,14:21:08,0.1,1800,1398950
20240215,14:21:09,0.1,1800,1398950
20240215,14:21:10,0.1,1800,1398950
20240215,14:21:11,0.1,1800,1398950
20240215,14:21:12,0.1,1800,1398950
20240215,14:21:57,0.15,50,1398950
20240215,14:22:29,0.1,300,1396900
20240215,14:22:31,0.1,300,1396900
20240215,14:22:33,0.1,300,1396900
20240215,14:22:34,0.1,300,1396900
20240215,14:22:35,0.1,300,1396900
20240215,14:22:36,0.1,300,1396900
20240215,14:22:40,0.15,50,1396900
20240215,14:22:42,0.1,500,1396900
20240215,14:22:53,0.1,1800,1396900
20240215,14:23:05,0.15,50,1396900
20240215,14:23:53,0.1,250,1396900
20240215,14:24:40,0.1,1400,1396900
20240215,14:24:41,0.1,2800,1396900
20240215,14:24:46,0.1,50,1396900
20240215,14:24:47,0.1,2450,1396900
20240215,14:25:31,0.1,3550,1395550
20240215,14:25:36,0.1,3000,1395550
20240215,14:25:37,0.1,1800,1395550
20240215,14:25:42,0.1,500,1395550
20240215,14:25:58,0.1,1800,1395550
20240215,14:25:59,0.1,3600,1395550
20240215,14:26:00,0.1,50,1395550
20240215,14:26:10,0.1,250,1395550
20240215,14:26:15,0.1,200,1395550
20240215,14:26:23,0.1,2500,1395550
20240215,14:26:30,0.15,50,1395550
20240215,14:26:40,0.1,1800,1395550
20240215,14:26:40,0.1,500,1395550
20240215,14:26:41,0.1,600,1395550
20240215,14:26:43,0.1,500,1395550
20240215,14:26:44,0.1,750,1395550
20240215,14:26:45,0.1,450,1395550
20240215,14:26:46,0.1,250,1395550
20240215,14:26:47,0.1,3500,1395550
20240215,14:26:48,0.1,5400,1395550
20240215,14:26:49,0.1,850,1395550
20240215,14:26:51,0.1,1850,1395550
20240215,14:26:52,0.1,600,1395550
20240215,14:26:56,0.1,250,1395550
20240215,14:26:57,0.1,1000,1395550
20240215,14:26:58,0.1,750,1395550
20240215,14:27:02,0.1,300,1395550
20240215,14:27:03,0.1,900,1395550
20240215,14:27:04,0.1,400,1395550
20240215,14:27:05,0.1,300,1395550
20240215,14:27:12,0.1,1700,1395550
20240215,14:27:14,0.1,350,1395550
20240215,14:27:14,0.1,550,1395550
20240215,14:27:21,0.05,1300,1395550
20240215,14:27:30,0.05,1800,1395550
20240215,14:27:33,0.05,100,1395550
20240215,14:27:39,0.1,50,1395550
20240215,14:28:01,0.05,250,1395550
20240215,14:28:15,0.05,100,1395550
20240215,14:28:24,0.1,50,1395550
20240215,14:28:25,0.1,50,1403700
20240215,14:28:26,0.1,50,1403700
20240215,14:28:33,0.1,50,1403700
20240215,14:28:34,0.1,50,1403700
20240215,14:28:34,0.05,300,1403700
20240215,14:28:53,0.1,50,1403700
20240215,14:28:55,0.1,50,1403700
20240215,14:29:19,0.1,4750,1403700
20240215,14:29:22,0.1,1700,1403700
20240215,14:29:24,0.1,1050,1403700
20240215,14:29:35,0.1,250,1403700
20240215,14:29:43,0.1,300,1403700
20240215,14:29:44,0.1,50,1403700
20240215,14:29:45,0.1,650,1403700
20240215,14:29:46,0.1,300,1403700
20240215,14:29:51,0.1,200,1403700
20240215,14:29:55,0.1,400,1403700
20240215,14:29:59,0.1,900,1403700
20240215,14:30:02,0.1,1800,1403700
20240215,14:30:04,0.05,450,1403700
20240215,14:30:05,0.05,2300,1403700
20240215,14:30:06,0.05,7550,1403700
20240215,14:30:07,0.05,1300,1403700
20240215,14:30:14,0.05,50,1403700
20240215,14:30:15,0.1,50,1403700
20240215,14:30:28,0.05,3100,1403700
20240215,14:30:29,0.1,150,1403700
20240215,14:30:57,0.05,50,1403700
20240215,14:31:03,0.1,50,1403700
20240215,14:31:07,0.05,1000,1403700
20240215,14:31:12,0.1,50,1403700
20240215,14:31:13,0.1,50,1403700
20240215,14:31:34,0.05,150,1410150
20240215,14:31:54,0.1,50,1410150
20240215,14:32:00,0.05,300,1410150
20240215,14:32:06,0.1,50,1410150
20240215,14:32:09,0.05,50,1410150
20240215,14:32:11,0.05,700,1410150
20240215,14:32:11,0.05,150,1410150
20240215,14:32:12,0.05,400,1410150
20240215,14:32:13,0.05,700,1410150
20240215,14:32:15,0.05,3450,1410150
20240215,14:32:21,0.05,3750,1410150
20240215,14:32:22,0.1,50,1410150
20240215,14:32:35,0.1,250,1410150
20240215,14:32:50,0.1,300,1410150
20240215,14:32:53,0.1,50,1410150
20240215,14:33:37,0.05,600,1410150
20240215,14:34:48,0.1,50,1410150
20240215,14:35:21,0.1,1800,1409850
20240215,14:35:21,0.1,7200,1409850
20240215,14:35:22,0.1,2500,1409850
20240215,14:36:32,0.05,1500,1409850
20240215,14:36:37,0.1,50,1409850
20240215,14:36:38,0.05,250,1409850
20240215,14:36:43,0.1,50,1409850
20240215,14:37:05,0.1,1000,1409850
20240215,14:37:38,0.1,50,1398700
20240215,14:37:59,0.1,3600,1398700
20240215,14:38:00,0.1,19800,1398700
20240215,14:38:01,0.1,22400,1398700
20240215,14:38:02,0.1,1150,1398700
20240215,14:38:03,0.1,100,1398700
20240215,14:38:04,0.1,50,1398700
20240215,14:38:05,0.1,100,1398700
20240215,14:38:07,0.1,50,1398700
20240215,14:38:08,0.1,1350,1398700
20240215,14:38:09,0.1,100,1398700
20240215,14:38:11,0.1,550,1398700
20240215,14:38:16,0.1,750,1398700
20240215,14:38:18,0.1,500,1398700
20240215,14:38:18,0.1,300,1398700
20240215,14:38:19,0.1,600,1398700
20240215,14:38:20,0.1,2100,1398700
20240215,14:38:21,0.1,1450,1398700
20240215,14:38:22,0.1,50,1398700
20240215,14:38:23,0.1,100,1398700
20240215,14:38:24,0.1,50,1398700
20240215,14:38:25,0.1,50,1398700
20240215,14:38:26,0.1,50,1398700
20240215,14:38:40,0.1,100,1398700
20240215,14:38:41,0.1,1850,1398700
20240215,14:38:41,0.1,1800,1398700
20240215,14:38:42,0.1,1850,1398700
20240215,14:38:44,0.1,1900,1398700
20240215,14:38:44,0.1,50,1398700
20240215,14:38:45,0.1,50,1398700
20240215,14:38:47,0.1,50,1398700
20240215,14:38:48,0.1,150,1398700
20240215,14:38:50,0.1,1900,1398700
20240215,14:38:51,0.1,1900,1398700
20240215,14:38:51,0.1,550,1398700
20240215,14:38:53,0.05,50,1398700
20240215,14:39:20,0.1,750,1398700
20240215,14:39:32,0.1,50,1398700
20240215,14:39:40,0.1,100,1398700
20240215,14:39:41,0.05,100,1398700
20240215,14:39:45,0.1,300,1398700
20240215,14:39:59,0.1,900,1398700
20240215,14:40:01,0.1,1700,1398700
20240215,14:40:07,0.1,50,1398700
20240215,14:40:26,0.1,1700,1398700
20240215,14:40:27,0.05,150,1360900
20240215,14:40:28,0.05,750,1360900
20240215,14:40:38,0.1,1350,1360900
20240215,14:40:53,0.1,50,1360900
20240215,14:40:55,0.05,50,1360900
20240215,14:41:32,0.1,50,1360900
20240215,14:41:34,0.1,1050,1360900
20240215,14:41:46,0.1,50,1360900
20240215,14:42:03,0.05,1800,1360900
20240215,14:42:04,0.05,1800,1360900
20240215,14:42:48,0.05,50,1360900
20240215,14:43:08,0.1,50,1360900
20240215,14:43:09,0.1,50,1360900
20240215,14:43:16,0.05,150,1360900
20240215,14:43:19,0.05,400,1360900
20240215,14:43:27,0.1,50,1357400
20240215,14:43:50,0.05,200,1357400
20240215,14:43:59,0.1,50,1357400
20240215,14:44:15,0.05,200,1357400
20240215,14:44:33,0.05,200,1357400
20240215,14:45:02,0.05,5400,1357400
20240215,14:45:03,0.05,4400,1357400
20240215,14:45:04,0.05,2600,1357400
20240215,14:45:05,0.05,1350,1357400
20240215,14:46:03,0.05,250,1357400
20240215,14:46:11,0.05,200,1357400
20240215,14:46:25,0.05,200,1357400
20240215,14:46:27,0.05,200,1357400
20240215,14:46:29,0.05,200,1357400
20240215,14:46:33,0.05,50,1357400
20240215,14:46:34,0.05,1850,1357400
20240215,14:46:35,0.05,1800,1357400
20240215,14:46:36,0.05,1800,1357400
20240215,14:46:37,0.05,1800,1357400
20240215,14:46:38,0.05,1800,1357400
20240215,14:46:39,0.05,2300,1357400
20240215,14:46:40,0.05,1800,1357400
20240215,14:46:41,0.05,1800,1357400
20240215,14:46:42,0.05,1800,1357400
20240215,14:46:43,0.05,1800,1357400
20240215,14:46:53,0.05,50,1357400
20240215,14:46:54,0.05,50,1357400
20240215,14:46:55,0.05,50,1357400
20240215,14:46:56,0.05,50,1357400
20240215,14:46:57,0.05,50,1357400
20240215,14:46:58,0.05,50,1357400
20240215,14:46:59,0.05,50,1357400
20240215,14:47:00,0.05,50,1357400
20240215,14:47:08,0.05,50,1357400
20240215,14:47:09,0.05,200,1357400
20240215,14:47:10,0.05,50,1357400
20240215,14:47:11,0.05,50,1357400
20240215,14:47:13,0.05,50,1357400
20240215,14:47:14,0.05,50,1357400
20240215,14:47:16,0.05,50,1357400
20240215,14:47:17,0.1,300,1357400
20240215,14:47:33,0.1,600,1357400
20240215,14:47:38,0.05,50,1357400
20240215,14:47:40,0.05,50,1357400
20240215,14:47:41,0.05,50,1357400
20240215,14:47:42,0.05,100,1357400
20240215,14:47:44,0.05,100,1357400
20240215,14:47:45,0.05,50,1357400
20240215,14:47:47,0.1,50,1357400
20240215,14:47:59,0.05,300,1357400
20240215,14:48:48,0.05,150,1357400
20240215,14:49:58,0.05,1800,1357400
20240215,14:50:02,0.05,1800,1357400
20240215,14:50:03,0.05,1800,1357400
20240215,14:50:04,0.05,1800,1357400
20240215,14:50:05,0.05,1800,1357400
20240215,14:50:06,0.05,1800,1357400
20240215,14:50:07,0.05,3600,1357400
20240215,14:50:08,0.05,1800,1357400
20240215,14:50:09,0.05,1800,1357400
20240215,14:50:10,0.05,1800,1357400
20240215,14:50:12,0.1,50,1357400
20240215,14:50:15,0.1,3450,1357400
20240215,14:50:15,0.1,3150,1357400
20240215,14:50:26,0.1,50,1357400
20240215,14:50:28,0.05,1750,1357400
20240215,14:50:30,0.05,300,1357400
20240215,14:50:35,0.05,50,1357400
20240215,14:51:26,0.05,150,1357400
20240215,14:51:42,0.05,1800,1357400
20240215,14:51:46,0.1,7900,1357400
20240215,14:52:19,0.05,1800,1357400
20240215,14:52:20,0.05,5400,1357400
20240215,14:52:21,0.05,14400,1357400
20240215,14:53:07,0.1,50,1359600
20240215,14:53:12,0.05,900,1359600
20240215,14:54:02,0.05,2450,1359600
20240215,14:54:08,0.1,750,1359600
20240215,14:54:14,0.05,800,1359600
20240215,14:54:20,0.1,10000,1359600
20240215,14:54:22,0.05,250,1359600
20240215,14:54:25,0.1,250,1359600
20240215,14:54:31,0.1,550,1359600
20240215,14:54:33,0.05,100,1359600
20240215,14:54:36,0.05,250,1359600
20240215,14:54:39,0.1,250,1359600
20240215,14:54:40,0.05,100,1359600
20240215,14:54:41,0.1,1800,1359600
20240215,14:54:43,0.05,1800,1359600
20240215,14:54:44,0.05,1800,1359600
20240215,14:54:46,0.05,1800,1359600
20240215,14:54:47,0.05,2450,1359600
20240215,14:54:48,0.05,1800,1359600
20240215,14:54:49,0.05,1800,1359600
20240215,14:54:50,0.05,3600,1359600
20240215,14:54:51,0.05,29800,1359600
20240215,14:54:52,0.05,1800,1359600
20240215,14:54:53,0.05,1500,1359600
20240215,14:55:00,0.05,250,1359600
20240215,14:55:05,0.1,4000,1359600
20240215,14:55:07,0.05,250,1359600
20240215,14:55:15,0.05,250,1359600
20240215,14:55:21,0.05,200,1359600
20240215,14:55:26,0.1,1000,1312750
20240215,14:55:27,0.05,250,1312750
20240215,14:55:40,0.05,250,1312750
20240215,14:55:44,0.05,1800,1312750
20240215,14:55:45,0.05,1800,1312750
20240215,14:55:46,0.05,1800,1312750
20240215,14:55:47,0.05,2050,1312750
20240215,14:55:48,0.05,1800,1312750
20240215,14:55:59,0.05,250,1312750
20240215,14:56:02,0.1,9550,1312750
20240215,14:56:07,0.05,250,1312750
20240215,14:56:14,0.1,8500,1312750
20240215,14:56:22,0.05,250,1312750
20240215,14:56:24,0.1,500,1312750
20240215,14:56:25,0.1,500,1312750
20240215,14:56:27,0.05,250,1312750
20240215,14:56:28,0.1,13000,1312750
20240215,14:56:29,0.05,500,1312750
20240215,14:56:32,0.1,500,1312750
20240215,14:56:33,0.05,1150,1312750
20240215,14:56:39,0.05,1800,1312750
20240215,14:56:47,0.05,1800,1312750
20240215,14:56:50,0.05,400,1312750
20240215,14:57:01,0.1,34550,1312750
20240215,14:57:01,0.1,1800,1312750
20240215,14:57:02,0.1,4800,1312750
20240215,14:57:03,0.1,100,1312750
20240215,14:57:05,0.1,300,1312750
20240215,14:57:06,0.1,100,1312750
20240215,14:57:07,0.1,50,1312750
20240215,14:57:08,0.1,50,1312750
20240215,14:57:09,0.1,100,1312750
20240215,14:57:10,0.1,100,1312750
20240215,14:57:11,0.1,50,1312750
20240215,14:57:12,0.1,150,1312750
20240215,14:57:13,0.1,950,1312750
20240215,14:57:14,0.1,50,1312750
20240215,14:57:15,0.1,100,1312750
20240215,14:57:16,0.1,50,1312750
20240215,14:57:17,0.1,150,1312750
20240215,14:57:18,0.1,50,1312750
20240215,14:57:19,0.1,50,1312750
20240215,14:57:20,0.1,1800,1312750
20240215,14:57:21,0.1,50,1312750
20240215,14:57:23,0.1,150,1312750
20240215,14:57:23,0.1,50,1312750
20240215,14:57:25,0.1,100,1312750
20240215,14:57:25,0.1,50,1312750
20240215,14:57:26,0.1,50,1312750
20240215,14:57:27,0.1,150,1312750
20240215,14:57:28,0.1,150,1312750
20240215,14:57:30,0.1,100,1312750
20240215,14:57:31,0.1,100,1312750
20240215,14:57:32,0.1,100,1312750
20240215,14:57:33,0.1,150,1312750
20240215,14:57:34,0.1,1150,1312750
20240215,14:57:35,0.1,50,1312750
20240215,14:57:36,0.1,50,1312750
20240215,14:57:37,0.1,100,1312750
20240215,14:57:39,0.1,150,1312750
20240215,14:57:39,0.1,100,1312750
20240215,14:57:40,0.1,200,1312750
20240215,14:57:42,0.1,700,1312750
20240215,14:57:43,0.1,50,1312750
20240215,14:57:44,0.1,50,1312750
20240215,14:57:44,0.1,700,1312750
20240215,14:57:45,0.1,100,1312750
20240215,14:57:46,0.1,1200,1312750
20240215,14:57:47,0.1,150,1312750
20240215,14:57:49,0.1,50,1312750
20240215,14:57:50,0.1,50,1312750
20240215,14:57:50,0.1,150,1312750
20240215,14:57:52,0.1,750,1312750
20240215,14:57:52,0.1,150,1312750
20240215,14:57:54,0.1,700,1312750
20240215,14:57:55,0.15,4600,1312750
20240215,14:57:56,0.25,41400,1312750
20240215,14:57:57,0.1,200,1312750
20240215,14:57:58,0.15,550,1312750
20240215,14:57:59,0.1,50,1312750
20240215,14:58:01,0.15,650,1312750
20240215,14:58:01,0.1,50,1312750
20240215,14:58:03,0.1,150,1312750
20240215,14:58:03,0.15,450,1312750
20240215,14:58:05,0.1,150,1312750
20240215,14:58:07,0.1,350,1312750
20240215,14:58:08,0.1,2000,1312750
20240215,14:58:10,0.1,850,1312750
20240215,14:58:11,0.1,50,1312750
20240215,14:58:13,0.1,900,1312750
20240215,14:58:15,0.1,750,1312750
20240215,14:58:15,0.1,50,1312750
20240215,14:58:16,0.1,350,1312750
20240215,14:58:17,0.1,850,1312750
20240215,14:58:18,0.1,100,1312750
20240215,14:58:19,0.1,350,1312750
20240215,14:58:21,0.1,800,1312750
20240215,14:58:22,0.1,100,1312750
20240215,14:58:22,0.1,800,1312750
20240215,14:58:23,0.1,50,1312750
20240215,14:58:24,0.1,850,1312750
20240215,14:58:26,0.1,50,1312750
20240215,14:58:27,0.1,800,1235550
20240215,14:58:28,0.1,100,1235550
20240215,14:58:28,0.1,50,1235550
20240215,14:58:29,0.1,1250,1235550
20240215,14:58:31,0.1,150,1235550
20240215,14:58:31,0.1,750,1235550
20240215,14:58:32,0.1,1800,1235550
20240215,14:58:33,0.1,2700,1235550
20240215,14:58:35,0.1,300,1235550
20240215,14:58:35,0.1,750,1235550
20240215,14:58:36,0.1,450,1235550
20240215,14:58:37,0.1,750,1235550
20240215,14:58:39,0.1,450,1235550
20240215,14:58:39,0.1,3000,1235550
20240215,14:58:40,0.1,750,1235550
20240215,14:58:42,0.1,1050,1235550
20240215,14:58:43,0.1,500,1235550
20240215,14:58:43,0.1,50,1235550
20240215,14:58:44,0.1,800,1235550
20240215,14:58:46,0.1,100,1235550
20240215,14:58:47,0.1,800,1235550
20240215,14:58:48,0.1,50,1235550
20240215,14:58:49,0.1,800,1235550
20240215,14:58:50,0.1,50,1235550
20240215,14:58:51,0.1,750,1235550
20240215,14:58:54,0.1,750,1235550
20240215,14:58:55,0.1,1000,1235550
20240215,14:58:55,0.1,750,1235550
20240215,14:58:56,0.1,100,1235550
20240215,14:58:57,0.1,50,1235550
20240215,14:58:58,0.1,950,1235550
20240215,14:59:00,0.1,150,1235550
20240215,14:59:00,0.1,750,1235550
20240215,14:59:02,0.1,200,1235550
20240215,14:59:02,0.1,850,1235550
20240215,14:59:03,0.15,10200,1235550
20240215,14:59:05,0.1,86100,1235550
20240215,14:59:06,0.1,50,1235550
20240215,14:59:06,0.1,1650,1235550
20240215,14:59:07,0.1,1000,1235550
20240215,14:59:09,0.1,50,1235550
20240215,14:59:10,0.1,1750,1235550
20240215,14:59:10,0.1,400,1235550
20240215,14:59:11,0.1,900,1235550
20240215,14:59:12,0.1,800,1235550
20240215,14:59:13,0.1,100,1235550
20240215,14:59:14,0.1,50,1235550
20240215,14:59:15,0.15,3100,1235550
20240215,14:59:18,0.1,1950,1235550
20240215,14:59:20,0.1,550,1235550
20240215,14:59:21,0.1,850,1235550
20240215,14:59:21,0.1,50,1235550
20240215,14:59:23,0.1,1250,1235550
20240215,14:59:24,0.1,200,1235550
20240215,14:59:25,0.1,2750,1235550
20240215,14:59:26,0.1,100,1235550
20240215,14:59:28,0.1,1850,1235550
20240215,14:59:29,0.1,2200,1235550
20240215,14:59:31,0.1,3100,1235550
20240215,14:59:39,0.1,1300,1235550
20240215,14:59:40,0.1,50,1235550
20240215,14:59:41,0.1,450,1235550
20240215,14:59:53,0.1,600,1235550
20240215,14:59:53,0.1,550,1235550
20240215,14:59:57,0.05,650,1235550
20240215,15:00:08,0.05,6650,1235550
20240215,15:00:09,0.05,2500,1235550
20240215,15:00:10,0.05,4100,1235550
20240215,15:00:16,0.1,350,1235550
20240215,15:00:19,0.1,1350,1235550
20240215,15:00:21,0.1,450,1235550
20240215,15:00:22,0.1,100,1235550
20240215,15:00:23,0.1,500,1235550
20240215,15:00:30,0.1,350,1235550
20240215,15:00:31,0.1,250,1235550
20240215,15:00:32,0.05,500,1235550
20240215,15:00:34,0.05,300,1235550
20240215,15:00:36,0.05,500,1235550
20240215,15:00:42,0.05,70850,1235550
20240215,15:00:43,0.05,25600,1235550
20240215,15:00:44,0.05,3200,1235550
20240215,15:01:09,0.05,50,1235550
20240215,15:01:11,0.05,600,1235550
20240215,15:01:14,0.05,3000,1235550
20240215,15:01:25,0.1,100,1235550
20240215,15:01:28,0.1,100,1275450
20240215,15:01:42,0.1,50,1275450
20240215,15:01:44,0.1,50,1275450
20240215,15:01:46,0.1,50,1275450
20240215,15:01:47,0.1,50,1275450
20240215,15:01:51,0.1,50,1275450
20240215,15:01:54,0.1,50,1275450
20240215,15:01:56,0.1,1850,1275450
20240215,15:01:57,0.1,9050,1275450
20240215,15:01:58,0.1,9050,1275450
20240215,15:01:59,0.1,10700,1275450
20240215,15:02:00,0.05,550,1275450
20240215,15:02:01,0.05,50,1275450
20240215,15:02:35,0.1,7500,1275450
20240215,15:02:41,0.1,9000,1275450
20240215,15:02:51,0.05,200,1275450
20240215,15:03:08,0.05,600,1275450
20240215,15:03:09,0.05,1950,1275450
20240215,15:03:28,0.05,300,1275450
20240215,15:03:32,0.1,50,1275450
20240215,15:03:52,0.1,50,1275450
20240215,15:03:56,0.1,50,1275450
20240215,15:04:00,0.1,950,1275450
20240215,15:04:02,0.1,50,1275450
20240215,15:04:03,0.1,50,1275450
20240215,15:04:04,0.1,50,1275450
20240215,15:04:05,0.1,50,1275450
20240215,15:04:07,0.05,350,1275450
20240215,15:04:14,0.05,3250,1275450
20240215,15:04:16,0.1,50,1275450
20240215,15:04:17,0.1,50,1275450
20240215,15:04:18,0.1,50,1275450
20240215,15:04:19,0.1,50,1275450
20240215,15:04:20,0.1,50,1275450
20240215,15:04:21,0.05,250,1275450
20240215,15:04:26,0.1,50,1275450
20240215,15:04:28,0.1,50,1276900
20240215,15:04:29,0.1,50,1276900
20240215,15:04:31,0.1,50,1276900
20240215,15:04:32,0.05,200,1276900
20240215,15:04:33,0.1,7500,1276900
20240215,15:04:35,0.1,50,1276900
20240215,15:04:36,0.05,50,1276900
20240215,15:04:37,0.1,50,1276900
20240215,15:04:38,0.05,550,1276900
20240215,15:04:42,0.05,500,1276900
20240215,15:04:45,0.1,50,1276900
20240215,15:04:48,0.05,50,1276900
20240215,15:04:52,0.05,250,1276900
20240215,15:04:55,0.1,50,1276900
20240215,15:05:00,0.05,1000,1276900
20240215,15:05:01,0.05,1000,1276900
20240215,15:05:02,0.1,50,1276900
20240215,15:05:03,0.05,1000,1276900
20240215,15:05:04,0.1,50,1276900
20240215,15:05:05,0.1,50,1276900
20240215,15:05:06,0.1,50,1276900
20240215,15:05:07,0.1,100,1276900
20240215,15:05:08,0.1,100,1276900
20240215,15:05:09,0.1,150,1276900
20240215,15:05:10,0.1,100,1276900
20240215,15:05:13,0.1,100,1276900
20240215,15:05:14,0.1,50,1276900
20240215,15:05:15,0.1,100,1276900
20240215,15:05:19,0.1,100,1276900
20240215,15:05:21,0.1,150,1276900
20240215,15:05:23,0.1,150,1276900
20240215,15:05:25,0.1,100,1276900
20240215,15:05:27,0.1,150,1276900
20240215,15:05:28,0.1,100,1276900
20240215,15:05:29,0.1,50,1276900
20240215,15:05:30,0.1,50,1276900
20240215,15:05:31,0.1,150,1276900
20240215,15:05:34,0.1,100,1276900
20240215,15:05:35,0.1,50,1276900
20240215,15:05:39,0.1,150,1276900
20240215,15:05:41,0.05,200,1276900
20240215,15:05:42,0.05,650,1276900
20240215,15:05:45,0.05,300,1276900
20240215,15:05:47,0.05,800,1276900
20240215,15:05:49,0.05,500,1276900
20240215,15:05:55,0.05,1000,1276900
20240215,15:05:58,0.05,50,1276900
20240215,15:06:01,0.05,800,1276900
20240215,15:06:14,0.1,150,1276900
20240215,15:06:18,0.1,100,1276900
20240215,15:06:20,0.1,100,1276900
20240215,15:06:22,0.1,100,1276900
20240215,15:06:23,0.1,100,1276900
20240215,15:06:23,0.05,200,1276900
20240215,15:06:24,0.1,100,1276900
20240215,15:06:25,0.1,100,1276900
20240215,15:06:27,0.1,1100,1276900
20240215,15:06:28,0.1,100,1276900
20240215,15:06:29,0.1,100,1276900
20240215,15:06:31,0.1,100,1276900
20240215,15:06:33,0.1,100,1276900
20240215,15:06:35,0.1,100,1276900
20240215,15:06:35,0.05,2000,1276900
20240215,15:06:39,0.1,100,1276900
20240215,15:06:41,0.1,100,1276900
20240215,15:06:42,0.1,50,1276900
20240215,15:06:47,0.05,50,1276900
20240215,15:06:59,0.05,300,1276900
20240215,15:07:02,0.05,1100,1276900
20240215,15:07:04,0.1,450,1276900
20240215,15:07:05,0.1,150,1276900
20240215,15:07:12,0.1,350,1276900
20240215,15:07:13,0.1,650,1276900
20240215,15:07:17,0.1,500,1276900
20240215,15:07:18,0.05,3450,1276900
20240215,15:07:22,0.1,650,1276900
20240215,15:07:24,0.05,7200,1276900
20240215,15:07:25,0.05,1000,1276900
20240215,15:07:29,0.05,50,1276900
20240215,15:07:34,0.1,300,1276700
20240215,15:07:34,0.05,2750,1276700
20240215,15:07:37,0.05,50,1276700
20240215,15:07:40,0.05,450,1276700
20240215,15:07:41,0.1,100,1276700
20240215,15:07:43,0.1,300,1276700
20240215,15:07:53,0.1,100,1276700
20240215,15:07:56,0.1,100,1276700
20240215,15:07:58,0.1,100,1276700
20240215,15:08:03,0.1,550,1276700
20240215,15:08:08,0.05,150,1276700
20240215,15:08:10,0.1,100,1276700
20240215,15:08:13,0.1,100,1276700
20240215,15:08:17,0.1,100,1276700
20240215,15:08:27,0.05,1800,1276700
20240215,15:08:27,0.05,2700,1276700
20240215,15:08:34,0.05,150,1276700
20240215,15:08:35,0.05,150,1276700
20240215,15:08:37,0.05,11250,1276700
20240215,15:08:39,0.05,300,1276700
20240215,15:08:49,0.1,100,1276700
20240215,15:09:03,0.05,50,1276700
20240215,15:09:04,0.1,550,1276700
20240215,15:09:06,0.05,200,1276700
20240215,15:09:13,0.05,1200,1276700
20240215,15:09:22,0.05,50,1276700
20240215,15:09:39,0.05,100,1276700
20240215,15:09:40,0.1,100,1276700
20240215,15:09:45,0.1,100,1276700
20240215,15:09:52,0.05,300,1276700
20240215,15:09:53,0.1,50,1276700
20240215,15:09:59,0.1,50,1276700
20240215,15:10:01,0.1,100,1276700
20240215,15:10:05,0.05,1850,1276700
20240215,15:10:30,0.05,50,1261050
20240215,15:10:32,0.05,50,1261050
20240215,15:10:35,0.05,50,1261050
20240215,15:10:37,0.05,50,1261050
20240215,15:10:39,0.05,50,1261050
20240215,15:10:41,0.05,50,1261050
20240215,15:10:43,0.05,50,1261050
20240215,15:10:46,0.05,50,1261050
20240215,15:10:48,0.05,50,1261050
20240215,15:10:50,0.1,50,1261050
20240215,15:10:51,0.05,50,1261050
20240215,15:10:52,0.05,50,1261050
20240215,15:10:55,0.05,50,1261050
20240215,15:10:57,0.05,50,1261050
20240215,15:10:59,0.05,50,1261050
20240215,15:11:01,0.05,50,1261050
20240215,15:11:04,0.05,50,1261050
20240215,15:11:06,0.05,50,1261050
20240215,15:11:09,0.05,50,1261050
20240215,15:11:11,0.05,50,1261050
20240215,15:11:13,0.05,50,1261050
20240215,15:11:15,0.05,50,1261050
20240215,15:11:18,0.05,50,1261050
20240215,15:11:20,0.05,50,1261050
20240215,15:11:23,0.05,50,1261050
20240215,15:11:25,0.05,50,1261050
20240215,15:11:27,0.05,50,1261050
20240215,15:11:30,0.05,50,1261050
20240215,15:11:33,0.05,100,1261050
20240215,15:11:35,0.05,50,1261050
20240215,15:11:37,0.05,550,1261050
20240215,15:11:38,0.05,50,1261050
20240215,15:11:40,0.05,50,1261050
20240215,15:11:42,0.05,50,1261050
20240215,15:11:43,0.05,100,1261050
20240215,15:11:44,0.05,450,1261050
20240215,15:11:45,0.05,50,1261050
20240215,15:11:47,0.05,50,1261050
20240215,15:11:49,0.05,50,1261050
20240215,15:11:51,0.05,50,1261050
20240215,15:11:52,0.05,600,1261050
20240215,15:11:53,0.05,50,1261050
20240215,15:11:56,0.05,50,1261050
20240215,15:11:58,0.05,50,1261050
20240215,15:12:00,0.05,1100,1261050
20240215,15:12:00,0.05,50,1261050
20240215,15:12:02,0.05,700,1261050
20240215,15:12:03,0.05,50,1261050
20240215,15:12:05,0.05,50,1261050
20240215,15:12:07,0.05,50,1261050
20240215,15:12:10,0.05,550,1261050
20240215,15:12:12,0.05,50,1261050
20240215,15:12:14,0.05,50,1261050
20240215,15:12:16,0.05,50,1261050
20240215,15:12:17,0.05,500,1261050
20240215,15:12:18,0.05,50,1261050
20240215,15:12:21,0.05,50,1261050
20240215,15:12:23,0.1,950,1261050
20240215,15:12:24,0.05,500,1261050
20240215,15:12:25,0.05,50,1261050
20240215,15:12:27,0.05,50,1261050
20240215,15:12:29,0.05,50,1261050
20240215,15:12:32,0.05,50,1261050
20240215,15:12:33,0.05,500,1261050
20240215,15:12:34,0.05,50,1261050
20240215,15:12:36,0.05,50,1261050
20240215,15:12:37,0.05,300,1261050
20240215,15:12:38,0.05,50,1261050
20240215,15:12:41,0.05,50,1261050
20240215,15:12:43,0.05,50,1261050
20240215,15:12:45,0.05,100,1261050
20240215,15:12:45,0.05,50,1261050
20240215,15:12:48,0.05,50,1261050
20240215,15:12:50,0.05,500,1261050
20240215,15:12:50,0.05,50,1261050
20240215,15:12:52,0.05,50,1261050
20240215,15:12:55,0.05,50,1261050
20240215,15:12:57,0.05,50,1261050
20240215,15:12:59,0.05,50,1261050
20240215,15:13:01,0.05,50,1261050
20240215,15:13:04,0.05,50,1261050
20240215,15:13:06,0.05,50,1261050
20240215,15:13:08,0.05,50,1261050
20240215,15:13:10,0.05,50,1261050
20240215,15:13:12,0.05,50,1261050
20240215,15:13:15,0.05,50,1261050
20240215,15:13:17,0.05,50,1261050
20240215,15:13:20,0.05,50,1261050
20240215,15:13:22,0.05,50,1261050
20240215,15:13:25,0.05,50,1261050
20240215,15:13:25,0.05,3600,1261050
20240215,15:13:26,0.05,9000,1261050
20240215,15:13:27,0.05,9050,1260750
20240215,15:13:29,0.05,8400,1260750
20240215,15:13:30,0.05,350,1260750
20240215,15:13:31,0.05,50,1260750
20240215,15:13:34,0.05,50,1260750
20240215,15:13:36,0.05,50,1260750
20240215,15:13:38,0.05,100,1260750
20240215,15:13:39,0.05,50,1260750
20240215,15:13:40,0.05,100,1260750
20240215,15:13:41,0.1,100,1260750
20240215,15:13:42,0.05,9000,1260750
20240215,15:13:43,0.05,50,1260750
20240215,15:13:44,0.05,300,1260750
20240215,15:13:45,0.05,50,1260750
20240215,15:13:47,0.05,50,1260750
20240215,15:13:49,0.05,800,1260750
20240215,15:13:50,0.05,50,1260750
20240215,15:13:51,0.05,150,1260750
20240215,15:13:53,0.05,50,1260750
20240215,15:13:54,0.05,50,1260750
20240215,15:13:56,0.05,50,1260750
20240215,15:13:59,0.05,50,1260750
20240215,15:14:01,0.05,50,1260750
20240215,15:14:03,0.05,50,1260750
20240215,15:14:05,0.05,50,1260750
20240215,15:14:08,0.05,50,1260750
20240215,15:14:11,0.05,50,1260750
20240215,15:14:13,0.05,50,1260750
20240215,15:14:15,0.05,50,1260750
20240215,15:14:17,0.05,50,1260750
20240215,15:14:20,0.05,50,1260750
20240215,15:14:22,0.05,100,1260750
20240215,15:14:23,0.05,500,1260750
20240215,15:14:24,0.05,50,1260750
20240215,15:14:26,0.05,400,1260750
20240215,15:14:27,0.05,50,1260750
20240215,15:14:29,0.05,50,1260750
20240215,15:14:31,0.05,50,1260750
20240215,15:14:32,0.05,50,1260750
20240215,15:14:34,0.05,50,1260750
20240215,15:14:36,0.05,150,1260750
20240215,15:14:37,0.1,50,1260750
20240215,15:14:38,0.1,100,1260750
20240215,15:14:39,0.05,150,1260750
20240215,15:14:41,0.05,150,1260750
20240215,15:14:43,0.05,50,1260750
20240215,15:14:45,0.05,50,1260750
20240215,15:14:47,0.05,50,1260750
20240215,15:14:48,0.05,50,1260750
20240215,15:14:49,0.1,500,1260750
20240215,15:14:50,0.05,50,1260750
20240215,15:14:52,0.05,50,1260750
20240215,15:14:54,0.05,50,1260750
20240215,15:14:56,0.05,50,1260750
20240215,15:14:59,0.05,50,1260750
20240215,15:15:02,0.05,50,1260750
20240215,15:15:04,0.05,50,1260750
20240215,15:15:06,0.05,50,1260750
20240215,15:15:09,0.05,50,1260750
20240215,15:15:11,0.05,350,1260750
20240215,15:15:14,0.05,50,1260750
20240215,15:15:16,0.05,50,1260750
20240215,15:15:17,0.05,100,1260750
20240215,15:15:18,0.05,50,1260750
20240215,15:15:21,0.05,50,1260750
20240215,15:15:23,0.05,50,1260750
20240215,15:15:25,0.05,50,1260750
20240215,15:15:27,0.05,50,1260750
20240215,15:15:29,0.05,550,1260750
20240215,15:15:32,0.05,50,1260750
20240215,15:15:34,0.05,50,1260750
20240215,15:15:35,0.05,350,1260750
20240215,15:15:36,0.05,1050,1260750
20240215,15:15:37,0.05,450,1260750
20240215,15:15:38,0.05,50,1260750
20240215,15:15:41,0.05,50,1260750
20240215,15:15:43,0.1,250,1260750
20240215,15:15:45,0.05,50,1260750
20240215,15:15:48,0.05,50,1260750
20240215,15:15:52,0.05,50,1260750
20240215,15:15:55,0.05,50,1260750
20240215,15:15:57,0.05,50,1260750
20240215,15:15:59,0.05,50,1260750
20240215,15:16:02,0.05,50,1260750
20240215,15:16:04,0.05,50,1260750
20240215,15:16:05,0.05,1000,1260750
20240215,15:16:06,0.05,50,1260750
20240215,15:16:08,0.05,50,1260750
20240215,15:16:11,0.05,50,1260750
20240215,15:16:13,0.05,50,1260750
20240215,15:16:15,0.05,50,1260750
20240215,15:16:17,0.05,1800,1260750
20240215,15:16:18,0.05,3650,1260750
20240215,15:16:19,0.05,5400,1260750
20240215,15:16:20,0.05,4250,1260750
20240215,15:16:22,0.05,50,1260750
20240215,15:16:25,0.05,50,1260750
20240215,15:16:27,0.05,50,1260750
20240215,15:16:29,0.05,50,1215550
20240215,15:16:31,0.05,50,1215550
20240215,15:16:33,0.05,50,1215550
20240215,15:16:36,0.05,50,1215550
20240215,15:16:38,0.05,50,1215550
20240215,15:16:41,0.05,50,1215550
20240215,15:16:43,0.05,50,1215550
20240215,15:16:45,0.05,50,1215550
20240215,15:16:47,0.05,50,1215550
20240215,15:16:49,0.05,50,1215550
20240215,15:16:52,0.05,50,1215550
20240215,15:16:54,0.05,50,1215550
20240215,15:16:56,0.05,50,1215550
20240215,15:16:57,0.1,500,1215550
20240215,15:16:58,0.05,50,1215550
20240215,15:17:00,0.05,50,1215550
20240215,15:17:03,0.05,100,1215550
20240215,15:17:05,0.05,50,1215550
20240215,15:17:07,0.05,50,1215550
20240215,15:17:09,0.05,50,1215550
20240215,15:17:12,0.05,50,1215550
20240215,15:17:12,0.05,500,1215550
20240215,15:17:14,0.05,50,1215550
20240215,15:17:16,0.05,50,1215550
20240215,15:17:19,0.05,50,1215550
20240215,15:17:21,0.05,50,1215550
20240215,15:17:22,0.05,550,1215550
20240215,15:17:23,0.05,50,1215550
20240215,15:17:25,0.05,50,1215550
20240215,15:17:26,0.05,18000,1215550
20240215,15:17:28,0.05,50,1215550
20240215,15:17:30,0.05,50,1215550
20240215,15:17:32,0.05,50,1215550
20240215,15:17:35,0.05,50,1215550
20240215,15:17:37,0.05,50,1215550
20240215,15:17:39,0.05,50,1215550
20240215,15:17:41,0.05,50,1215550
20240215,15:17:44,0.05,50,1215550
20240215,15:17:45,0.05,550,1215550
20240215,15:17:46,0.05,50,1215550
20240215,15:17:48,0.05,50,1215550
20240215,15:17:49,0.05,1800,1215550
20240215,15:17:50,0.05,6400,1215550
20240215,15:17:51,0.05,50,1215550
20240215,15:17:53,0.05,50,1215550
20240215,15:17:55,0.05,50,1215550
20240215,15:17:58,0.05,50,1215550
20240215,15:18:01,0.05,50,1215550
20240215,15:18:03,0.05,50,1215550
20240215,15:18:04,0.05,50,1215550
20240215,15:18:05,0.05,1850,1215550
20240215,15:18:06,0.05,24100,1215550
20240215,15:18:10,0.05,1800,1215550
20240215,15:18:15,0.05,1000,1215550
20240215,15:18:16,0.05,1800,1215550
20240215,15:18:17,0.05,1800,1215550
20240215,15:18:20,0.05,550,1215550
20240215,15:18:27,0.05,14100,1215550
20240215,15:18:30,0.05,50,1215550
20240215,15:18:31,0.05,500,1215550
20240215,15:18:33,0.05,50,1215550
20240215,15:18:34,0.05,50,1215550
20240215,15:18:36,0.05,50,1215550
20240215,15:18:38,0.05,1500,1215550
20240215,15:18:39,0.05,50,1215550
20240215,15:18:41,0.05,50,1215550
20240215,15:18:44,0.05,50,1215550
20240215,15:18:46,0.1,1050,1215550
20240215,15:18:48,0.05,150,1215550
20240215,15:18:49,0.05,50,1215550
20240215,15:18:51,0.05,50,1215550
20240215,15:18:53,0.05,50,1215550
20240215,15:18:53,0.1,1800,1215550
20240215,15:18:54,0.1,3200,1215550
20240215,15:18:55,0.05,50,1215550
20240215,15:18:58,0.05,50,1215550
20240215,15:19:00,0.05,50,1215550
20240215,15:19:02,0.05,50,1215550
20240215,15:19:05,0.05,50,1215550
20240215,15:19:07,0.05,50,1215550
20240215,15:19:09,0.05,5050,1215550
20240215,15:19:10,0.05,50,1215550
20240215,15:19:11,0.05,50,1215550
20240215,15:19:12,0.05,50,1215550
20240215,15:19:13,0.05,50,1215550
20240215,15:19:14,0.05,50,1215550
20240215,15:19:15,0.05,100,1215550
20240215,15:19:17,0.05,50,1215550
20240215,15:19:18,0.05,50,1215550
20240215,15:19:20,0.05,50,1215550
20240215,15:19:21,0.05,50,1215550
20240215,15:19:23,0.05,50,1215550
20240215,15:19:25,0.05,50,1215550
20240215,15:19:25,0.05,5000,1215550
20240215,15:19:27,0.05,5050,1215550
20240215,15:19:27,0.05,50,1215550
20240215,15:19:29,0.05,150,1153900
20240215,15:19:30,0.05,50,1153900
20240215,15:19:31,0.05,500,1153900
20240215,15:19:31,0.05,50,1153900
20240215,15:19:32,0.05,1450,1153900
20240215,15:19:33,0.05,1000,1153900
20240215,15:19:34,0.05,50,1153900
20240215,15:19:35,0.05,900,1153900
20240215,15:19:37,0.05,1100,1153900
20240215,15:19:37,0.05,50,1153900
20240215,15:19:38,0.05,100,1153900
20240215,15:19:41,0.1,100,1153900
20240215,15:19:42,0.05,100,1153900
20240215,15:19:44,0.05,50,1153900
20240215,15:19:46,0.05,50,1153900
20240215,15:19:47,0.05,900,1153900
20240215,15:19:47,0.05,5400,1153900
20240215,15:19:48,0.05,15150,1153900
20240215,15:19:50,0.05,50,1153900
20240215,15:19:51,0.05,450,1153900
20240215,15:20:52,0.05,1000,1153900
20240215,15:21:11,0.05,1000,1153900
20240215,15:21:28,0.05,1000,1153900
20240215,15:22:15,0.05,2000,1153900
20240215,15:22:56,0.05,1700,1144300
20240215,15:23:06,0.05,1500,1144300
20240215,15:23:07,0.05,3000,1144300
20240215,15:23:08,0.05,9000,1144300
20240215,15:23:09,0.05,7500,1144300
20240215,15:23:09,0.05,3000,1144300
20240215,15:23:10,0.05,6000,1144300
20240215,15:24:22,0.05,15850,1144300
20240215,15:24:23,0.05,1600,1144300
20240215,15:24:24,0.05,50,1144300
20240215,15:24:25,0.05,50,1144300
20240215,15:24:26,0.05,700,1144300
20240215,15:24:27,0.05,200,1144300
20240215,15:24:28,0.05,750,1144300
20240215,15:24:29,0.05,100,1144300
20240215,15:24:30,0.05,8200,1144300
20240215,15:24:31,0.05,350,1144300
20240215,15:24:32,0.05,950,1144300
20240215,15:24:33,0.05,900,1144300
20240215,15:24:34,0.05,1350,1144300
20240215,15:24:35,0.05,7000,1144300
20240215,15:24:36,0.05,1400,1144300
20240215,15:24:37,0.05,800,1144300
20240215,15:24:38,0.05,100,1144300
20240215,15:24:39,0.05,1950,1144300
20240215,15:24:40,0.05,1250,1144300
20240215,15:24:41,0.05,150,1144300
20240215,15:24:42,0.05,1300,1144300
20240215,15:24:43,0.05,1800,1144300
20240215,15:24:44,0.05,850,1144300
20240215,15:24:45,0.05,50,1144300
20240215,15:24:46,0.05,2600,1144300
20240215,15:24:47,0.05,600,1144300
20240215,15:24:48,0.05,900,1144300
20240215,15:24:49,0.05,50,1144300
20240215,15:24:50,0.05,50,1144300
20240215,15:24:51,0.05,1150,1144300
20240215,15:24:52,0.05,50,1144300
20240215,15:24:53,0.05,800,1144300
20240215,15:24:54,0.05,1800,1144300
20240215,15:24:55,0.05,2250,1144300
20240215,15:24:56,0.05,17800,1144300
20240215,15:24:57,0.05,100,1144300
20240215,15:24:58,0.05,800,1144300
20240215,15:24:59,0.05,1600,1144300
20240215,15:25:00,0.05,4650,1144300
20240215,15:25:01,0.05,3800,1144300
20240215,15:25:02,0.05,1950,1144300
20240215,15:25:03,0.05,950,1144300
20240215,15:25:04,0.05,1000,1144300
20240215,15:25:05,0.05,850,1144300
20240215,15:25:06,0.05,3450,1144300
20240215,15:25:07,0.05,950,1144300
20240215,15:26:02,0.05,50,1144300
20240215,15:27:29,0.05,150,1093650
20240215,15:28:00,0.05,100,1093650
20240215,15:28:18,0.05,500,1093650
20240215,15:29:21,0.05,1800,1093100
20240215,15:29:24,0.05,1800,1093100
20240215,15:29:27,0.05,1800,1093100
20240215,15:29:30,0.05,1800,1093100
20240215,15:29:33,0.05,1800,1093100
20240215,15:29:36,0.05,1800,1093100
20240215,15:29:39,0.05,1800,1093100
20240215,15:29:42,0.05,1800,1093100
20240215,15:29:45,0.05,1800,1093100
20240215,15:29:47,0.05,1800,1093100
20240215,15:29:50,0.05,1800,1093100
20240215,15:29:54,0.05,1800,1093100
20240215,15:29:56,0.05,1800,1093100
20240215,15:30:00,0.05,1800,1093100
